const unsigned char song_mid[] = {
  0x4d, 0x54, 0x68, 0x64, 0x00, 0x00, 0x00, 0x06, 0x00, 0x01, 0x00, 0x13,
  0x00, 0x78, 0x4d, 0x54, 0x72, 0x6b, 0x00, 0x00, 0x00, 0x19, 0x00, 0xff,
  0x59, 0x02, 0x00, 0x00, 0x00, 0xff, 0x51, 0x03, 0x07, 0x62, 0x1e, 0x00,
  0xff, 0x58, 0x04, 0x04, 0x02, 0x18, 0x08, 0x00, 0xff, 0x2f, 0x00, 0x4d,
  0x54, 0x72, 0x6b, 0x00, 0x00, 0x09, 0x7e, 0x00, 0xff, 0x03, 0x0c, 0x4d,
  0x65, 0x6c, 0x6f, 0x64, 0x79, 0x20, 0x20, 0x20, 0x20, 0x44, 0x23, 0x00,
  0xff, 0x04, 0x0c, 0xff, 0x20, 0x20, 0x0c, 0x3d, 0x44, 0x20, 0x20, 0x20,
  0x0c, 0x3d, 0x47, 0x00, 0xb0, 0x79, 0x00, 0x01, 0x20, 0x00, 0x01, 0x00,
  0x00, 0x01, 0xc0, 0x49, 0x01, 0xb0, 0x5b, 0x3c, 0x01, 0x5d, 0x00, 0x01,
  0x5e, 0x00, 0x01, 0x0a, 0x40, 0x01, 0x63, 0x01, 0x01, 0x62, 0x08, 0x01,
  0x06, 0x42, 0x01, 0x26, 0x00, 0x01, 0x63, 0x01, 0x01, 0x62, 0x09, 0x01,
  0x06, 0x42, 0x01, 0x26, 0x00, 0x01, 0x63, 0x01, 0x01, 0x62, 0x0a, 0x01,
  0x06, 0x3c, 0x01, 0x26, 0x00, 0x01, 0x63, 0x01, 0x01, 0x62, 0x66, 0x01,
  0x06, 0x57, 0x01, 0x26, 0x40, 0x01, 0x65, 0x00, 0x01, 0x64, 0x00, 0x01,
  0x06, 0x0c, 0x01, 0x26, 0x00, 0x01, 0x07, 0x7f, 0x01, 0xe0, 0x00, 0x40,
  0xa1, 0x43, 0x90, 0x43, 0x55, 0x77, 0x43, 0x00, 0x01, 0x43, 0x55, 0x3b,
  0x43, 0x00, 0x01, 0x43, 0x55, 0x3b, 0x43, 0x00, 0x01, 0x43, 0x55, 0x77,
  0x43, 0x00, 0x01, 0x44, 0x55, 0x3b, 0x44, 0x00, 0x01, 0x46, 0x55, 0x82,
  0x2d, 0x46, 0x00, 0x77, 0x3f, 0x55, 0x3b, 0x3f, 0x00, 0x01, 0x3f, 0x55,
  0x3b, 0x3f, 0x00, 0x01, 0x48, 0x55, 0x3b, 0x48, 0x00, 0x01, 0x48, 0x55,
  0x81, 0x33, 0x48, 0x00, 0x01, 0x48, 0x55, 0x3b, 0x48, 0x00, 0x01, 0x46,
  0x55, 0x3b, 0x46, 0x00, 0x01, 0x44, 0x55, 0x3b, 0x44, 0x00, 0x01, 0x46,
  0x55, 0x83, 0x23, 0x46, 0x00, 0x79, 0x44, 0x55, 0x77, 0x44, 0x00, 0x01,
  0x44, 0x55, 0x81, 0x6f, 0x44, 0x00, 0x01, 0x46, 0x55, 0x77, 0x46, 0x00,
  0x01, 0x43, 0x55, 0x81, 0x6f, 0x43, 0x00, 0x01, 0x41, 0x55, 0x77, 0x41,
  0x00, 0x01, 0x43, 0x55, 0x3b, 0x43, 0x00, 0x01, 0x41, 0x55, 0x83, 0x23,
  0x41, 0x00, 0x84, 0x59, 0x43, 0x55, 0x77, 0x43, 0x00, 0x01, 0x43, 0x55,
  0x3b, 0x43, 0x00, 0x01, 0x43, 0x55, 0x3b, 0x43, 0x00, 0x01, 0x43, 0x55,
  0x77, 0x43, 0x00, 0x01, 0x44, 0x55, 0x3b, 0x44, 0x00, 0x01, 0x46, 0x55,
  0x83, 0x23, 0x46, 0x00, 0x79, 0x48, 0x55, 0x77, 0x48, 0x00, 0x01, 0x48,
  0x55, 0x77, 0x48, 0x00, 0x01, 0x48, 0x55, 0x3b, 0x48, 0x00, 0x01, 0x46,
  0x55, 0x3b, 0x46, 0x00, 0x01, 0x44, 0x55, 0x3b, 0x44, 0x00, 0x01, 0x46,
  0x55, 0x82, 0x2c, 0x46, 0x00, 0x78, 0x43, 0x55, 0x3b, 0x43, 0x00, 0x01,
  0x46, 0x55, 0x3b, 0x46, 0x00, 0x01, 0x44, 0x55, 0x3b, 0x44, 0x00, 0x01,
  0x44, 0x55, 0x81, 0x33, 0x44, 0x00, 0x79, 0x44, 0x55, 0x3b, 0x44, 0x00,
  0x01, 0x44, 0x55, 0x3b, 0x44, 0x00, 0x01, 0x43, 0x55, 0x3b, 0x43, 0x00,
  0x01, 0x43, 0x55, 0x81, 0x33, 0x43, 0x00, 0x01, 0x41, 0x55, 0x77, 0x41,
  0x00, 0x01, 0x3f, 0x55, 0x3b, 0x3f, 0x00, 0x01, 0x46, 0x55, 0x83, 0x23,
  0x46, 0x00, 0x85, 0x51, 0x48, 0x55, 0x3b, 0x48, 0x00, 0x01, 0x48, 0x55,
  0x81, 0x33, 0x48, 0x00, 0x01, 0x4a, 0x55, 0x3b, 0x4a, 0x00, 0x01, 0x4b,
  0x55, 0x3b, 0x4b, 0x00, 0x01, 0x4a, 0x55, 0x77, 0x4a, 0x00, 0x01, 0x4a,
  0x55, 0x3b, 0x4a, 0x00, 0x01, 0x48, 0x55, 0x77, 0x48, 0x00, 0x01, 0x46,
  0x55, 0x81, 0x33, 0x46, 0x00, 0x01, 0x43, 0x55, 0x77, 0x43, 0x00, 0x01,
  0x43, 0x55, 0x3b, 0x43, 0x00, 0x01, 0x43, 0x55, 0x81, 0x33, 0x43, 0x00,
  0x01, 0x43, 0x55, 0x3b, 0x43, 0x00, 0x01, 0x48, 0x55, 0x3b, 0x48, 0x00,
  0x01, 0x46, 0x55, 0x77, 0x46, 0x00, 0x01, 0x44, 0x55, 0x3b, 0x44, 0x00,
  0x01, 0x43, 0x55, 0x81, 0x33, 0x43, 0x00, 0x79, 0x44, 0x55, 0x77, 0x44,
  0x00, 0x01, 0x43, 0x55, 0x3b, 0x43, 0x00, 0x01, 0x44, 0x55, 0x81, 0x33,
  0x44, 0x00, 0x79, 0x43, 0x55, 0x3b, 0x43, 0x00, 0x01, 0x43, 0x55, 0x81,
  0x33, 0x43, 0x00, 0x79, 0x3f, 0x55, 0x3b, 0x3f, 0x00, 0x01, 0x3f, 0x55,
  0x3b, 0x3f, 0x00, 0x01, 0x41, 0x55, 0x3b, 0x41, 0x00, 0x01, 0x41, 0x55,
  0x81, 0x33, 0x41, 0x00, 0x79, 0x3f, 0x55, 0x3b, 0x3f, 0x00, 0x01, 0x41,
  0x55, 0x3b, 0x41, 0x00, 0x01, 0x44, 0x55, 0x3b, 0x44, 0x00, 0x01, 0x44,
  0x55, 0x81, 0x33, 0x44, 0x00, 0x01, 0x44, 0x55, 0x77, 0x44, 0x00, 0x01,
  0x47, 0x55, 0x77, 0x47, 0x00, 0x01, 0x46, 0x55, 0x83, 0x5f, 0x46, 0x00,
  0x82, 0x69, 0x46, 0x5a, 0x78, 0x4f, 0x5a, 0x06, 0x46, 0x00, 0x81, 0x69,
  0x4f, 0x00, 0x79, 0x46, 0x5a, 0x3b, 0x46, 0x00, 0x01, 0x46, 0x5a, 0x3b,
  0x46, 0x00, 0x01, 0x4f, 0x5a, 0x77, 0x4f, 0x00, 0x01, 0x50, 0x5a, 0x3b,
  0x50, 0x00, 0x01, 0x4f, 0x5a, 0x81, 0x33, 0x4f, 0x00, 0x01, 0x4a, 0x5a,
  0x3b, 0x4a, 0x00, 0x01, 0x4d, 0x5a, 0x3b, 0x4d, 0x00, 0x01, 0x4d, 0x5a,
  0x77, 0x4d, 0x00, 0x01, 0x4b, 0x5a, 0x3b, 0x4b, 0x00, 0x01, 0x4b, 0x5a,
  0x81, 0x33, 0x4b, 0x00, 0x01, 0x4b, 0x5a, 0x3b, 0x4b, 0x00, 0x01, 0x4d,
  0x5a, 0x3b, 0x4d, 0x00, 0x01, 0x4f, 0x5a, 0x3b, 0x4f, 0x00, 0x01, 0x4f,
  0x5a, 0x01, 0xe0, 0x44, 0x3a, 0x09, 0x0c, 0x3c, 0x0a, 0x06, 0x3e, 0x0a,
  0x00, 0x40, 0x81, 0x15, 0x90, 0x4f, 0x00, 0x79, 0x4b, 0x5a, 0x3b, 0x4b,
  0x00, 0x01, 0x4b, 0x5a, 0x3b, 0x4b, 0x00, 0x01, 0x50, 0x5a, 0x77, 0x50,
  0x00, 0x01, 0x4f, 0x5a, 0x3b, 0x4f, 0x00, 0x01, 0x50, 0x5a, 0x81, 0x33,
  0x50, 0x00, 0x01, 0x50, 0x5a, 0x3b, 0x50, 0x00, 0x01, 0x50, 0x5a, 0x3b,
  0x50, 0x00, 0x79, 0x4f, 0x5a, 0x3b, 0x4f, 0x00, 0x01, 0x4f, 0x5a, 0x3b,
  0x4f, 0x00, 0x01, 0x4f, 0x5a, 0x3b, 0x4f, 0x00, 0x01, 0x4d, 0x5a, 0x3b,
  0x4d, 0x00, 0x01, 0x4b, 0x5a, 0x3b, 0x4b, 0x00, 0x01, 0x4d, 0x5a, 0x01,
  0xe0, 0x44, 0x3a, 0x09, 0x0c, 0x3c, 0x09, 0x06, 0x3e, 0x0a, 0x00, 0x40,
  0x84, 0x03, 0x90, 0x4d, 0x00, 0x82, 0x64, 0x46, 0x5a, 0x77, 0x46, 0x00,
  0x01, 0x4f, 0x5a, 0x81, 0x6f, 0x4f, 0x00, 0x79, 0x46, 0x5a, 0x77, 0x46,
  0x00, 0x01, 0x4f, 0x5a, 0x77, 0x4f, 0x00, 0x01, 0x50, 0x5a, 0x3b, 0x50,
  0x00, 0x01, 0x4f, 0x5a, 0x81, 0x33, 0x4f, 0x00, 0x01, 0x4a, 0x5a, 0x3b,
  0x4a, 0x00, 0x01, 0x4d, 0x5a, 0x3b, 0x4d, 0x00, 0x01, 0x4d, 0x5a, 0x01,
  0xe0, 0x44, 0x3a, 0x09, 0x0c, 0x3c, 0x09, 0x06, 0x3e, 0x0b, 0x00, 0x40,
  0x1d, 0x90, 0x4d, 0x00, 0x01, 0x4b, 0x5a, 0x81, 0x33, 0x4b, 0x00, 0x01,
  0x4b, 0x5a, 0x77, 0x4b, 0x00, 0x01, 0x4d, 0x5a, 0x3b, 0x4d, 0x00, 0x01,
  0x4f, 0x5a, 0x01, 0xe0, 0x44, 0x3a, 0x09, 0x0c, 0x3c, 0x0a, 0x06, 0x3e,
  0x09, 0x00, 0x40, 0x81, 0x16, 0x90, 0x4f, 0x00, 0x01, 0x4f, 0x5a, 0x01,
  0xe0, 0x44, 0x3a, 0x09, 0x0c, 0x3c, 0x0a, 0x06, 0x3e, 0x0a, 0x00, 0x40,
  0x59, 0x90, 0x4f, 0x00, 0x01, 0x4d, 0x5a, 0x3b, 0x4d, 0x00, 0x01, 0x4b,
  0x5a, 0x81, 0x33, 0x4b, 0x00, 0x79, 0x48, 0x5a, 0x3b, 0x48, 0x00, 0x01,
  0x48, 0x5a, 0x3b, 0x48, 0x00, 0x01, 0x4b, 0x5a, 0x3b, 0x4b, 0x00, 0x01,
  0x4b, 0x5a, 0x81, 0x34, 0x4d, 0x5a, 0x06, 0x4b, 0x00, 0x71, 0x4d, 0x00,
  0x01, 0x4d, 0x5a, 0x77, 0x4d, 0x00, 0x01, 0x4b, 0x5a, 0x01, 0xe0, 0x54,
  0x4a, 0x3a, 0x00, 0x40, 0x78, 0x90, 0x4b, 0x00, 0x01, 0x4a, 0x5a, 0x3b,
  0x4a, 0x00, 0x01, 0x4b, 0x5a, 0x01, 0xe0, 0x44, 0x3a, 0x08, 0x0c, 0x3c,
  0x0a, 0x06, 0x3e, 0x0b, 0x00, 0x40, 0x83, 0x41, 0x90, 0x4b, 0x00, 0x01,
  0x4a, 0x5a, 0x83, 0x5f, 0x4a, 0x00, 0xa1, 0x61, 0x43, 0x55, 0x77, 0x43,
  0x00, 0x01, 0x43, 0x55, 0x3b, 0x43, 0x00, 0x01, 0x43, 0x55, 0x3b, 0x43,
  0x00, 0x01, 0x43, 0x55, 0x77, 0x43, 0x00, 0x01, 0x44, 0x55, 0x3b, 0x44,
  0x00, 0x01, 0x46, 0x55, 0x83, 0x23, 0x46, 0x00, 0x79, 0x48, 0x55, 0x81,
  0x6f, 0x48, 0x00, 0x01, 0x46, 0x55, 0x01, 0xe0, 0x54, 0x4a, 0x3b, 0x00,
  0x40, 0x3b, 0x90, 0x46, 0x00, 0x01, 0x44, 0x55, 0x3b, 0x44, 0x00, 0x01,
  0x46, 0x55, 0x82, 0x2e, 0x46, 0x00, 0x76, 0x43, 0x55, 0x3b, 0x43, 0x00,
  0x01, 0x46, 0x55, 0x3b, 0x46, 0x00, 0x01, 0x44, 0x55, 0x3b, 0x44, 0x00,
  0x01, 0x44, 0x55, 0x81, 0x33, 0x44, 0x00, 0x79, 0x44, 0x55, 0x77, 0x44,
  0x00, 0x01, 0x43, 0x55, 0x3b, 0x43, 0x00, 0x01, 0x43, 0x55, 0x81, 0x33,
  0x43, 0x00, 0x01, 0x41, 0x55, 0x77, 0x41, 0x00, 0x01, 0x43, 0x55, 0x3b,
  0x43, 0x00, 0x01, 0x41, 0x55, 0x83, 0x23, 0x41, 0x00, 0x84, 0x1d, 0x3a,
  0x55, 0x3b, 0x3a, 0x00, 0x01, 0x43, 0x55, 0x77, 0x43, 0x00, 0x01, 0x43,
  0x55, 0x3b, 0x43, 0x00, 0x01, 0x43, 0x55, 0x81, 0x33, 0x43, 0x00, 0x01,
  0x44, 0x55, 0x3b, 0x44, 0x00, 0x01, 0x46, 0x55, 0x83, 0x23, 0x46, 0x00,
  0x79, 0x48, 0x55, 0x77, 0x48, 0x00, 0x01, 0x48, 0x55, 0x77, 0x48, 0x00,
  0x01, 0x46, 0x55, 0x01, 0xe0, 0x54, 0x4a, 0x3a, 0x00, 0x40, 0x3c, 0x90,
  0x46, 0x00, 0x01, 0x44, 0x55, 0x3b, 0x44, 0x00, 0x01, 0x46, 0x55, 0x82,
  0x2e, 0x46, 0x00, 0x76, 0x43, 0x55, 0x3b, 0x43, 0x00, 0x01, 0x46, 0x55,
  0x3b, 0x46, 0x00, 0x01, 0x44, 0x55, 0x3b, 0x44, 0x00, 0x01, 0x44, 0x55,
  0x81, 0x33, 0x44, 0x00, 0x79, 0x44, 0x55, 0x77, 0x44, 0x00, 0x01, 0x43,
  0x55, 0x3b, 0x43, 0x00, 0x01, 0x43, 0x55, 0x81, 0x33, 0x43, 0x00, 0x01,
  0x3f, 0x55, 0x01, 0xe0, 0x54, 0x4a, 0x3b, 0x00, 0x40, 0x3b, 0x90, 0x3f,
  0x00, 0x01, 0x3f, 0x55, 0x3b, 0x3f, 0x00, 0x01, 0x46, 0x55, 0x01, 0xe0,
  0x44, 0x3a, 0x09, 0x0c, 0x3c, 0x0a, 0x06, 0x3e, 0x0a, 0x00, 0x40, 0x83,
  0x05, 0x90, 0x46, 0x00, 0x85, 0x51, 0x48, 0x55, 0x3b, 0x48, 0x00, 0x01,
  0x48, 0x55, 0x81, 0x33, 0x48, 0x00, 0x01, 0x4a, 0x55, 0x3b, 0x4a, 0x00,
  0x01, 0x4b, 0x55, 0x3b, 0x4b, 0x00, 0x01, 0x4a, 0x55, 0x77, 0x4a, 0x00,
  0x01, 0x4a, 0x55, 0x3b, 0x4a, 0x00, 0x01, 0x48, 0x55, 0x77, 0x48, 0x00,
  0x01, 0x46, 0x55, 0x77, 0x46, 0x00, 0x3d, 0x48, 0x55, 0x77, 0x48, 0x00,
  0x01, 0x43, 0x55, 0x3b, 0x43, 0x00, 0x01, 0x43, 0x55, 0x81, 0x33, 0x43,
  0x00, 0x01, 0x43, 0x55, 0x3b, 0x43, 0x00, 0x01, 0x48, 0x55, 0x3b, 0x48,
  0x00, 0x01, 0x46, 0x55, 0x77, 0x46, 0x00, 0x01, 0x44, 0x55, 0x3b, 0x44,
  0x00, 0x01, 0x43, 0x55, 0x81, 0x33, 0x43, 0x00, 0x79, 0x44, 0x55, 0x77,
  0x44, 0x00, 0x01, 0x43, 0x55, 0x3b, 0x43, 0x00, 0x01, 0x44, 0x55, 0x81,
  0x33, 0x44, 0x00, 0x79, 0x43, 0x55, 0x81, 0x33, 0x43, 0x00, 0x01, 0x43,
  0x55, 0x3b, 0x43, 0x00, 0x01, 0x43, 0x55, 0x4f, 0x43, 0x00, 0x01, 0x41,
  0x55, 0x4f, 0x41, 0x00, 0x01, 0x3f, 0x55, 0x4f, 0x3f, 0x00, 0x01, 0x41,
  0x55, 0x81, 0x6f, 0x41, 0x00, 0x79, 0x41, 0x55, 0x77, 0x41, 0x00, 0x01,
  0x44, 0x55, 0x3b, 0x44, 0x00, 0x01, 0x44, 0x55, 0x81, 0x33, 0x44, 0x00,
  0x01, 0x44, 0x55, 0x77, 0x44, 0x00, 0x01, 0x47, 0x55, 0x3b, 0x47, 0x00,
  0x01, 0x46, 0x55, 0x83, 0x23, 0x46, 0x00, 0x83, 0x61, 0x46, 0x5a, 0x77,
  0x46, 0x00, 0x01, 0x4f, 0x5a, 0x81, 0x6f, 0x4f, 0x00, 0x79, 0x46, 0x5a,
  0x3b, 0x46, 0x00, 0x01, 0x46, 0x5a, 0x3b, 0x46, 0x00, 0x01, 0x4f, 0x5a,
  0x77, 0x4f, 0x00, 0x01, 0x50, 0x5a, 0x3b, 0x50, 0x00, 0x01, 0x4f, 0x5a,
  0x81, 0x33, 0x4f, 0x00, 0x01, 0x4a, 0x5a, 0x3b, 0x4a, 0x00, 0x01, 0x4d,
  0x5a, 0x3b, 0x4d, 0x00, 0x01, 0x4d, 0x5a, 0x77, 0x4d, 0x00, 0x01, 0x4b,
  0x5a, 0x3b, 0x4b, 0x00, 0x01, 0x4b, 0x5a, 0x81, 0x33, 0x4b, 0x00, 0x01,
  0x4b, 0x5a, 0x3b, 0x4b, 0x00, 0x01, 0x4d, 0x5a, 0x3b, 0x4d, 0x00, 0x01,
  0x4f, 0x5a, 0x3b, 0x4f, 0x00, 0x01, 0x4f, 0x5a, 0x01, 0xe0, 0x44, 0x3a,
  0x09, 0x0c, 0x3c, 0x0a, 0x06, 0x3e, 0x09, 0x00, 0x40, 0x81, 0x16, 0x90,
  0x4f, 0x00, 0x79, 0x4b, 0x5a, 0x3b, 0x4b, 0x00, 0x01, 0x4b, 0x5a, 0x3b,
  0x4b, 0x00, 0x01, 0x50, 0x5a, 0x77, 0x50, 0x00, 0x01, 0x4f, 0x5a, 0x3b,
  0x4f, 0x00, 0x01, 0x50, 0x5a, 0x81, 0x33, 0x50, 0x00, 0x01, 0x50, 0x5a,
  0x3b, 0x50, 0x00, 0x01, 0x50, 0x5a, 0x3b, 0x50, 0x00, 0x79, 0x4f, 0x5a,
  0x3b, 0x4f, 0x00, 0x01, 0x4f, 0x5a, 0x3b, 0x4f, 0x00, 0x01, 0x4f, 0x5a,
  0x3b, 0x4f, 0x00, 0x01, 0x4d, 0x5a, 0x3b, 0x4d, 0x00, 0x01, 0x4b, 0x5a,
  0x3b, 0x4b, 0x00, 0x01, 0x4d, 0x5a, 0x01, 0xe0, 0x44, 0x3a, 0x08, 0x0c,
  0x3c, 0x0a, 0x06, 0x3e, 0x0a, 0x00, 0x40, 0x84, 0x03, 0x90, 0x4d, 0x00,
  0x82, 0x64, 0x46, 0x5a, 0x77, 0x46, 0x00, 0x01, 0x4f, 0x5a, 0x81, 0x6f,
  0x4f, 0x00, 0x79, 0x46, 0x5a, 0x77, 0x46, 0x00, 0x01, 0x4f, 0x5a, 0x77,
  0x4f, 0x00, 0x01, 0x50, 0x5a, 0x3b, 0x50, 0x00, 0x01, 0x4f, 0x5a, 0x81,
  0x33, 0x4f, 0x00, 0x01, 0x4a, 0x5a, 0x3b, 0x4a, 0x00, 0x01, 0x4d, 0x5a,
  0x3b, 0x4d, 0x00, 0x01, 0x4d, 0x5a, 0x01, 0xe0, 0x44, 0x3a, 0x09, 0x0c,
  0x3c, 0x09, 0x06, 0x3e, 0x0a, 0x00, 0x40, 0x1e, 0x90, 0x4d, 0x00, 0x01,
  0x4b, 0x5a, 0x81, 0x33, 0x4b, 0x00, 0x01, 0x4b, 0x5a, 0x77, 0x4b, 0x00,
  0x01, 0x4d, 0x5a, 0x3b, 0x4d, 0x00, 0x01, 0x4f, 0x5a, 0x01, 0xe0, 0x44,
  0x3a, 0x09, 0x0c, 0x3c, 0x0a, 0x06, 0x3e, 0x0a, 0x00, 0x40, 0x81, 0x15,
  0x90, 0x4f, 0x00, 0x01, 0x4f, 0x5a, 0x01, 0xe0, 0x44, 0x3a, 0x09, 0x0c,
  0x3c, 0x09, 0x06, 0x3e, 0x0b, 0x00, 0x40, 0x59, 0x90, 0x4f, 0x00, 0x01,
  0x4d, 0x5a, 0x3b, 0x4d, 0x00, 0x01, 0x4b, 0x5a, 0x81, 0x39, 0x4b, 0x00,
  0x73, 0x48, 0x5a, 0x3b, 0x48, 0x00, 0x01, 0x48, 0x5a, 0x3b, 0x48, 0x00,
  0x01, 0x4b, 0x5a, 0x3b, 0x4b, 0x00, 0x01, 0x4b, 0x5a, 0x81, 0x34, 0x4d,
  0x5a, 0x05, 0x4b, 0x00, 0x72, 0x4d, 0x00, 0x01, 0x4d, 0x5a, 0x77, 0x4d,
  0x00, 0x01, 0x4b, 0x5a, 0x01, 0xe0, 0x54, 0x4a, 0x3b, 0x00, 0x40, 0x77,
  0x90, 0x4b, 0x00, 0x01, 0x4a, 0x5a, 0x77, 0x4a, 0x00, 0x01, 0x4b, 0x5a,
  0x83, 0x23, 0x4b, 0x00, 0x82, 0x69, 0x46, 0x5a, 0x77, 0x46, 0x00, 0x01,
  0x4f, 0x5a, 0x81, 0x6f, 0x4f, 0x00, 0x79, 0x46, 0x5a, 0x3b, 0x46, 0x00,
  0x01, 0x46, 0x5a, 0x3b, 0x46, 0x00, 0x01, 0x4f, 0x5a, 0x77, 0x4f, 0x00,
  0x01, 0x50, 0x5a, 0x3b, 0x50, 0x00, 0x01, 0x4f, 0x5a, 0x81, 0x33, 0x4f,
  0x00, 0x01, 0x4a, 0x5a, 0x3b, 0x4a, 0x00, 0x01, 0x4d, 0x5a, 0x3b, 0x4d,
  0x00, 0x01, 0x4d, 0x5a, 0x77, 0x4d, 0x00, 0x01, 0x4b, 0x5a, 0x3b, 0x4b,
  0x00, 0x01, 0x4b, 0x5a, 0x81, 0x33, 0x4b, 0x00, 0x01, 0x4b, 0x5a, 0x3b,
  0x4b, 0x00, 0x01, 0x4d, 0x5a, 0x3b, 0x4d, 0x00, 0x01, 0x4f, 0x5a, 0x3b,
  0x4f, 0x00, 0x01, 0x4f, 0x5a, 0x01, 0xe0, 0x44, 0x3a, 0x07, 0x0c, 0x3c,
  0x0b, 0x06, 0x3e, 0x0a, 0x00, 0x40, 0x81, 0x16, 0x90, 0x4f, 0x00, 0x79,
  0x4b, 0x5a, 0x3b, 0x4b, 0x00, 0x01, 0x4b, 0x5a, 0x3b, 0x4b, 0x00, 0x01,
  0x50, 0x5a, 0x77, 0x50, 0x00, 0x01, 0x4f, 0x5a, 0x3b, 0x4f, 0x00, 0x01,
  0x50, 0x5a, 0x81, 0x33, 0x50, 0x00, 0x01, 0x50, 0x5a, 0x3b, 0x50, 0x00,
  0x01, 0x50, 0x5a, 0x3b, 0x50, 0x00, 0x79, 0x4f, 0x5a, 0x3b, 0x4f, 0x00,
  0x01, 0x4f, 0x5a, 0x3b, 0x4f, 0x00, 0x01, 0x4f, 0x5a, 0x3b, 0x4f, 0x00,
  0x01, 0x4d, 0x5a, 0x3b, 0x4d, 0x00, 0x01, 0x4b, 0x5a, 0x3b, 0x4b, 0x00,
  0x01, 0x4d, 0x5a, 0x01, 0xe0, 0x44, 0x3a, 0x08, 0x0c, 0x3c, 0x0a, 0x06,
  0x3e, 0x0a, 0x00, 0x40, 0x84, 0x03, 0x90, 0x4d, 0x00, 0x82, 0x64, 0x46,
  0x5a, 0x77, 0x46, 0x00, 0x01, 0x4f, 0x5a, 0x81, 0x6f, 0x4f, 0x00, 0x79,
  0x46, 0x5a, 0x77, 0x46, 0x00, 0x01, 0x4f, 0x5a, 0x77, 0x4f, 0x00, 0x01,
  0x50, 0x5a, 0x3b, 0x50, 0x00, 0x01, 0x4f, 0x5a, 0x81, 0x33, 0x4f, 0x00,
  0x01, 0x4a, 0x5a, 0x3b, 0x4a, 0x00, 0x01, 0x4d, 0x5a, 0x3b, 0x4d, 0x00,
  0x01, 0x4d, 0x5a, 0x01, 0xe0, 0x44, 0x3a, 0x08, 0x0c, 0x3c, 0x0b, 0x06,
  0x3e, 0x09, 0x00, 0x40, 0x1e, 0x90, 0x4d, 0x00, 0x01, 0x4b, 0x5a, 0x81,
  0x33, 0x4b, 0x00, 0x01, 0x4b, 0x5a, 0x77, 0x4b, 0x00, 0x01, 0x4d, 0x5a,
  0x3b, 0x4d, 0x00, 0x01, 0x4f, 0x5a, 0x01, 0xe0, 0x44, 0x3a, 0x08, 0x0c,
  0x3c, 0x0a, 0x06, 0x3e, 0x0b, 0x00, 0x40, 0x81, 0x15, 0x90, 0x4f, 0x00,
  0x01, 0x4f, 0x5a, 0x01, 0xe0, 0x44, 0x3a, 0x0a, 0x0c, 0x3c, 0x08, 0x06,
  0x3e, 0x0a, 0x00, 0x40, 0x5a, 0x90, 0x4f, 0x00, 0x01, 0x4d, 0x5a, 0x3b,
  0x4d, 0x00, 0x01, 0x4b, 0x5a, 0x81, 0x33, 0x4b, 0x00, 0x79, 0x48, 0x5a,
  0x3b, 0x48, 0x00, 0x01, 0x48, 0x5a, 0x3b, 0x48, 0x00, 0x01, 0x4b, 0x5a,
  0x3b, 0x4b, 0x00, 0x01, 0x4b, 0x5a, 0x81, 0x34, 0x4d, 0x5a, 0x05, 0x4b,
  0x00, 0x72, 0x4d, 0x00, 0x01, 0x4d, 0x5a, 0x77, 0x4d, 0x00, 0x01, 0x4b,
  0x5a, 0x01, 0xe0, 0x54, 0x4a, 0x3a, 0x00, 0x40, 0x78, 0x90, 0x4b, 0x00,
  0x01, 0x4a, 0x5a, 0x77, 0x4a, 0x00, 0x01, 0x4b, 0x5a, 0x83, 0x24, 0x4a,
  0x5a, 0x05, 0x4b, 0x00, 0x83, 0x61, 0x4a, 0x00, 0x72, 0xb0, 0x63, 0x01,
  0x01, 0x62, 0x08, 0x01, 0x06, 0x40, 0x01, 0x26, 0x00, 0x01, 0x63, 0x01,
  0x01, 0x62, 0x09, 0x01, 0x06, 0x40, 0x01, 0x26, 0x00, 0x01, 0x63, 0x01,
  0x01, 0x62, 0x0a, 0x01, 0x06, 0x40, 0x01, 0x26, 0x00, 0x01, 0x63, 0x01,
  0x01, 0x62, 0x66, 0x01, 0x06, 0x40, 0x01, 0x26, 0x00, 0x00, 0xff, 0x2f,
  0x00, 0x4d, 0x54, 0x72, 0x6b, 0x00, 0x00, 0x05, 0x6f, 0x00, 0xff, 0x03,
  0x04, 0x42, 0x61, 0x73, 0x73, 0x1e, 0xb1, 0x79, 0x00, 0x01, 0x20, 0x00,
  0x01, 0x00, 0x00, 0x01, 0xc1, 0x21, 0x01, 0xb1, 0x5b, 0x00, 0x01, 0x5d,
  0x00, 0x01, 0x5e, 0x00, 0x01, 0x0a, 0x40, 0x01, 0x65, 0x00, 0x01, 0x64,
  0x00, 0x01, 0x06, 0x0c, 0x01, 0x26, 0x00, 0x01, 0xe1, 0x00, 0x40, 0x01,
  0xb1, 0x07, 0x7f, 0xdd, 0x35, 0x91, 0x20, 0x64, 0x82, 0x67, 0x20, 0x00,
  0x3d, 0x20, 0x64, 0x19, 0x20, 0x00, 0x23, 0x22, 0x64, 0x83, 0x5c, 0x22,
  0x00, 0x04, 0x24, 0x64, 0x82, 0x62, 0x24, 0x00, 0x06, 0x1b, 0x5a, 0x37,
  0x1b, 0x00, 0x05, 0x1d, 0x5a, 0x3b, 0x1d, 0x00, 0x01, 0x1f, 0x64, 0x83,
  0x5c, 0x1f, 0x00, 0x04, 0x29, 0x64, 0x82, 0x62, 0x29, 0x00, 0x06, 0x24,
  0x5a, 0x37, 0x24, 0x00, 0x05, 0x26, 0x5a, 0x3b, 0x26, 0x00, 0x01, 0x27,
  0x64, 0x83, 0x5c, 0x27, 0x00, 0x04, 0x25, 0x64, 0x82, 0x67, 0x25, 0x00,
  0x3d, 0x25, 0x64, 0x19, 0x25, 0x00, 0x23, 0x23, 0x64, 0x83, 0x5c, 0x23,
  0x00, 0x04, 0x22, 0x64, 0x82, 0x67, 0x22, 0x00, 0x3d, 0x22, 0x5a, 0x38,
  0x22, 0x00, 0x04, 0x22, 0x64, 0x83, 0x5c, 0x22, 0x00, 0x04, 0x27, 0x69,
  0x82, 0x67, 0x27, 0x00, 0x3d, 0x27, 0x69, 0x19, 0x27, 0x00, 0x23, 0x1f,
  0x69, 0x83, 0x5c, 0x1f, 0x00, 0x04, 0x24, 0x69, 0x82, 0x67, 0x24, 0x00,
  0x3d, 0x24, 0x69, 0x19, 0x24, 0x00, 0x23, 0x22, 0x69, 0x83, 0x5c, 0x22,
  0x00, 0x04, 0x20, 0x69, 0x82, 0x67, 0x20, 0x00, 0x3d, 0x20, 0x69, 0x18,
  0x20, 0x00, 0x24, 0x22, 0x69, 0x4b, 0xe1, 0x00, 0x42, 0x04, 0x00, 0x44,
  0x05, 0x00, 0x47, 0x05, 0x00, 0x49, 0x05, 0x00, 0x4c, 0x05, 0x00, 0x4e,
  0x05, 0x00, 0x51, 0x06, 0x00, 0x53, 0x04, 0x00, 0x56, 0x06, 0x00, 0x58,
  0x04, 0x55, 0x5a, 0x73, 0x00, 0x40, 0x00, 0x91, 0x22, 0x00, 0x01, 0x2b,
  0x5f, 0x81, 0x6f, 0x2b, 0x00, 0x01, 0x22, 0x69, 0x81, 0x6f, 0x22, 0x00,
  0x01, 0x29, 0x5f, 0x3b, 0x29, 0x00, 0x01, 0x26, 0x5f, 0x3b, 0x26, 0x00,
  0x01, 0x30, 0x5f, 0x01, 0xe1, 0x2c, 0x35, 0x30, 0x54, 0x3a, 0x0b, 0x00,
  0x40, 0x38, 0x91, 0x30, 0x00, 0x04, 0x2e, 0x64, 0x83, 0x5c, 0x2e, 0x00,
  0x04, 0x27, 0x69, 0x82, 0x67, 0x27, 0x00, 0x3d, 0x27, 0x69, 0x19, 0x27,
  0x00, 0x23, 0x1f, 0x69, 0x83, 0x5c, 0x1f, 0x00, 0x04, 0x24, 0x69, 0x82,
  0x67, 0x24, 0x00, 0x3d, 0x24, 0x69, 0x18, 0x24, 0x00, 0x24, 0x22, 0x69,
  0x83, 0x5d, 0x22, 0x00, 0x03, 0x20, 0x69, 0x82, 0x67, 0x20, 0x00, 0x3d,
  0x20, 0x69, 0x19, 0x20, 0x00, 0x23, 0x22, 0x69, 0x82, 0x67, 0x22, 0x00,
  0x01, 0x26, 0x69, 0x01, 0xe1, 0x2c, 0x35, 0x0d, 0x54, 0x3a, 0x10, 0x00,
  0x40, 0x56, 0x91, 0x26, 0x00, 0x04, 0x24, 0x69, 0x83, 0x1e, 0x24, 0x00,
  0x06, 0x24, 0x69, 0x18, 0x24, 0x00, 0x24, 0x22, 0x69, 0x83, 0x5b, 0x22,
  0x00, 0x05, 0x2e, 0x5f, 0x83, 0x5c, 0x2e, 0x00, 0x9c, 0x14, 0x22, 0x5f,
  0x81, 0x6c, 0x22, 0x00, 0x04, 0x27, 0x64, 0x83, 0x5c, 0x27, 0x00, 0x04,
  0x22, 0x64, 0x82, 0x63, 0x22, 0x00, 0x05, 0x29, 0x5a, 0x01, 0xe1, 0x2c,
  0x35, 0x0e, 0x54, 0x3a, 0x0f, 0x00, 0x40, 0x1d, 0x91, 0x29, 0x00, 0x01,
  0x2b, 0x5a, 0x3b, 0x2b, 0x00, 0x01, 0x2c, 0x5f, 0x3b, 0x2c, 0x00, 0x01,
  0x2b, 0x5a, 0x3b, 0x2b, 0x00, 0x01, 0x27, 0x5a, 0x3b, 0x27, 0x00, 0x01,
  0x24, 0x5a, 0x3b, 0x24, 0x00, 0x01, 0x20, 0x5f, 0x81, 0x6d, 0x20, 0x00,
  0x03, 0x1f, 0x64, 0x83, 0x5c, 0x1f, 0x00, 0x04, 0x1d, 0x64, 0x82, 0x63,
  0x1d, 0x00, 0x05, 0x26, 0x5a, 0x01, 0xe1, 0x2c, 0x35, 0x0e, 0x54, 0x3a,
  0x0f, 0x00, 0x40, 0x56, 0x91, 0x26, 0x00, 0x04, 0x24, 0x64, 0x83, 0x5c,
  0x24, 0x00, 0x04, 0x22, 0x64, 0x83, 0x1e, 0x22, 0x00, 0x06, 0x29, 0x5a,
  0x3b, 0x29, 0x00, 0x01, 0x22, 0x64, 0x83, 0x5c, 0x22, 0x00, 0x04, 0x27,
  0x64, 0x83, 0x5c, 0x27, 0x00, 0x04, 0x22, 0x64, 0x83, 0x5c, 0x22, 0x00,
  0x04, 0x20, 0x64, 0x83, 0x5c, 0x20, 0x00, 0x04, 0x27, 0x64, 0x82, 0x63,
  0x27, 0x00, 0x05, 0x27, 0x5a, 0x01, 0xe1, 0x00, 0x30, 0x3b, 0x00, 0x40,
  0x38, 0x91, 0x27, 0x00, 0x04, 0x2b, 0x5a, 0x01, 0xe1, 0x2c, 0x35, 0x3b,
  0x00, 0x40, 0x37, 0x91, 0x2b, 0x00, 0x05, 0x29, 0x64, 0x82, 0x64, 0x29,
  0x00, 0x04, 0x24, 0x64, 0x83, 0x5c, 0x24, 0x00, 0x04, 0x22, 0x64, 0x83,
  0x1f, 0x22, 0x00, 0x05, 0x29, 0x5a, 0x3b, 0x29, 0x00, 0x01, 0x22, 0x64,
  0x83, 0x5c, 0x22, 0x00, 0x04, 0x20, 0x64, 0x82, 0x67, 0x20, 0x00, 0x3d,
  0x20, 0x64, 0x18, 0x20, 0x00, 0x24, 0x22, 0x64, 0x83, 0x5c, 0x22, 0x00,
  0x04, 0x24, 0x64, 0x82, 0x63, 0x24, 0x00, 0x05, 0x29, 0x5a, 0x37, 0x29,
  0x00, 0x05, 0x2a, 0x5a, 0x38, 0x2a, 0x00, 0x04, 0x2b, 0x5a, 0x36, 0x2b,
  0x00, 0x06, 0x26, 0x5a, 0x38, 0x26, 0x00, 0x04, 0x1f, 0x64, 0x82, 0x64,
  0x1f, 0x00, 0x04, 0x1d, 0x64, 0x82, 0x67, 0x1d, 0x00, 0x3d, 0x29, 0x64,
  0x19, 0x29, 0x00, 0x23, 0x27, 0x64, 0x83, 0x5b, 0x27, 0x00, 0x05, 0x25,
  0x64, 0x83, 0x5c, 0x25, 0x00, 0x04, 0x23, 0x64, 0x82, 0x63, 0x23, 0x00,
  0x05, 0x23, 0x5a, 0x73, 0x23, 0x00, 0x05, 0x22, 0x64, 0x82, 0x67, 0x22,
  0x00, 0x3d, 0x22, 0x64, 0x18, 0x22, 0x00, 0x24, 0x22, 0x69, 0x83, 0x5c,
  0x22, 0x00, 0x04, 0x27, 0x69, 0x82, 0x67, 0x27, 0x00, 0x3d, 0x27, 0x69,
  0x19, 0x27, 0x00, 0x23, 0x1f, 0x69, 0x83, 0x5c, 0x1f, 0x00, 0x04, 0x24,
  0x69, 0x82, 0x67, 0x24, 0x00, 0x3d, 0x24, 0x69, 0x19, 0x24, 0x00, 0x23,
  0x22, 0x69, 0x83, 0x5c, 0x22, 0x00, 0x04, 0x20, 0x69, 0x82, 0x67, 0x20,
  0x00, 0x3d, 0x20, 0x69, 0x18, 0x20, 0x00, 0x24, 0x22, 0x69, 0x4a, 0xe1,
  0x00, 0x42, 0x05, 0x00, 0x44, 0x05, 0x00, 0x47, 0x05, 0x00, 0x49, 0x05,
  0x00, 0x4c, 0x05, 0x00, 0x4e, 0x05, 0x00, 0x51, 0x05, 0x00, 0x53, 0x05,
  0x00, 0x56, 0x05, 0x00, 0x58, 0x05, 0x55, 0x5a, 0x73, 0x00, 0x40, 0x00,
  0x91, 0x22, 0x00, 0x01, 0x2b, 0x5f, 0x81, 0x6f, 0x2b, 0x00, 0x01, 0x22,
  0x69, 0x81, 0x6f, 0x22, 0x00, 0x01, 0x29, 0x5f, 0x3b, 0x29, 0x00, 0x01,
  0x26, 0x5f, 0x3b, 0x26, 0x00, 0x01, 0x30, 0x5f, 0x01, 0xe1, 0x2c, 0x35,
  0x30, 0x54, 0x3a, 0x0a, 0x00, 0x40, 0x38, 0x91, 0x30, 0x00, 0x05, 0x2e,
  0x64, 0x83, 0x5c, 0x2e, 0x00, 0x04, 0x27, 0x69, 0x82, 0x67, 0x27, 0x00,
  0x3d, 0x27, 0x69, 0x18, 0x27, 0x00, 0x24, 0x1f, 0x69, 0x83, 0x5c, 0x1f,
  0x00, 0x04, 0x24, 0x69, 0x82, 0x67, 0x24, 0x00, 0x3d, 0x24, 0x69, 0x19,
  0x24, 0x00, 0x23, 0x22, 0x69, 0x83, 0x5d, 0x22, 0x00, 0x03, 0x20, 0x69,
  0x82, 0x67, 0x20, 0x00, 0x3d, 0x20, 0x69, 0x18, 0x20, 0x00, 0x24, 0x22,
  0x69, 0x82, 0x67, 0x22, 0x00, 0x01, 0x26, 0x69, 0x01, 0xe1, 0x2c, 0x35,
  0x0e, 0x54, 0x3a, 0x0f, 0x00, 0x40, 0x56, 0x91, 0x26, 0x00, 0x04, 0x27,
  0x69, 0x82, 0x27, 0x27, 0x00, 0x05, 0x1d, 0x5f, 0x3b, 0x1d, 0x00, 0x01,
  0x1f, 0x5f, 0x3b, 0x1f, 0x00, 0x01, 0x20, 0x5f, 0x3b, 0x20, 0x00, 0x01,
  0x22, 0x69, 0x82, 0x26, 0x22, 0x00, 0x06, 0x22, 0x5f, 0x3b, 0x22, 0x00,
  0x01, 0x24, 0x5f, 0x3b, 0x24, 0x00, 0x01, 0x26, 0x5f, 0x3b, 0x26, 0x00,
  0x01, 0x27, 0x69, 0x82, 0x67, 0x27, 0x00, 0x3d, 0x27, 0x69, 0x18, 0x27,
  0x00, 0x24, 0x1f, 0x69, 0x83, 0x5c, 0x1f, 0x00, 0x04, 0x24, 0x69, 0x82,
  0x67, 0x24, 0x00, 0x3d, 0x24, 0x69, 0x19, 0x24, 0x00, 0x23, 0x22, 0x69,
  0x83, 0x5c, 0x22, 0x00, 0x04, 0x20, 0x69, 0x82, 0x67, 0x20, 0x00, 0x3d,
  0x20, 0x69, 0x19, 0x20, 0x00, 0x23, 0x22, 0x69, 0x4a, 0xe1, 0x00, 0x42,
  0x05, 0x00, 0x44, 0x04, 0x00, 0x47, 0x05, 0x00, 0x49, 0x06, 0x00, 0x4c,
  0x05, 0x00, 0x4e, 0x05, 0x00, 0x51, 0x05, 0x00, 0x53, 0x05, 0x00, 0x56,
  0x05, 0x00, 0x58, 0x04, 0x55, 0x5a, 0x74, 0x00, 0x40, 0x00, 0x91, 0x22,
  0x00, 0x01, 0x2b, 0x5f, 0x81, 0x6f, 0x2b, 0x00, 0x01, 0x22, 0x69, 0x81,
  0x6f, 0x22, 0x00, 0x01, 0x29, 0x5f, 0x3b, 0x29, 0x00, 0x01, 0x26, 0x5f,
  0x3b, 0x26, 0x00, 0x01, 0x30, 0x5f, 0x01, 0xe1, 0x2c, 0x35, 0x30, 0x54,
  0x3a, 0x0a, 0x00, 0x40, 0x38, 0x91, 0x30, 0x00, 0x05, 0x2e, 0x64, 0x83,
  0x5c, 0x2e, 0x00, 0x04, 0x27, 0x69, 0x82, 0x67, 0x27, 0x00, 0x3d, 0x27,
  0x69, 0x19, 0x27, 0x00, 0x23, 0x1f, 0x69, 0x83, 0x5c, 0x1f, 0x00, 0x04,
  0x24, 0x69, 0x82, 0x67, 0x24, 0x00, 0x3d, 0x24, 0x69, 0x19, 0x24, 0x00,
  0x23, 0x22, 0x69, 0x83, 0x5c, 0x22, 0x00, 0x04, 0x20, 0x69, 0x82, 0x67,
  0x20, 0x00, 0x3d, 0x20, 0x69, 0x1a, 0x20, 0x00, 0x22, 0x22, 0x69, 0x82,
  0x67, 0x22, 0x00, 0x01, 0x26, 0x69, 0x01, 0xe1, 0x2c, 0x35, 0x0d, 0x54,
  0x3a, 0x0f, 0x00, 0x40, 0x57, 0x91, 0x26, 0x00, 0x04, 0x24, 0x69, 0x83,
  0x1e, 0x24, 0x00, 0x06, 0x24, 0x69, 0x18, 0x24, 0x00, 0x24, 0x22, 0x64,
  0x88, 0x19, 0x22, 0x00, 0x03, 0x27, 0x5a, 0x85, 0x14, 0xb1, 0x0b, 0x7b,
  0x0f, 0x0b, 0x78, 0x0e, 0x0b, 0x74, 0x0d, 0x0b, 0x71, 0x0c, 0x0b, 0x6d,
  0x0f, 0x0b, 0x6a, 0x0f, 0x0b, 0x66, 0x0e, 0x0b, 0x63, 0x10, 0x0b, 0x60,
  0x0c, 0x0b, 0x5c, 0x0b, 0x0b, 0x59, 0x0f, 0x0b, 0x55, 0x0f, 0x0b, 0x52,
  0x0c, 0x0b, 0x4e, 0x0f, 0x0b, 0x4b, 0x0f, 0x0b, 0x48, 0x0c, 0x0b, 0x44,
  0x0e, 0x0b, 0x41, 0x0c, 0x0b, 0x3d, 0x10, 0x0b, 0x3a, 0x0e, 0x0b, 0x36,
  0x0f, 0x0b, 0x33, 0x0c, 0x0b, 0x30, 0x0c, 0x0b, 0x2c, 0x0f, 0x0b, 0x29,
  0x0f, 0x0b, 0x25, 0x0f, 0x0b, 0x22, 0x0b, 0x0b, 0x1e, 0x10, 0x0b, 0x1b,
  0x0c, 0x0b, 0x18, 0x0e, 0x0b, 0x14, 0x0c, 0x0b, 0x11, 0x0f, 0x0b, 0x0d,
  0x22, 0x91, 0x27, 0x00, 0x00, 0xff, 0x2f, 0x00, 0x4d, 0x54, 0x72, 0x6b,
  0x00, 0x00, 0x1a, 0x6b, 0x00, 0xff, 0x03, 0x02, 0x32, 0x35, 0x2c, 0xb2,
  0x79, 0x00, 0x01, 0x20, 0x00, 0x01, 0x00, 0x09, 0x01, 0xc2, 0x19, 0x01,
  0xb2, 0x0a, 0x40, 0x01, 0x5b, 0x3c, 0x01, 0x5d, 0x00, 0x01, 0x5e, 0x00,
  0x01, 0x65, 0x00, 0x01, 0x64, 0x00, 0x01, 0x06, 0x0c, 0x01, 0x26, 0x00,
  0x01, 0xe2, 0x00, 0x40, 0x01, 0xb2, 0x07, 0x7f, 0x83, 0x27, 0x92, 0x33,
  0x53, 0x0f, 0xb2, 0x40, 0x7f, 0x2c, 0x92, 0x33, 0x00, 0x01, 0x3a, 0x49,
  0x3b, 0x3a, 0x00, 0x01, 0x3f, 0x49, 0x3b, 0x3f, 0x00, 0x01, 0x43, 0x49,
  0x3b, 0x43, 0x00, 0x01, 0x3f, 0x49, 0x3b, 0x3f, 0x00, 0x01, 0x3a, 0x49,
  0x3b, 0x3a, 0x00, 0x01, 0x43, 0x49, 0x3b, 0x43, 0x00, 0x01, 0x3f, 0x49,
  0x37, 0xb2, 0x40, 0x00, 0x04, 0x92, 0x3f, 0x00, 0x01, 0x2e, 0x53, 0x0f,
  0xb2, 0x40, 0x7f, 0x2c, 0x92, 0x2e, 0x00, 0x01, 0x3a, 0x49, 0x3b, 0x3a,
  0x00, 0x01, 0x3e, 0x49, 0x3b, 0x3e, 0x00, 0x01, 0x41, 0x49, 0x3b, 0x41,
  0x00, 0x01, 0x3e, 0x49, 0x3b, 0x3e, 0x00, 0x01, 0x3a, 0x49, 0x3b, 0x3a,
  0x00, 0x01, 0x41, 0x49, 0x3b, 0x41, 0x00, 0x01, 0x3e, 0x49, 0x37, 0xb2,
  0x40, 0x00, 0x04, 0x92, 0x3e, 0x00, 0x01, 0x30, 0x53, 0x0f, 0xb2, 0x40,
  0x7f, 0x2c, 0x92, 0x30, 0x00, 0x01, 0x37, 0x49, 0x3b, 0x37, 0x00, 0x01,
  0x3c, 0x49, 0x3b, 0x3c, 0x00, 0x01, 0x3f, 0x49, 0x3b, 0x3f, 0x00, 0x01,
  0x3c, 0x49, 0x3b, 0x3c, 0x00, 0x01, 0x37, 0x49, 0x3b, 0x37, 0x00, 0x01,
  0x3f, 0x49, 0x3b, 0x3f, 0x00, 0x01, 0x3c, 0x49, 0x37, 0xb2, 0x40, 0x00,
  0x04, 0x92, 0x3c, 0x00, 0x01, 0x2c, 0x53, 0x0f, 0xb2, 0x40, 0x7f, 0x2c,
  0x92, 0x2c, 0x00, 0x01, 0x38, 0x49, 0x3b, 0x38, 0x00, 0x01, 0x3c, 0x49,
  0x3b, 0x3c, 0x00, 0x01, 0x3f, 0x49, 0x3b, 0x3f, 0x00, 0x01, 0x3c, 0x49,
  0x3b, 0x3c, 0x00, 0x01, 0x38, 0x49, 0x3b, 0x38, 0x00, 0x01, 0x3f, 0x49,
  0x3b, 0x3f, 0x00, 0x01, 0x3c, 0x49, 0x38, 0xb2, 0x40, 0x00, 0x03, 0x92,
  0x3c, 0x00, 0x01, 0x33, 0x53, 0x0f, 0xb2, 0x40, 0x7f, 0x2c, 0x92, 0x33,
  0x00, 0x01, 0x3a, 0x49, 0x3b, 0x3a, 0x00, 0x01, 0x3f, 0x49, 0x3b, 0x3f,
  0x00, 0x01, 0x43, 0x49, 0x3b, 0x43, 0x00, 0x01, 0x3f, 0x49, 0x3b, 0x3f,
  0x00, 0x01, 0x3a, 0x49, 0x3b, 0x3a, 0x00, 0x01, 0x43, 0x49, 0x3b, 0x43,
  0x00, 0x01, 0x3f, 0x49, 0x37, 0xb2, 0x40, 0x00, 0x04, 0x92, 0x3f, 0x00,
  0x01, 0x2e, 0x53, 0x0f, 0xb2, 0x40, 0x7f, 0x2c, 0x92, 0x2e, 0x00, 0x01,
  0x3a, 0x49, 0x3b, 0x3a, 0x00, 0x01, 0x3e, 0x49, 0x3b, 0x3e, 0x00, 0x01,
  0x41, 0x49, 0x3b, 0x41, 0x00, 0x01, 0x3e, 0x49, 0x3b, 0x3e, 0x00, 0x01,
  0x3a, 0x49, 0x3b, 0x3a, 0x00, 0x01, 0x41, 0x49, 0x3b, 0x41, 0x00, 0x01,
  0x3e, 0x49, 0x36, 0xb2, 0x40, 0x00, 0x05, 0x92, 0x3e, 0x00, 0x01, 0x3a,
  0x49, 0x00, 0x33, 0x49, 0x00, 0x3f, 0x49, 0x00, 0x38, 0x49, 0x85, 0x4f,
  0x38, 0x00, 0x00, 0x3a, 0x00, 0x00, 0x33, 0x00, 0x00, 0x3f, 0x00, 0x01,
  0x2e, 0x49, 0x0f, 0xb2, 0x40, 0x7f, 0x2c, 0x92, 0x2e, 0x00, 0x01, 0x3a,
  0x49, 0x3b, 0x3a, 0x00, 0x01, 0x3e, 0x49, 0x3b, 0x3e, 0x00, 0x01, 0x41,
  0x49, 0x37, 0xb2, 0x40, 0x00, 0x04, 0x92, 0x41, 0x00, 0x01, 0x33, 0x53,
  0x0f, 0xb2, 0x40, 0x7f, 0x2c, 0x92, 0x33, 0x00, 0x01, 0x3a, 0x49, 0x3b,
  0x3a, 0x00, 0x01, 0x3f, 0x49, 0x3b, 0x3f, 0x00, 0x01, 0x43, 0x49, 0x3b,
  0x43, 0x00, 0x01, 0x3f, 0x49, 0x3b, 0x3f, 0x00, 0x01, 0x3a, 0x49, 0x3b,
  0x3a, 0x00, 0x01, 0x43, 0x49, 0x3b, 0x43, 0x00, 0x01, 0x3f, 0x49, 0x37,
  0xb2, 0x40, 0x00, 0x04, 0x92, 0x3f, 0x00, 0x01, 0x2e, 0x53, 0x0f, 0xb2,
  0x40, 0x7f, 0x2c, 0x92, 0x2e, 0x00, 0x01, 0x3a, 0x49, 0x3b, 0x3a, 0x00,
  0x01, 0x3e, 0x49, 0x3b, 0x3e, 0x00, 0x01, 0x41, 0x49, 0x3b, 0x41, 0x00,
  0x01, 0x3e, 0x49, 0x3b, 0x3e, 0x00, 0x01, 0x3a, 0x49, 0x3b, 0x3a, 0x00,
  0x01, 0x41, 0x49, 0x3b, 0x41, 0x00, 0x01, 0x3e, 0x49, 0x37, 0xb2, 0x40,
  0x00, 0x04, 0x92, 0x3e, 0x00, 0x01, 0x2c, 0x53, 0x0f, 0xb2, 0x40, 0x7f,
  0x2c, 0x92, 0x2c, 0x00, 0x01, 0x38, 0x49, 0x3b, 0x38, 0x00, 0x01, 0x3c,
  0x49, 0x3b, 0x3c, 0x00, 0x01, 0x3f, 0x49, 0x3b, 0x3f, 0x00, 0x01, 0x3c,
  0x49, 0x3b, 0x3c, 0x00, 0x01, 0x38, 0x49, 0x3b, 0x38, 0x00, 0x01, 0x3f,
  0x49, 0x3b, 0x3f, 0x00, 0x01, 0x3c, 0x49, 0x37, 0xb2, 0x40, 0x00, 0x04,
  0x92, 0x3c, 0x00, 0x01, 0x33, 0x53, 0x0f, 0xb2, 0x40, 0x7f, 0x2c, 0x92,
  0x33, 0x00, 0x01, 0x3a, 0x49, 0x3b, 0x3a, 0x00, 0x01, 0x3f, 0x49, 0x3b,
  0x3f, 0x00, 0x01, 0x43, 0x49, 0x3b, 0x43, 0x00, 0x01, 0x3f, 0x49, 0x3b,
  0x3f, 0x00, 0x01, 0x3a, 0x49, 0x3b, 0x3a, 0x00, 0x01, 0x43, 0x49, 0x3b,
  0x43, 0x00, 0x01, 0x3f, 0x49, 0x37, 0xb2, 0x40, 0x00, 0x04, 0x92, 0x3f,
  0x00, 0x01, 0x29, 0x53, 0x0f, 0xb2, 0x40, 0x7f, 0x2c, 0x92, 0x29, 0x00,
  0x01, 0x38, 0x49, 0x3b, 0x38, 0x00, 0x01, 0x3c, 0x49, 0x3b, 0x3c, 0x00,
  0x01, 0x41, 0x49, 0x3b, 0x41, 0x00, 0x01, 0x3c, 0x49, 0x3b, 0x3c, 0x00,
  0x01, 0x38, 0x49, 0x3b, 0x38, 0x00, 0x01, 0x41, 0x49, 0x3b, 0x41, 0x00,
  0x01, 0x3c, 0x49, 0x38, 0xb2, 0x40, 0x00, 0x03, 0x92, 0x3c, 0x00, 0x01,
  0x30, 0x53, 0x0f, 0xb2, 0x40, 0x7f, 0x2c, 0x92, 0x30, 0x00, 0x01, 0x37,
  0x49, 0x3b, 0x37, 0x00, 0x01, 0x3c, 0x49, 0x3b, 0x3c, 0x00, 0x01, 0x3f,
  0x49, 0x3b, 0x3f, 0x00, 0x01, 0x3c, 0x49, 0x3b, 0x3c, 0x00, 0x01, 0x37,
  0x49, 0x3b, 0x37, 0x00, 0x01, 0x3f, 0x49, 0x3b, 0x3f, 0x00, 0x01, 0x3c,
  0x49, 0x37, 0xb2, 0x40, 0x00, 0x04, 0x92, 0x3c, 0x00, 0x01, 0x2e, 0x53,
  0x0f, 0xb2, 0x40, 0x7f, 0x2c, 0x92, 0x2e, 0x00, 0x01, 0x3a, 0x49, 0x3b,
  0x3a, 0x00, 0x01, 0x3f, 0x49, 0x3b, 0x3f, 0x00, 0x01, 0x41, 0x49, 0x3b,
  0x41, 0x00, 0x01, 0x3f, 0x49, 0x3b, 0x3f, 0x00, 0x01, 0x3a, 0x49, 0x3b,
  0x3a, 0x00, 0x01, 0x41, 0x49, 0x3b, 0x41, 0x00, 0x01, 0x3f, 0x49, 0x37,
  0xb2, 0x40, 0x00, 0x04, 0x92, 0x3f, 0x00, 0x01, 0x2e, 0x53, 0x10, 0xb2,
  0x40, 0x7f, 0x2b, 0x92, 0x2e, 0x00, 0x01, 0x3a, 0x49, 0x3b, 0x3a, 0x00,
  0x01, 0x3e, 0x49, 0x3b, 0x3e, 0x00, 0x01, 0x41, 0x49, 0x3b, 0x41, 0x00,
  0x01, 0x3e, 0x49, 0x3b, 0x3e, 0x00, 0x01, 0x3a, 0x49, 0x3b, 0x3a, 0x00,
  0x01, 0x41, 0x49, 0x3b, 0x41, 0x00, 0x01, 0x3e, 0x49, 0x37, 0xb2, 0x40,
  0x00, 0x04, 0x92, 0x3e, 0x00, 0x01, 0x33, 0x53, 0x10, 0xb2, 0x40, 0x7f,
  0x2b, 0x92, 0x33, 0x00, 0x01, 0x3a, 0x49, 0x3b, 0x3a, 0x00, 0x01, 0x3f,
  0x49, 0x3b, 0x3f, 0x00, 0x01, 0x43, 0x49, 0x3b, 0x43, 0x00, 0x01, 0x3f,
  0x49, 0x3b, 0x3f, 0x00, 0x01, 0x3a, 0x49, 0x3b, 0x3a, 0x00, 0x01, 0x43,
  0x49, 0x3b, 0x43, 0x00, 0x01, 0x3f, 0x49, 0x38, 0xb2, 0x40, 0x00, 0x03,
  0x92, 0x3f, 0x00, 0x01, 0x2e, 0x53, 0x10, 0xb2, 0x40, 0x7f, 0x2b, 0x92,
  0x2e, 0x00, 0x01, 0x3a, 0x49, 0x3b, 0x3a, 0x00, 0x01, 0x3e, 0x49, 0x3b,
  0x3e, 0x00, 0x01, 0x41, 0x49, 0x3b, 0x41, 0x00, 0x01, 0x3e, 0x49, 0x3b,
  0x3e, 0x00, 0x01, 0x3a, 0x49, 0x3b, 0x3a, 0x00, 0x01, 0x41, 0x49, 0x3b,
  0x41, 0x00, 0x01, 0x3e, 0x49, 0x38, 0xb2, 0x40, 0x00, 0x03, 0x92, 0x3e,
  0x00, 0x01, 0x2c, 0x53, 0x0f, 0xb2, 0x40, 0x7f, 0x2c, 0x92, 0x2c, 0x00,
  0x01, 0x38, 0x49, 0x3b, 0x38, 0x00, 0x01, 0x3c, 0x49, 0x3b, 0x3c, 0x00,
  0x01, 0x3f, 0x49, 0x3b, 0x3f, 0x00, 0x01, 0x3c, 0x49, 0x3b, 0x3c, 0x00,
  0x01, 0x38, 0x49, 0x3b, 0x38, 0x00, 0x01, 0x3f, 0x49, 0x3b, 0x3f, 0x00,
  0x01, 0x3c, 0x49, 0x38, 0xb2, 0x40, 0x00, 0x03, 0x92, 0x3c, 0x00, 0x01,
  0x33, 0x53, 0x10, 0xb2, 0x40, 0x7f, 0x2b, 0x92, 0x33, 0x00, 0x01, 0x3a,
  0x49, 0x3b, 0x3a, 0x00, 0x01, 0x3f, 0x49, 0x3b, 0x3f, 0x00, 0x01, 0x43,
  0x49, 0x3b, 0x43, 0x00, 0x01, 0x3f, 0x49, 0x3b, 0x3f, 0x00, 0x01, 0x3a,
  0x49, 0x3b, 0x3a, 0x00, 0x01, 0x43, 0x49, 0x3b, 0x43, 0x00, 0x01, 0x3f,
  0x49, 0x38, 0xb2, 0x40, 0x00, 0x03, 0x92, 0x3f, 0x00, 0x01, 0x29, 0x53,
  0x10, 0xb2, 0x40, 0x7f, 0x2b, 0x92, 0x29, 0x00, 0x01, 0x38, 0x49, 0x3b,
  0x38, 0x00, 0x01, 0x3c, 0x49, 0x3b, 0x3c, 0x00, 0x01, 0x41, 0x49, 0x3b,
  0x41, 0x00, 0x01, 0x3c, 0x49, 0x3b, 0x3c, 0x00, 0x01, 0x38, 0x49, 0x3b,
  0x38, 0x00, 0x01, 0x41, 0x49, 0x3b, 0x41, 0x00, 0x01, 0x3c, 0x49, 0x38,
  0xb2, 0x40, 0x00, 0x03, 0x92, 0x3c, 0x00, 0x01, 0x30, 0x53, 0x10, 0xb2,
  0x40, 0x7f, 0x2b, 0x92, 0x30, 0x00, 0x01, 0x37, 0x49, 0x3b, 0x37, 0x00,
  0x01, 0x3c, 0x49, 0x3b, 0x3c, 0x00, 0x01, 0x3f, 0x49, 0x3b, 0x3f, 0x00,
  0x01, 0x3c, 0x49, 0x3b, 0x3c, 0x00, 0x01, 0x37, 0x49, 0x3b, 0x37, 0x00,
  0x01, 0x3f, 0x49, 0x3b, 0x3f, 0x00, 0x01, 0x3c, 0x49, 0x39, 0xb2, 0x40,
  0x00, 0x02, 0x92, 0x3c, 0x00, 0x01, 0x2e, 0x53, 0x10, 0xb2, 0x40, 0x7f,
  0x2b, 0x92, 0x2e, 0x00, 0x01, 0x3a, 0x49, 0x3b, 0x3a, 0x00, 0x01, 0x3f,
  0x49, 0x3b, 0x3f, 0x00, 0x01, 0x41, 0x49, 0x3b, 0x41, 0x00, 0x01, 0x3f,
  0x49, 0x3b, 0x3f, 0x00, 0x01, 0x3a, 0x49, 0x3b, 0x3a, 0x00, 0x01, 0x41,
  0x49, 0x3b, 0x41, 0x00, 0x01, 0x3f, 0x49, 0x38, 0xb2, 0x40, 0x00, 0x03,
  0x92, 0x3f, 0x00, 0x01, 0x2e, 0x53, 0x11, 0xb2, 0x40, 0x7f, 0x2a, 0x92,
  0x2e, 0x00, 0x01, 0x3a, 0x49, 0x3b, 0x3a, 0x00, 0x01, 0x3e, 0x49, 0x3b,
  0x3e, 0x00, 0x01, 0x41, 0x49, 0x3b, 0x41, 0x00, 0x01, 0x3e, 0x49, 0x3b,
  0x3e, 0x00, 0x01, 0x3a, 0x49, 0x3b, 0x3a, 0x00, 0x01, 0x41, 0x49, 0x3b,
  0x41, 0x00, 0x01, 0x3e, 0x49, 0x37, 0xb2, 0x40, 0x00, 0x04, 0x92, 0x3e,
  0x00, 0x01, 0x2c, 0x53, 0x0f, 0xb2, 0x40, 0x7f, 0x2c, 0x92, 0x2c, 0x00,
  0x01, 0x38, 0x49, 0x3b, 0x38, 0x00, 0x01, 0x3c, 0x49, 0x3b, 0x3c, 0x00,
  0x01, 0x3f, 0x49, 0x3b, 0x3f, 0x00, 0x01, 0x3c, 0x49, 0x3b, 0x3c, 0x00,
  0x01, 0x38, 0x49, 0x3b, 0x38, 0x00, 0x01, 0x3f, 0x49, 0x3b, 0x3f, 0x00,
  0x01, 0x3c, 0x49, 0x36, 0xb2, 0x40, 0x00, 0x05, 0x92, 0x3c, 0x00, 0x01,
  0x2e, 0x53, 0x0f, 0xb2, 0x40, 0x7f, 0x2c, 0x92, 0x2e, 0x00, 0x01, 0x3a,
  0x49, 0x3b, 0x3a, 0x00, 0x01, 0x3e, 0x49, 0x3b, 0x3e, 0x00, 0x01, 0x41,
  0x49, 0x3b, 0x41, 0x00, 0x01, 0x3e, 0x49, 0x3b, 0x3e, 0x00, 0x01, 0x3a,
  0x49, 0x3b, 0x3a, 0x00, 0x01, 0x41, 0x49, 0x3b, 0x41, 0x00, 0x01, 0x3e,
  0x49, 0x37, 0xb2, 0x40, 0x00, 0x04, 0x92, 0x3e, 0x00, 0x01, 0x30, 0x53,
  0x0f, 0xb2, 0x40, 0x7f, 0x2c, 0x92, 0x30, 0x00, 0x01, 0x37, 0x49, 0x3b,
  0x37, 0x00, 0x01, 0x3c, 0x49, 0x3b, 0x3c, 0x00, 0x01, 0x3f, 0x49, 0x3b,
  0x3f, 0x00, 0x01, 0x3c, 0x49, 0x3b, 0x3c, 0x00, 0x01, 0x37, 0x49, 0x3b,
  0x37, 0x00, 0x01, 0x3f, 0x49, 0x3b, 0x3f, 0x00, 0x01, 0x3c, 0x49, 0x37,
  0xb2, 0x40, 0x00, 0x04, 0x92, 0x3c, 0x00, 0x01, 0x2b, 0x53, 0x0e, 0xb2,
  0x40, 0x7f, 0x2d, 0x92, 0x2b, 0x00, 0x01, 0x3a, 0x49, 0x3b, 0x3a, 0x00,
  0x01, 0x3e, 0x49, 0x3b, 0x3e, 0x00, 0x01, 0x43, 0x49, 0x3b, 0x43, 0x00,
  0x01, 0x3e, 0x49, 0x3b, 0x3e, 0x00, 0x01, 0x3a, 0x49, 0x3b, 0x3a, 0x00,
  0x01, 0x43, 0x49, 0x3b, 0x43, 0x00, 0x01, 0x3e, 0x49, 0x37, 0xb2, 0x40,
  0x00, 0x04, 0x92, 0x3e, 0x00, 0x01, 0x29, 0x53, 0x0f, 0xb2, 0x40, 0x7f,
  0x2c, 0x92, 0x29, 0x00, 0x01, 0x38, 0x49, 0x3b, 0x38, 0x00, 0x01, 0x3c,
  0x49, 0x3b, 0x3c, 0x00, 0x01, 0x41, 0x49, 0x3b, 0x41, 0x00, 0x01, 0x3c,
  0x49, 0x3b, 0x3c, 0x00, 0x01, 0x38, 0x49, 0x3b, 0x38, 0x00, 0x01, 0x41,
  0x49, 0x3b, 0x41, 0x00, 0x01, 0x3c, 0x49, 0x37, 0xb2, 0x40, 0x00, 0x04,
  0x92, 0x3c, 0x00, 0x01, 0x33, 0x53, 0x0f, 0xb2, 0x40, 0x7f, 0x2c, 0x92,
  0x33, 0x00, 0x01, 0x3a, 0x49, 0x3b, 0x3a, 0x00, 0x01, 0x3f, 0x49, 0x3b,
  0x3f, 0x00, 0x01, 0x43, 0x49, 0x3b, 0x43, 0x00, 0x01, 0x3f, 0x49, 0x3b,
  0x3f, 0x00, 0x01, 0x3a, 0x49, 0x3b, 0x3a, 0x00, 0x01, 0x43, 0x49, 0x3b,
  0x43, 0x00, 0x01, 0x3f, 0x49, 0x38, 0xb2, 0x40, 0x00, 0x03, 0x92, 0x3f,
  0x00, 0x01, 0x31, 0x53, 0x0f, 0xb2, 0x40, 0x7f, 0x2c, 0x92, 0x31, 0x00,
  0x01, 0x38, 0x49, 0x3b, 0x38, 0x00, 0x01, 0x3d, 0x49, 0x3b, 0x3d, 0x00,
  0x01, 0x41, 0x49, 0x3b, 0x41, 0x00, 0x01, 0x3d, 0x49, 0x3b, 0x3d, 0x00,
  0x01, 0x38, 0x49, 0x3b, 0x38, 0x00, 0x01, 0x41, 0x49, 0x3b, 0x41, 0x00,
  0x01, 0x3d, 0x49, 0x37, 0xb2, 0x40, 0x00, 0x04, 0x92, 0x3d, 0x00, 0x01,
  0x2f, 0x53, 0x0f, 0xb2, 0x40, 0x7f, 0x2c, 0x92, 0x2f, 0x00, 0x01, 0x3b,
  0x49, 0x3b, 0x3b, 0x00, 0x01, 0x3e, 0x49, 0x3b, 0x3e, 0x00, 0x01, 0x41,
  0x49, 0x3b, 0x41, 0x00, 0x01, 0x3e, 0x49, 0x3b, 0x3e, 0x00, 0x01, 0x3b,
  0x49, 0x3b, 0x3b, 0x00, 0x01, 0x41, 0x49, 0x3b, 0x41, 0x00, 0x01, 0x3e,
  0x49, 0x37, 0xb2, 0x40, 0x00, 0x04, 0x92, 0x3e, 0x00, 0x01, 0x2e, 0x53,
  0x10, 0xb2, 0x40, 0x7f, 0x2b, 0x92, 0x2e, 0x00, 0x01, 0x3a, 0x49, 0x3b,
  0x3a, 0x00, 0x01, 0x3f, 0x49, 0x3b, 0x3f, 0x00, 0x01, 0x41, 0x49, 0x3b,
  0x41, 0x00, 0x01, 0x3f, 0x49, 0x3b, 0x3f, 0x00, 0x01, 0x3a, 0x49, 0x3b,
  0x3a, 0x00, 0x01, 0x41, 0x49, 0x3b, 0x41, 0x00, 0x01, 0x3f, 0x49, 0x37,
  0xb2, 0x40, 0x00, 0x04, 0x92, 0x3f, 0x00, 0x01, 0x2e, 0x53, 0x10, 0xb2,
  0x40, 0x7f, 0x2b, 0x92, 0x2e, 0x00, 0x01, 0x3a, 0x49, 0x3b, 0x3a, 0x00,
  0x01, 0x3e, 0x49, 0x3b, 0x3e, 0x00, 0x01, 0x41, 0x49, 0x3b, 0x41, 0x00,
  0x01, 0x3e, 0x49, 0x3b, 0x3e, 0x00, 0x01, 0x3a, 0x49, 0x3b, 0x3a, 0x00,
  0x01, 0x41, 0x49, 0x3b, 0x41, 0x00, 0x01, 0x3e, 0x49, 0x37, 0xb2, 0x40,
  0x00, 0x04, 0x92, 0x3e, 0x00, 0x01, 0x33, 0x58, 0x0f, 0xb2, 0x40, 0x7f,
  0x2c, 0x92, 0x33, 0x00, 0x01, 0x3a, 0x4e, 0x3b, 0x3a, 0x00, 0x01, 0x3f,
  0x4e, 0x3b, 0x3f, 0x00, 0x01, 0x43, 0x4e, 0x3b, 0x43, 0x00, 0x01, 0x3f,
  0x4e, 0x3b, 0x3f, 0x00, 0x01, 0x3a, 0x4e, 0x3b, 0x3a, 0x00, 0x01, 0x43,
  0x4e, 0x3b, 0x43, 0x00, 0x01, 0x3f, 0x4e, 0x37, 0xb2, 0x40, 0x00, 0x04,
  0x92, 0x3f, 0x00, 0x01, 0x2b, 0x58, 0x0e, 0xb2, 0x40, 0x7f, 0x2d, 0x92,
  0x2b, 0x00, 0x01, 0x3a, 0x4e, 0x3b, 0x3a, 0x00, 0x01, 0x3e, 0x4e, 0x3b,
  0x3e, 0x00, 0x01, 0x43, 0x4e, 0x3b, 0x43, 0x00, 0x01, 0x3e, 0x4e, 0x3b,
  0x3e, 0x00, 0x01, 0x3a, 0x4e, 0x3b, 0x3a, 0x00, 0x01, 0x43, 0x4e, 0x3b,
  0x43, 0x00, 0x01, 0x3e, 0x4e, 0x37, 0xb2, 0x40, 0x00, 0x04, 0x92, 0x3e,
  0x00, 0x01, 0x30, 0x58, 0x0f, 0xb2, 0x40, 0x7f, 0x2c, 0x92, 0x30, 0x00,
  0x01, 0x37, 0x4e, 0x3b, 0x37, 0x00, 0x01, 0x3c, 0x4e, 0x3b, 0x3c, 0x00,
  0x01, 0x3f, 0x4e, 0x3b, 0x3f, 0x00, 0x01, 0x3c, 0x4e, 0x3b, 0x3c, 0x00,
  0x01, 0x37, 0x4e, 0x3b, 0x37, 0x00, 0x01, 0x3f, 0x4e, 0x3b, 0x3f, 0x00,
  0x01, 0x3c, 0x4e, 0x37, 0xb2, 0x40, 0x00, 0x04, 0x92, 0x3c, 0x00, 0x01,
  0x2e, 0x58, 0x0f, 0xb2, 0x40, 0x7f, 0x2c, 0x92, 0x2e, 0x00, 0x01, 0x3a,
  0x4e, 0x3b, 0x3a, 0x00, 0x01, 0x3f, 0x4e, 0x3b, 0x3f, 0x00, 0x01, 0x43,
  0x4e, 0x3b, 0x43, 0x00, 0x01, 0x3f, 0x4e, 0x3b, 0x3f, 0x00, 0x01, 0x3a,
  0x4e, 0x3b, 0x3a, 0x00, 0x01, 0x43, 0x4e, 0x3b, 0x43, 0x00, 0x01, 0x3f,
  0x4e, 0x37, 0xb2, 0x40, 0x00, 0x04, 0x92, 0x3f, 0x00, 0x01, 0x2c, 0x58,
  0x0f, 0xb2, 0x40, 0x7f, 0x2c, 0x92, 0x2c, 0x00, 0x01, 0x38, 0x4e, 0x3b,
  0x38, 0x00, 0x01, 0x3c, 0x4e, 0x3b, 0x3c, 0x00, 0x01, 0x3f, 0x4e, 0x3b,
  0x3f, 0x00, 0x01, 0x3c, 0x4e, 0x3b, 0x3c, 0x00, 0x01, 0x38, 0x4e, 0x3b,
  0x38, 0x00, 0x01, 0x3f, 0x4e, 0x3b, 0x3f, 0x00, 0x01, 0x3c, 0x4e, 0x37,
  0xb2, 0x40, 0x00, 0x04, 0x92, 0x3c, 0x00, 0x01, 0x33, 0x58, 0x0e, 0xb2,
  0x40, 0x7f, 0x2d, 0x92, 0x33, 0x00, 0x01, 0x3a, 0x4e, 0x3b, 0x3a, 0x00,
  0x01, 0x3f, 0x4e, 0x3b, 0x3f, 0x00, 0x01, 0x43, 0x4e, 0x3b, 0x43, 0x00,
  0x01, 0x3f, 0x4e, 0x3b, 0x3f, 0x00, 0x01, 0x3a, 0x4e, 0x3b, 0x3a, 0x00,
  0x01, 0x43, 0x4e, 0x3b, 0x43, 0x00, 0x01, 0x3f, 0x4e, 0x36, 0xb2, 0x40,
  0x00, 0x05, 0x92, 0x3f, 0x00, 0x01, 0x2e, 0x58, 0x0e, 0xb2, 0x40, 0x7f,
  0x2d, 0x92, 0x2e, 0x00, 0x01, 0x3a, 0x4e, 0x3b, 0x3a, 0x00, 0x01, 0x3e,
  0x4e, 0x3b, 0x3e, 0x00, 0x01, 0x41, 0x4e, 0x3b, 0x41, 0x00, 0x01, 0x3e,
  0x4e, 0x3b, 0x3e, 0x00, 0x01, 0x3a, 0x4e, 0x3b, 0x3a, 0x00, 0x01, 0x41,
  0x4e, 0x3b, 0x41, 0x00, 0x01, 0x3e, 0x4e, 0x36, 0xb2, 0x40, 0x00, 0x05,
  0x92, 0x3e, 0x00, 0x01, 0x2e, 0x58, 0x0f, 0xb2, 0x40, 0x7f, 0x2c, 0x92,
  0x2e, 0x00, 0x01, 0x3a, 0x4e, 0x3b, 0x3a, 0x00, 0x01, 0x3e, 0x4e, 0x3b,
  0x3e, 0x00, 0x01, 0x41, 0x4e, 0x3b, 0x41, 0x00, 0x01, 0x3e, 0x4e, 0x3b,
  0x3e, 0x00, 0x01, 0x3a, 0x4e, 0x3b, 0x3a, 0x00, 0x01, 0x41, 0x4e, 0x3b,
  0x41, 0x00, 0x01, 0x3e, 0x4e, 0x36, 0xb2, 0x40, 0x00, 0x05, 0x92, 0x3e,
  0x00, 0x01, 0x33, 0x58, 0x0f, 0xb2, 0x40, 0x7f, 0x2c, 0x92, 0x33, 0x00,
  0x01, 0x3a, 0x4e, 0x3b, 0x3a, 0x00, 0x01, 0x3f, 0x4e, 0x3b, 0x3f, 0x00,
  0x01, 0x43, 0x4e, 0x3b, 0x43, 0x00, 0x01, 0x3f, 0x4e, 0x3b, 0x3f, 0x00,
  0x01, 0x3a, 0x4e, 0x3b, 0x3a, 0x00, 0x01, 0x43, 0x4e, 0x3b, 0x43, 0x00,
  0x01, 0x3f, 0x4e, 0x37, 0xb2, 0x40, 0x00, 0x04, 0x92, 0x3f, 0x00, 0x01,
  0x2b, 0x58, 0x0f, 0xb2, 0x40, 0x7f, 0x2c, 0x92, 0x2b, 0x00, 0x01, 0x3a,
  0x4e, 0x3b, 0x3a, 0x00, 0x01, 0x3e, 0x4e, 0x3b, 0x3e, 0x00, 0x01, 0x43,
  0x4e, 0x3b, 0x43, 0x00, 0x01, 0x3e, 0x4e, 0x3b, 0x3e, 0x00, 0x01, 0x3a,
  0x4e, 0x3b, 0x3a, 0x00, 0x01, 0x43, 0x4e, 0x3b, 0x43, 0x00, 0x01, 0x3e,
  0x4e, 0x37, 0xb2, 0x40, 0x00, 0x04, 0x92, 0x3e, 0x00, 0x01, 0x30, 0x58,
  0x0e, 0xb2, 0x40, 0x7f, 0x2d, 0x92, 0x30, 0x00, 0x01, 0x37, 0x4e, 0x3b,
  0x37, 0x00, 0x01, 0x3c, 0x4e, 0x3b, 0x3c, 0x00, 0x01, 0x3f, 0x4e, 0x3b,
  0x3f, 0x00, 0x01, 0x3c, 0x4e, 0x3b, 0x3c, 0x00, 0x01, 0x37, 0x4e, 0x3b,
  0x37, 0x00, 0x01, 0x3f, 0x4e, 0x3b, 0x3f, 0x00, 0x01, 0x3c, 0x4e, 0x37,
  0xb2, 0x40, 0x00, 0x04, 0x92, 0x3c, 0x00, 0x01, 0x2e, 0x58, 0x0f, 0xb2,
  0x40, 0x7f, 0x2c, 0x92, 0x2e, 0x00, 0x01, 0x3a, 0x4e, 0x3b, 0x3a, 0x00,
  0x01, 0x3f, 0x4e, 0x3b, 0x3f, 0x00, 0x01, 0x43, 0x4e, 0x3b, 0x43, 0x00,
  0x01, 0x3f, 0x4e, 0x3b, 0x3f, 0x00, 0x01, 0x3a, 0x4e, 0x3b, 0x3a, 0x00,
  0x01, 0x43, 0x4e, 0x3b, 0x43, 0x00, 0x01, 0x3f, 0x4e, 0x37, 0xb2, 0x40,
  0x00, 0x04, 0x92, 0x3f, 0x00, 0x01, 0x2c, 0x58, 0x0f, 0xb2, 0x40, 0x7f,
  0x2c, 0x92, 0x2c, 0x00, 0x01, 0x38, 0x4e, 0x3b, 0x38, 0x00, 0x01, 0x3c,
  0x4e, 0x3b, 0x3c, 0x00, 0x01, 0x3f, 0x4e, 0x3b, 0x3f, 0x00, 0x01, 0x3c,
  0x4e, 0x3b, 0x3c, 0x00, 0x01, 0x38, 0x4e, 0x3b, 0x38, 0x00, 0x01, 0x3f,
  0x4e, 0x3b, 0x3f, 0x00, 0x01, 0x3c, 0x4e, 0x36, 0xb2, 0x40, 0x00, 0x05,
  0x92, 0x3c, 0x00, 0x01, 0x2e, 0x58, 0x0e, 0xb2, 0x40, 0x7f, 0x2d, 0x92,
  0x2e, 0x00, 0x01, 0x3a, 0x4e, 0x3b, 0x3a, 0x00, 0x01, 0x3e, 0x4e, 0x3b,
  0x3e, 0x00, 0x01, 0x41, 0x4e, 0x3b, 0x41, 0x00, 0x01, 0x3e, 0x4e, 0x3b,
  0x3e, 0x00, 0x01, 0x3a, 0x4e, 0x3b, 0x3a, 0x00, 0x01, 0x41, 0x4e, 0x3b,
  0x41, 0x00, 0x01, 0x3e, 0x4e, 0x37, 0xb2, 0x40, 0x00, 0x04, 0x92, 0x3e,
  0x00, 0x01, 0x30, 0x58, 0x0e, 0xb2, 0x40, 0x7f, 0x2d, 0x92, 0x30, 0x00,
  0x01, 0x37, 0x4e, 0x3b, 0x37, 0x00, 0x01, 0x3c, 0x4e, 0x3b, 0x3c, 0x00,
  0x01, 0x3f, 0x4e, 0x3b, 0x3f, 0x00, 0x01, 0x3c, 0x4e, 0x3b, 0x3c, 0x00,
  0x01, 0x37, 0x4e, 0x3b, 0x37, 0x00, 0x01, 0x3f, 0x4e, 0x3b, 0x3f, 0x00,
  0x01, 0x3c, 0x4e, 0x36, 0xb2, 0x40, 0x00, 0x05, 0x92, 0x3c, 0x00, 0x01,
  0x2e, 0x58, 0x0e, 0xb2, 0x40, 0x7f, 0x2d, 0x92, 0x2e, 0x00, 0x01, 0x3a,
  0x4e, 0x3b, 0x3a, 0x00, 0x01, 0x3e, 0x4e, 0x3b, 0x3e, 0x00, 0x01, 0x41,
  0x4e, 0x3b, 0x41, 0x00, 0x01, 0x3e, 0x4e, 0x3b, 0x3e, 0x00, 0x01, 0x3a,
  0x4e, 0x3b, 0x3a, 0x00, 0x01, 0x41, 0x4e, 0x3b, 0x41, 0x00, 0x01, 0x3e,
  0x4e, 0x36, 0xb2, 0x40, 0x00, 0x05, 0x92, 0x3e, 0x00, 0x01, 0x2e, 0x58,
  0x0f, 0xb2, 0x40, 0x7f, 0x2c, 0x92, 0x2e, 0x00, 0x01, 0x3a, 0x4e, 0x3b,
  0x3a, 0x00, 0x01, 0x3e, 0x4e, 0x3b, 0x3e, 0x00, 0x01, 0x41, 0x4e, 0x3b,
  0x41, 0x00, 0x01, 0x2e, 0x53, 0x81, 0x6a, 0xb2, 0x40, 0x00, 0x05, 0x92,
  0x2e, 0x00, 0x01, 0x33, 0x53, 0x0f, 0xb2, 0x40, 0x7f, 0x2c, 0x92, 0x33,
  0x00, 0x01, 0x3a, 0x49, 0x3b, 0x3a, 0x00, 0x01, 0x3f, 0x49, 0x3b, 0x3f,
  0x00, 0x01, 0x43, 0x49, 0x3b, 0x43, 0x00, 0x01, 0x3f, 0x49, 0x3b, 0x3f,
  0x00, 0x01, 0x3a, 0x49, 0x3b, 0x3a, 0x00, 0x01, 0x43, 0x49, 0x3b, 0x43,
  0x00, 0x01, 0x3f, 0x49, 0x37, 0xb2, 0x40, 0x00, 0x04, 0x92, 0x3f, 0x00,
  0x01, 0x2e, 0x53, 0x0f, 0xb2, 0x40, 0x7f, 0x2c, 0x92, 0x2e, 0x00, 0x01,
  0x3a, 0x49, 0x3b, 0x3a, 0x00, 0x01, 0x3e, 0x49, 0x3b, 0x3e, 0x00, 0x01,
  0x41, 0x49, 0x3b, 0x41, 0x00, 0x01, 0x3e, 0x49, 0x3b, 0x3e, 0x00, 0x01,
  0x3a, 0x49, 0x3b, 0x3a, 0x00, 0x01, 0x41, 0x49, 0x3b, 0x41, 0x00, 0x01,
  0x3e, 0x49, 0x37, 0xb2, 0x40, 0x00, 0x04, 0x92, 0x3e, 0x00, 0x01, 0x30,
  0x53, 0x0e, 0xb2, 0x40, 0x7f, 0x2d, 0x92, 0x30, 0x00, 0x01, 0x37, 0x49,
  0x3b, 0x37, 0x00, 0x01, 0x3c, 0x49, 0x3b, 0x3c, 0x00, 0x01, 0x3f, 0x49,
  0x3b, 0x3f, 0x00, 0x01, 0x3c, 0x49, 0x3b, 0x3c, 0x00, 0x01, 0x37, 0x49,
  0x3b, 0x37, 0x00, 0x01, 0x3f, 0x49, 0x3b, 0x3f, 0x00, 0x01, 0x3c, 0x49,
  0x37, 0xb2, 0x40, 0x00, 0x04, 0x92, 0x3c, 0x00, 0x01, 0x2c, 0x53, 0x0f,
  0xb2, 0x40, 0x7f, 0x2c, 0x92, 0x2c, 0x00, 0x01, 0x38, 0x49, 0x3b, 0x38,
  0x00, 0x01, 0x3c, 0x49, 0x3b, 0x3c, 0x00, 0x01, 0x3f, 0x49, 0x3b, 0x3f,
  0x00, 0x01, 0x3c, 0x49, 0x3b, 0x3c, 0x00, 0x01, 0x38, 0x49, 0x3b, 0x38,
  0x00, 0x01, 0x3f, 0x49, 0x3b, 0x3f, 0x00, 0x01, 0x3c, 0x49, 0x37, 0xb2,
  0x40, 0x00, 0x04, 0x92, 0x3c, 0x00, 0x01, 0x33, 0x53, 0x0f, 0xb2, 0x40,
  0x7f, 0x2c, 0x92, 0x33, 0x00, 0x01, 0x3a, 0x49, 0x3b, 0x3a, 0x00, 0x01,
  0x3f, 0x49, 0x3b, 0x3f, 0x00, 0x01, 0x43, 0x49, 0x3b, 0x43, 0x00, 0x01,
  0x3f, 0x49, 0x3b, 0x3f, 0x00, 0x01, 0x3a, 0x49, 0x3b, 0x3a, 0x00, 0x01,
  0x43, 0x49, 0x3b, 0x43, 0x00, 0x01, 0x3f, 0x49, 0x37, 0xb2, 0x40, 0x00,
  0x04, 0x92, 0x3f, 0x00, 0x01, 0x2e, 0x53, 0x0f, 0xb2, 0x40, 0x7f, 0x2c,
  0x92, 0x2e, 0x00, 0x01, 0x3a, 0x49, 0x3b, 0x3a, 0x00, 0x01, 0x3e, 0x49,
  0x3b, 0x3e, 0x00, 0x01, 0x41, 0x49, 0x3b, 0x41, 0x00, 0x01, 0x3e, 0x49,
  0x3b, 0x3e, 0x00, 0x01, 0x3a, 0x49, 0x3b, 0x3a, 0x00, 0x01, 0x41, 0x49,
  0x3b, 0x41, 0x00, 0x01, 0x3e, 0x49, 0x37, 0xb2, 0x40, 0x00, 0x04, 0x92,
  0x3e, 0x00, 0x01, 0x33, 0x49, 0x00, 0x3a, 0x49, 0x00, 0x3f, 0x49, 0x00,
  0x38, 0x49, 0x85, 0x4f, 0x38, 0x00, 0x00, 0x33, 0x00, 0x00, 0x3a, 0x00,
  0x00, 0x3f, 0x00, 0x01, 0x2e, 0x49, 0x10, 0xb2, 0x40, 0x7f, 0x2b, 0x92,
  0x2e, 0x00, 0x01, 0x3a, 0x49, 0x3b, 0x3a, 0x00, 0x01, 0x3e, 0x49, 0x3b,
  0x3e, 0x00, 0x01, 0x41, 0x49, 0x37, 0xb2, 0x40, 0x00, 0x04, 0x92, 0x41,
  0x00, 0x01, 0x33, 0x53, 0x10, 0xb2, 0x40, 0x7f, 0x2b, 0x92, 0x33, 0x00,
  0x01, 0x3a, 0x49, 0x3b, 0x3a, 0x00, 0x01, 0x3f, 0x49, 0x3b, 0x3f, 0x00,
  0x01, 0x43, 0x49, 0x3b, 0x43, 0x00, 0x01, 0x3f, 0x49, 0x3b, 0x3f, 0x00,
  0x01, 0x3a, 0x49, 0x3b, 0x3a, 0x00, 0x01, 0x43, 0x49, 0x3b, 0x43, 0x00,
  0x01, 0x3f, 0x49, 0x36, 0xb2, 0x40, 0x00, 0x05, 0x92, 0x3f, 0x00, 0x01,
  0x2e, 0x53, 0x0f, 0xb2, 0x40, 0x7f, 0x2c, 0x92, 0x2e, 0x00, 0x01, 0x3a,
  0x49, 0x3b, 0x3a, 0x00, 0x01, 0x3e, 0x49, 0x3b, 0x3e, 0x00, 0x01, 0x41,
  0x49, 0x3b, 0x41, 0x00, 0x01, 0x3e, 0x49, 0x3b, 0x3e, 0x00, 0x01, 0x3a,
  0x49, 0x3b, 0x3a, 0x00, 0x01, 0x41, 0x49, 0x3b, 0x41, 0x00, 0x01, 0x3e,
  0x49, 0x37, 0xb2, 0x40, 0x00, 0x04, 0x92, 0x3e, 0x00, 0x01, 0x2c, 0x53,
  0x0e, 0xb2, 0x40, 0x7f, 0x2d, 0x92, 0x2c, 0x00, 0x01, 0x38, 0x49, 0x3b,
  0x38, 0x00, 0x01, 0x3c, 0x49, 0x3b, 0x3c, 0x00, 0x01, 0x3f, 0x49, 0x3b,
  0x3f, 0x00, 0x01, 0x3c, 0x49, 0x3b, 0x3c, 0x00, 0x01, 0x38, 0x49, 0x3b,
  0x38, 0x00, 0x01, 0x3f, 0x49, 0x3b, 0x3f, 0x00, 0x01, 0x3c, 0x49, 0x37,
  0xb2, 0x40, 0x00, 0x04, 0x92, 0x3c, 0x00, 0x01, 0x2b, 0x53, 0x0e, 0xb2,
  0x40, 0x7f, 0x2d, 0x92, 0x2b, 0x00, 0x01, 0x3a, 0x49, 0x3b, 0x3a, 0x00,
  0x01, 0x3f, 0x49, 0x3b, 0x3f, 0x00, 0x01, 0x43, 0x49, 0x3b, 0x43, 0x00,
  0x01, 0x3f, 0x49, 0x3b, 0x3f, 0x00, 0x01, 0x3a, 0x49, 0x3b, 0x3a, 0x00,
  0x01, 0x43, 0x49, 0x3b, 0x43, 0x00, 0x01, 0x3f, 0x49, 0x37, 0xb2, 0x40,
  0x00, 0x04, 0x92, 0x3f, 0x00, 0x01, 0x29, 0x53, 0x0f, 0xb2, 0x40, 0x7f,
  0x2c, 0x92, 0x29, 0x00, 0x01, 0x38, 0x49, 0x3b, 0x38, 0x00, 0x01, 0x3c,
  0x49, 0x3b, 0x3c, 0x00, 0x01, 0x41, 0x49, 0x3b, 0x41, 0x00, 0x01, 0x3c,
  0x49, 0x3b, 0x3c, 0x00, 0x01, 0x38, 0x49, 0x3b, 0x38, 0x00, 0x01, 0x41,
  0x49, 0x3b, 0x41, 0x00, 0x01, 0x3c, 0x49, 0x37, 0xb2, 0x40, 0x00, 0x04,
  0x92, 0x3c, 0x00, 0x01, 0x30, 0x53, 0x0f, 0xb2, 0x40, 0x7f, 0x2c, 0x92,
  0x30, 0x00, 0x01, 0x37, 0x49, 0x3b, 0x37, 0x00, 0x01, 0x3c, 0x49, 0x3b,
  0x3c, 0x00, 0x01, 0x3f, 0x49, 0x3b, 0x3f, 0x00, 0x01, 0x3c, 0x49, 0x3b,
  0x3c, 0x00, 0x01, 0x37, 0x49, 0x3b, 0x37, 0x00, 0x01, 0x3f, 0x49, 0x3b,
  0x3f, 0x00, 0x01, 0x3c, 0x49, 0x38, 0xb2, 0x40, 0x00, 0x03, 0x92, 0x3c,
  0x00, 0x01, 0x2e, 0x53, 0x0e, 0xb2, 0x40, 0x7f, 0x2d, 0x92, 0x2e, 0x00,
  0x01, 0x3a, 0x49, 0x3b, 0x3a, 0x00, 0x01, 0x3f, 0x49, 0x3b, 0x3f, 0x00,
  0x01, 0x41, 0x49, 0x3b, 0x41, 0x00, 0x01, 0x3f, 0x49, 0x3b, 0x3f, 0x00,
  0x01, 0x3a, 0x49, 0x3b, 0x3a, 0x00, 0x01, 0x41, 0x49, 0x3b, 0x41, 0x00,
  0x01, 0x3f, 0x49, 0x36, 0xb2, 0x40, 0x00, 0x05, 0x92, 0x3f, 0x00, 0x01,
  0x2e, 0x53, 0x0e, 0xb2, 0x40, 0x7f, 0x2d, 0x92, 0x2e, 0x00, 0x01, 0x3a,
  0x49, 0x3b, 0x3a, 0x00, 0x01, 0x3e, 0x49, 0x3b, 0x3e, 0x00, 0x01, 0x41,
  0x49, 0x3b, 0x41, 0x00, 0x01, 0x3e, 0x49, 0x3b, 0x3e, 0x00, 0x01, 0x3a,
  0x49, 0x3b, 0x3a, 0x00, 0x01, 0x41, 0x49, 0x3b, 0x41, 0x00, 0x01, 0x3e,
  0x49, 0x36, 0xb2, 0x40, 0x00, 0x05, 0x92, 0x3e, 0x00, 0x01, 0x33, 0x53,
  0x0f, 0xb2, 0x40, 0x7f, 0x2c, 0x92, 0x33, 0x00, 0x01, 0x3a, 0x49, 0x3b,
  0x3a, 0x00, 0x01, 0x3f, 0x49, 0x3b, 0x3f, 0x00, 0x01, 0x43, 0x49, 0x3b,
  0x43, 0x00, 0x01, 0x3f, 0x49, 0x3b, 0x3f, 0x00, 0x01, 0x3a, 0x49, 0x3b,
  0x3a, 0x00, 0x01, 0x43, 0x49, 0x3b, 0x43, 0x00, 0x01, 0x3f, 0x49, 0x36,
  0xb2, 0x40, 0x00, 0x05, 0x92, 0x3f, 0x00, 0x01, 0x2e, 0x53, 0x0f, 0xb2,
  0x40, 0x7f, 0x2c, 0x92, 0x2e, 0x00, 0x01, 0x3a, 0x49, 0x3b, 0x3a, 0x00,
  0x01, 0x3e, 0x49, 0x3b, 0x3e, 0x00, 0x01, 0x41, 0x49, 0x3b, 0x41, 0x00,
  0x01, 0x3e, 0x49, 0x3b, 0x3e, 0x00, 0x01, 0x3a, 0x49, 0x3b, 0x3a, 0x00,
  0x01, 0x41, 0x49, 0x3b, 0x41, 0x00, 0x01, 0x3e, 0x49, 0x37, 0xb2, 0x40,
  0x00, 0x04, 0x92, 0x3e, 0x00, 0x01, 0x2c, 0x53, 0x0f, 0xb2, 0x40, 0x7f,
  0x2c, 0x92, 0x2c, 0x00, 0x01, 0x38, 0x49, 0x3b, 0x38, 0x00, 0x01, 0x3c,
  0x49, 0x3b, 0x3c, 0x00, 0x01, 0x3f, 0x49, 0x3b, 0x3f, 0x00, 0x01, 0x3c,
  0x49, 0x3b, 0x3c, 0x00, 0x01, 0x38, 0x49, 0x3b, 0x38, 0x00, 0x01, 0x3f,
  0x49, 0x3b, 0x3f, 0x00, 0x01, 0x3c, 0x49, 0x37, 0xb2, 0x40, 0x00, 0x04,
  0x92, 0x3c, 0x00, 0x01, 0x33, 0x53, 0x0f, 0xb2, 0x40, 0x7f, 0x2c, 0x92,
  0x33, 0x00, 0x01, 0x3a, 0x49, 0x3b, 0x3a, 0x00, 0x01, 0x3f, 0x49, 0x3b,
  0x3f, 0x00, 0x01, 0x43, 0x49, 0x3b, 0x43, 0x00, 0x01, 0x3f, 0x49, 0x3b,
  0x3f, 0x00, 0x01, 0x3a, 0x49, 0x3b, 0x3a, 0x00, 0x01, 0x43, 0x49, 0x3b,
  0x43, 0x00, 0x01, 0x3f, 0x49, 0x37, 0xb2, 0x40, 0x00, 0x04, 0x92, 0x3f,
  0x00, 0x01, 0x29, 0x53, 0x0f, 0xb2, 0x40, 0x7f, 0x2c, 0x92, 0x29, 0x00,
  0x01, 0x38, 0x49, 0x3b, 0x38, 0x00, 0x01, 0x3c, 0x49, 0x3b, 0x3c, 0x00,
  0x01, 0x41, 0x49, 0x3b, 0x41, 0x00, 0x01, 0x3c, 0x49, 0x3b, 0x3c, 0x00,
  0x01, 0x38, 0x49, 0x3b, 0x38, 0x00, 0x01, 0x41, 0x49, 0x3b, 0x41, 0x00,
  0x01, 0x3c, 0x49, 0x37, 0xb2, 0x40, 0x00, 0x04, 0x92, 0x3c, 0x00, 0x01,
  0x30, 0x53, 0x0f, 0xb2, 0x40, 0x7f, 0x2c, 0x92, 0x30, 0x00, 0x01, 0x37,
  0x49, 0x3b, 0x37, 0x00, 0x01, 0x3c, 0x49, 0x3b, 0x3c, 0x00, 0x01, 0x3f,
  0x49, 0x3b, 0x3f, 0x00, 0x01, 0x3c, 0x49, 0x3b, 0x3c, 0x00, 0x01, 0x37,
  0x49, 0x3b, 0x37, 0x00, 0x01, 0x3f, 0x49, 0x3b, 0x3f, 0x00, 0x01, 0x3c,
  0x49, 0x37, 0xb2, 0x40, 0x00, 0x04, 0x92, 0x3c, 0x00, 0x01, 0x2e, 0x53,
  0x0f, 0xb2, 0x40, 0x7f, 0x2c, 0x92, 0x2e, 0x00, 0x01, 0x3a, 0x49, 0x3b,
  0x3a, 0x00, 0x01, 0x3f, 0x49, 0x3b, 0x3f, 0x00, 0x01, 0x41, 0x49, 0x3b,
  0x41, 0x00, 0x01, 0x3f, 0x49, 0x3b, 0x3f, 0x00, 0x01, 0x3a, 0x49, 0x3b,
  0x3a, 0x00, 0x01, 0x41, 0x49, 0x3b, 0x41, 0x00, 0x01, 0x3f, 0x49, 0x37,
  0xb2, 0x40, 0x00, 0x04, 0x92, 0x3f, 0x00, 0x01, 0x2e, 0x53, 0x0f, 0xb2,
  0x40, 0x7f, 0x2c, 0x92, 0x2e, 0x00, 0x01, 0x3a, 0x49, 0x3b, 0x3a, 0x00,
  0x01, 0x3e, 0x49, 0x3b, 0x3e, 0x00, 0x01, 0x41, 0x49, 0x3b, 0x41, 0x00,
  0x01, 0x3e, 0x49, 0x3b, 0x3e, 0x00, 0x01, 0x3a, 0x49, 0x3b, 0x3a, 0x00,
  0x01, 0x41, 0x49, 0x3b, 0x41, 0x00, 0x01, 0x3e, 0x49, 0x36, 0xb2, 0x40,
  0x00, 0x05, 0x92, 0x3e, 0x00, 0x01, 0x2c, 0x53, 0x0e, 0xb2, 0x40, 0x7f,
  0x2d, 0x92, 0x2c, 0x00, 0x01, 0x38, 0x49, 0x3b, 0x38, 0x00, 0x01, 0x3c,
  0x49, 0x3b, 0x3c, 0x00, 0x01, 0x3f, 0x49, 0x3b, 0x3f, 0x00, 0x01, 0x3c,
  0x49, 0x3b, 0x3c, 0x00, 0x01, 0x38, 0x49, 0x3b, 0x38, 0x00, 0x01, 0x3f,
  0x49, 0x3b, 0x3f, 0x00, 0x01, 0x3c, 0x49, 0x36, 0xb2, 0x40, 0x00, 0x05,
  0x92, 0x3c, 0x00, 0x01, 0x2e, 0x53, 0x0f, 0xb2, 0x40, 0x7f, 0x2c, 0x92,
  0x2e, 0x00, 0x01, 0x3a, 0x49, 0x3b, 0x3a, 0x00, 0x01, 0x3e, 0x49, 0x3b,
  0x3e, 0x00, 0x01, 0x41, 0x49, 0x3b, 0x41, 0x00, 0x01, 0x3e, 0x49, 0x3b,
  0x3e, 0x00, 0x01, 0x3a, 0x49, 0x3b, 0x3a, 0x00, 0x01, 0x41, 0x49, 0x3b,
  0x41, 0x00, 0x01, 0x3e, 0x49, 0x36, 0xb2, 0x40, 0x00, 0x05, 0x92, 0x3e,
  0x00, 0x01, 0x30, 0x53, 0x0f, 0xb2, 0x40, 0x7f, 0x2c, 0x92, 0x30, 0x00,
  0x01, 0x37, 0x49, 0x3b, 0x37, 0x00, 0x01, 0x3c, 0x49, 0x3b, 0x3c, 0x00,
  0x01, 0x3f, 0x49, 0x3b, 0x3f, 0x00, 0x01, 0x3c, 0x49, 0x3b, 0x3c, 0x00,
  0x01, 0x37, 0x49, 0x3b, 0x37, 0x00, 0x01, 0x3f, 0x49, 0x3b, 0x3f, 0x00,
  0x01, 0x3c, 0x49, 0x37, 0xb2, 0x40, 0x00, 0x04, 0x92, 0x3c, 0x00, 0x01,
  0x2b, 0x53, 0x0f, 0xb2, 0x40, 0x7f, 0x2c, 0x92, 0x2b, 0x00, 0x01, 0x3a,
  0x49, 0x3b, 0x3a, 0x00, 0x01, 0x3e, 0x49, 0x3b, 0x3e, 0x00, 0x01, 0x43,
  0x49, 0x3b, 0x43, 0x00, 0x01, 0x3e, 0x49, 0x3b, 0x3e, 0x00, 0x01, 0x3a,
  0x49, 0x3b, 0x3a, 0x00, 0x01, 0x43, 0x49, 0x3b, 0x43, 0x00, 0x01, 0x3e,
  0x49, 0x37, 0xb2, 0x40, 0x00, 0x04, 0x92, 0x3e, 0x00, 0x01, 0x29, 0x53,
  0x0e, 0xb2, 0x40, 0x7f, 0x2d, 0x92, 0x29, 0x00, 0x01, 0x38, 0x49, 0x3b,
  0x38, 0x00, 0x01, 0x3c, 0x49, 0x3b, 0x3c, 0x00, 0x01, 0x41, 0x49, 0x3b,
  0x41, 0x00, 0x01, 0x3c, 0x49, 0x3b, 0x3c, 0x00, 0x01, 0x38, 0x49, 0x3b,
  0x38, 0x00, 0x01, 0x41, 0x49, 0x3b, 0x41, 0x00, 0x01, 0x3c, 0x49, 0x37,
  0xb2, 0x40, 0x00, 0x04, 0x92, 0x3c, 0x00, 0x01, 0x33, 0x53, 0x0f, 0xb2,
  0x40, 0x7f, 0x2c, 0x92, 0x33, 0x00, 0x01, 0x3a, 0x49, 0x3b, 0x3a, 0x00,
  0x01, 0x3f, 0x49, 0x3b, 0x3f, 0x00, 0x01, 0x43, 0x49, 0x3b, 0x43, 0x00,
  0x01, 0x3f, 0x49, 0x3b, 0x3f, 0x00, 0x01, 0x3a, 0x49, 0x3b, 0x3a, 0x00,
  0x01, 0x43, 0x49, 0x3b, 0x43, 0x00, 0x01, 0x3f, 0x49, 0x37, 0xb2, 0x40,
  0x00, 0x04, 0x92, 0x3f, 0x00, 0x01, 0x31, 0x53, 0x0f, 0xb2, 0x40, 0x7f,
  0x2c, 0x92, 0x31, 0x00, 0x01, 0x38, 0x49, 0x3b, 0x38, 0x00, 0x01, 0x3d,
  0x49, 0x3b, 0x3d, 0x00, 0x01, 0x41, 0x49, 0x3b, 0x41, 0x00, 0x01, 0x3d,
  0x49, 0x3b, 0x3d, 0x00, 0x01, 0x38, 0x49, 0x3b, 0x38, 0x00, 0x01, 0x41,
  0x49, 0x3b, 0x41, 0x00, 0x01, 0x3d, 0x49, 0x37, 0xb2, 0x40, 0x00, 0x04,
  0x92, 0x3d, 0x00, 0x01, 0x2f, 0x53, 0x0f, 0xb2, 0x40, 0x7f, 0x2c, 0x92,
  0x2f, 0x00, 0x01, 0x3b, 0x49, 0x3b, 0x3b, 0x00, 0x01, 0x3e, 0x49, 0x3b,
  0x3e, 0x00, 0x01, 0x41, 0x49, 0x3b, 0x41, 0x00, 0x01, 0x3e, 0x49, 0x3b,
  0x3e, 0x00, 0x01, 0x3b, 0x49, 0x3b, 0x3b, 0x00, 0x01, 0x41, 0x49, 0x3b,
  0x41, 0x00, 0x01, 0x3e, 0x49, 0x38, 0xb2, 0x40, 0x00, 0x03, 0x92, 0x3e,
  0x00, 0x01, 0x2e, 0x53, 0x0f, 0xb2, 0x40, 0x7f, 0x2c, 0x92, 0x2e, 0x00,
  0x01, 0x3a, 0x49, 0x3b, 0x3a, 0x00, 0x01, 0x3f, 0x49, 0x3b, 0x3f, 0x00,
  0x01, 0x41, 0x49, 0x3b, 0x41, 0x00, 0x01, 0x3f, 0x49, 0x3b, 0x3f, 0x00,
  0x01, 0x3a, 0x49, 0x3b, 0x3a, 0x00, 0x01, 0x41, 0x49, 0x3b, 0x41, 0x00,
  0x01, 0x3f, 0x49, 0x37, 0xb2, 0x40, 0x00, 0x04, 0x92, 0x3f, 0x00, 0x01,
  0x2e, 0x53, 0x0f, 0xb2, 0x40, 0x7f, 0x2c, 0x92, 0x2e, 0x00, 0x01, 0x3a,
  0x49, 0x3b, 0x3a, 0x00, 0x01, 0x3e, 0x49, 0x3b, 0x3e, 0x00, 0x01, 0x41,
  0x49, 0x3b, 0x41, 0x00, 0x01, 0x3e, 0x49, 0x3b, 0x3e, 0x00, 0x01, 0x3a,
  0x49, 0x3b, 0x3a, 0x00, 0x01, 0x41, 0x49, 0x3b, 0x41, 0x00, 0x01, 0x3e,
  0x49, 0x37, 0xb2, 0x40, 0x00, 0x04, 0x92, 0x3e, 0x00, 0x01, 0x33, 0x58,
  0x10, 0xb2, 0x40, 0x7f, 0x2b, 0x92, 0x33, 0x00, 0x01, 0x3a, 0x4e, 0x3b,
  0x3a, 0x00, 0x01, 0x3f, 0x4e, 0x3b, 0x3f, 0x00, 0x01, 0x43, 0x4e, 0x3b,
  0x43, 0x00, 0x01, 0x3f, 0x4e, 0x3b, 0x3f, 0x00, 0x01, 0x3a, 0x4e, 0x3b,
  0x3a, 0x00, 0x01, 0x43, 0x4e, 0x3b, 0x43, 0x00, 0x01, 0x3f, 0x4e, 0x37,
  0xb2, 0x40, 0x00, 0x04, 0x92, 0x3f, 0x00, 0x01, 0x2b, 0x58, 0x10, 0xb2,
  0x40, 0x7f, 0x2b, 0x92, 0x2b, 0x00, 0x01, 0x3a, 0x4e, 0x3b, 0x3a, 0x00,
  0x01, 0x3e, 0x4e, 0x3b, 0x3e, 0x00, 0x01, 0x43, 0x4e, 0x3b, 0x43, 0x00,
  0x01, 0x3e, 0x4e, 0x3b, 0x3e, 0x00, 0x01, 0x3a, 0x4e, 0x3b, 0x3a, 0x00,
  0x01, 0x43, 0x4e, 0x3b, 0x43, 0x00, 0x01, 0x3e, 0x4e, 0x37, 0xb2, 0x40,
  0x00, 0x04, 0x92, 0x3e, 0x00, 0x01, 0x30, 0x58, 0x0e, 0xb2, 0x40, 0x7f,
  0x2d, 0x92, 0x30, 0x00, 0x01, 0x37, 0x4e, 0x3b, 0x37, 0x00, 0x01, 0x3c,
  0x4e, 0x3b, 0x3c, 0x00, 0x01, 0x3f, 0x4e, 0x3b, 0x3f, 0x00, 0x01, 0x3c,
  0x4e, 0x3b, 0x3c, 0x00, 0x01, 0x37, 0x4e, 0x3b, 0x37, 0x00, 0x01, 0x3f,
  0x4e, 0x3b, 0x3f, 0x00, 0x01, 0x3c, 0x4e, 0x37, 0xb2, 0x40, 0x00, 0x04,
  0x92, 0x3c, 0x00, 0x01, 0x2e, 0x58, 0x0e, 0xb2, 0x40, 0x7f, 0x2d, 0x92,
  0x2e, 0x00, 0x01, 0x3a, 0x4e, 0x3b, 0x3a, 0x00, 0x01, 0x3f, 0x4e, 0x3b,
  0x3f, 0x00, 0x01, 0x43, 0x4e, 0x3b, 0x43, 0x00, 0x01, 0x3f, 0x4e, 0x3b,
  0x3f, 0x00, 0x01, 0x3a, 0x4e, 0x3b, 0x3a, 0x00, 0x01, 0x43, 0x4e, 0x3b,
  0x43, 0x00, 0x01, 0x3f, 0x4e, 0x37, 0xb2, 0x40, 0x00, 0x04, 0x92, 0x3f,
  0x00, 0x01, 0x2c, 0x58, 0x0f, 0xb2, 0x40, 0x7f, 0x2c, 0x92, 0x2c, 0x00,
  0x01, 0x38, 0x4e, 0x3b, 0x38, 0x00, 0x01, 0x3c, 0x4e, 0x3b, 0x3c, 0x00,
  0x01, 0x3f, 0x4e, 0x3b, 0x3f, 0x00, 0x01, 0x3c, 0x4e, 0x3b, 0x3c, 0x00,
  0x01, 0x38, 0x4e, 0x3b, 0x38, 0x00, 0x01, 0x3f, 0x4e, 0x3b, 0x3f, 0x00,
  0x01, 0x3c, 0x4e, 0x36, 0xb2, 0x40, 0x00, 0x05, 0x92, 0x3c, 0x00, 0x01,
  0x33, 0x58, 0x0e, 0xb2, 0x40, 0x7f, 0x2d, 0x92, 0x33, 0x00, 0x01, 0x3a,
  0x4e, 0x3b, 0x3a, 0x00, 0x01, 0x3f, 0x4e, 0x3b, 0x3f, 0x00, 0x01, 0x43,
  0x4e, 0x3b, 0x43, 0x00, 0x01, 0x3f, 0x4e, 0x3b, 0x3f, 0x00, 0x01, 0x3a,
  0x4e, 0x3b, 0x3a, 0x00, 0x01, 0x43, 0x4e, 0x3b, 0x43, 0x00, 0x01, 0x3f,
  0x4e, 0x36, 0xb2, 0x40, 0x00, 0x05, 0x92, 0x3f, 0x00, 0x01, 0x2e, 0x58,
  0x0e, 0xb2, 0x40, 0x7f, 0x2d, 0x92, 0x2e, 0x00, 0x01, 0x3a, 0x4e, 0x3b,
  0x3a, 0x00, 0x01, 0x3e, 0x4e, 0x3b, 0x3e, 0x00, 0x01, 0x41, 0x4e, 0x3b,
  0x41, 0x00, 0x01, 0x3e, 0x4e, 0x3b, 0x3e, 0x00, 0x01, 0x3a, 0x4e, 0x3b,
  0x3a, 0x00, 0x01, 0x41, 0x4e, 0x3b, 0x41, 0x00, 0x01, 0x3e, 0x4e, 0x36,
  0xb2, 0x40, 0x00, 0x05, 0x92, 0x3e, 0x00, 0x01, 0x2e, 0x58, 0x0e, 0xb2,
  0x40, 0x7f, 0x2d, 0x92, 0x2e, 0x00, 0x01, 0x3a, 0x4e, 0x3b, 0x3a, 0x00,
  0x01, 0x3e, 0x4e, 0x3b, 0x3e, 0x00, 0x01, 0x41, 0x4e, 0x3b, 0x41, 0x00,
  0x01, 0x3e, 0x4e, 0x3b, 0x3e, 0x00, 0x01, 0x3a, 0x4e, 0x3b, 0x3a, 0x00,
  0x01, 0x41, 0x4e, 0x3b, 0x41, 0x00, 0x01, 0x3e, 0x4e, 0x36, 0xb2, 0x40,
  0x00, 0x05, 0x92, 0x3e, 0x00, 0x01, 0x33, 0x58, 0x0e, 0xb2, 0x40, 0x7f,
  0x2d, 0x92, 0x33, 0x00, 0x01, 0x3a, 0x4e, 0x3b, 0x3a, 0x00, 0x01, 0x3f,
  0x4e, 0x3b, 0x3f, 0x00, 0x01, 0x43, 0x4e, 0x3b, 0x43, 0x00, 0x01, 0x3f,
  0x4e, 0x3b, 0x3f, 0x00, 0x01, 0x3a, 0x4e, 0x3b, 0x3a, 0x00, 0x01, 0x43,
  0x4e, 0x3b, 0x43, 0x00, 0x01, 0x3f, 0x4e, 0x36, 0xb2, 0x40, 0x00, 0x05,
  0x92, 0x3f, 0x00, 0x01, 0x2b, 0x58, 0x0f, 0xb2, 0x40, 0x7f, 0x2c, 0x92,
  0x2b, 0x00, 0x01, 0x3a, 0x4e, 0x3b, 0x3a, 0x00, 0x01, 0x3e, 0x4e, 0x3b,
  0x3e, 0x00, 0x01, 0x43, 0x4e, 0x3b, 0x43, 0x00, 0x01, 0x3e, 0x4e, 0x3b,
  0x3e, 0x00, 0x01, 0x3a, 0x4e, 0x3b, 0x3a, 0x00, 0x01, 0x43, 0x4e, 0x3b,
  0x43, 0x00, 0x01, 0x3e, 0x4e, 0x36, 0xb2, 0x40, 0x00, 0x05, 0x92, 0x3e,
  0x00, 0x01, 0x30, 0x58, 0x0f, 0xb2, 0x40, 0x7f, 0x2c, 0x92, 0x30, 0x00,
  0x01, 0x37, 0x4e, 0x3b, 0x37, 0x00, 0x01, 0x3c, 0x4e, 0x3b, 0x3c, 0x00,
  0x01, 0x3f, 0x4e, 0x3b, 0x3f, 0x00, 0x01, 0x3c, 0x4e, 0x3b, 0x3c, 0x00,
  0x01, 0x37, 0x4e, 0x3b, 0x37, 0x00, 0x01, 0x3f, 0x4e, 0x3b, 0x3f, 0x00,
  0x01, 0x3c, 0x4e, 0x37, 0xb2, 0x40, 0x00, 0x04, 0x92, 0x3c, 0x00, 0x01,
  0x2e, 0x58, 0x0e, 0xb2, 0x40, 0x7f, 0x2d, 0x92, 0x2e, 0x00, 0x01, 0x3a,
  0x4e, 0x3b, 0x3a, 0x00, 0x01, 0x3f, 0x4e, 0x3b, 0x3f, 0x00, 0x01, 0x43,
  0x4e, 0x3b, 0x43, 0x00, 0x01, 0x3f, 0x4e, 0x3b, 0x3f, 0x00, 0x01, 0x3a,
  0x4e, 0x3b, 0x3a, 0x00, 0x01, 0x43, 0x4e, 0x3b, 0x43, 0x00, 0x01, 0x3f,
  0x4e, 0x37, 0xb2, 0x40, 0x00, 0x04, 0x92, 0x3f, 0x00, 0x01, 0x2c, 0x58,
  0x0e, 0xb2, 0x40, 0x7f, 0x2d, 0x92, 0x2c, 0x00, 0x01, 0x38, 0x4e, 0x3b,
  0x38, 0x00, 0x01, 0x3c, 0x4e, 0x3b, 0x3c, 0x00, 0x01, 0x3f, 0x4e, 0x3b,
  0x3f, 0x00, 0x01, 0x3c, 0x4e, 0x3b, 0x3c, 0x00, 0x01, 0x38, 0x4e, 0x3b,
  0x38, 0x00, 0x01, 0x3f, 0x4e, 0x3b, 0x3f, 0x00, 0x01, 0x3c, 0x4e, 0x37,
  0xb2, 0x40, 0x00, 0x04, 0x92, 0x3c, 0x00, 0x01, 0x2e, 0x58, 0x0f, 0xb2,
  0x40, 0x7f, 0x2c, 0x92, 0x2e, 0x00, 0x01, 0x3a, 0x4e, 0x3b, 0x3a, 0x00,
  0x01, 0x3e, 0x4e, 0x3b, 0x3e, 0x00, 0x01, 0x41, 0x4e, 0x3b, 0x41, 0x00,
  0x01, 0x3e, 0x4e, 0x3b, 0x3e, 0x00, 0x01, 0x3a, 0x4e, 0x3b, 0x3a, 0x00,
  0x01, 0x41, 0x4e, 0x3b, 0x41, 0x00, 0x01, 0x3e, 0x4e, 0x37, 0xb2, 0x40,
  0x00, 0x04, 0x92, 0x3e, 0x00, 0x01, 0x33, 0x58, 0x0f, 0xb2, 0x40, 0x7f,
  0x2c, 0x92, 0x33, 0x00, 0x01, 0x3a, 0x4e, 0x3b, 0x3a, 0x00, 0x01, 0x3f,
  0x4e, 0x3b, 0x3f, 0x00, 0x01, 0x43, 0x4e, 0x3b, 0x43, 0x00, 0x01, 0x3f,
  0x4e, 0x3b, 0x3f, 0x00, 0x01, 0x3a, 0x4e, 0x3b, 0x3a, 0x00, 0x01, 0x43,
  0x4e, 0x3b, 0x43, 0x00, 0x01, 0x3f, 0x4e, 0x36, 0xb2, 0x40, 0x00, 0x05,
  0x92, 0x3f, 0x00, 0x01, 0x2e, 0x58, 0x0e, 0xb2, 0x40, 0x7f, 0x2d, 0x92,
  0x2e, 0x00, 0x01, 0x3a, 0x4e, 0x3b, 0x3a, 0x00, 0x01, 0x3e, 0x4e, 0x3b,
  0x3e, 0x00, 0x01, 0x41, 0x4e, 0x3b, 0x41, 0x00, 0x01, 0x3e, 0x4e, 0x3b,
  0x3e, 0x00, 0x01, 0x3a, 0x4e, 0x3b, 0x3a, 0x00, 0x01, 0x41, 0x4e, 0x3b,
  0x41, 0x00, 0x01, 0x3e, 0x4e, 0x36, 0xb2, 0x40, 0x00, 0x05, 0x92, 0x3e,
  0x00, 0x01, 0x33, 0x58, 0x0d, 0xb2, 0x40, 0x7f, 0x2e, 0x92, 0x33, 0x00,
  0x01, 0x3a, 0x4e, 0x3b, 0x3a, 0x00, 0x01, 0x3f, 0x4e, 0x3b, 0x3f, 0x00,
  0x01, 0x43, 0x4e, 0x3b, 0x43, 0x00, 0x01, 0x3f, 0x4e, 0x3b, 0x3f, 0x00,
  0x01, 0x3a, 0x4e, 0x3b, 0x3a, 0x00, 0x01, 0x43, 0x4e, 0x3b, 0x43, 0x00,
  0x01, 0x3f, 0x4e, 0x35, 0xb2, 0x40, 0x00, 0x06, 0x92, 0x3f, 0x00, 0x01,
  0x2b, 0x58, 0x0e, 0xb2, 0x40, 0x7f, 0x2d, 0x92, 0x2b, 0x00, 0x01, 0x3a,
  0x4e, 0x3b, 0x3a, 0x00, 0x01, 0x3e, 0x4e, 0x3b, 0x3e, 0x00, 0x01, 0x43,
  0x4e, 0x3b, 0x43, 0x00, 0x01, 0x3e, 0x4e, 0x3b, 0x3e, 0x00, 0x01, 0x3a,
  0x4e, 0x3b, 0x3a, 0x00, 0x01, 0x43, 0x4e, 0x3b, 0x43, 0x00, 0x01, 0x3e,
  0x4e, 0x35, 0xb2, 0x40, 0x00, 0x06, 0x92, 0x3e, 0x00, 0x01, 0x30, 0x58,
  0x0e, 0xb2, 0x40, 0x7f, 0x2d, 0x92, 0x30, 0x00, 0x01, 0x37, 0x4e, 0x3b,
  0x37, 0x00, 0x01, 0x3c, 0x4e, 0x3b, 0x3c, 0x00, 0x01, 0x3f, 0x4e, 0x3b,
  0x3f, 0x00, 0x01, 0x3c, 0x4e, 0x3b, 0x3c, 0x00, 0x01, 0x37, 0x4e, 0x3b,
  0x37, 0x00, 0x01, 0x3f, 0x4e, 0x3b, 0x3f, 0x00, 0x01, 0x3c, 0x4e, 0x36,
  0xb2, 0x40, 0x00, 0x05, 0x92, 0x3c, 0x00, 0x01, 0x2e, 0x58, 0x0e, 0xb2,
  0x40, 0x7f, 0x2d, 0x92, 0x2e, 0x00, 0x01, 0x3a, 0x4e, 0x3b, 0x3a, 0x00,
  0x01, 0x3f, 0x4e, 0x3b, 0x3f, 0x00, 0x01, 0x43, 0x4e, 0x3b, 0x43, 0x00,
  0x01, 0x3f, 0x4e, 0x3b, 0x3f, 0x00, 0x01, 0x3a, 0x4e, 0x3b, 0x3a, 0x00,
  0x01, 0x43, 0x4e, 0x3b, 0x43, 0x00, 0x01, 0x3f, 0x4e, 0x36, 0xb2, 0x40,
  0x00, 0x05, 0x92, 0x3f, 0x00, 0x01, 0x2c, 0x58, 0x0d, 0xb2, 0x40, 0x7f,
  0x2e, 0x92, 0x2c, 0x00, 0x01, 0x38, 0x4e, 0x3b, 0x38, 0x00, 0x01, 0x3c,
  0x4e, 0x3b, 0x3c, 0x00, 0x01, 0x3f, 0x4e, 0x3b, 0x3f, 0x00, 0x01, 0x3c,
  0x4e, 0x3b, 0x3c, 0x00, 0x01, 0x38, 0x4e, 0x3b, 0x38, 0x00, 0x01, 0x3f,
  0x4e, 0x3b, 0x3f, 0x00, 0x01, 0x3c, 0x4e, 0x36, 0xb2, 0x40, 0x00, 0x05,
  0x92, 0x3c, 0x00, 0x01, 0x33, 0x58, 0x0e, 0xb2, 0x40, 0x7f, 0x2d, 0x92,
  0x33, 0x00, 0x01, 0x3a, 0x4e, 0x3b, 0x3a, 0x00, 0x01, 0x3f, 0x4e, 0x3b,
  0x3f, 0x00, 0x01, 0x43, 0x4e, 0x3b, 0x43, 0x00, 0x01, 0x3f, 0x4e, 0x3b,
  0x3f, 0x00, 0x01, 0x3a, 0x4e, 0x3b, 0x3a, 0x00, 0x01, 0x43, 0x4e, 0x3b,
  0x43, 0x00, 0x01, 0x3f, 0x4e, 0x36, 0xb2, 0x40, 0x00, 0x05, 0x92, 0x3f,
  0x00, 0x01, 0x2e, 0x58, 0x0e, 0xb2, 0x40, 0x7f, 0x2d, 0x92, 0x2e, 0x00,
  0x01, 0x3a, 0x4e, 0x3b, 0x3a, 0x00, 0x01, 0x3e, 0x4e, 0x3b, 0x3e, 0x00,
  0x01, 0x41, 0x4e, 0x3b, 0x41, 0x00, 0x01, 0x3e, 0x4e, 0x3b, 0x3e, 0x00,
  0x01, 0x3a, 0x4e, 0x3b, 0x3a, 0x00, 0x01, 0x41, 0x4e, 0x3b, 0x41, 0x00,
  0x01, 0x3e, 0x4e, 0x36, 0xb2, 0x40, 0x00, 0x05, 0x92, 0x3e, 0x00, 0x01,
  0x2e, 0x58, 0x0e, 0xb2, 0x40, 0x7f, 0x2d, 0x92, 0x2e, 0x00, 0x01, 0x3a,
  0x4e, 0x3b, 0x3a, 0x00, 0x01, 0x3e, 0x4e, 0x3b, 0x3e, 0x00, 0x01, 0x41,
  0x4e, 0x3b, 0x41, 0x00, 0x01, 0x3e, 0x4e, 0x3b, 0x3e, 0x00, 0x01, 0x3a,
  0x4e, 0x3b, 0x3a, 0x00, 0x01, 0x41, 0x4e, 0x3b, 0x41, 0x00, 0x01, 0x3e,
  0x4e, 0x37, 0xb2, 0x40, 0x00, 0x04, 0x92, 0x3e, 0x00, 0x01, 0x33, 0x58,
  0x0e, 0xb2, 0x40, 0x7f, 0x2d, 0x92, 0x33, 0x00, 0x01, 0x3a, 0x4e, 0x3b,
  0x3a, 0x00, 0x01, 0x3f, 0x4e, 0x3b, 0x3f, 0x00, 0x01, 0x43, 0x4e, 0x3b,
  0x43, 0x00, 0x01, 0x3f, 0x4e, 0x3b, 0x3f, 0x00, 0x01, 0x3a, 0x4e, 0x3b,
  0x3a, 0x00, 0x01, 0x43, 0x4e, 0x3b, 0x43, 0x00, 0x01, 0x3f, 0x4e, 0x36,
  0xb2, 0x40, 0x00, 0x05, 0x92, 0x3f, 0x00, 0x01, 0x2b, 0x58, 0x0e, 0xb2,
  0x40, 0x7f, 0x2d, 0x92, 0x2b, 0x00, 0x01, 0x3a, 0x4e, 0x3b, 0x3a, 0x00,
  0x01, 0x3e, 0x4e, 0x3b, 0x3e, 0x00, 0x01, 0x43, 0x4e, 0x3b, 0x43, 0x00,
  0x01, 0x3e, 0x4e, 0x3b, 0x3e, 0x00, 0x01, 0x3a, 0x4e, 0x3b, 0x3a, 0x00,
  0x01, 0x43, 0x4e, 0x3b, 0x43, 0x00, 0x01, 0x3e, 0x4e, 0x36, 0xb2, 0x40,
  0x00, 0x05, 0x92, 0x3e, 0x00, 0x01, 0x30, 0x58, 0x0f, 0xb2, 0x40, 0x7f,
  0x2c, 0x92, 0x30, 0x00, 0x01, 0x37, 0x4e, 0x3b, 0x37, 0x00, 0x01, 0x3c,
  0x4e, 0x3b, 0x3c, 0x00, 0x01, 0x3f, 0x4e, 0x3b, 0x3f, 0x00, 0x01, 0x3c,
  0x4e, 0x3b, 0x3c, 0x00, 0x01, 0x37, 0x4e, 0x3b, 0x37, 0x00, 0x01, 0x3f,
  0x4e, 0x3b, 0x3f, 0x00, 0x01, 0x3c, 0x4e, 0x36, 0xb2, 0x40, 0x00, 0x05,
  0x92, 0x3c, 0x00, 0x01, 0x2e, 0x58, 0x0f, 0xb2, 0x40, 0x7f, 0x2c, 0x92,
  0x2e, 0x00, 0x01, 0x3a, 0x4e, 0x3b, 0x3a, 0x00, 0x01, 0x3f, 0x4e, 0x3b,
  0x3f, 0x00, 0x01, 0x43, 0x4e, 0x3b, 0x43, 0x00, 0x01, 0x3f, 0x4e, 0x3b,
  0x3f, 0x00, 0x01, 0x3a, 0x4e, 0x3b, 0x3a, 0x00, 0x01, 0x43, 0x4e, 0x3b,
  0x43, 0x00, 0x01, 0x3f, 0x4e, 0x37, 0xb2, 0x40, 0x00, 0x04, 0x92, 0x3f,
  0x00, 0x01, 0x2c, 0x58, 0x0d, 0xb2, 0x40, 0x7f, 0x2e, 0x92, 0x2c, 0x00,
  0x01, 0x38, 0x4e, 0x3b, 0x38, 0x00, 0x01, 0x3c, 0x4e, 0x3b, 0x3c, 0x00,
  0x01, 0x3f, 0x4e, 0x3b, 0x3f, 0x00, 0x01, 0x3c, 0x4e, 0x3b, 0x3c, 0x00,
  0x01, 0x38, 0x4e, 0x3b, 0x38, 0x00, 0x01, 0x3f, 0x4e, 0x3b, 0x3f, 0x00,
  0x01, 0x3c, 0x4e, 0x36, 0xb2, 0x40, 0x00, 0x05, 0x92, 0x3c, 0x00, 0x01,
  0x2e, 0x58, 0x0d, 0xb2, 0x40, 0x7f, 0x2e, 0x92, 0x2e, 0x00, 0x01, 0x3a,
  0x4e, 0x3b, 0x3a, 0x00, 0x01, 0x3e, 0x4e, 0x3b, 0x3e, 0x00, 0x01, 0x41,
  0x4e, 0x3b, 0x41, 0x00, 0x01, 0x3e, 0x4e, 0x3b, 0x3e, 0x00, 0x01, 0x3a,
  0x4e, 0x3b, 0x3a, 0x00, 0x01, 0x41, 0x4e, 0x3b, 0x41, 0x00, 0x01, 0x3e,
  0x4e, 0x36, 0xb2, 0x40, 0x00, 0x05, 0x92, 0x3e, 0x00, 0x01, 0x30, 0x58,
  0x0e, 0xb2, 0x40, 0x7f, 0x2d, 0x92, 0x30, 0x00, 0x01, 0x37, 0x4e, 0x3b,
  0x37, 0x00, 0x01, 0x3c, 0x4e, 0x3b, 0x3c, 0x00, 0x01, 0x3f, 0x4e, 0x3b,
  0x3f, 0x00, 0x01, 0x3c, 0x4e, 0x3b, 0x3c, 0x00, 0x01, 0x37, 0x4e, 0x3b,
  0x37, 0x00, 0x01, 0x3f, 0x4e, 0x3b, 0x3f, 0x00, 0x01, 0x3c, 0x4e, 0x36,
  0xb2, 0x40, 0x00, 0x05, 0x92, 0x3c, 0x00, 0x01, 0x2e, 0x58, 0x0e, 0xb2,
  0x40, 0x7f, 0x2d, 0x92, 0x2e, 0x00, 0x01, 0x3a, 0x4e, 0x3b, 0x3a, 0x00,
  0x01, 0x3e, 0x4e, 0x3b, 0x3e, 0x00, 0x01, 0x41, 0x4e, 0x3b, 0x41, 0x00,
  0x01, 0x3e, 0x4e, 0x3b, 0x3e, 0x00, 0x01, 0x3a, 0x4e, 0x3b, 0x3a, 0x00,
  0x01, 0x41, 0x4e, 0x3b, 0x41, 0x00, 0x01, 0x3e, 0x4e, 0x36, 0xb2, 0x40,
  0x00, 0x05, 0x92, 0x3e, 0x00, 0x01, 0x2e, 0x53, 0x00, 0x3e, 0x49, 0x00,
  0x41, 0x49, 0x01, 0x3a, 0x49, 0x84, 0x22, 0x33, 0x49, 0x0d, 0x38, 0x49,
  0x0c, 0x3a, 0x00, 0x01, 0x3e, 0x00, 0x00, 0x2e, 0x00, 0x01, 0x3a, 0x49,
  0x00, 0x41, 0x00, 0x0a, 0x3f, 0x49, 0x88, 0x6c, 0x33, 0x00, 0x01, 0x3f,
  0x00, 0x01, 0x3a, 0x00, 0x01, 0x38, 0x00, 0x00, 0xff, 0x2f, 0x00, 0x4d,
  0x54, 0x72, 0x6b, 0x00, 0x00, 0x19, 0x6b, 0x00, 0xff, 0x03, 0x02, 0x32,
  0x35, 0x3b, 0xb3, 0x79, 0x00, 0x01, 0x20, 0x01, 0x01, 0x00, 0x00, 0x01,
  0xc3, 0x19, 0x01, 0xb3, 0x0a, 0x40, 0x01, 0x5b, 0x3c, 0x01, 0x5d, 0x00,
  0x01, 0x5e, 0x00, 0x01, 0x65, 0x00, 0x01, 0x64, 0x00, 0x01, 0x06, 0x0c,
  0x01, 0x26, 0x00, 0x01, 0xe3, 0x00, 0x40, 0x01, 0xb3, 0x07, 0x7f, 0x83,
  0x18, 0x93, 0x3f, 0x4e, 0x81, 0x33, 0x3f, 0x00, 0x01, 0x41, 0x4e, 0x81,
  0x33, 0x41, 0x00, 0x01, 0x43, 0x4e, 0x3b, 0x43, 0x00, 0x01, 0x41, 0x4e,
  0x81, 0x6f, 0x41, 0x00, 0x01, 0x3a, 0x4e, 0x81, 0x33, 0x3a, 0x00, 0x01,
  0x3c, 0x4e, 0x77, 0x3c, 0x00, 0x01, 0x3c, 0x4e, 0x81, 0x33, 0x3c, 0x00,
  0x01, 0x3e, 0x4e, 0x81, 0x33, 0x3e, 0x00, 0x01, 0x3f, 0x4e, 0x3b, 0x3f,
  0x00, 0x01, 0x44, 0x4e, 0x81, 0x6f, 0x44, 0x00, 0x01, 0x3f, 0x4e, 0x81,
  0x33, 0x3f, 0x00, 0x01, 0x3a, 0x4e, 0x77, 0x3a, 0x00, 0x01, 0x3f, 0x4e,
  0x81, 0x33, 0x3f, 0x00, 0x01, 0x41, 0x4e, 0x81, 0x33, 0x41, 0x00, 0x01,
  0x43, 0x4e, 0x3b, 0x43, 0x00, 0x01, 0x41, 0x4e, 0x81, 0x6f, 0x41, 0x00,
  0x01, 0x3e, 0x4e, 0x81, 0x33, 0x3e, 0x00, 0x01, 0x41, 0x4e, 0x77, 0x41,
  0x00, 0x01, 0x3f, 0x4e, 0x85, 0x4f, 0x3f, 0x00, 0x01, 0x3e, 0x4e, 0x81,
  0x6f, 0x3e, 0x00, 0x01, 0x3f, 0x4e, 0x81, 0x33, 0x3f, 0x00, 0x01, 0x3f,
  0x4e, 0x3b, 0x3f, 0x00, 0x01, 0x3f, 0x4e, 0x77, 0x3f, 0x00, 0x01, 0x43,
  0x4e, 0x77, 0x43, 0x00, 0x01, 0x41, 0x4e, 0x81, 0x33, 0x41, 0x00, 0x01,
  0x3c, 0x4e, 0x81, 0x33, 0x3c, 0x00, 0x01, 0x3e, 0x4e, 0x77, 0x3e, 0x00,
  0x01, 0x44, 0x4e, 0x83, 0x5f, 0x44, 0x00, 0x01, 0x3f, 0x4e, 0x81, 0x33,
  0x3f, 0x00, 0x01, 0x41, 0x4e, 0x81, 0x33, 0x41, 0x00, 0x01, 0x43, 0x4e,
  0x77, 0x43, 0x00, 0x01, 0x41, 0x4e, 0x83, 0x5f, 0x41, 0x00, 0x01, 0x3f,
  0x4e, 0x81, 0x33, 0x3f, 0x00, 0x01, 0x3e, 0x4e, 0x81, 0x33, 0x3e, 0x00,
  0x01, 0x3f, 0x4e, 0x77, 0x3f, 0x00, 0x01, 0x3f, 0x4e, 0x81, 0x33, 0x3f,
  0x00, 0x01, 0x3f, 0x4e, 0x81, 0x33, 0x3f, 0x00, 0x01, 0x41, 0x4e, 0x3b,
  0x41, 0x00, 0x01, 0x3e, 0x4e, 0x81, 0x6f, 0x3e, 0x00, 0x01, 0x46, 0x4e,
  0x81, 0x33, 0x46, 0x00, 0x01, 0x41, 0x4e, 0x77, 0x41, 0x00, 0x01, 0x3f,
  0x4e, 0x83, 0x5f, 0x3f, 0x00, 0x01, 0x46, 0x4e, 0x82, 0x67, 0x46, 0x00,
  0x01, 0x46, 0x4e, 0x77, 0x46, 0x00, 0x01, 0x44, 0x4e, 0x83, 0x5f, 0x44,
  0x00, 0x01, 0x43, 0x4e, 0x81, 0x33, 0x43, 0x00, 0x01, 0x41, 0x4e, 0x81,
  0x33, 0x41, 0x00, 0x01, 0x43, 0x4e, 0x77, 0x43, 0x00, 0x01, 0x41, 0x4e,
  0x82, 0x67, 0x41, 0x00, 0x01, 0x41, 0x4e, 0x77, 0x41, 0x00, 0x01, 0x3f,
  0x4e, 0x81, 0x33, 0x3f, 0x00, 0x01, 0x3e, 0x4e, 0x81, 0x33, 0x3e, 0x00,
  0x01, 0x3f, 0x4e, 0x77, 0x3f, 0x00, 0x01, 0x41, 0x4e, 0x81, 0x33, 0x41,
  0x00, 0x01, 0x3f, 0x4e, 0x81, 0x33, 0x3f, 0x00, 0x01, 0x41, 0x4e, 0x3b,
  0x41, 0x00, 0x01, 0x3e, 0x4e, 0x81, 0x6f, 0x3e, 0x00, 0x01, 0x46, 0x4e,
  0x81, 0x33, 0x46, 0x00, 0x01, 0x41, 0x4e, 0x77, 0x41, 0x00, 0x01, 0x3c,
  0x4e, 0x81, 0x33, 0x3c, 0x00, 0x01, 0x3f, 0x4e, 0x82, 0x2c, 0x3e, 0x4e,
  0x04, 0x3f, 0x00, 0x81, 0x2f, 0x3e, 0x00, 0x01, 0x3c, 0x4e, 0x81, 0x33,
  0x3c, 0x00, 0x01, 0x3e, 0x4e, 0x77, 0x3e, 0x00, 0x01, 0x3c, 0x4e, 0x81,
  0x33, 0x3c, 0x00, 0x01, 0x3e, 0x4e, 0x81, 0x33, 0x3e, 0x00, 0x01, 0x3f,
  0x4e, 0x77, 0x3f, 0x00, 0x01, 0x46, 0x4e, 0x81, 0x33, 0x46, 0x00, 0x01,
  0x41, 0x4e, 0x81, 0x33, 0x41, 0x00, 0x01, 0x3e, 0x4e, 0x77, 0x3e, 0x00,
  0x01, 0x41, 0x4e, 0x81, 0x33, 0x41, 0x00, 0x01, 0x41, 0x4e, 0x81, 0x33,
  0x41, 0x00, 0x01, 0x3c, 0x4e, 0x77, 0x3c, 0x00, 0x01, 0x3f, 0x4e, 0x83,
  0x5f, 0x3f, 0x00, 0x01, 0x41, 0x4e, 0x81, 0x33, 0x41, 0x00, 0x01, 0x3f,
  0x4e, 0x81, 0x33, 0x3f, 0x00, 0x01, 0x3f, 0x4e, 0x77, 0x3f, 0x00, 0x01,
  0x41, 0x4e, 0x81, 0x33, 0x41, 0x00, 0x01, 0x3f, 0x4e, 0x81, 0x33, 0x3f,
  0x00, 0x01, 0x41, 0x4e, 0x77, 0x41, 0x00, 0x01, 0x3e, 0x4e, 0x81, 0x33,
  0x3e, 0x00, 0x01, 0x3f, 0x4e, 0x81, 0x33, 0x3f, 0x00, 0x01, 0x41, 0x4e,
  0x77, 0x41, 0x00, 0x01, 0x3e, 0x4e, 0x81, 0x33, 0x3e, 0x00, 0x01, 0x3f,
  0x4e, 0x81, 0x33, 0x3f, 0x00, 0x01, 0x41, 0x4e, 0x78, 0x37, 0x49, 0x00,
  0x3f, 0x49, 0x00, 0x3a, 0x49, 0x06, 0x41, 0x00, 0x6f, 0x3a, 0x00, 0x01,
  0x37, 0x00, 0x01, 0x3f, 0x00, 0x01, 0x3a, 0x3a, 0x00, 0x37, 0x3a, 0x00,
  0x3f, 0x3a, 0x3b, 0x3f, 0x00, 0x00, 0x37, 0x00, 0x00, 0x3a, 0x00, 0x01,
  0x3a, 0x44, 0x00, 0x37, 0x44, 0x00, 0x3f, 0x44, 0x77, 0x3f, 0x00, 0x00,
  0x37, 0x00, 0x00, 0x3a, 0x00, 0x01, 0x37, 0x3a, 0x00, 0x3a, 0x3a, 0x00,
  0x3f, 0x3a, 0x3b, 0x3f, 0x00, 0x00, 0x3a, 0x00, 0x00, 0x37, 0x00, 0x01,
  0x3f, 0x44, 0x00, 0x37, 0x44, 0x00, 0x3a, 0x44, 0x3b, 0x3a, 0x00, 0x00,
  0x37, 0x00, 0x00, 0x3f, 0x00, 0x01, 0x3a, 0x35, 0x00, 0x3f, 0x35, 0x00,
  0x37, 0x35, 0x3b, 0x37, 0x00, 0x00, 0x3f, 0x00, 0x00, 0x3a, 0x00, 0x01,
  0x37, 0x49, 0x00, 0x3e, 0x49, 0x00, 0x3a, 0x49, 0x76, 0x3a, 0x00, 0x01,
  0x3e, 0x00, 0x00, 0x37, 0x00, 0x01, 0x3a, 0x3a, 0x00, 0x3e, 0x3a, 0x00,
  0x37, 0x3a, 0x3b, 0x37, 0x00, 0x00, 0x3e, 0x00, 0x00, 0x3a, 0x00, 0x01,
  0x37, 0x44, 0x00, 0x3e, 0x44, 0x00, 0x3a, 0x44, 0x77, 0x3a, 0x00, 0x00,
  0x3e, 0x00, 0x00, 0x37, 0x00, 0x01, 0x37, 0x3a, 0x00, 0x3e, 0x3a, 0x00,
  0x3a, 0x3a, 0x3b, 0x3a, 0x00, 0x00, 0x3e, 0x00, 0x00, 0x37, 0x00, 0x01,
  0x3a, 0x44, 0x00, 0x3e, 0x44, 0x00, 0x37, 0x44, 0x3b, 0x37, 0x00, 0x00,
  0x3e, 0x00, 0x00, 0x3a, 0x00, 0x01, 0x3a, 0x35, 0x00, 0x3e, 0x35, 0x00,
  0x37, 0x35, 0x3b, 0x37, 0x00, 0x00, 0x3e, 0x00, 0x00, 0x3a, 0x00, 0x01,
  0x3c, 0x49, 0x00, 0x37, 0x49, 0x00, 0x3f, 0x49, 0x75, 0x3f, 0x00, 0x01,
  0x37, 0x00, 0x01, 0x3c, 0x00, 0x01, 0x3f, 0x3a, 0x00, 0x37, 0x3a, 0x00,
  0x3c, 0x3a, 0x3b, 0x3c, 0x00, 0x00, 0x37, 0x00, 0x00, 0x3f, 0x00, 0x01,
  0x3c, 0x44, 0x00, 0x3f, 0x44, 0x00, 0x37, 0x44, 0x77, 0x37, 0x00, 0x00,
  0x3f, 0x00, 0x00, 0x3c, 0x00, 0x01, 0x37, 0x3a, 0x00, 0x3c, 0x3a, 0x00,
  0x3f, 0x3a, 0x3b, 0x3f, 0x00, 0x00, 0x3c, 0x00, 0x00, 0x37, 0x00, 0x01,
  0x37, 0x44, 0x00, 0x3f, 0x44, 0x00, 0x3c, 0x44, 0x3b, 0x3c, 0x00, 0x00,
  0x3f, 0x00, 0x00, 0x37, 0x00, 0x01, 0x3f, 0x35, 0x00, 0x3c, 0x35, 0x00,
  0x37, 0x35, 0x3b, 0x37, 0x00, 0x00, 0x3c, 0x00, 0x00, 0x3f, 0x00, 0x01,
  0x3a, 0x49, 0x00, 0x37, 0x49, 0x00, 0x3f, 0x49, 0x75, 0x3f, 0x00, 0x01,
  0x37, 0x00, 0x00, 0x3a, 0x00, 0x02, 0x37, 0x3a, 0x00, 0x3f, 0x3a, 0x00,
  0x3a, 0x3a, 0x3b, 0x3a, 0x00, 0x00, 0x3f, 0x00, 0x00, 0x37, 0x00, 0x01,
  0x3a, 0x44, 0x00, 0x3f, 0x44, 0x00, 0x37, 0x44, 0x77, 0x37, 0x00, 0x00,
  0x3f, 0x00, 0x00, 0x3a, 0x00, 0x01, 0x3f, 0x3a, 0x00, 0x37, 0x3a, 0x00,
  0x3a, 0x3a, 0x3b, 0x3a, 0x00, 0x00, 0x37, 0x00, 0x00, 0x3f, 0x00, 0x01,
  0x3a, 0x44, 0x00, 0x3f, 0x44, 0x00, 0x37, 0x44, 0x3b, 0x37, 0x00, 0x00,
  0x3f, 0x00, 0x00, 0x3a, 0x00, 0x01, 0x37, 0x35, 0x00, 0x3a, 0x35, 0x00,
  0x3f, 0x35, 0x3b, 0x3f, 0x00, 0x00, 0x3a, 0x00, 0x00, 0x37, 0x00, 0x01,
  0x3f, 0x49, 0x00, 0x38, 0x49, 0x00, 0x3c, 0x49, 0x76, 0x3c, 0x00, 0x01,
  0x38, 0x00, 0x00, 0x3f, 0x00, 0x01, 0x3f, 0x3a, 0x00, 0x3c, 0x3a, 0x00,
  0x38, 0x3a, 0x3b, 0x38, 0x00, 0x00, 0x3c, 0x00, 0x00, 0x3f, 0x00, 0x01,
  0x3f, 0x44, 0x00, 0x38, 0x44, 0x00, 0x3c, 0x44, 0x76, 0x3c, 0x00, 0x01,
  0x38, 0x00, 0x00, 0x3f, 0x00, 0x01, 0x3f, 0x3a, 0x00, 0x38, 0x3a, 0x00,
  0x3c, 0x3a, 0x3b, 0x3c, 0x00, 0x00, 0x38, 0x00, 0x00, 0x3f, 0x00, 0x01,
  0x3c, 0x44, 0x00, 0x3f, 0x44, 0x00, 0x38, 0x44, 0x3b, 0x38, 0x00, 0x00,
  0x3f, 0x00, 0x00, 0x3c, 0x00, 0x01, 0x3f, 0x35, 0x00, 0x3c, 0x35, 0x00,
  0x38, 0x35, 0x3b, 0x38, 0x00, 0x00, 0x3c, 0x00, 0x00, 0x3f, 0x00, 0x01,
  0x37, 0x49, 0x00, 0x3f, 0x49, 0x00, 0x3a, 0x49, 0x77, 0x3a, 0x00, 0x00,
  0x3f, 0x00, 0x00, 0x37, 0x00, 0x01, 0x3f, 0x3a, 0x00, 0x3a, 0x3a, 0x00,
  0x37, 0x3a, 0x3b, 0x37, 0x00, 0x00, 0x3a, 0x00, 0x00, 0x3f, 0x00, 0x01,
  0x3f, 0x44, 0x00, 0x3a, 0x44, 0x00, 0x37, 0x44, 0x77, 0x37, 0x00, 0x00,
  0x3a, 0x00, 0x00, 0x3f, 0x00, 0x01, 0x3a, 0x3a, 0x00, 0x37, 0x3a, 0x00,
  0x3f, 0x3a, 0x3b, 0x3f, 0x00, 0x00, 0x37, 0x00, 0x00, 0x3a, 0x00, 0x01,
  0x3a, 0x44, 0x00, 0x37, 0x44, 0x00, 0x3f, 0x44, 0x3b, 0x3f, 0x00, 0x00,
  0x37, 0x00, 0x00, 0x3a, 0x00, 0x01, 0x3a, 0x35, 0x00, 0x37, 0x35, 0x00,
  0x3f, 0x35, 0x3b, 0x3f, 0x00, 0x00, 0x37, 0x00, 0x00, 0x3a, 0x00, 0x01,
  0x35, 0x49, 0x00, 0x3e, 0x49, 0x00, 0x3a, 0x49, 0x77, 0x3a, 0x00, 0x00,
  0x3e, 0x00, 0x00, 0x35, 0x00, 0x01, 0x35, 0x3a, 0x00, 0x3e, 0x3a, 0x00,
  0x3a, 0x3a, 0x3b, 0x3a, 0x00, 0x00, 0x3e, 0x00, 0x00, 0x35, 0x00, 0x01,
  0x3e, 0x44, 0x00, 0x35, 0x44, 0x00, 0x3a, 0x44, 0x77, 0x3a, 0x00, 0x00,
  0x35, 0x00, 0x00, 0x3e, 0x00, 0x01, 0x35, 0x3a, 0x00, 0x3e, 0x3a, 0x00,
  0x3a, 0x3a, 0x3b, 0x3a, 0x00, 0x00, 0x3e, 0x00, 0x00, 0x35, 0x00, 0x01,
  0x3a, 0x44, 0x00, 0x35, 0x44, 0x00, 0x3e, 0x44, 0x3b, 0x3e, 0x00, 0x00,
  0x35, 0x00, 0x00, 0x3a, 0x00, 0x01, 0x3a, 0x35, 0x00, 0x3e, 0x35, 0x00,
  0x35, 0x35, 0x3b, 0x35, 0x00, 0x00, 0x3e, 0x00, 0x00, 0x3a, 0x00, 0x01,
  0x3e, 0x49, 0x00, 0x35, 0x49, 0x00, 0x3a, 0x49, 0x76, 0x3a, 0x00, 0x01,
  0x35, 0x00, 0x00, 0x3e, 0x00, 0x01, 0x3a, 0x3a, 0x00, 0x3e, 0x3a, 0x00,
  0x35, 0x3a, 0x3b, 0x35, 0x00, 0x00, 0x3e, 0x00, 0x00, 0x3a, 0x00, 0x01,
  0x3e, 0x44, 0x00, 0x3a, 0x44, 0x00, 0x35, 0x44, 0x77, 0x35, 0x00, 0x00,
  0x3a, 0x00, 0x00, 0x3e, 0x00, 0x01, 0x35, 0x3a, 0x00, 0x3a, 0x3a, 0x00,
  0x3e, 0x3a, 0x3b, 0x3e, 0x00, 0x00, 0x3a, 0x00, 0x00, 0x35, 0x00, 0x01,
  0x35, 0x44, 0x00, 0x3a, 0x44, 0x00, 0x3e, 0x44, 0x3b, 0x3e, 0x00, 0x00,
  0x3a, 0x00, 0x00, 0x35, 0x00, 0x01, 0x3a, 0x35, 0x00, 0x3e, 0x35, 0x00,
  0x35, 0x35, 0x3b, 0x35, 0x00, 0x00, 0x3e, 0x00, 0x00, 0x3a, 0x00, 0x01,
  0x37, 0x49, 0x00, 0x3a, 0x49, 0x00, 0x3f, 0x49, 0x76, 0x3f, 0x00, 0x00,
  0x3a, 0x00, 0x01, 0x37, 0x00, 0x01, 0x37, 0x3a, 0x00, 0x3a, 0x3a, 0x00,
  0x3f, 0x3a, 0x3b, 0x3f, 0x00, 0x00, 0x3a, 0x00, 0x00, 0x37, 0x00, 0x01,
  0x37, 0x44, 0x00, 0x3a, 0x44, 0x00, 0x3f, 0x44, 0x77, 0x3f, 0x00, 0x00,
  0x3a, 0x00, 0x00, 0x37, 0x00, 0x01, 0x3a, 0x3a, 0x00, 0x3f, 0x3a, 0x00,
  0x37, 0x3a, 0x3b, 0x37, 0x00, 0x00, 0x3f, 0x00, 0x00, 0x3a, 0x00, 0x01,
  0x37, 0x44, 0x00, 0x3a, 0x44, 0x00, 0x3f, 0x44, 0x3b, 0x3f, 0x00, 0x00,
  0x3a, 0x00, 0x00, 0x37, 0x00, 0x01, 0x3f, 0x35, 0x00, 0x37, 0x35, 0x00,
  0x3a, 0x35, 0x3b, 0x3a, 0x00, 0x00, 0x37, 0x00, 0x00, 0x3f, 0x00, 0x01,
  0x3a, 0x49, 0x00, 0x3e, 0x49, 0x00, 0x37, 0x49, 0x77, 0x37, 0x00, 0x00,
  0x3e, 0x00, 0x00, 0x3a, 0x00, 0x01, 0x3a, 0x3a, 0x00, 0x3e, 0x3a, 0x00,
  0x37, 0x3a, 0x3b, 0x37, 0x00, 0x00, 0x3e, 0x00, 0x00, 0x3a, 0x00, 0x01,
  0x3a, 0x44, 0x00, 0x37, 0x44, 0x00, 0x3e, 0x44, 0x77, 0x3e, 0x00, 0x00,
  0x37, 0x00, 0x00, 0x3a, 0x00, 0x01, 0x3e, 0x3a, 0x00, 0x37, 0x3a, 0x00,
  0x3a, 0x3a, 0x3b, 0x3a, 0x00, 0x00, 0x37, 0x00, 0x00, 0x3e, 0x00, 0x01,
  0x37, 0x44, 0x00, 0x3a, 0x44, 0x00, 0x3e, 0x44, 0x3b, 0x3e, 0x00, 0x00,
  0x3a, 0x00, 0x00, 0x37, 0x00, 0x01, 0x3e, 0x35, 0x00, 0x3a, 0x35, 0x00,
  0x37, 0x35, 0x3b, 0x37, 0x00, 0x00, 0x3a, 0x00, 0x00, 0x3e, 0x00, 0x01,
  0x3f, 0x49, 0x00, 0x37, 0x49, 0x00, 0x3c, 0x49, 0x76, 0x3c, 0x00, 0x00,
  0x3f, 0x00, 0x01, 0x37, 0x00, 0x01, 0x3c, 0x3a, 0x00, 0x3f, 0x3a, 0x00,
  0x37, 0x3a, 0x3b, 0x37, 0x00, 0x00, 0x3f, 0x00, 0x00, 0x3c, 0x00, 0x01,
  0x37, 0x44, 0x00, 0x3f, 0x44, 0x00, 0x3c, 0x44, 0x77, 0x3c, 0x00, 0x00,
  0x3f, 0x00, 0x00, 0x37, 0x00, 0x01, 0x37, 0x3a, 0x00, 0x3f, 0x3a, 0x00,
  0x3c, 0x3a, 0x3b, 0x3c, 0x00, 0x00, 0x3f, 0x00, 0x00, 0x37, 0x00, 0x01,
  0x3f, 0x44, 0x00, 0x3c, 0x44, 0x00, 0x37, 0x44, 0x3b, 0x37, 0x00, 0x00,
  0x3c, 0x00, 0x00, 0x3f, 0x00, 0x01, 0x3f, 0x35, 0x00, 0x37, 0x35, 0x00,
  0x3c, 0x35, 0x3b, 0x3c, 0x00, 0x00, 0x37, 0x00, 0x00, 0x3f, 0x00, 0x01,
  0x3a, 0x49, 0x00, 0x3f, 0x49, 0x00, 0x37, 0x49, 0x77, 0x37, 0x00, 0x00,
  0x3f, 0x00, 0x00, 0x3a, 0x00, 0x01, 0x3f, 0x3a, 0x00, 0x37, 0x3a, 0x00,
  0x3a, 0x3a, 0x3b, 0x3a, 0x00, 0x00, 0x37, 0x00, 0x00, 0x3f, 0x00, 0x01,
  0x3f, 0x44, 0x00, 0x3a, 0x44, 0x00, 0x37, 0x44, 0x77, 0x37, 0x00, 0x00,
  0x3a, 0x00, 0x00, 0x3f, 0x00, 0x01, 0x37, 0x3a, 0x00, 0x3f, 0x3a, 0x00,
  0x3a, 0x3a, 0x3b, 0x3a, 0x00, 0x00, 0x3f, 0x00, 0x00, 0x37, 0x00, 0x01,
  0x3a, 0x44, 0x00, 0x3f, 0x44, 0x00, 0x37, 0x44, 0x3b, 0x37, 0x00, 0x00,
  0x3f, 0x00, 0x00, 0x3a, 0x00, 0x01, 0x3a, 0x35, 0x00, 0x3f, 0x35, 0x00,
  0x37, 0x35, 0x3b, 0x37, 0x00, 0x00, 0x3f, 0x00, 0x00, 0x3a, 0x00, 0x01,
  0x3c, 0x49, 0x00, 0x3f, 0x49, 0x00, 0x38, 0x49, 0x77, 0x38, 0x00, 0x00,
  0x3f, 0x00, 0x00, 0x3c, 0x00, 0x01, 0x38, 0x3a, 0x00, 0x3f, 0x3a, 0x00,
  0x3c, 0x3a, 0x3b, 0x3c, 0x00, 0x00, 0x3f, 0x00, 0x00, 0x38, 0x00, 0x01,
  0x38, 0x44, 0x00, 0x3c, 0x44, 0x00, 0x3f, 0x44, 0x77, 0x3f, 0x00, 0x00,
  0x3c, 0x00, 0x00, 0x38, 0x00, 0x01, 0x3c, 0x3a, 0x00, 0x3f, 0x3a, 0x00,
  0x38, 0x3a, 0x3b, 0x38, 0x00, 0x00, 0x3f, 0x00, 0x00, 0x3c, 0x00, 0x01,
  0x3c, 0x44, 0x00, 0x3f, 0x44, 0x00, 0x38, 0x44, 0x3b, 0x38, 0x00, 0x00,
  0x3f, 0x00, 0x00, 0x3c, 0x00, 0x01, 0x3f, 0x35, 0x00, 0x3c, 0x35, 0x00,
  0x38, 0x35, 0x3b, 0x38, 0x00, 0x00, 0x3c, 0x00, 0x00, 0x3f, 0x00, 0x01,
  0x3e, 0x49, 0x00, 0x35, 0x49, 0x00, 0x3a, 0x49, 0x76, 0x3a, 0x00, 0x01,
  0x35, 0x00, 0x00, 0x3e, 0x00, 0x01, 0x3e, 0x3a, 0x00, 0x35, 0x3a, 0x00,
  0x3a, 0x3a, 0x3b, 0x3a, 0x00, 0x00, 0x35, 0x00, 0x00, 0x3e, 0x00, 0x01,
  0x35, 0x44, 0x00, 0x3a, 0x44, 0x00, 0x3e, 0x44, 0x77, 0x3e, 0x00, 0x00,
  0x3a, 0x00, 0x00, 0x35, 0x00, 0x01, 0x3a, 0x3a, 0x00, 0x3e, 0x3a, 0x00,
  0x35, 0x3a, 0x3b, 0x35, 0x00, 0x00, 0x3e, 0x00, 0x00, 0x3a, 0x00, 0x01,
  0x3a, 0x44, 0x00, 0x3e, 0x44, 0x00, 0x35, 0x44, 0x3b, 0x35, 0x00, 0x00,
  0x3e, 0x00, 0x00, 0x3a, 0x00, 0x01, 0x3a, 0x35, 0x00, 0x35, 0x35, 0x00,
  0x3e, 0x35, 0x3b, 0x3e, 0x00, 0x00, 0x35, 0x00, 0x00, 0x3a, 0x00, 0x01,
  0x3c, 0x49, 0x00, 0x3f, 0x49, 0x00, 0x37, 0x49, 0x77, 0x37, 0x00, 0x00,
  0x3f, 0x00, 0x00, 0x3c, 0x00, 0x01, 0x37, 0x3a, 0x00, 0x3f, 0x3a, 0x00,
  0x3c, 0x3a, 0x3b, 0x3c, 0x00, 0x00, 0x3f, 0x00, 0x00, 0x37, 0x00, 0x01,
  0x37, 0x44, 0x00, 0x3c, 0x44, 0x00, 0x3f, 0x44, 0x77, 0x3f, 0x00, 0x00,
  0x3c, 0x00, 0x00, 0x37, 0x00, 0x01, 0x3c, 0x3a, 0x00, 0x3f, 0x3a, 0x00,
  0x37, 0x3a, 0x3b, 0x37, 0x00, 0x00, 0x3f, 0x00, 0x00, 0x3c, 0x00, 0x01,
  0x37, 0x44, 0x00, 0x3c, 0x44, 0x00, 0x3f, 0x44, 0x3b, 0x3f, 0x00, 0x00,
  0x3c, 0x00, 0x00, 0x37, 0x00, 0x01, 0x37, 0x35, 0x00, 0x3c, 0x35, 0x00,
  0x3f, 0x35, 0x3b, 0x3f, 0x00, 0x00, 0x3c, 0x00, 0x00, 0x37, 0x00, 0x01,
  0x35, 0x49, 0x00, 0x3e, 0x49, 0x00, 0x3a, 0x49, 0x76, 0x3a, 0x00, 0x00,
  0x3e, 0x00, 0x01, 0x35, 0x00, 0x01, 0x3e, 0x3a, 0x00, 0x35, 0x3a, 0x00,
  0x3a, 0x3a, 0x3b, 0x3a, 0x00, 0x00, 0x35, 0x00, 0x00, 0x3e, 0x00, 0x01,
  0x3a, 0x44, 0x00, 0x3e, 0x44, 0x00, 0x35, 0x44, 0x77, 0x35, 0x00, 0x00,
  0x3e, 0x00, 0x00, 0x3a, 0x00, 0x01, 0x3a, 0x3a, 0x00, 0x35, 0x3a, 0x00,
  0x3e, 0x3a, 0x3b, 0x3e, 0x00, 0x00, 0x35, 0x00, 0x00, 0x3a, 0x00, 0x01,
  0x35, 0x44, 0x00, 0x3a, 0x44, 0x00, 0x3e, 0x44, 0x3b, 0x3e, 0x00, 0x00,
  0x3a, 0x00, 0x00, 0x35, 0x00, 0x01, 0x3a, 0x35, 0x00, 0x3e, 0x35, 0x00,
  0x35, 0x35, 0x3b, 0x35, 0x00, 0x00, 0x3e, 0x00, 0x00, 0x3a, 0x00, 0x01,
  0x35, 0x49, 0x00, 0x3a, 0x49, 0x00, 0x3e, 0x49, 0x76, 0x3e, 0x00, 0x01,
  0x3a, 0x00, 0x00, 0x35, 0x00, 0x01, 0x3e, 0x3a, 0x00, 0x35, 0x3a, 0x00,
  0x3a, 0x3a, 0x3b, 0x3a, 0x00, 0x00, 0x35, 0x00, 0x00, 0x3e, 0x00, 0x01,
  0x35, 0x44, 0x00, 0x3a, 0x44, 0x00, 0x3e, 0x44, 0x3b, 0x3e, 0x00, 0x00,
  0x3a, 0x00, 0x00, 0x35, 0x00, 0x01, 0x35, 0x44, 0x00, 0x3a, 0x44, 0x00,
  0x3e, 0x44, 0x81, 0x6f, 0x3e, 0x00, 0x00, 0x3a, 0x00, 0x00, 0x35, 0x00,
  0x01, 0x3f, 0x4e, 0x81, 0x33, 0x3f, 0x00, 0x01, 0x41, 0x4e, 0x81, 0x33,
  0x41, 0x00, 0x01, 0x43, 0x4e, 0x3b, 0x43, 0x00, 0x01, 0x41, 0x4e, 0x81,
  0x6f, 0x41, 0x00, 0x01, 0x3a, 0x4e, 0x81, 0x33, 0x3a, 0x00, 0x01, 0x3c,
  0x4e, 0x77, 0x3c, 0x00, 0x01, 0x3c, 0x4e, 0x81, 0x33, 0x3c, 0x00, 0x01,
  0x3e, 0x4e, 0x81, 0x33, 0x3e, 0x00, 0x01, 0x3f, 0x4e, 0x3b, 0x3f, 0x00,
  0x01, 0x44, 0x4e, 0x81, 0x6f, 0x44, 0x00, 0x01, 0x3f, 0x4e, 0x81, 0x33,
  0x3f, 0x00, 0x01, 0x3a, 0x4e, 0x77, 0x3a, 0x00, 0x01, 0x3f, 0x4e, 0x81,
  0x33, 0x3f, 0x00, 0x01, 0x41, 0x4e, 0x81, 0x33, 0x41, 0x00, 0x01, 0x43,
  0x4e, 0x3b, 0x43, 0x00, 0x01, 0x41, 0x4e, 0x81, 0x6f, 0x41, 0x00, 0x01,
  0x3e, 0x4e, 0x81, 0x33, 0x3e, 0x00, 0x01, 0x41, 0x4e, 0x77, 0x41, 0x00,
  0x01, 0x3f, 0x4e, 0x85, 0x4f, 0x3f, 0x00, 0x01, 0x3e, 0x4e, 0x81, 0x6f,
  0x3e, 0x00, 0x01, 0x3f, 0x4e, 0x81, 0x33, 0x3f, 0x00, 0x01, 0x3f, 0x4e,
  0x3b, 0x3f, 0x00, 0x01, 0x3f, 0x4e, 0x77, 0x3f, 0x00, 0x01, 0x43, 0x4e,
  0x77, 0x43, 0x00, 0x01, 0x41, 0x4e, 0x81, 0x33, 0x41, 0x00, 0x01, 0x3c,
  0x4e, 0x81, 0x33, 0x3c, 0x00, 0x01, 0x3e, 0x4e, 0x77, 0x3e, 0x00, 0x01,
  0x44, 0x4e, 0x83, 0x5f, 0x44, 0x00, 0x01, 0x3f, 0x4e, 0x81, 0x33, 0x3f,
  0x00, 0x01, 0x41, 0x4e, 0x81, 0x33, 0x41, 0x00, 0x01, 0x43, 0x4e, 0x77,
  0x43, 0x00, 0x01, 0x41, 0x4e, 0x83, 0x5f, 0x41, 0x00, 0x01, 0x3f, 0x4e,
  0x81, 0x33, 0x3f, 0x00, 0x01, 0x3e, 0x4e, 0x81, 0x33, 0x3e, 0x00, 0x01,
  0x3f, 0x4e, 0x77, 0x3f, 0x00, 0x01, 0x3f, 0x4e, 0x81, 0x33, 0x3f, 0x00,
  0x01, 0x3f, 0x4e, 0x81, 0x33, 0x3f, 0x00, 0x01, 0x41, 0x4e, 0x3b, 0x41,
  0x00, 0x01, 0x3e, 0x4e, 0x81, 0x6f, 0x3e, 0x00, 0x01, 0x46, 0x4e, 0x81,
  0x33, 0x46, 0x00, 0x01, 0x41, 0x4e, 0x77, 0x41, 0x00, 0x01, 0x3f, 0x4e,
  0x83, 0x5f, 0x3f, 0x00, 0x01, 0x46, 0x4e, 0x82, 0x67, 0x46, 0x00, 0x01,
  0x46, 0x4e, 0x77, 0x46, 0x00, 0x01, 0x44, 0x4e, 0x83, 0x5f, 0x44, 0x00,
  0x01, 0x43, 0x4e, 0x81, 0x33, 0x43, 0x00, 0x01, 0x41, 0x4e, 0x81, 0x33,
  0x41, 0x00, 0x01, 0x43, 0x4e, 0x77, 0x43, 0x00, 0x01, 0x41, 0x4e, 0x82,
  0x67, 0x41, 0x00, 0x01, 0x41, 0x4e, 0x77, 0x41, 0x00, 0x01, 0x3f, 0x4e,
  0x81, 0x33, 0x3f, 0x00, 0x01, 0x3e, 0x4e, 0x81, 0x33, 0x3e, 0x00, 0x01,
  0x3f, 0x4e, 0x77, 0x3f, 0x00, 0x01, 0x41, 0x4e, 0x81, 0x33, 0x41, 0x00,
  0x01, 0x3f, 0x4e, 0x81, 0x33, 0x3f, 0x00, 0x01, 0x41, 0x4e, 0x3b, 0x41,
  0x00, 0x01, 0x3e, 0x4e, 0x81, 0x6f, 0x3e, 0x00, 0x01, 0x46, 0x4e, 0x81,
  0x33, 0x46, 0x00, 0x01, 0x41, 0x4e, 0x77, 0x41, 0x00, 0x01, 0x3c, 0x4e,
  0x81, 0x33, 0x3c, 0x00, 0x01, 0x3f, 0x4e, 0x82, 0x2c, 0x3e, 0x4e, 0x04,
  0x3f, 0x00, 0x81, 0x2f, 0x3e, 0x00, 0x01, 0x3c, 0x4e, 0x81, 0x33, 0x3c,
  0x00, 0x01, 0x3e, 0x4e, 0x77, 0x3e, 0x00, 0x01, 0x3c, 0x4e, 0x81, 0x33,
  0x3c, 0x00, 0x01, 0x3e, 0x4e, 0x81, 0x33, 0x3e, 0x00, 0x01, 0x3f, 0x4e,
  0x77, 0x3f, 0x00, 0x01, 0x46, 0x4e, 0x81, 0x33, 0x46, 0x00, 0x01, 0x41,
  0x4e, 0x81, 0x33, 0x41, 0x00, 0x01, 0x3e, 0x4e, 0x77, 0x3e, 0x00, 0x01,
  0x41, 0x4e, 0x81, 0x33, 0x41, 0x00, 0x01, 0x41, 0x4e, 0x81, 0x33, 0x41,
  0x00, 0x01, 0x3c, 0x4e, 0x77, 0x3c, 0x00, 0x01, 0x3f, 0x4e, 0x83, 0x5f,
  0x3f, 0x00, 0x01, 0x41, 0x4e, 0x81, 0x33, 0x41, 0x00, 0x01, 0x3f, 0x4e,
  0x81, 0x33, 0x3f, 0x00, 0x01, 0x3f, 0x4e, 0x77, 0x3f, 0x00, 0x01, 0x41,
  0x4e, 0x81, 0x33, 0x41, 0x00, 0x01, 0x3f, 0x4e, 0x81, 0x33, 0x3f, 0x00,
  0x01, 0x41, 0x4e, 0x77, 0x41, 0x00, 0x01, 0x3e, 0x4e, 0x81, 0x33, 0x3e,
  0x00, 0x01, 0x3f, 0x4e, 0x81, 0x33, 0x3f, 0x00, 0x01, 0x41, 0x4e, 0x77,
  0x41, 0x00, 0x01, 0x3e, 0x4e, 0x81, 0x33, 0x3e, 0x00, 0x01, 0x3f, 0x4e,
  0x81, 0x33, 0x3f, 0x00, 0x01, 0x41, 0x4e, 0x77, 0x41, 0x00, 0x01, 0x3a,
  0x49, 0x00, 0x3f, 0x49, 0x00, 0x37, 0x49, 0x75, 0x37, 0x00, 0x00, 0x3a,
  0x00, 0x01, 0x3f, 0x00, 0x02, 0x3a, 0x3a, 0x00, 0x3f, 0x3a, 0x00, 0x37,
  0x3a, 0x3b, 0x37, 0x00, 0x00, 0x3f, 0x00, 0x00, 0x3a, 0x00, 0x01, 0x37,
  0x44, 0x00, 0x3a, 0x44, 0x00, 0x3f, 0x44, 0x77, 0x3f, 0x00, 0x00, 0x3a,
  0x00, 0x00, 0x37, 0x00, 0x01, 0x3f, 0x3a, 0x00, 0x3a, 0x3a, 0x00, 0x37,
  0x3a, 0x3b, 0x37, 0x00, 0x00, 0x3a, 0x00, 0x00, 0x3f, 0x00, 0x01, 0x37,
  0x44, 0x00, 0x3f, 0x44, 0x00, 0x3a, 0x44, 0x3b, 0x3a, 0x00, 0x00, 0x3f,
  0x00, 0x00, 0x37, 0x00, 0x01, 0x37, 0x35, 0x00, 0x3f, 0x35, 0x00, 0x3a,
  0x35, 0x3b, 0x3a, 0x00, 0x00, 0x3f, 0x00, 0x00, 0x37, 0x00, 0x01, 0x3e,
  0x49, 0x00, 0x3a, 0x49, 0x00, 0x37, 0x49, 0x76, 0x37, 0x00, 0x00, 0x3a,
  0x00, 0x01, 0x3e, 0x00, 0x01, 0x37, 0x3a, 0x00, 0x3e, 0x3a, 0x00, 0x3a,
  0x3a, 0x3b, 0x3a, 0x00, 0x00, 0x3e, 0x00, 0x00, 0x37, 0x00, 0x01, 0x37,
  0x44, 0x00, 0x3a, 0x44, 0x00, 0x3e, 0x44, 0x77, 0x3e, 0x00, 0x00, 0x3a,
  0x00, 0x00, 0x37, 0x00, 0x01, 0x3e, 0x3a, 0x00, 0x37, 0x3a, 0x00, 0x3a,
  0x3a, 0x3b, 0x3a, 0x00, 0x00, 0x37, 0x00, 0x00, 0x3e, 0x00, 0x01, 0x37,
  0x44, 0x00, 0x3e, 0x44, 0x00, 0x3a, 0x44, 0x3b, 0x3a, 0x00, 0x00, 0x3e,
  0x00, 0x00, 0x37, 0x00, 0x01, 0x3a, 0x35, 0x00, 0x37, 0x35, 0x00, 0x3e,
  0x35, 0x3b, 0x3e, 0x00, 0x00, 0x37, 0x00, 0x00, 0x3a, 0x00, 0x01, 0x3f,
  0x49, 0x00, 0x37, 0x49, 0x00, 0x3c, 0x49, 0x76, 0x37, 0x00, 0x01, 0x3c,
  0x00, 0x00, 0x3f, 0x00, 0x01, 0x37, 0x3a, 0x00, 0x3c, 0x3a, 0x00, 0x3f,
  0x3a, 0x3b, 0x3f, 0x00, 0x00, 0x3c, 0x00, 0x00, 0x37, 0x00, 0x01, 0x37,
  0x44, 0x00, 0x3f, 0x44, 0x00, 0x3c, 0x44, 0x76, 0x37, 0x00, 0x01, 0x3c,
  0x00, 0x00, 0x3f, 0x00, 0x01, 0x37, 0x3a, 0x00, 0x3f, 0x3a, 0x00, 0x3c,
  0x3a, 0x3b, 0x3c, 0x00, 0x00, 0x3f, 0x00, 0x00, 0x37, 0x00, 0x01, 0x3f,
  0x44, 0x00, 0x3c, 0x44, 0x00, 0x37, 0x44, 0x3b, 0x37, 0x00, 0x00, 0x3c,
  0x00, 0x00, 0x3f, 0x00, 0x01, 0x37, 0x35, 0x00, 0x3f, 0x35, 0x00, 0x3c,
  0x35, 0x3b, 0x3c, 0x00, 0x00, 0x3f, 0x00, 0x00, 0x37, 0x00, 0x01, 0x37,
  0x49, 0x00, 0x3f, 0x49, 0x00, 0x3a, 0x49, 0x75, 0x3a, 0x00, 0x00, 0x3f,
  0x00, 0x01, 0x37, 0x00, 0x02, 0x3a, 0x3a, 0x00, 0x37, 0x3a, 0x00, 0x3f,
  0x3a, 0x3b, 0x3f, 0x00, 0x00, 0x37, 0x00, 0x00, 0x3a, 0x00, 0x01, 0x3a,
  0x44, 0x00, 0x3f, 0x44, 0x00, 0x37, 0x44, 0x77, 0x37, 0x00, 0x00, 0x3f,
  0x00, 0x00, 0x3a, 0x00, 0x01, 0x3f, 0x3a, 0x00, 0x37, 0x3a, 0x00, 0x3a,
  0x3a, 0x3b, 0x3a, 0x00, 0x00, 0x37, 0x00, 0x00, 0x3f, 0x00, 0x01, 0x3f,
  0x44, 0x00, 0x3a, 0x44, 0x00, 0x37, 0x44, 0x3b, 0x37, 0x00, 0x00, 0x3a,
  0x00, 0x00, 0x3f, 0x00, 0x01, 0x37, 0x35, 0x00, 0x3a, 0x35, 0x00, 0x3f,
  0x35, 0x3b, 0x3f, 0x00, 0x00, 0x3a, 0x00, 0x00, 0x37, 0x00, 0x01, 0x3c,
  0x49, 0x00, 0x3f, 0x49, 0x00, 0x38, 0x49, 0x77, 0x38, 0x00, 0x00, 0x3f,
  0x00, 0x00, 0x3c, 0x00, 0x01, 0x3f, 0x3a, 0x00, 0x3c, 0x3a, 0x00, 0x38,
  0x3a, 0x3b, 0x38, 0x00, 0x00, 0x3c, 0x00, 0x00, 0x3f, 0x00, 0x01, 0x3c,
  0x44, 0x00, 0x3f, 0x44, 0x00, 0x38, 0x44, 0x76, 0x3f, 0x00, 0x01, 0x38,
  0x00, 0x00, 0x3c, 0x00, 0x01, 0x3f, 0x3a, 0x00, 0x38, 0x3a, 0x00, 0x3c,
  0x3a, 0x3b, 0x3c, 0x00, 0x00, 0x38, 0x00, 0x00, 0x3f, 0x00, 0x01, 0x3c,
  0x44, 0x00, 0x3f, 0x44, 0x00, 0x38, 0x44, 0x3b, 0x38, 0x00, 0x00, 0x3f,
  0x00, 0x00, 0x3c, 0x00, 0x01, 0x3c, 0x35, 0x00, 0x3f, 0x35, 0x00, 0x38,
  0x35, 0x3b, 0x38, 0x00, 0x00, 0x3f, 0x00, 0x00, 0x3c, 0x00, 0x01, 0x37,
  0x49, 0x00, 0x3f, 0x49, 0x00, 0x3a, 0x49, 0x77, 0x3a, 0x00, 0x00, 0x3f,
  0x00, 0x00, 0x37, 0x00, 0x01, 0x3a, 0x3a, 0x00, 0x3f, 0x3a, 0x00, 0x37,
  0x3a, 0x3b, 0x37, 0x00, 0x00, 0x3f, 0x00, 0x00, 0x3a, 0x00, 0x01, 0x3a,
  0x44, 0x00, 0x3f, 0x44, 0x00, 0x37, 0x44, 0x77, 0x37, 0x00, 0x00, 0x3f,
  0x00, 0x00, 0x3a, 0x00, 0x01, 0x3f, 0x3a, 0x00, 0x37, 0x3a, 0x00, 0x3a,
  0x3a, 0x3b, 0x3a, 0x00, 0x00, 0x37, 0x00, 0x00, 0x3f, 0x00, 0x01, 0x3f,
  0x44, 0x00, 0x37, 0x44, 0x00, 0x3a, 0x44, 0x3b, 0x3a, 0x00, 0x00, 0x37,
  0x00, 0x00, 0x3f, 0x00, 0x01, 0x37, 0x35, 0x00, 0x3a, 0x35, 0x00, 0x3f,
  0x35, 0x3b, 0x3f, 0x00, 0x00, 0x3a, 0x00, 0x00, 0x37, 0x00, 0x01, 0x35,
  0x49, 0x00, 0x3a, 0x49, 0x00, 0x3e, 0x49, 0x77, 0x3e, 0x00, 0x00, 0x3a,
  0x00, 0x00, 0x35, 0x00, 0x01, 0x3a, 0x3a, 0x00, 0x3e, 0x3a, 0x00, 0x35,
  0x3a, 0x3b, 0x35, 0x00, 0x00, 0x3e, 0x00, 0x00, 0x3a, 0x00, 0x01, 0x35,
  0x44, 0x00, 0x3e, 0x44, 0x00, 0x3a, 0x44, 0x77, 0x3a, 0x00, 0x00, 0x3e,
  0x00, 0x00, 0x35, 0x00, 0x01, 0x35, 0x3a, 0x00, 0x3a, 0x3a, 0x00, 0x3e,
  0x3a, 0x3b, 0x3e, 0x00, 0x00, 0x3a, 0x00, 0x00, 0x35, 0x00, 0x01, 0x3e,
  0x44, 0x00, 0x35, 0x44, 0x00, 0x3a, 0x44, 0x3b, 0x3a, 0x00, 0x00, 0x35,
  0x00, 0x00, 0x3e, 0x00, 0x01, 0x3a, 0x35, 0x00, 0x35, 0x35, 0x00, 0x3e,
  0x35, 0x3b, 0x3e, 0x00, 0x00, 0x35, 0x00, 0x00, 0x3a, 0x00, 0x01, 0x3e,
  0x49, 0x00, 0x3a, 0x49, 0x00, 0x35, 0x49, 0x77, 0x35, 0x00, 0x00, 0x3a,
  0x00, 0x00, 0x3e, 0x00, 0x01, 0x35, 0x3a, 0x00, 0x3a, 0x3a, 0x00, 0x3e,
  0x3a, 0x3b, 0x3e, 0x00, 0x00, 0x3a, 0x00, 0x00, 0x35, 0x00, 0x01, 0x3a,
  0x44, 0x00, 0x3e, 0x44, 0x00, 0x35, 0x44, 0x77, 0x35, 0x00, 0x00, 0x3e,
  0x00, 0x00, 0x3a, 0x00, 0x01, 0x35, 0x3a, 0x00, 0x3a, 0x3a, 0x00, 0x3e,
  0x3a, 0x3b, 0x3e, 0x00, 0x00, 0x3a, 0x00, 0x00, 0x35, 0x00, 0x01, 0x3e,
  0x44, 0x00, 0x3a, 0x44, 0x00, 0x35, 0x44, 0x3b, 0x35, 0x00, 0x00, 0x3a,
  0x00, 0x00, 0x3e, 0x00, 0x01, 0x3e, 0x35, 0x00, 0x35, 0x35, 0x00, 0x3a,
  0x35, 0x3b, 0x3a, 0x00, 0x00, 0x35, 0x00, 0x00, 0x3e, 0x00, 0x01, 0x37,
  0x49, 0x00, 0x3f, 0x49, 0x00, 0x3a, 0x49, 0x74, 0x3a, 0x00, 0x02, 0x3f,
  0x00, 0x00, 0x37, 0x00, 0x02, 0x3a, 0x3a, 0x00, 0x37, 0x3a, 0x00, 0x3f,
  0x3a, 0x3b, 0x3f, 0x00, 0x00, 0x37, 0x00, 0x00, 0x3a, 0x00, 0x01, 0x3a,
  0x44, 0x00, 0x37, 0x44, 0x00, 0x3f, 0x44, 0x77, 0x3f, 0x00, 0x00, 0x37,
  0x00, 0x00, 0x3a, 0x00, 0x01, 0x37, 0x3a, 0x00, 0x3a, 0x3a, 0x00, 0x3f,
  0x3a, 0x3b, 0x3f, 0x00, 0x00, 0x3a, 0x00, 0x00, 0x37, 0x00, 0x01, 0x3f,
  0x44, 0x00, 0x37, 0x44, 0x00, 0x3a, 0x44, 0x3b, 0x3a, 0x00, 0x00, 0x37,
  0x00, 0x00, 0x3f, 0x00, 0x01, 0x3a, 0x35, 0x00, 0x3f, 0x35, 0x00, 0x37,
  0x35, 0x3b, 0x37, 0x00, 0x00, 0x3f, 0x00, 0x00, 0x3a, 0x00, 0x01, 0x3e,
  0x49, 0x00, 0x3a, 0x49, 0x00, 0x37, 0x49, 0x76, 0x37, 0x00, 0x00, 0x3a,
  0x00, 0x00, 0x3e, 0x00, 0x02, 0x3e, 0x3a, 0x00, 0x3a, 0x3a, 0x00, 0x37,
  0x3a, 0x3b, 0x37, 0x00, 0x00, 0x3a, 0x00, 0x00, 0x3e, 0x00, 0x01, 0x37,
  0x44, 0x00, 0x3a, 0x44, 0x00, 0x3e, 0x44, 0x77, 0x3e, 0x00, 0x00, 0x3a,
  0x00, 0x00, 0x37, 0x00, 0x01, 0x3e, 0x3a, 0x00, 0x37, 0x3a, 0x00, 0x3a,
  0x3a, 0x3b, 0x3a, 0x00, 0x00, 0x37, 0x00, 0x00, 0x3e, 0x00, 0x01, 0x3e,
  0x44, 0x00, 0x37, 0x44, 0x00, 0x3a, 0x44, 0x3b, 0x3a, 0x00, 0x00, 0x37,
  0x00, 0x00, 0x3e, 0x00, 0x01, 0x37, 0x35, 0x00, 0x3a, 0x35, 0x00, 0x3e,
  0x35, 0x3b, 0x3e, 0x00, 0x00, 0x3a, 0x00, 0x00, 0x37, 0x00, 0x01, 0x37,
  0x49, 0x00, 0x3f, 0x49, 0x00, 0x3c, 0x49, 0x76, 0x3c, 0x00, 0x00, 0x3f,
  0x00, 0x00, 0x37, 0x00, 0x02, 0x3c, 0x3a, 0x00, 0x37, 0x3a, 0x00, 0x3f,
  0x3a, 0x3b, 0x3f, 0x00, 0x00, 0x37, 0x00, 0x00, 0x3c, 0x00, 0x01, 0x37,
  0x44, 0x00, 0x3f, 0x44, 0x00, 0x3c, 0x44, 0x77, 0x3c, 0x00, 0x00, 0x3f,
  0x00, 0x00, 0x37, 0x00, 0x01, 0x3f, 0x3a, 0x00, 0x37, 0x3a, 0x00, 0x3c,
  0x3a, 0x3b, 0x3c, 0x00, 0x00, 0x37, 0x00, 0x00, 0x3f, 0x00, 0x01, 0x37,
  0x44, 0x00, 0x3f, 0x44, 0x00, 0x3c, 0x44, 0x3b, 0x3c, 0x00, 0x00, 0x3f,
  0x00, 0x00, 0x37, 0x00, 0x01, 0x3c, 0x35, 0x00, 0x37, 0x35, 0x00, 0x3f,
  0x35, 0x3b, 0x3f, 0x00, 0x00, 0x37, 0x00, 0x00, 0x3c, 0x00, 0x01, 0x3a,
  0x49, 0x00, 0x3f, 0x49, 0x00, 0x37, 0x49, 0x77, 0x37, 0x00, 0x00, 0x3f,
  0x00, 0x00, 0x3a, 0x00, 0x01, 0x3f, 0x3a, 0x00, 0x37, 0x3a, 0x00, 0x3a,
  0x3a, 0x3b, 0x3a, 0x00, 0x00, 0x37, 0x00, 0x00, 0x3f, 0x00, 0x01, 0x3a,
  0x44, 0x00, 0x37, 0x44, 0x00, 0x3f, 0x44, 0x77, 0x3f, 0x00, 0x00, 0x37,
  0x00, 0x00, 0x3a, 0x00, 0x01, 0x37, 0x3a, 0x00, 0x3a, 0x3a, 0x00, 0x3f,
  0x3a, 0x3b, 0x3f, 0x00, 0x00, 0x3a, 0x00, 0x00, 0x37, 0x00, 0x01, 0x3a,
  0x44, 0x00, 0x3f, 0x44, 0x00, 0x37, 0x44, 0x3b, 0x37, 0x00, 0x00, 0x3f,
  0x00, 0x00, 0x3a, 0x00, 0x01, 0x37, 0x35, 0x00, 0x3a, 0x35, 0x00, 0x3f,
  0x35, 0x3b, 0x3f, 0x00, 0x00, 0x3a, 0x00, 0x00, 0x37, 0x00, 0x01, 0x3f,
  0x49, 0x00, 0x38, 0x49, 0x00, 0x3c, 0x49, 0x77, 0x3c, 0x00, 0x00, 0x38,
  0x00, 0x00, 0x3f, 0x00, 0x01, 0x3f, 0x3a, 0x00, 0x3c, 0x3a, 0x00, 0x38,
  0x3a, 0x3b, 0x38, 0x00, 0x00, 0x3c, 0x00, 0x00, 0x3f, 0x00, 0x01, 0x3f,
  0x44, 0x00, 0x38, 0x44, 0x00, 0x3c, 0x44, 0x77, 0x3c, 0x00, 0x00, 0x38,
  0x00, 0x00, 0x3f, 0x00, 0x01, 0x3f, 0x3a, 0x00, 0x38, 0x3a, 0x00, 0x3c,
  0x3a, 0x3b, 0x3c, 0x00, 0x00, 0x38, 0x00, 0x00, 0x3f, 0x00, 0x01, 0x3f,
  0x44, 0x00, 0x38, 0x44, 0x00, 0x3c, 0x44, 0x3b, 0x3c, 0x00, 0x00, 0x38,
  0x00, 0x00, 0x3f, 0x00, 0x01, 0x3f, 0x35, 0x00, 0x38, 0x35, 0x00, 0x3c,
  0x35, 0x3b, 0x3c, 0x00, 0x00, 0x38, 0x00, 0x00, 0x3f, 0x00, 0x01, 0x35,
  0x49, 0x00, 0x3a, 0x49, 0x00, 0x3e, 0x49, 0x75, 0x3e, 0x00, 0x01, 0x35,
  0x00, 0x01, 0x3a, 0x00, 0x01, 0x3e, 0x3a, 0x00, 0x35, 0x3a, 0x00, 0x3a,
  0x3a, 0x3b, 0x3a, 0x00, 0x00, 0x35, 0x00, 0x00, 0x3e, 0x00, 0x01, 0x35,
  0x44, 0x00, 0x3a, 0x44, 0x00, 0x3e, 0x44, 0x77, 0x3e, 0x00, 0x00, 0x3a,
  0x00, 0x00, 0x35, 0x00, 0x01, 0x3e, 0x3a, 0x00, 0x3a, 0x3a, 0x00, 0x35,
  0x3a, 0x3b, 0x35, 0x00, 0x00, 0x3a, 0x00, 0x00, 0x3e, 0x00, 0x01, 0x3e,
  0x44, 0x00, 0x3a, 0x44, 0x00, 0x35, 0x44, 0x3b, 0x35, 0x00, 0x00, 0x3a,
  0x00, 0x00, 0x3e, 0x00, 0x01, 0x3a, 0x35, 0x00, 0x35, 0x35, 0x00, 0x3e,
  0x35, 0x3b, 0x3e, 0x00, 0x00, 0x35, 0x00, 0x00, 0x3a, 0x00, 0x01, 0x37,
  0x49, 0x00, 0x3f, 0x49, 0x00, 0x3a, 0x49, 0x76, 0x3a, 0x00, 0x01, 0x3f,
  0x00, 0x00, 0x37, 0x00, 0x01, 0x3f, 0x3a, 0x00, 0x3a, 0x3a, 0x00, 0x37,
  0x3a, 0x3b, 0x37, 0x00, 0x00, 0x3a, 0x00, 0x00, 0x3f, 0x00, 0x01, 0x3a,
  0x44, 0x00, 0x37, 0x44, 0x00, 0x3f, 0x44, 0x77, 0x3f, 0x00, 0x00, 0x37,
  0x00, 0x00, 0x3a, 0x00, 0x01, 0x3a, 0x3a, 0x00, 0x37, 0x3a, 0x00, 0x3f,
  0x3a, 0x3b, 0x3f, 0x00, 0x00, 0x37, 0x00, 0x00, 0x3a, 0x00, 0x01, 0x3f,
  0x44, 0x00, 0x3a, 0x44, 0x00, 0x37, 0x44, 0x3b, 0x37, 0x00, 0x00, 0x3a,
  0x00, 0x00, 0x3f, 0x00, 0x01, 0x3a, 0x35, 0x00, 0x37, 0x35, 0x00, 0x3f,
  0x35, 0x3b, 0x3f, 0x00, 0x00, 0x37, 0x00, 0x00, 0x3a, 0x00, 0x01, 0x3a,
  0x49, 0x00, 0x3e, 0x49, 0x00, 0x35, 0x49, 0x77, 0x35, 0x00, 0x00, 0x3e,
  0x00, 0x00, 0x3a, 0x00, 0x01, 0x35, 0x3a, 0x00, 0x3e, 0x3a, 0x00, 0x3a,
  0x3a, 0x3b, 0x3a, 0x00, 0x00, 0x3e, 0x00, 0x00, 0x35, 0x00, 0x01, 0x35,
  0x44, 0x00, 0x3a, 0x44, 0x00, 0x3e, 0x44, 0x77, 0x3e, 0x00, 0x00, 0x3a,
  0x00, 0x00, 0x35, 0x00, 0x01, 0x3a, 0x3a, 0x00, 0x35, 0x3a, 0x00, 0x3e,
  0x3a, 0x3b, 0x3e, 0x00, 0x00, 0x35, 0x00, 0x00, 0x3a, 0x00, 0x01, 0x35,
  0x44, 0x00, 0x3a, 0x44, 0x00, 0x3e, 0x44, 0x3b, 0x3e, 0x00, 0x00, 0x3a,
  0x00, 0x00, 0x35, 0x00, 0x01, 0x35, 0x35, 0x00, 0x3e, 0x35, 0x00, 0x3a,
  0x35, 0x3b, 0x3a, 0x00, 0x00, 0x3e, 0x00, 0x00, 0x35, 0x00, 0x01, 0x3f,
  0x49, 0x00, 0x3a, 0x49, 0x00, 0x37, 0x49, 0x75, 0x3a, 0x00, 0x01, 0x37,
  0x00, 0x01, 0x3f, 0x00, 0x01, 0x3a, 0x3a, 0x00, 0x37, 0x3a, 0x00, 0x3f,
  0x3a, 0x3b, 0x3f, 0x00, 0x00, 0x37, 0x00, 0x00, 0x3a, 0x00, 0x01, 0x3a,
  0x44, 0x00, 0x37, 0x44, 0x00, 0x3f, 0x44, 0x77, 0x3f, 0x00, 0x00, 0x37,
  0x00, 0x00, 0x3a, 0x00, 0x01, 0x3a, 0x3a, 0x00, 0x37, 0x3a, 0x00, 0x3f,
  0x3a, 0x3b, 0x3f, 0x00, 0x00, 0x37, 0x00, 0x00, 0x3a, 0x00, 0x01, 0x3f,
  0x44, 0x00, 0x3a, 0x44, 0x00, 0x37, 0x44, 0x3b, 0x37, 0x00, 0x00, 0x3a,
  0x00, 0x00, 0x3f, 0x00, 0x01, 0x3a, 0x35, 0x00, 0x37, 0x35, 0x00, 0x3f,
  0x35, 0x3b, 0x3f, 0x00, 0x00, 0x37, 0x00, 0x00, 0x3a, 0x00, 0x01, 0x37,
  0x49, 0x00, 0x3e, 0x49, 0x00, 0x3a, 0x49, 0x75, 0x3a, 0x00, 0x01, 0x3e,
  0x00, 0x00, 0x37, 0x00, 0x02, 0x37, 0x3a, 0x00, 0x3e, 0x3a, 0x00, 0x3a,
  0x3a, 0x3b, 0x3a, 0x00, 0x00, 0x3e, 0x00, 0x00, 0x37, 0x00, 0x01, 0x37,
  0x44, 0x00, 0x3e, 0x44, 0x00, 0x3a, 0x44, 0x77, 0x3a, 0x00, 0x00, 0x3e,
  0x00, 0x00, 0x37, 0x00, 0x01, 0x3a, 0x3a, 0x00, 0x37, 0x3a, 0x00, 0x3e,
  0x3a, 0x3b, 0x3e, 0x00, 0x00, 0x37, 0x00, 0x00, 0x3a, 0x00, 0x01, 0x37,
  0x44, 0x00, 0x3e, 0x44, 0x00, 0x3a, 0x44, 0x3b, 0x3a, 0x00, 0x00, 0x3e,
  0x00, 0x00, 0x37, 0x00, 0x01, 0x3e, 0x35, 0x00, 0x3a, 0x35, 0x00, 0x37,
  0x35, 0x3b, 0x37, 0x00, 0x00, 0x3a, 0x00, 0x00, 0x3e, 0x00, 0x01, 0x3c,
  0x49, 0x00, 0x37, 0x49, 0x00, 0x3f, 0x49, 0x76, 0x3f, 0x00, 0x00, 0x37,
  0x00, 0x00, 0x3c, 0x00, 0x02, 0x3c, 0x3a, 0x00, 0x37, 0x3a, 0x00, 0x3f,
  0x3a, 0x3b, 0x3f, 0x00, 0x00, 0x37, 0x00, 0x00, 0x3c, 0x00, 0x01, 0x37,
  0x44, 0x00, 0x3f, 0x44, 0x00, 0x3c, 0x44, 0x77, 0x3c, 0x00, 0x00, 0x3f,
  0x00, 0x00, 0x37, 0x00, 0x01, 0x3f, 0x3a, 0x00, 0x37, 0x3a, 0x00, 0x3c,
  0x3a, 0x3b, 0x3c, 0x00, 0x00, 0x37, 0x00, 0x00, 0x3f, 0x00, 0x01, 0x3c,
  0x44, 0x00, 0x37, 0x44, 0x00, 0x3f, 0x44, 0x3b, 0x3f, 0x00, 0x00, 0x37,
  0x00, 0x00, 0x3c, 0x00, 0x01, 0x3c, 0x35, 0x00, 0x3f, 0x35, 0x00, 0x37,
  0x35, 0x3b, 0x37, 0x00, 0x00, 0x3f, 0x00, 0x00, 0x3c, 0x00, 0x01, 0x3a,
  0x49, 0x00, 0x37, 0x49, 0x00, 0x3f, 0x49, 0x76, 0x3f, 0x00, 0x01, 0x37,
  0x00, 0x00, 0x3a, 0x00, 0x01, 0x3f, 0x3a, 0x00, 0x3a, 0x3a, 0x00, 0x37,
  0x3a, 0x3b, 0x37, 0x00, 0x00, 0x3a, 0x00, 0x00, 0x3f, 0x00, 0x01, 0x3f,
  0x44, 0x00, 0x3a, 0x44, 0x00, 0x37, 0x44, 0x77, 0x37, 0x00, 0x00, 0x3a,
  0x00, 0x00, 0x3f, 0x00, 0x01, 0x3f, 0x3a, 0x00, 0x37, 0x3a, 0x00, 0x3a,
  0x3a, 0x3b, 0x3a, 0x00, 0x00, 0x37, 0x00, 0x00, 0x3f, 0x00, 0x01, 0x3a,
  0x44, 0x00, 0x37, 0x44, 0x00, 0x3f, 0x44, 0x3b, 0x3f, 0x00, 0x00, 0x37,
  0x00, 0x00, 0x3a, 0x00, 0x01, 0x3a, 0x35, 0x00, 0x3f, 0x35, 0x00, 0x37,
  0x35, 0x3b, 0x37, 0x00, 0x00, 0x3f, 0x00, 0x00, 0x3a, 0x00, 0x01, 0x3f,
  0x49, 0x00, 0x3c, 0x49, 0x00, 0x38, 0x49, 0x77, 0x38, 0x00, 0x00, 0x3c,
  0x00, 0x00, 0x3f, 0x00, 0x01, 0x38, 0x3a, 0x00, 0x3c, 0x3a, 0x00, 0x3f,
  0x3a, 0x3b, 0x3f, 0x00, 0x00, 0x3c, 0x00, 0x00, 0x38, 0x00, 0x01, 0x3c,
  0x44, 0x00, 0x38, 0x44, 0x00, 0x3f, 0x44, 0x77, 0x3f, 0x00, 0x00, 0x38,
  0x00, 0x00, 0x3c, 0x00, 0x01, 0x38, 0x3a, 0x00, 0x3f, 0x3a, 0x00, 0x3c,
  0x3a, 0x3b, 0x3c, 0x00, 0x00, 0x3f, 0x00, 0x00, 0x38, 0x00, 0x01, 0x38,
  0x44, 0x00, 0x3c, 0x44, 0x00, 0x3f, 0x44, 0x3b, 0x3f, 0x00, 0x00, 0x3c,
  0x00, 0x00, 0x38, 0x00, 0x01, 0x38, 0x35, 0x00, 0x3f, 0x35, 0x00, 0x3c,
  0x35, 0x3b, 0x3c, 0x00, 0x00, 0x3f, 0x00, 0x00, 0x38, 0x00, 0x01, 0x3f,
  0x49, 0x00, 0x3a, 0x49, 0x00, 0x37, 0x49, 0x77, 0x37, 0x00, 0x00, 0x3a,
  0x00, 0x00, 0x3f, 0x00, 0x01, 0x37, 0x3a, 0x00, 0x3a, 0x3a, 0x00, 0x3f,
  0x3a, 0x3b, 0x3f, 0x00, 0x00, 0x3a, 0x00, 0x00, 0x37, 0x00, 0x01, 0x3a,
  0x44, 0x00, 0x3f, 0x44, 0x00, 0x37, 0x44, 0x77, 0x37, 0x00, 0x00, 0x3f,
  0x00, 0x00, 0x3a, 0x00, 0x01, 0x3f, 0x3a, 0x00, 0x37, 0x3a, 0x00, 0x3a,
  0x3a, 0x3b, 0x3a, 0x00, 0x00, 0x37, 0x00, 0x00, 0x3f, 0x00, 0x01, 0x3a,
  0x44, 0x00, 0x37, 0x44, 0x00, 0x3f, 0x44, 0x3b, 0x3f, 0x00, 0x00, 0x37,
  0x00, 0x00, 0x3a, 0x00, 0x01, 0x3f, 0x35, 0x00, 0x3a, 0x35, 0x00, 0x37,
  0x35, 0x3b, 0x37, 0x00, 0x00, 0x3a, 0x00, 0x00, 0x3f, 0x00, 0x01, 0x3a,
  0x49, 0x00, 0x35, 0x49, 0x00, 0x3e, 0x49, 0x77, 0x3e, 0x00, 0x00, 0x35,
  0x00, 0x00, 0x3a, 0x00, 0x01, 0x3e, 0x3a, 0x00, 0x3a, 0x3a, 0x00, 0x35,
  0x3a, 0x3b, 0x35, 0x00, 0x00, 0x3a, 0x00, 0x00, 0x3e, 0x00, 0x01, 0x3a,
  0x44, 0x00, 0x35, 0x44, 0x00, 0x3e, 0x44, 0x77, 0x3e, 0x00, 0x00, 0x35,
  0x00, 0x00, 0x3a, 0x00, 0x01, 0x3e, 0x3a, 0x00, 0x35, 0x3a, 0x00, 0x3a,
  0x3a, 0x3b, 0x3a, 0x00, 0x00, 0x35, 0x00, 0x00, 0x3e, 0x00, 0x01, 0x35,
  0x44, 0x00, 0x3e, 0x44, 0x00, 0x3a, 0x44, 0x3b, 0x3a, 0x00, 0x00, 0x3e,
  0x00, 0x00, 0x35, 0x00, 0x01, 0x3e, 0x35, 0x00, 0x35, 0x35, 0x00, 0x3a,
  0x35, 0x3b, 0x3a, 0x00, 0x00, 0x35, 0x00, 0x00, 0x3e, 0x00, 0x01, 0x35,
  0x49, 0x00, 0x3e, 0x49, 0x00, 0x3a, 0x49, 0x77, 0x3a, 0x00, 0x00, 0x3e,
  0x00, 0x00, 0x35, 0x00, 0x01, 0x3a, 0x3a, 0x00, 0x3e, 0x3a, 0x00, 0x35,
  0x3a, 0x3b, 0x35, 0x00, 0x00, 0x3e, 0x00, 0x00, 0x3a, 0x00, 0x01, 0x35,
  0x44, 0x00, 0x3e, 0x44, 0x00, 0x3a, 0x44, 0x77, 0x3a, 0x00, 0x00, 0x3e,
  0x00, 0x00, 0x35, 0x00, 0x01, 0x3e, 0x3a, 0x00, 0x3a, 0x3a, 0x00, 0x35,
  0x3a, 0x3b, 0x35, 0x00, 0x00, 0x3a, 0x00, 0x00, 0x3e, 0x00, 0x01, 0x35,
  0x44, 0x00, 0x3a, 0x44, 0x00, 0x3e, 0x44, 0x3b, 0x3e, 0x00, 0x00, 0x3a,
  0x00, 0x00, 0x35, 0x00, 0x01, 0x3a, 0x35, 0x00, 0x35, 0x35, 0x00, 0x3e,
  0x35, 0x3b, 0x3e, 0x00, 0x00, 0x35, 0x00, 0x00, 0x3a, 0x00, 0x01, 0x37,
  0x49, 0x00, 0x3a, 0x49, 0x00, 0x3f, 0x49, 0x77, 0x3f, 0x00, 0x00, 0x3a,
  0x00, 0x00, 0x37, 0x00, 0x01, 0x37, 0x3a, 0x00, 0x3a, 0x3a, 0x00, 0x3f,
  0x3a, 0x3b, 0x3f, 0x00, 0x00, 0x3a, 0x00, 0x00, 0x37, 0x00, 0x01, 0x3a,
  0x44, 0x00, 0x37, 0x44, 0x00, 0x3f, 0x44, 0x77, 0x3f, 0x00, 0x00, 0x37,
  0x00, 0x00, 0x3a, 0x00, 0x01, 0x3a, 0x3a, 0x00, 0x37, 0x3a, 0x00, 0x3f,
  0x3a, 0x3b, 0x3f, 0x00, 0x00, 0x37, 0x00, 0x00, 0x3a, 0x00, 0x01, 0x3f,
  0x44, 0x00, 0x37, 0x44, 0x00, 0x3a, 0x44, 0x3b, 0x3a, 0x00, 0x00, 0x37,
  0x00, 0x00, 0x3f, 0x00, 0x01, 0x37, 0x35, 0x00, 0x3a, 0x35, 0x00, 0x3f,
  0x35, 0x3b, 0x3f, 0x00, 0x00, 0x3a, 0x00, 0x00, 0x37, 0x00, 0x01, 0x37,
  0x49, 0x00, 0x3e, 0x49, 0x00, 0x3a, 0x49, 0x76, 0x3a, 0x00, 0x00, 0x3e,
  0x00, 0x01, 0x37, 0x00, 0x01, 0x37, 0x3a, 0x00, 0x3e, 0x3a, 0x00, 0x3a,
  0x3a, 0x3b, 0x3a, 0x00, 0x00, 0x3e, 0x00, 0x00, 0x37, 0x00, 0x01, 0x37,
  0x44, 0x00, 0x3a, 0x44, 0x00, 0x3e, 0x44, 0x77, 0x3e, 0x00, 0x00, 0x3a,
  0x00, 0x00, 0x37, 0x00, 0x01, 0x37, 0x3a, 0x00, 0x3a, 0x3a, 0x00, 0x3e,
  0x3a, 0x3b, 0x3e, 0x00, 0x00, 0x3a, 0x00, 0x00, 0x37, 0x00, 0x01, 0x37,
  0x44, 0x00, 0x3a, 0x44, 0x00, 0x3e, 0x44, 0x3b, 0x3e, 0x00, 0x00, 0x3a,
  0x00, 0x00, 0x37, 0x00, 0x01, 0x3e, 0x35, 0x00, 0x37, 0x35, 0x00, 0x3a,
  0x35, 0x3b, 0x3a, 0x00, 0x00, 0x37, 0x00, 0x00, 0x3e, 0x00, 0x01, 0x37,
  0x49, 0x00, 0x3c, 0x49, 0x00, 0x3f, 0x49, 0x75, 0x3c, 0x00, 0x01, 0x3f,
  0x00, 0x00, 0x37, 0x00, 0x02, 0x3c, 0x3a, 0x00, 0x37, 0x3a, 0x00, 0x3f,
  0x3a, 0x3b, 0x3f, 0x00, 0x00, 0x37, 0x00, 0x00, 0x3c, 0x00, 0x01, 0x37,
  0x44, 0x00, 0x3c, 0x44, 0x00, 0x3f, 0x44, 0x77, 0x3f, 0x00, 0x00, 0x3c,
  0x00, 0x00, 0x37, 0x00, 0x01, 0x3c, 0x3a, 0x00, 0x37, 0x3a, 0x00, 0x3f,
  0x3a, 0x3b, 0x3f, 0x00, 0x00, 0x37, 0x00, 0x00, 0x3c, 0x00, 0x01, 0x37,
  0x44, 0x00, 0x3f, 0x44, 0x00, 0x3c, 0x44, 0x3b, 0x3c, 0x00, 0x00, 0x3f,
  0x00, 0x00, 0x37, 0x00, 0x01, 0x3c, 0x35, 0x00, 0x3f, 0x35, 0x00, 0x37,
  0x35, 0x3b, 0x37, 0x00, 0x00, 0x3f, 0x00, 0x00, 0x3c, 0x00, 0x01, 0x3f,
  0x49, 0x00, 0x3a, 0x49, 0x00, 0x37, 0x49, 0x77, 0x37, 0x00, 0x00, 0x3a,
  0x00, 0x00, 0x3f, 0x00, 0x01, 0x3f, 0x3a, 0x00, 0x3a, 0x3a, 0x00, 0x37,
  0x3a, 0x3b, 0x37, 0x00, 0x00, 0x3a, 0x00, 0x00, 0x3f, 0x00, 0x01, 0x3f,
  0x44, 0x00, 0x3a, 0x44, 0x00, 0x37, 0x44, 0x77, 0x37, 0x00, 0x00, 0x3a,
  0x00, 0x00, 0x3f, 0x00, 0x01, 0x3f, 0x3a, 0x00, 0x37, 0x3a, 0x00, 0x3a,
  0x3a, 0x3b, 0x3a, 0x00, 0x00, 0x37, 0x00, 0x00, 0x3f, 0x00, 0x01, 0x3a,
  0x44, 0x00, 0x37, 0x44, 0x00, 0x3f, 0x44, 0x3b, 0x3f, 0x00, 0x00, 0x37,
  0x00, 0x00, 0x3a, 0x00, 0x01, 0x3f, 0x35, 0x00, 0x3a, 0x35, 0x00, 0x37,
  0x35, 0x3b, 0x37, 0x00, 0x00, 0x3a, 0x00, 0x00, 0x3f, 0x00, 0x01, 0x3f,
  0x49, 0x00, 0x38, 0x49, 0x00, 0x3c, 0x49, 0x77, 0x3c, 0x00, 0x00, 0x38,
  0x00, 0x00, 0x3f, 0x00, 0x01, 0x38, 0x3a, 0x00, 0x3f, 0x3a, 0x00, 0x3c,
  0x3a, 0x3b, 0x3c, 0x00, 0x00, 0x3f, 0x00, 0x00, 0x38, 0x00, 0x01, 0x3c,
  0x44, 0x00, 0x3f, 0x44, 0x00, 0x38, 0x44, 0x77, 0x38, 0x00, 0x00, 0x3f,
  0x00, 0x00, 0x3c, 0x00, 0x01, 0x3f, 0x3a, 0x00, 0x3c, 0x3a, 0x00, 0x38,
  0x3a, 0x3b, 0x38, 0x00, 0x00, 0x3c, 0x00, 0x00, 0x3f, 0x00, 0x01, 0x3c,
  0x44, 0x00, 0x3f, 0x44, 0x00, 0x38, 0x44, 0x3b, 0x38, 0x00, 0x00, 0x3f,
  0x00, 0x00, 0x3c, 0x00, 0x01, 0x3f, 0x35, 0x00, 0x38, 0x35, 0x00, 0x3c,
  0x35, 0x3b, 0x3c, 0x00, 0x00, 0x38, 0x00, 0x00, 0x3f, 0x00, 0x01, 0x35,
  0x49, 0x00, 0x3e, 0x49, 0x00, 0x3a, 0x49, 0x76, 0x3a, 0x00, 0x00, 0x35,
  0x00, 0x01, 0x3e, 0x00, 0x01, 0x35, 0x3a, 0x00, 0x3a, 0x3a, 0x00, 0x3e,
  0x3a, 0x3b, 0x3e, 0x00, 0x00, 0x3a, 0x00, 0x00, 0x35, 0x00, 0x01, 0x3e,
  0x44, 0x00, 0x35, 0x44, 0x00, 0x3a, 0x44, 0x77, 0x3a, 0x00, 0x00, 0x35,
  0x00, 0x00, 0x3e, 0x00, 0x01, 0x3e, 0x3a, 0x00, 0x35, 0x3a, 0x00, 0x3a,
  0x3a, 0x3b, 0x3a, 0x00, 0x00, 0x35, 0x00, 0x00, 0x3e, 0x00, 0x01, 0x3e,
  0x44, 0x00, 0x3a, 0x44, 0x00, 0x35, 0x44, 0x3b, 0x35, 0x00, 0x00, 0x3a,
  0x00, 0x00, 0x3e, 0x00, 0x01, 0x3a, 0x35, 0x00, 0x3e, 0x35, 0x00, 0x35,
  0x35, 0x3b, 0x35, 0x00, 0x00, 0x3e, 0x00, 0x00, 0x3a, 0x00, 0x01, 0x3f,
  0x49, 0x00, 0x3c, 0x49, 0x00, 0x37, 0x49, 0x77, 0x37, 0x00, 0x00, 0x3c,
  0x00, 0x00, 0x3f, 0x00, 0x01, 0x3f, 0x3a, 0x00, 0x37, 0x3a, 0x00, 0x3c,
  0x3a, 0x3b, 0x3c, 0x00, 0x00, 0x37, 0x00, 0x00, 0x3f, 0x00, 0x01, 0x3f,
  0x44, 0x00, 0x37, 0x44, 0x00, 0x3c, 0x44, 0x77, 0x3c, 0x00, 0x00, 0x37,
  0x00, 0x00, 0x3f, 0x00, 0x01, 0x3c, 0x3a, 0x00, 0x37, 0x3a, 0x00, 0x3f,
  0x3a, 0x3b, 0x3f, 0x00, 0x00, 0x37, 0x00, 0x00, 0x3c, 0x00, 0x01, 0x3c,
  0x44, 0x00, 0x37, 0x44, 0x00, 0x3f, 0x44, 0x3b, 0x3f, 0x00, 0x00, 0x37,
  0x00, 0x00, 0x3c, 0x00, 0x01, 0x3c, 0x35, 0x00, 0x3f, 0x35, 0x00, 0x37,
  0x35, 0x3b, 0x37, 0x00, 0x00, 0x3f, 0x00, 0x00, 0x3c, 0x00, 0x01, 0x35,
  0x49, 0x00, 0x3e, 0x49, 0x00, 0x3a, 0x49, 0x75, 0x3a, 0x00, 0x01, 0x3e,
  0x00, 0x00, 0x35, 0x00, 0x02, 0x3e, 0x3a, 0x00, 0x35, 0x3a, 0x00, 0x3a,
  0x3a, 0x3b, 0x3a, 0x00, 0x00, 0x35, 0x00, 0x00, 0x3e, 0x00, 0x01, 0x3a,
  0x44, 0x00, 0x35, 0x44, 0x00, 0x3e, 0x44, 0x77, 0x3e, 0x00, 0x00, 0x35,
  0x00, 0x00, 0x3a, 0x00, 0x01, 0x35, 0x3a, 0x00, 0x3a, 0x3a, 0x00, 0x3e,
  0x3a, 0x3b, 0x3e, 0x00, 0x00, 0x3a, 0x00, 0x00, 0x35, 0x00, 0x01, 0x3a,
  0x44, 0x00, 0x3e, 0x44, 0x00, 0x35, 0x44, 0x3b, 0x35, 0x00, 0x00, 0x3e,
  0x00, 0x00, 0x3a, 0x00, 0x01, 0x3a, 0x35, 0x00, 0x35, 0x35, 0x00, 0x3e,
  0x35, 0x3b, 0x3e, 0x00, 0x00, 0x35, 0x00, 0x00, 0x3a, 0x00, 0x02, 0x3a,
  0x49, 0x01, 0x3e, 0x49, 0x00, 0x35, 0x49, 0x84, 0x21, 0x33, 0x3a, 0x0c,
  0x38, 0x3a, 0x0e, 0x3a, 0x3a, 0x00, 0x35, 0x00, 0x00, 0x3a, 0x00, 0x00,
  0x3e, 0x00, 0x0a, 0x3f, 0x3a, 0x88, 0x6d, 0x3f, 0x00, 0x00, 0x3a, 0x00,
  0x00, 0x33, 0x00, 0x02, 0x38, 0x00, 0x00, 0xff, 0x2f, 0x00, 0x4d, 0x54,
  0x72, 0x6b, 0x00, 0x00, 0x07, 0xca, 0x00, 0xff, 0x03, 0x02, 0x32, 0x37,
  0x49, 0xb4, 0x79, 0x00, 0x01, 0x20, 0x00, 0x01, 0x00, 0x08, 0x01, 0xc4,
  0x1b, 0x01, 0xb4, 0x65, 0x00, 0x01, 0x64, 0x00, 0x01, 0x06, 0x0c, 0x01,
  0x26, 0x00, 0x01, 0x5b, 0x64, 0x01, 0x5d, 0x64, 0x01, 0x5e, 0x05, 0x01,
  0x0a, 0x22, 0x01, 0xe4, 0x00, 0x40, 0x01, 0xb4, 0x07, 0x7f, 0xdc, 0x6c,
  0x94, 0x38, 0x45, 0x0a, 0x3c, 0x45, 0x0a, 0x3f, 0x45, 0x0a, 0x44, 0x45,
  0x83, 0x5f, 0x44, 0x00, 0x03, 0x38, 0x00, 0x01, 0x3c, 0x00, 0x01, 0x3f,
  0x00, 0x84, 0x18, 0x3c, 0x52, 0x78, 0x3f, 0x52, 0x82, 0x0e, 0x37, 0x45,
  0x00, 0x3f, 0x00, 0x00, 0x3c, 0x00, 0x0a, 0x3a, 0x45, 0x0a, 0x3e, 0x45,
  0x0a, 0x43, 0x45, 0x83, 0x40, 0x43, 0x00, 0x01, 0x37, 0x00, 0x01, 0x38,
  0x45, 0x00, 0x3e, 0x00, 0x00, 0x3a, 0x00, 0x0a, 0x3c, 0x45, 0x0a, 0x3f,
  0x45, 0x0a, 0x44, 0x45, 0x83, 0x41, 0x44, 0x00, 0x00, 0x38, 0x00, 0x01,
  0x37, 0x45, 0x01, 0x3f, 0x00, 0x00, 0x3c, 0x00, 0x09, 0x3a, 0x45, 0x0a,
  0x3f, 0x45, 0x0a, 0x43, 0x45, 0x83, 0x5f, 0x43, 0x00, 0x03, 0x37, 0x00,
  0x01, 0x3f, 0x00, 0x00, 0x3a, 0x00, 0x39, 0x41, 0x52, 0x78, 0x3f, 0x52,
  0x82, 0x0d, 0x3f, 0x00, 0x01, 0x3b, 0x45, 0x00, 0x41, 0x00, 0x0a, 0x3e,
  0x45, 0x0a, 0x41, 0x45, 0x0a, 0x44, 0x45, 0x83, 0x5f, 0x44, 0x00, 0x04,
  0x41, 0x00, 0x01, 0x3e, 0x00, 0x00, 0x3b, 0x00, 0x74, 0x3f, 0x52, 0x3c,
  0x46, 0x5f, 0x82, 0x0e, 0x3a, 0x45, 0x00, 0x46, 0x00, 0x00, 0x3f, 0x00,
  0x0a, 0x3e, 0x45, 0x0a, 0x41, 0x45, 0x0a, 0x46, 0x45, 0x83, 0x5f, 0x46,
  0x00, 0x07, 0x3a, 0x00, 0x00, 0x3e, 0x00, 0x01, 0x41, 0x00, 0x35, 0x3a,
  0x52, 0x0f, 0xb4, 0x40, 0x7f, 0x2c, 0x94, 0x3a, 0x00, 0x01, 0x3f, 0x52,
  0x3b, 0x3f, 0x00, 0x01, 0x43, 0x52, 0x82, 0x27, 0xb4, 0x40, 0x00, 0x09,
  0x94, 0x43, 0x00, 0x38, 0x43, 0x52, 0x0f, 0xb4, 0x40, 0x7f, 0x2c, 0x94,
  0x43, 0x00, 0x01, 0x3e, 0x52, 0x3b, 0x3e, 0x00, 0x01, 0x43, 0x52, 0x82,
  0x27, 0xb4, 0x40, 0x00, 0x08, 0x94, 0x43, 0x00, 0x39, 0x3c, 0x52, 0x0f,
  0xb4, 0x40, 0x7f, 0x2c, 0x94, 0x3c, 0x00, 0x01, 0x43, 0x52, 0x3b, 0x43,
  0x00, 0x01, 0x48, 0x52, 0x82, 0x27, 0xb4, 0x40, 0x00, 0x09, 0x94, 0x48,
  0x00, 0x74, 0x4b, 0x52, 0x00, 0x46, 0x4c, 0x3d, 0xe4, 0x2c, 0x45, 0x09,
  0x54, 0x4a, 0x28, 0x2c, 0x45, 0x0a, 0x00, 0x40, 0x81, 0x6f, 0x94, 0x46,
  0x00, 0x00, 0x4b, 0x00, 0x3d, 0x3f, 0x52, 0x0f, 0xb4, 0x40, 0x7f, 0x2c,
  0x94, 0x3f, 0x00, 0x01, 0x44, 0x52, 0x3b, 0x44, 0x00, 0x01, 0x48, 0x52,
  0x82, 0x27, 0xb4, 0x40, 0x00, 0x05, 0x94, 0x46, 0x52, 0x00, 0x43, 0x4c,
  0x01, 0xe4, 0x2c, 0x35, 0x02, 0x94, 0x48, 0x00, 0x2e, 0xe4, 0x54, 0x3a,
  0x0a, 0x00, 0x40, 0x82, 0x2c, 0x94, 0x43, 0x00, 0x00, 0x46, 0x00, 0x82,
  0x2d, 0x41, 0x52, 0x78, 0x46, 0x52, 0x81, 0x33, 0x46, 0x00, 0x04, 0x41,
  0x00, 0x39, 0x46, 0x52, 0x0e, 0xb4, 0x40, 0x7f, 0x2d, 0x94, 0x46, 0x00,
  0x01, 0x41, 0x52, 0x3b, 0x41, 0x00, 0x01, 0x3e, 0x52, 0x3b, 0x3e, 0x00,
  0x01, 0x3a, 0x52, 0x81, 0x6a, 0xb4, 0x40, 0x00, 0x0b, 0x94, 0x3a, 0x00,
  0x73, 0x3a, 0x52, 0x0f, 0xb4, 0x40, 0x7f, 0x2c, 0x94, 0x3a, 0x00, 0x01,
  0x3f, 0x52, 0x77, 0x3f, 0x00, 0x01, 0x43, 0x52, 0x3b, 0x43, 0x00, 0x01,
  0x3f, 0x52, 0x73, 0xb4, 0x40, 0x00, 0x04, 0x94, 0x3f, 0x00, 0x79, 0x3a,
  0x52, 0x0f, 0xb4, 0x40, 0x7f, 0x2c, 0x94, 0x3a, 0x00, 0x01, 0x3e, 0x52,
  0x77, 0x3e, 0x00, 0x01, 0x43, 0x52, 0x3b, 0x43, 0x00, 0x01, 0x3e, 0x52,
  0x73, 0xb4, 0x40, 0x00, 0x04, 0x94, 0x3e, 0x00, 0x79, 0x3c, 0x52, 0x0e,
  0xb4, 0x40, 0x7f, 0x2d, 0x94, 0x3c, 0x00, 0x01, 0x3e, 0x52, 0x77, 0x3e,
  0x00, 0x01, 0x43, 0x52, 0x81, 0x2f, 0xb4, 0x40, 0x00, 0x04, 0x94, 0x43,
  0x00, 0x82, 0x2d, 0x4b, 0x52, 0x00, 0x46, 0x4c, 0x3b, 0x46, 0x00, 0x00,
  0x4b, 0x00, 0x01, 0x46, 0x4c, 0x00, 0x4b, 0x52, 0x32, 0xe4, 0x2c, 0x45,
  0x0c, 0x54, 0x4a, 0x30, 0x2c, 0x45, 0x0c, 0x00, 0x40, 0x83, 0x5e, 0x94,
  0x46, 0x52, 0x00, 0x41, 0x4c, 0x01, 0x46, 0x00, 0x04, 0x4b, 0x00, 0x83,
  0x55, 0x46, 0x00, 0x00, 0x41, 0x00, 0x7e, 0x3e, 0x52, 0x0e, 0xb4, 0x40,
  0x7f, 0x2d, 0x94, 0x3e, 0x00, 0x01, 0x3f, 0x52, 0x77, 0x3f, 0x00, 0x01,
  0x46, 0x52, 0x81, 0x2e, 0xb4, 0x40, 0x00, 0x05, 0x94, 0x46, 0x00, 0x3d,
  0x3e, 0x52, 0x0e, 0xb4, 0x40, 0x7f, 0x2d, 0x94, 0x3e, 0x00, 0x01, 0x3f,
  0x52, 0x3b, 0x3f, 0x00, 0x01, 0x3e, 0x52, 0x82, 0x26, 0xb4, 0x40, 0x00,
  0x0a, 0x94, 0x3e, 0x00, 0xad, 0x38, 0x46, 0x52, 0x19, 0xe4, 0x00, 0x44,
  0x04, 0x00, 0x48, 0x06, 0x00, 0x4d, 0x05, 0x00, 0x51, 0x05, 0x00, 0x56,
  0x05, 0x00, 0x5b, 0x09, 0x94, 0x46, 0x00, 0x01, 0x4b, 0x52, 0x01, 0xe4,
  0x54, 0x4a, 0x30, 0x2c, 0x45, 0x0c, 0x00, 0x40, 0x3a, 0x94, 0x4b, 0x00,
  0x01, 0x46, 0x52, 0x3b, 0x46, 0x00, 0x01, 0x41, 0x52, 0x77, 0x41, 0x00,
  0x01, 0x43, 0x52, 0x3b, 0x43, 0x00, 0x01, 0x41, 0x4c, 0x83, 0x5f, 0x41,
  0x00, 0x87, 0x41, 0x3e, 0x52, 0x01, 0xe4, 0x2c, 0x35, 0x08, 0x54, 0x3a,
  0x0a, 0x00, 0x40, 0x28, 0x94, 0x3e, 0x00, 0x01, 0x41, 0x52, 0x3b, 0x41,
  0x00, 0x01, 0x46, 0x52, 0x3b, 0x46, 0x00, 0x01, 0x48, 0x52, 0x3b, 0x48,
  0x00, 0x01, 0x4a, 0x52, 0x01, 0xe4, 0x2c, 0x35, 0x08, 0x54, 0x3a, 0x0b,
  0x00, 0x40, 0x27, 0x94, 0x4a, 0x00, 0x01, 0x46, 0x52, 0x3b, 0x46, 0x00,
  0x01, 0x41, 0x52, 0x3b, 0x41, 0x00, 0x01, 0x3e, 0x52, 0x3b, 0x3e, 0x00,
  0x8d, 0x11, 0x3f, 0x52, 0x3b, 0x3f, 0x00, 0x01, 0x43, 0x52, 0x01, 0xe4,
  0x2c, 0x35, 0x09, 0x54, 0x3a, 0x0a, 0x00, 0x40, 0x27, 0x94, 0x43, 0x00,
  0x01, 0x46, 0x52, 0x3b, 0x46, 0x00, 0x01, 0x43, 0x52, 0x01, 0xe4, 0x2c,
  0x35, 0x09, 0x54, 0x3a, 0x0a, 0x00, 0x40, 0x27, 0x94, 0x43, 0x00, 0x01,
  0x41, 0x4c, 0x83, 0x5f, 0x41, 0x00, 0x87, 0x41, 0x41, 0x52, 0x02, 0xe4,
  0x2c, 0x35, 0x08, 0x54, 0x3a, 0x0a, 0x00, 0x40, 0x27, 0x94, 0x41, 0x00,
  0x01, 0xe4, 0x54, 0x4a, 0x00, 0x94, 0x48, 0x52, 0x33, 0xe4, 0x2c, 0x45,
  0x0a, 0x00, 0x40, 0x3a, 0x94, 0x48, 0x00, 0x01, 0x3f, 0x52, 0x3b, 0x3f,
  0x00, 0x01, 0x3e, 0x52, 0x3b, 0x3e, 0x00, 0x01, 0x46, 0x52, 0x3b, 0x46,
  0x00, 0x01, 0x3e, 0x52, 0x59, 0x3e, 0x00, 0x01, 0x38, 0x45, 0x0a, 0x3c,
  0x45, 0x0a, 0x3f, 0x45, 0x0a, 0x44, 0x45, 0x83, 0x5f, 0x44, 0x00, 0x05,
  0x3f, 0x00, 0x00, 0x38, 0x00, 0x01, 0x3c, 0x00, 0x84, 0x17, 0x3c, 0x52,
  0x78, 0x3f, 0x52, 0x82, 0x0e, 0x37, 0x45, 0x00, 0x3f, 0x00, 0x00, 0x3c,
  0x00, 0x0a, 0x3a, 0x45, 0x0a, 0x3e, 0x45, 0x0a, 0x43, 0x45, 0x83, 0x41,
  0x43, 0x00, 0x00, 0x37, 0x00, 0x01, 0x38, 0x45, 0x01, 0x3e, 0x00, 0x00,
  0x3a, 0x00, 0x09, 0x3c, 0x45, 0x0a, 0x3f, 0x45, 0x0a, 0x44, 0x45, 0x83,
  0x40, 0x44, 0x00, 0x01, 0x38, 0x00, 0x01, 0x37, 0x45, 0x00, 0x3f, 0x00,
  0x01, 0x3c, 0x00, 0x09, 0x3a, 0x45, 0x0a, 0x3f, 0x45, 0x0a, 0x43, 0x45,
  0x83, 0x5f, 0x43, 0x00, 0x04, 0x37, 0x00, 0x00, 0x3a, 0x00, 0x00, 0x3f,
  0x00, 0x39, 0x41, 0x52, 0x78, 0x3f, 0x52, 0x82, 0x0d, 0x3f, 0x00, 0x00,
  0x41, 0x00, 0x01, 0x3b, 0x45, 0x0a, 0x3e, 0x45, 0x0a, 0x41, 0x45, 0x0a,
  0x44, 0x45, 0x83, 0x5f, 0x44, 0x00, 0x04, 0x3b, 0x00, 0x00, 0x3e, 0x00,
  0x00, 0x41, 0x00, 0x75, 0x3f, 0x52, 0x3c, 0x46, 0x5f, 0x82, 0x0d, 0x3f,
  0x00, 0x01, 0x3a, 0x45, 0x00, 0x46, 0x00, 0x0a, 0x3e, 0x45, 0x0a, 0x41,
  0x45, 0x0a, 0x46, 0x45, 0x83, 0x5f, 0x46, 0x00, 0x06, 0x3e, 0x00, 0x01,
  0x41, 0x00, 0x00, 0x3a, 0x00, 0x36, 0x3a, 0x52, 0x0f, 0xb4, 0x40, 0x7f,
  0x2c, 0x94, 0x3a, 0x00, 0x01, 0x3f, 0x52, 0x3b, 0x3f, 0x00, 0x01, 0x43,
  0x52, 0x82, 0x27, 0xb4, 0x40, 0x00, 0x08, 0x94, 0x43, 0x00, 0x39, 0x43,
  0x52, 0x0f, 0xb4, 0x40, 0x7f, 0x2c, 0x94, 0x43, 0x00, 0x01, 0x3e, 0x52,
  0x3b, 0x3e, 0x00, 0x01, 0x43, 0x52, 0x82, 0x27, 0xb4, 0x40, 0x00, 0x09,
  0x94, 0x43, 0x00, 0x38, 0x3c, 0x52, 0x0f, 0xb4, 0x40, 0x7f, 0x2c, 0x94,
  0x3c, 0x00, 0x01, 0x43, 0x52, 0x3b, 0x43, 0x00, 0x01, 0x48, 0x52, 0x82,
  0x27, 0xb4, 0x40, 0x00, 0x09, 0x94, 0x48, 0x00, 0x74, 0x46, 0x4c, 0x00,
  0x4b, 0x52, 0x3d, 0xe4, 0x2c, 0x45, 0x09, 0x54, 0x4a, 0x28, 0x2c, 0x45,
  0x0a, 0x00, 0x40, 0x81, 0x6f, 0x94, 0x4b, 0x00, 0x00, 0x46, 0x00, 0x3d,
  0x3f, 0x52, 0x0f, 0xb4, 0x40, 0x7f, 0x2c, 0x94, 0x3f, 0x00, 0x01, 0x44,
  0x52, 0x3b, 0x44, 0x00, 0x01, 0x48, 0x52, 0x82, 0x26, 0xb4, 0x40, 0x00,
  0x06, 0x94, 0x43, 0x4c, 0x00, 0x46, 0x52, 0x01, 0xe4, 0x2c, 0x35, 0x02,
  0x94, 0x48, 0x00, 0x2e, 0xe4, 0x54, 0x3a, 0x0a, 0x00, 0x40, 0x82, 0x2c,
  0x94, 0x46, 0x00, 0x00, 0x43, 0x00, 0x82, 0x2d, 0x41, 0x52, 0x78, 0x46,
  0x52, 0x81, 0x33, 0x46, 0x00, 0x04, 0x41, 0x00, 0x39, 0x46, 0x52, 0x0e,
  0xb4, 0x40, 0x7f, 0x2d, 0x94, 0x46, 0x00, 0x01, 0x41, 0x52, 0x3b, 0x41,
  0x00, 0x01, 0x3e, 0x52, 0x3b, 0x3e, 0x00, 0x01, 0x3a, 0x52, 0x81, 0x6a,
  0xb4, 0x40, 0x00, 0x0c, 0x94, 0x3a, 0x00, 0x72, 0x3a, 0x52, 0x0f, 0xb4,
  0x40, 0x7f, 0x2c, 0x94, 0x3a, 0x00, 0x01, 0x3f, 0x52, 0x77, 0x3f, 0x00,
  0x01, 0x43, 0x52, 0x3b, 0x43, 0x00, 0x01, 0x3f, 0x52, 0x72, 0xb4, 0x40,
  0x00, 0x05, 0x94, 0x3f, 0x00, 0x79, 0x3a, 0x52, 0x0f, 0xb4, 0x40, 0x7f,
  0x2c, 0x94, 0x3a, 0x00, 0x01, 0x3e, 0x52, 0x77, 0x3e, 0x00, 0x01, 0x43,
  0x52, 0x3b, 0x43, 0x00, 0x01, 0x3e, 0x52, 0x72, 0xb4, 0x40, 0x00, 0x05,
  0x94, 0x3e, 0x00, 0x79, 0x3c, 0x52, 0x0f, 0xb4, 0x40, 0x7f, 0x2c, 0x94,
  0x3c, 0x00, 0x01, 0x3e, 0x52, 0x77, 0x3e, 0x00, 0x01, 0x43, 0x52, 0x81,
  0x2f, 0xb4, 0x40, 0x00, 0x04, 0x94, 0x43, 0x00, 0x82, 0x2d, 0x4b, 0x52,
  0x00, 0x46, 0x4c, 0x3b, 0x46, 0x00, 0x00, 0x4b, 0x00, 0x01, 0x46, 0x4c,
  0x00, 0x4b, 0x52, 0x31, 0xe4, 0x2c, 0x45, 0x0c, 0x54, 0x4a, 0x31, 0x2c,
  0x45, 0x0c, 0x00, 0x40, 0x83, 0x5e, 0x94, 0x41, 0x4c, 0x00, 0x46, 0x52,
  0x02, 0x46, 0x00, 0x03, 0x4b, 0x00, 0x83, 0x53, 0x46, 0x00, 0x01, 0x41,
  0x00, 0x43, 0x3f, 0x52, 0x0f, 0xb4, 0x40, 0x7f, 0x2c, 0x94, 0x3f, 0x00,
  0x01, 0x41, 0x52, 0x3b, 0x41, 0x00, 0x01, 0x43, 0x52, 0x82, 0x27, 0xb4,
  0x40, 0x00, 0x08, 0x94, 0x43, 0x00, 0x75, 0x43, 0x52, 0x01, 0xe4, 0x2c,
  0x35, 0x30, 0x54, 0x3a, 0x0a, 0x94, 0x43, 0x00, 0x01, 0x48, 0x52, 0x01,
  0xe4, 0x00, 0x40, 0x3a, 0x94, 0x48, 0x00, 0x01, 0x41, 0x52, 0x3b, 0x41,
  0x00, 0x01, 0x46, 0x52, 0x3b, 0x46, 0x00, 0x01, 0x46, 0x52, 0x00, 0x41,
  0x4c, 0x77, 0x41, 0x00, 0x00, 0x46, 0x00, 0x3d, 0x3a, 0x52, 0x0d, 0xb4,
  0x40, 0x7f, 0x2e, 0x94, 0x3a, 0x00, 0x01, 0x3f, 0x52, 0x3b, 0x3f, 0x00,
  0x01, 0x43, 0x52, 0x82, 0x25, 0xb4, 0x40, 0x00, 0x0a, 0x94, 0x43, 0x00,
  0x39, 0x43, 0x52, 0x0d, 0xb4, 0x40, 0x7f, 0x2e, 0x94, 0x43, 0x00, 0x01,
  0x3e, 0x52, 0x3b, 0x3e, 0x00, 0x01, 0x43, 0x52, 0x82, 0x26, 0xb4, 0x40,
  0x00, 0x0a, 0x94, 0x43, 0x00, 0x38, 0x3c, 0x52, 0x0d, 0xb4, 0x40, 0x7f,
  0x2e, 0x94, 0x3c, 0x00, 0x01, 0x43, 0x52, 0x3b, 0x43, 0x00, 0x01, 0x48,
  0x52, 0x82, 0x26, 0xb4, 0x40, 0x00, 0x0b, 0x94, 0x48, 0x00, 0x73, 0x4b,
  0x52, 0x00, 0x46, 0x4c, 0x3d, 0xe4, 0x2c, 0x45, 0x08, 0x54, 0x4a, 0x28,
  0x2c, 0x45, 0x0a, 0x00, 0x40, 0x81, 0x70, 0x94, 0x46, 0x00, 0x00, 0x4b,
  0x00, 0x3d, 0x3f, 0x52, 0x0e, 0xb4, 0x40, 0x7f, 0x2d, 0x94, 0x3f, 0x00,
  0x01, 0x44, 0x52, 0x3b, 0x44, 0x00, 0x01, 0x48, 0x52, 0x82, 0x26, 0xb4,
  0x40, 0x00, 0x06, 0x94, 0x46, 0x52, 0x00, 0x43, 0x4c, 0x01, 0xe4, 0x2c,
  0x35, 0x02, 0x94, 0x48, 0x00, 0x2d, 0xe4, 0x54, 0x3a, 0x0b, 0x00, 0x40,
  0x82, 0x2c, 0x94, 0x43, 0x00, 0x00, 0x46, 0x00, 0x82, 0x2d, 0x41, 0x52,
  0x78, 0x46, 0x52, 0x81, 0x33, 0x46, 0x00, 0x03, 0x41, 0x00, 0x3a, 0x46,
  0x52, 0x0e, 0xb4, 0x40, 0x7f, 0x2d, 0x94, 0x46, 0x00, 0x01, 0x41, 0x52,
  0x3b, 0x41, 0x00, 0x01, 0x3e, 0x52, 0x3b, 0x3e, 0x00, 0x01, 0x3a, 0x52,
  0x81, 0x6b, 0xb4, 0x40, 0x00, 0x0a, 0x94, 0x3a, 0x00, 0x73, 0x3a, 0x52,
  0x0e, 0xb4, 0x40, 0x7f, 0x2d, 0x94, 0x3a, 0x00, 0x01, 0x3f, 0x52, 0x77,
  0x3f, 0x00, 0x01, 0x43, 0x52, 0x3b, 0x43, 0x00, 0x01, 0x3f, 0x52, 0x73,
  0xb4, 0x40, 0x00, 0x04, 0x94, 0x3f, 0x00, 0x79, 0x3a, 0x52, 0x0e, 0xb4,
  0x40, 0x7f, 0x2d, 0x94, 0x3a, 0x00, 0x01, 0x3e, 0x52, 0x77, 0x3e, 0x00,
  0x01, 0x43, 0x52, 0x3b, 0x43, 0x00, 0x01, 0x3e, 0x52, 0x72, 0xb4, 0x40,
  0x00, 0x05, 0x94, 0x3e, 0x00, 0x79, 0x3c, 0x52, 0x0f, 0xb4, 0x40, 0x7f,
  0x2c, 0x94, 0x3c, 0x00, 0x01, 0x3e, 0x52, 0x77, 0x3e, 0x00, 0x01, 0x43,
  0x52, 0x81, 0x2e, 0xb4, 0x40, 0x00, 0x05, 0x94, 0x43, 0x00, 0x82, 0x2d,
  0x4b, 0x52, 0x00, 0x46, 0x4c, 0x3b, 0x46, 0x00, 0x00, 0x4b, 0x00, 0x01,
  0x4b, 0x52, 0x00, 0x46, 0x4c, 0x33, 0xe4, 0x2c, 0x45, 0x09, 0x54, 0x4a,
  0x31, 0x2c, 0x45, 0x0c, 0x00, 0x40, 0x83, 0x5f, 0x94, 0x41, 0x4c, 0x00,
  0x46, 0x52, 0x02, 0x46, 0x00, 0x03, 0x4b, 0x00, 0x83, 0x55, 0x41, 0x00,
  0x00, 0x46, 0x00, 0x7e, 0x3e, 0x52, 0x0e, 0xb4, 0x40, 0x7f, 0x2d, 0x94,
  0x3e, 0x00, 0x01, 0x3f, 0x52, 0x77, 0x3f, 0x00, 0x01, 0x46, 0x52, 0x81,
  0x2e, 0xb4, 0x40, 0x00, 0x05, 0x94, 0x46, 0x00, 0x3d, 0x3e, 0x52, 0x0e,
  0xb4, 0x40, 0x7f, 0x2d, 0x94, 0x3e, 0x00, 0x01, 0x3f, 0x52, 0x3b, 0x3f,
  0x00, 0x01, 0x3e, 0x52, 0x82, 0x26, 0xb4, 0x40, 0x00, 0x01, 0x5e, 0x00,
  0x0a, 0x94, 0x3e, 0x00, 0x00, 0xff, 0x2f, 0x00, 0x4d, 0x54, 0x72, 0x6b,
  0x00, 0x00, 0x06, 0xce, 0x00, 0xff, 0x03, 0x02, 0x35, 0x30, 0x57, 0xb5,
  0x79, 0x00, 0x01, 0x20, 0x01, 0x01, 0x00, 0x00, 0x01, 0xc5, 0x32, 0x01,
  0xb5, 0x65, 0x00, 0x01, 0x64, 0x00, 0x01, 0x06, 0x0c, 0x01, 0x26, 0x00,
  0x01, 0x5b, 0x28, 0x01, 0x5d, 0x00, 0x01, 0x0a, 0x40, 0x01, 0x63, 0x01,
  0x01, 0x62, 0x63, 0x01, 0x06, 0x3c, 0x01, 0x26, 0x00, 0x01, 0x63, 0x01,
  0x01, 0x62, 0x66, 0x01, 0x06, 0x3c, 0x01, 0x26, 0x00, 0x01, 0x07, 0x7f,
  0xdc, 0x76, 0x95, 0x3f, 0x2d, 0x00, 0x38, 0x2d, 0x00, 0x3c, 0x2d, 0x83,
  0x5f, 0x3c, 0x00, 0x00, 0x38, 0x00, 0x00, 0x3f, 0x00, 0x01, 0x3a, 0x2d,
  0x00, 0x41, 0x2d, 0x00, 0x3e, 0x2d, 0x83, 0x5f, 0x3e, 0x00, 0x00, 0x41,
  0x00, 0x00, 0x3a, 0x00, 0x01, 0x3f, 0x2d, 0x00, 0x3c, 0x2d, 0x00, 0x43,
  0x2d, 0x83, 0x5f, 0x43, 0x00, 0x00, 0x3c, 0x00, 0x00, 0x3f, 0x00, 0x01,
  0x3a, 0x2d, 0x00, 0x3e, 0x2d, 0x00, 0x43, 0x2d, 0x83, 0x5f, 0x43, 0x00,
  0x00, 0x3e, 0x00, 0x00, 0x3a, 0x00, 0x01, 0x41, 0x2d, 0x00, 0x38, 0x2d,
  0x00, 0x3c, 0x2d, 0x83, 0x5f, 0x3c, 0x00, 0x00, 0x38, 0x00, 0x00, 0x41,
  0x00, 0x01, 0x3a, 0x2d, 0x00, 0x3f, 0x2d, 0x00, 0x43, 0x2d, 0x83, 0x5f,
  0x43, 0x00, 0x00, 0x3f, 0x00, 0x00, 0x3a, 0x00, 0x01, 0x41, 0x2d, 0x00,
  0x3d, 0x2d, 0x00, 0x38, 0x2d, 0x83, 0x5f, 0x38, 0x00, 0x00, 0x3d, 0x00,
  0x00, 0x41, 0x00, 0x01, 0x3e, 0x2d, 0x00, 0x41, 0x2d, 0x00, 0x3b, 0x2d,
  0x83, 0x5f, 0x3b, 0x00, 0x00, 0x41, 0x00, 0x00, 0x3e, 0x00, 0x01, 0x3a,
  0x2d, 0x00, 0x3f, 0x2d, 0x00, 0x41, 0x2d, 0x83, 0x5f, 0x41, 0x00, 0x00,
  0x3f, 0x00, 0x00, 0x3a, 0x00, 0x01, 0x41, 0x2d, 0x00, 0x3a, 0x2d, 0x00,
  0x3e, 0x2d, 0x83, 0x5f, 0x3e, 0x00, 0x00, 0x3a, 0x00, 0x00, 0x41, 0x00,
  0x01, 0x3f, 0x2d, 0x00, 0x3a, 0x2d, 0x00, 0x43, 0x2d, 0x83, 0x5f, 0x43,
  0x00, 0x00, 0x3a, 0x00, 0x00, 0x3f, 0x00, 0x01, 0x3a, 0x2d, 0x00, 0x43,
  0x2d, 0x00, 0x3e, 0x2d, 0x83, 0x5f, 0x3e, 0x00, 0x00, 0x43, 0x00, 0x00,
  0x3a, 0x00, 0x01, 0x3c, 0x2d, 0x00, 0x3f, 0x2d, 0x00, 0x43, 0x2d, 0x83,
  0x5f, 0x43, 0x00, 0x00, 0x3f, 0x00, 0x00, 0x3c, 0x00, 0x01, 0x43, 0x2d,
  0x00, 0x3f, 0x2d, 0x00, 0x3a, 0x2d, 0x83, 0x5f, 0x3a, 0x00, 0x00, 0x3f,
  0x00, 0x00, 0x43, 0x00, 0x01, 0x3c, 0x2d, 0x00, 0x3f, 0x2d, 0x00, 0x38,
  0x2d, 0x83, 0x5f, 0x38, 0x00, 0x00, 0x3f, 0x00, 0x00, 0x3c, 0x00, 0x01,
  0x3f, 0x2d, 0x00, 0x43, 0x2d, 0x00, 0x3a, 0x2d, 0x83, 0x5d, 0x3a, 0x00,
  0x02, 0x43, 0x00, 0x00, 0x3f, 0x00, 0x01, 0x41, 0x2d, 0x00, 0x3a, 0x2d,
  0x00, 0x3e, 0x2d, 0x87, 0x3f, 0x3e, 0x00, 0x00, 0x3a, 0x00, 0x00, 0x41,
  0x00, 0x01, 0x3f, 0x2d, 0x00, 0x3a, 0x2d, 0x00, 0x43, 0x2d, 0x83, 0x5f,
  0x43, 0x00, 0x00, 0x3a, 0x00, 0x00, 0x3f, 0x00, 0x01, 0x3a, 0x2d, 0x00,
  0x43, 0x2d, 0x00, 0x3e, 0x2d, 0x83, 0x5f, 0x3e, 0x00, 0x00, 0x43, 0x00,
  0x00, 0x3a, 0x00, 0x01, 0x3c, 0x2d, 0x00, 0x3f, 0x2d, 0x00, 0x43, 0x2d,
  0x83, 0x5f, 0x43, 0x00, 0x00, 0x3f, 0x00, 0x00, 0x3c, 0x00, 0x01, 0x43,
  0x2d, 0x00, 0x3f, 0x2d, 0x00, 0x3a, 0x2d, 0x83, 0x5f, 0x3a, 0x00, 0x00,
  0x3f, 0x00, 0x00, 0x43, 0x00, 0x01, 0x3c, 0x2d, 0x00, 0x3f, 0x2d, 0x00,
  0x38, 0x2d, 0x83, 0x5f, 0x38, 0x00, 0x00, 0x3f, 0x00, 0x00, 0x3c, 0x00,
  0x01, 0x3a, 0x2d, 0x00, 0x3e, 0x2d, 0x00, 0x41, 0x2d, 0x83, 0x5f, 0x41,
  0x00, 0x00, 0x3e, 0x00, 0x00, 0x3a, 0x00, 0x01, 0x43, 0x2d, 0x00, 0x3c,
  0x2d, 0x00, 0x3f, 0x2d, 0x83, 0x5f, 0x3f, 0x00, 0x00, 0x3c, 0x00, 0x00,
  0x43, 0x00, 0x01, 0x3a, 0x2d, 0x00, 0x41, 0x2d, 0x00, 0x3e, 0x2d, 0x87,
  0x3f, 0x3e, 0x00, 0x00, 0x41, 0x00, 0x00, 0x3a, 0x00, 0x9e, 0x01, 0x43,
  0x2d, 0x00, 0x3f, 0x2d, 0x00, 0x3a, 0x2d, 0x83, 0x5f, 0x3a, 0x00, 0x00,
  0x3f, 0x00, 0x00, 0x43, 0x00, 0x01, 0x3e, 0x2d, 0x00, 0x3a, 0x2d, 0x00,
  0x41, 0x2d, 0x83, 0x5f, 0x41, 0x00, 0x00, 0x3a, 0x00, 0x00, 0x3e, 0x00,
  0x01, 0x38, 0x2d, 0x00, 0x3c, 0x2d, 0x00, 0x3f, 0x2d, 0x83, 0x5f, 0x3f,
  0x00, 0x00, 0x3c, 0x00, 0x00, 0x38, 0x00, 0x01, 0x3a, 0x2d, 0x00, 0x3f,
  0x2d, 0x00, 0x43, 0x2d, 0x83, 0x5f, 0x43, 0x00, 0x00, 0x3f, 0x00, 0x00,
  0x3a, 0x00, 0x01, 0x41, 0x2d, 0x00, 0x3c, 0x2d, 0x00, 0x38, 0x2d, 0x83,
  0x5f, 0x38, 0x00, 0x00, 0x3c, 0x00, 0x00, 0x41, 0x00, 0x01, 0x3f, 0x2d,
  0x00, 0x3c, 0x2d, 0x00, 0x43, 0x2d, 0x83, 0x5f, 0x43, 0x00, 0x00, 0x3c,
  0x00, 0x00, 0x3f, 0x00, 0x01, 0x3f, 0x2d, 0x00, 0x41, 0x2d, 0x00, 0x3a,
  0x2d, 0x83, 0x5f, 0x3a, 0x00, 0x00, 0x41, 0x00, 0x00, 0x3f, 0x00, 0x01,
  0x3a, 0x2d, 0x00, 0x3e, 0x2d, 0x00, 0x41, 0x2d, 0x83, 0x5f, 0x41, 0x00,
  0x00, 0x3e, 0x00, 0x00, 0x3a, 0x00, 0x01, 0x3f, 0x2d, 0x00, 0x43, 0x2d,
  0x00, 0x3a, 0x2d, 0x83, 0x5f, 0x3a, 0x00, 0x00, 0x43, 0x00, 0x00, 0x3f,
  0x00, 0x01, 0x3a, 0x2d, 0x00, 0x3e, 0x2d, 0x00, 0x41, 0x2d, 0x83, 0x5f,
  0x41, 0x00, 0x00, 0x3e, 0x00, 0x00, 0x3a, 0x00, 0x01, 0x3f, 0x2d, 0x00,
  0x38, 0x2d, 0x00, 0x3c, 0x2d, 0x83, 0x5f, 0x3c, 0x00, 0x00, 0x38, 0x00,
  0x00, 0x3f, 0x00, 0x01, 0x3f, 0x2d, 0x00, 0x3a, 0x2d, 0x00, 0x43, 0x2d,
  0x83, 0x5f, 0x43, 0x00, 0x00, 0x3a, 0x00, 0x00, 0x3f, 0x00, 0x01, 0x38,
  0x2d, 0x00, 0x41, 0x2d, 0x00, 0x3c, 0x2d, 0x83, 0x5f, 0x3c, 0x00, 0x00,
  0x41, 0x00, 0x00, 0x38, 0x00, 0x01, 0x3f, 0x2d, 0x00, 0x43, 0x2d, 0x00,
  0x3c, 0x2d, 0x83, 0x5f, 0x3c, 0x00, 0x00, 0x43, 0x00, 0x00, 0x3f, 0x00,
  0x01, 0x3a, 0x2d, 0x00, 0x3f, 0x2d, 0x00, 0x41, 0x2d, 0x83, 0x5f, 0x41,
  0x00, 0x00, 0x3f, 0x00, 0x00, 0x3a, 0x00, 0x01, 0x3a, 0x2d, 0x00, 0x3e,
  0x2d, 0x00, 0x41, 0x2d, 0x83, 0x5f, 0x41, 0x00, 0x00, 0x3e, 0x00, 0x00,
  0x3a, 0x00, 0x01, 0x38, 0x2d, 0x00, 0x3c, 0x2d, 0x00, 0x3f, 0x2d, 0x83,
  0x5f, 0x3f, 0x00, 0x00, 0x3c, 0x00, 0x00, 0x38, 0x00, 0x01, 0x41, 0x2d,
  0x00, 0x3a, 0x2d, 0x00, 0x3e, 0x2d, 0x83, 0x5f, 0x3e, 0x00, 0x00, 0x3a,
  0x00, 0x00, 0x41, 0x00, 0x01, 0x3c, 0x2d, 0x00, 0x43, 0x2d, 0x00, 0x3f,
  0x2d, 0x83, 0x5f, 0x3f, 0x00, 0x00, 0x43, 0x00, 0x00, 0x3c, 0x00, 0x01,
  0x3a, 0x2d, 0x00, 0x43, 0x2d, 0x00, 0x3e, 0x2d, 0x83, 0x5f, 0x3e, 0x00,
  0x00, 0x43, 0x00, 0x00, 0x3a, 0x00, 0x01, 0x38, 0x2d, 0x00, 0x3c, 0x2d,
  0x00, 0x41, 0x2d, 0x83, 0x5f, 0x41, 0x00, 0x00, 0x3c, 0x00, 0x00, 0x38,
  0x00, 0x01, 0x3f, 0x2d, 0x00, 0x43, 0x2d, 0x00, 0x3a, 0x2d, 0x83, 0x5f,
  0x3a, 0x00, 0x00, 0x43, 0x00, 0x00, 0x3f, 0x00, 0x01, 0x3d, 0x2d, 0x00,
  0x41, 0x2d, 0x00, 0x38, 0x2d, 0x83, 0x5f, 0x38, 0x00, 0x00, 0x41, 0x00,
  0x00, 0x3d, 0x00, 0x01, 0x3b, 0x2d, 0x00, 0x3e, 0x2d, 0x00, 0x41, 0x2d,
  0x83, 0x5f, 0x41, 0x00, 0x00, 0x3e, 0x00, 0x00, 0x3b, 0x00, 0x01, 0x41,
  0x2d, 0x00, 0x3a, 0x2d, 0x00, 0x3f, 0x2d, 0x83, 0x5f, 0x3f, 0x00, 0x00,
  0x3a, 0x00, 0x00, 0x41, 0x00, 0x01, 0x3a, 0x2d, 0x00, 0x41, 0x2d, 0x00,
  0x3e, 0x2d, 0x83, 0x5f, 0x3e, 0x00, 0x00, 0x41, 0x00, 0x00, 0x3a, 0x00,
  0x01, 0x43, 0x2d, 0x00, 0x3f, 0x2d, 0x00, 0x3a, 0x2d, 0x83, 0x5f, 0x3a,
  0x00, 0x00, 0x3f, 0x00, 0x00, 0x43, 0x00, 0x01, 0x3a, 0x2d, 0x00, 0x3e,
  0x2d, 0x00, 0x43, 0x2d, 0x83, 0x5f, 0x43, 0x00, 0x00, 0x3e, 0x00, 0x00,
  0x3a, 0x00, 0x01, 0x3c, 0x2d, 0x00, 0x3f, 0x2d, 0x00, 0x43, 0x2d, 0x83,
  0x5f, 0x43, 0x00, 0x00, 0x3f, 0x00, 0x00, 0x3c, 0x00, 0x01, 0x3a, 0x2d,
  0x00, 0x3f, 0x2d, 0x00, 0x43, 0x2d, 0x83, 0x5f, 0x43, 0x00, 0x00, 0x3f,
  0x00, 0x00, 0x3a, 0x00, 0x01, 0x3c, 0x2d, 0x00, 0x38, 0x2d, 0x00, 0x3f,
  0x2d, 0x83, 0x5f, 0x3f, 0x00, 0x00, 0x38, 0x00, 0x00, 0x3c, 0x00, 0x01,
  0x43, 0x2d, 0x00, 0x3a, 0x2d, 0x00, 0x3f, 0x2d, 0x83, 0x5d, 0x3a, 0x00,
  0x02, 0x3f, 0x00, 0x00, 0x43, 0x00, 0x01, 0x3a, 0x2d, 0x00, 0x3e, 0x2d,
  0x00, 0x41, 0x2d, 0x87, 0x3f, 0x41, 0x00, 0x00, 0x3e, 0x00, 0x00, 0x3a,
  0x00, 0x01, 0x3a, 0x2d, 0x00, 0x3f, 0x2d, 0x00, 0x43, 0x2d, 0x83, 0x5f,
  0x43, 0x00, 0x00, 0x3f, 0x00, 0x00, 0x3a, 0x00, 0x01, 0x43, 0x2d, 0x00,
  0x3e, 0x2d, 0x00, 0x3a, 0x2d, 0x83, 0x5f, 0x3a, 0x00, 0x00, 0x3e, 0x00,
  0x00, 0x43, 0x00, 0x01, 0x3f, 0x2d, 0x00, 0x3c, 0x2d, 0x00, 0x43, 0x2d,
  0x83, 0x5f, 0x43, 0x00, 0x00, 0x3c, 0x00, 0x00, 0x3f, 0x00, 0x01, 0x3f,
  0x2d, 0x00, 0x43, 0x2d, 0x00, 0x3a, 0x2d, 0x83, 0x5f, 0x3a, 0x00, 0x00,
  0x43, 0x00, 0x00, 0x3f, 0x00, 0x01, 0x3c, 0x2d, 0x00, 0x38, 0x2d, 0x00,
  0x3f, 0x2d, 0x83, 0x5f, 0x3f, 0x00, 0x00, 0x38, 0x00, 0x00, 0x3c, 0x00,
  0x01, 0x3e, 0x2d, 0x00, 0x41, 0x2d, 0x00, 0x3a, 0x2d, 0x83, 0x5f, 0x3a,
  0x00, 0x00, 0x41, 0x00, 0x00, 0x3e, 0x00, 0x01, 0x3f, 0x2d, 0x00, 0x43,
  0x2d, 0x00, 0x3a, 0x2d, 0x83, 0x5f, 0x3a, 0x00, 0x00, 0x43, 0x00, 0x00,
  0x3f, 0x00, 0x01, 0x41, 0x2d, 0x00, 0x3a, 0x2d, 0x00, 0x3e, 0x2d, 0x83,
  0x5f, 0x3e, 0x00, 0x00, 0x3a, 0x00, 0x00, 0x41, 0x00, 0x01, 0x3f, 0x2d,
  0x00, 0x3a, 0x2d, 0x00, 0x43, 0x2d, 0x83, 0x5f, 0x43, 0x00, 0x00, 0x3a,
  0x00, 0x00, 0x3f, 0x00, 0x01, 0x3a, 0x2d, 0x00, 0x43, 0x2d, 0x00, 0x3e,
  0x2d, 0x83, 0x5f, 0x3e, 0x00, 0x00, 0x43, 0x00, 0x00, 0x3a, 0x00, 0x01,
  0x3c, 0x2d, 0x00, 0x3f, 0x2d, 0x00, 0x43, 0x2d, 0x83, 0x5f, 0x43, 0x00,
  0x00, 0x3f, 0x00, 0x00, 0x3c, 0x00, 0x01, 0x43, 0x2d, 0x00, 0x3f, 0x2d,
  0x00, 0x3a, 0x2d, 0x83, 0x5f, 0x3a, 0x00, 0x00, 0x3f, 0x00, 0x00, 0x43,
  0x00, 0x01, 0x3c, 0x2d, 0x00, 0x3f, 0x2d, 0x00, 0x38, 0x2d, 0x83, 0x5f,
  0x38, 0x00, 0x00, 0x3f, 0x00, 0x00, 0x3c, 0x00, 0x01, 0x3f, 0x2d, 0x00,
  0x43, 0x2d, 0x00, 0x3a, 0x2d, 0x83, 0x5f, 0x3a, 0x00, 0x00, 0x43, 0x00,
  0x00, 0x3f, 0x00, 0x01, 0x41, 0x2d, 0x00, 0x3a, 0x2d, 0x00, 0x3e, 0x2d,
  0x87, 0x3f, 0x3e, 0x00, 0x00, 0x3a, 0x00, 0x00, 0x41, 0x00, 0x01, 0x3f,
  0x2d, 0x00, 0x3a, 0x2d, 0x00, 0x43, 0x2d, 0x83, 0x5f, 0x43, 0x00, 0x00,
  0x3a, 0x00, 0x00, 0x3f, 0x00, 0x01, 0x3a, 0x2d, 0x00, 0x43, 0x2d, 0x00,
  0x3e, 0x2d, 0x83, 0x5f, 0x3e, 0x00, 0x00, 0x43, 0x00, 0x00, 0x3a, 0x00,
  0x01, 0x3c, 0x2d, 0x00, 0x3f, 0x2d, 0x00, 0x43, 0x2d, 0x83, 0x5f, 0x43,
  0x00, 0x00, 0x3f, 0x00, 0x00, 0x3c, 0x00, 0x01, 0x43, 0x2d, 0x00, 0x3f,
  0x2d, 0x00, 0x3a, 0x2d, 0x83, 0x5f, 0x3a, 0x00, 0x00, 0x3f, 0x00, 0x00,
  0x43, 0x00, 0x01, 0x3c, 0x2d, 0x00, 0x3f, 0x2d, 0x00, 0x38, 0x2d, 0x83,
  0x5f, 0x38, 0x00, 0x00, 0x3f, 0x00, 0x00, 0x3c, 0x00, 0x01, 0x3a, 0x2d,
  0x00, 0x3e, 0x2d, 0x00, 0x41, 0x2d, 0x83, 0x5f, 0x41, 0x00, 0x00, 0x3e,
  0x00, 0x00, 0x3a, 0x00, 0x01, 0x43, 0x2d, 0x00, 0x3c, 0x2d, 0x00, 0x3f,
  0x2d, 0x83, 0x5f, 0x3f, 0x00, 0x00, 0x3c, 0x00, 0x00, 0x43, 0x00, 0x01,
  0x3a, 0x28, 0x00, 0x41, 0x28, 0x00, 0x3e, 0x28, 0x84, 0x0d, 0xb5, 0x0b,
  0x7b, 0x0e, 0x0b, 0x78, 0x10, 0x0b, 0x74, 0x12, 0x0b, 0x71, 0x0c, 0x0b,
  0x6d, 0x0e, 0x0b, 0x6a, 0x12, 0x0b, 0x66, 0x0f, 0x0b, 0x63, 0x0f, 0x0b,
  0x60, 0x0f, 0x0b, 0x5c, 0x0e, 0x0b, 0x59, 0x10, 0x0b, 0x55, 0x0e, 0x0b,
  0x52, 0x10, 0x0b, 0x4e, 0x11, 0x0b, 0x4b, 0x0c, 0x0b, 0x48, 0x12, 0x0b,
  0x44, 0x0f, 0x0b, 0x41, 0x0f, 0x0b, 0x3d, 0x0f, 0x0b, 0x3a, 0x0f, 0x0b,
  0x36, 0x12, 0x0b, 0x33, 0x0c, 0x0b, 0x30, 0x0e, 0x0b, 0x2c, 0x12, 0x0b,
  0x29, 0x0f, 0x0b, 0x25, 0x0c, 0x0b, 0x22, 0x12, 0x0b, 0x1e, 0x0f, 0x0b,
  0x1b, 0x0f, 0x0b, 0x18, 0x0e, 0x0b, 0x14, 0x10, 0x0b, 0x11, 0x12, 0x0b,
  0x0d, 0x0c, 0x0b, 0x0a, 0x0f, 0x63, 0x01, 0x01, 0x62, 0x63, 0x01, 0x06,
  0x40, 0x01, 0x26, 0x00, 0x01, 0x63, 0x01, 0x01, 0x62, 0x66, 0x01, 0x06,
  0x40, 0x01, 0x26, 0x00, 0x01, 0x95, 0x3e, 0x00, 0x01, 0x41, 0x00, 0x00,
  0x3a, 0x00, 0x00, 0xff, 0x2f, 0x00, 0x4d, 0x54, 0x72, 0x6b, 0x00, 0x00,
  0x04, 0x2e, 0x00, 0xff, 0x03, 0x02, 0x35, 0x33, 0x6b, 0xb6, 0x79, 0x00,
  0x01, 0x20, 0x00, 0x01, 0x00, 0x00, 0x01, 0xc6, 0x35, 0x01, 0xb6, 0x5b,
  0x32, 0x01, 0x5d, 0x00, 0x01, 0x5e, 0x00, 0x01, 0x0a, 0x40, 0x01, 0x63,
  0x01, 0x01, 0x62, 0x09, 0x01, 0x06, 0x46, 0x01, 0x26, 0x00, 0x01, 0x63,
  0x01, 0x01, 0x62, 0x66, 0x01, 0x06, 0x4c, 0x01, 0x26, 0x48, 0x01, 0x65,
  0x00, 0x01, 0x64, 0x00, 0x01, 0x06, 0x0c, 0x01, 0x26, 0x00, 0x01, 0xe6,
  0x00, 0x40, 0x01, 0xb6, 0x07, 0x7f, 0x81, 0x82, 0x20, 0x96, 0x43, 0x50,
  0x00, 0x3f, 0x46, 0x83, 0x5f, 0x3f, 0x00, 0x00, 0x43, 0x00, 0x01, 0x3e,
  0x46, 0x00, 0x41, 0x50, 0x83, 0x5f, 0x41, 0x00, 0x00, 0x3e, 0x00, 0x01,
  0x3c, 0x46, 0x00, 0x3f, 0x50, 0x83, 0x5f, 0x3f, 0x00, 0x00, 0x3c, 0x00,
  0x01, 0x43, 0x50, 0x00, 0x3f, 0x46, 0x83, 0x5f, 0x3f, 0x00, 0x00, 0x43,
  0x00, 0x01, 0x3c, 0x50, 0x00, 0x3f, 0x50, 0x77, 0x3f, 0x00, 0x00, 0x3c,
  0x00, 0x01, 0x3a, 0x50, 0x00, 0x3e, 0x50, 0x3b, 0x3e, 0x00, 0x00, 0x3a,
  0x00, 0x01, 0x3f, 0x50, 0x00, 0x3c, 0x50, 0x81, 0x33, 0x3c, 0x00, 0x00,
  0x3f, 0x00, 0x01, 0x3c, 0x50, 0x00, 0x3f, 0x50, 0x3b, 0x3f, 0x00, 0x00,
  0x3c, 0x00, 0x01, 0x3f, 0x50, 0x00, 0x3c, 0x50, 0x3b, 0x3c, 0x00, 0x00,
  0x3f, 0x00, 0x79, 0x3f, 0x50, 0x00, 0x3a, 0x50, 0x3b, 0x3a, 0x00, 0x00,
  0x3f, 0x00, 0x01, 0x3a, 0x50, 0x00, 0x3f, 0x50, 0x3b, 0x3f, 0x00, 0x00,
  0x3a, 0x00, 0x01, 0x3a, 0x50, 0x00, 0x3f, 0x50, 0x3b, 0x3f, 0x00, 0x00,
  0x3a, 0x00, 0x01, 0x3f, 0x50, 0x00, 0x3a, 0x50, 0x3b, 0x3a, 0x00, 0x00,
  0x3f, 0x00, 0x01, 0x3f, 0x50, 0x00, 0x3a, 0x50, 0x3b, 0x3a, 0x00, 0x00,
  0x3f, 0x00, 0x01, 0x3a, 0x50, 0x00, 0x3e, 0x50, 0x01, 0xe6, 0x44, 0x3a,
  0x09, 0x0c, 0x3c, 0x09, 0x06, 0x3e, 0x0a, 0x00, 0x40, 0x84, 0x03, 0x96,
  0x3e, 0x00, 0x00, 0x3a, 0x00, 0x83, 0x5c, 0x43, 0x50, 0x00, 0x3f, 0x46,
  0x83, 0x5f, 0x3f, 0x00, 0x00, 0x43, 0x00, 0x01, 0x3e, 0x46, 0x00, 0x41,
  0x50, 0x83, 0x5f, 0x41, 0x00, 0x00, 0x3e, 0x00, 0x01, 0x3c, 0x46, 0x00,
  0x3f, 0x50, 0x83, 0x5f, 0x3f, 0x00, 0x00, 0x3c, 0x00, 0x01, 0x3f, 0x46,
  0x00, 0x43, 0x50, 0x83, 0x5f, 0x43, 0x00, 0x00, 0x3f, 0x00, 0x79, 0x38,
  0x4b, 0x3b, 0x38, 0x00, 0x01, 0x38, 0x4b, 0x3b, 0x38, 0x00, 0x01, 0x3c,
  0x4b, 0x3b, 0x3c, 0x00, 0x01, 0x3c, 0x4b, 0x81, 0x34, 0x3e, 0x4b, 0x06,
  0x3c, 0x00, 0x71, 0x3e, 0x00, 0x01, 0x3e, 0x4b, 0x77, 0x3e, 0x00, 0x01,
  0x3e, 0x4b, 0x3b, 0x3e, 0x00, 0x01, 0x3c, 0x4b, 0x3b, 0x3c, 0x00, 0x01,
  0x3a, 0x4b, 0x77, 0x3a, 0x00, 0x01, 0x3c, 0x4b, 0x83, 0x5f, 0x3c, 0x00,
  0x01, 0x3a, 0x4b, 0x83, 0x5f, 0x3a, 0x00, 0x81, 0x83, 0x21, 0x3f, 0x46,
  0x00, 0x43, 0x50, 0x83, 0x5f, 0x43, 0x00, 0x00, 0x3f, 0x00, 0x01, 0x41,
  0x50, 0x00, 0x3e, 0x46, 0x83, 0x5f, 0x3e, 0x00, 0x00, 0x41, 0x00, 0x01,
  0x3c, 0x46, 0x00, 0x3f, 0x50, 0x83, 0x5f, 0x3f, 0x00, 0x00, 0x3c, 0x00,
  0x01, 0x3f, 0x46, 0x00, 0x43, 0x50, 0x83, 0x5f, 0x43, 0x00, 0x00, 0x3f,
  0x00, 0x01, 0x3c, 0x50, 0x00, 0x3f, 0x50, 0x77, 0x3f, 0x00, 0x00, 0x3c,
  0x00, 0x01, 0x3a, 0x50, 0x00, 0x3e, 0x50, 0x3b, 0x3e, 0x00, 0x00, 0x3a,
  0x00, 0x01, 0x3f, 0x50, 0x00, 0x3c, 0x50, 0x81, 0x33, 0x3c, 0x00, 0x00,
  0x3f, 0x00, 0x01, 0x3f, 0x50, 0x00, 0x3c, 0x50, 0x3b, 0x3c, 0x00, 0x00,
  0x3f, 0x00, 0x01, 0x3f, 0x50, 0x00, 0x3c, 0x50, 0x3b, 0x3c, 0x00, 0x00,
  0x3f, 0x00, 0x79, 0x3f, 0x50, 0x00, 0x3a, 0x50, 0x3b, 0x3a, 0x00, 0x00,
  0x3f, 0x00, 0x01, 0x3a, 0x50, 0x00, 0x3f, 0x50, 0x3b, 0x3f, 0x00, 0x00,
  0x3a, 0x00, 0x01, 0x3f, 0x50, 0x00, 0x3a, 0x50, 0x3b, 0x3a, 0x00, 0x00,
  0x3f, 0x00, 0x01, 0x3a, 0x50, 0x00, 0x3f, 0x50, 0x3b, 0x3f, 0x00, 0x00,
  0x3a, 0x00, 0x01, 0x3f, 0x50, 0x00, 0x3a, 0x50, 0x3b, 0x3a, 0x00, 0x00,
  0x3f, 0x00, 0x01, 0x3a, 0x50, 0x00, 0x3e, 0x50, 0x01, 0xe6, 0x44, 0x3a,
  0x08, 0x0c, 0x3c, 0x0b, 0x06, 0x3e, 0x09, 0x00, 0x40, 0x84, 0x02, 0x96,
  0x3e, 0x00, 0x00, 0x3a, 0x00, 0x83, 0x5d, 0x3f, 0x46, 0x00, 0x43, 0x50,
  0x83, 0x5f, 0x43, 0x00, 0x00, 0x3f, 0x00, 0x01, 0x41, 0x50, 0x00, 0x3e,
  0x46, 0x83, 0x60, 0x3f, 0x50, 0x00, 0x3c, 0x46, 0x06, 0x3e, 0x00, 0x00,
  0x41, 0x00, 0x83, 0x59, 0x3f, 0x00, 0x00, 0x3c, 0x00, 0x01, 0x3f, 0x46,
  0x00, 0x43, 0x50, 0x83, 0x5f, 0x43, 0x00, 0x00, 0x3f, 0x00, 0x79, 0x38,
  0x4b, 0x3b, 0x38, 0x00, 0x01, 0x38, 0x4b, 0x3b, 0x38, 0x00, 0x01, 0x3c,
  0x4b, 0x3b, 0x3c, 0x00, 0x01, 0x3c, 0x4b, 0x81, 0x34, 0x3e, 0x4b, 0x05,
  0x3c, 0x00, 0x72, 0x3e, 0x00, 0x01, 0x3e, 0x4b, 0x77, 0x3e, 0x00, 0x01,
  0x3e, 0x4b, 0x3b, 0x3e, 0x00, 0x01, 0x3c, 0x4b, 0x3b, 0x3c, 0x00, 0x01,
  0x3a, 0x4b, 0x77, 0x3a, 0x00, 0x01, 0x46, 0x4b, 0x83, 0x5d, 0x46, 0x00,
  0x83, 0x63, 0x43, 0x50, 0x00, 0x3f, 0x46, 0x83, 0x5f, 0x3f, 0x00, 0x00,
  0x43, 0x00, 0x01, 0x3e, 0x46, 0x00, 0x41, 0x50, 0x83, 0x5f, 0x41, 0x00,
  0x00, 0x3e, 0x00, 0x01, 0x3f, 0x50, 0x00, 0x3c, 0x46, 0x83, 0x5f, 0x3c,
  0x00, 0x00, 0x3f, 0x00, 0x01, 0x43, 0x50, 0x00, 0x3f, 0x46, 0x83, 0x5f,
  0x3f, 0x00, 0x01, 0x3f, 0x50, 0x00, 0x3c, 0x50, 0x06, 0x43, 0x00, 0x71,
  0x3c, 0x00, 0x00, 0x3f, 0x00, 0x01, 0x3a, 0x50, 0x00, 0x3e, 0x50, 0x3b,
  0x3e, 0x00, 0x00, 0x3a, 0x00, 0x01, 0x3c, 0x50, 0x00, 0x3f, 0x50, 0x81,
  0x33, 0x3f, 0x00, 0x00, 0x3c, 0x00, 0x01, 0x3c, 0x50, 0x00, 0x3f, 0x50,
  0x3b, 0x3f, 0x00, 0x00, 0x3c, 0x00, 0x01, 0x3c, 0x50, 0x00, 0x3f, 0x50,
  0x3b, 0x3f, 0x00, 0x00, 0x3c, 0x00, 0x79, 0x3f, 0x50, 0x00, 0x3a, 0x50,
  0x3b, 0x3a, 0x00, 0x00, 0x3f, 0x00, 0x01, 0x3a, 0x50, 0x00, 0x3f, 0x50,
  0x3b, 0x3f, 0x00, 0x00, 0x3a, 0x00, 0x01, 0x3a, 0x50, 0x00, 0x3f, 0x50,
  0x3b, 0x3f, 0x00, 0x00, 0x3a, 0x00, 0x01, 0x3f, 0x50, 0x00, 0x3a, 0x50,
  0x3b, 0x3a, 0x00, 0x00, 0x3f, 0x00, 0x01, 0x3a, 0x50, 0x00, 0x3f, 0x50,
  0x3b, 0x3f, 0x00, 0x00, 0x3a, 0x00, 0x01, 0x3e, 0x50, 0x00, 0x3a, 0x50,
  0x01, 0xe6, 0x44, 0x3a, 0x08, 0x0c, 0x3c, 0x0a, 0x06, 0x3e, 0x0a, 0x00,
  0x40, 0x84, 0x02, 0x96, 0x3a, 0x00, 0x00, 0x3e, 0x00, 0x83, 0x5d, 0x43,
  0x50, 0x00, 0x3f, 0x46, 0x83, 0x5f, 0x3f, 0x00, 0x00, 0x43, 0x00, 0x01,
  0x3e, 0x46, 0x00, 0x41, 0x50, 0x83, 0x5f, 0x41, 0x00, 0x00, 0x3e, 0x00,
  0x01, 0x3f, 0x50, 0x00, 0x3c, 0x46, 0x83, 0x5f, 0x3c, 0x00, 0x00, 0x3f,
  0x00, 0x01, 0x3f, 0x46, 0x00, 0x43, 0x50, 0x83, 0x5f, 0x43, 0x00, 0x00,
  0x3f, 0x00, 0x79, 0x38, 0x4b, 0x3b, 0x38, 0x00, 0x01, 0x38, 0x4b, 0x3b,
  0x38, 0x00, 0x01, 0x3c, 0x4b, 0x3b, 0x3c, 0x00, 0x01, 0x3c, 0x4b, 0x81,
  0x34, 0x3e, 0x4b, 0x05, 0x3c, 0x00, 0x71, 0x3e, 0x00, 0x02, 0x3e, 0x4b,
  0x77, 0x3e, 0x00, 0x01, 0x3e, 0x4b, 0x3b, 0x3e, 0x00, 0x01, 0x3c, 0x4b,
  0x3b, 0x3c, 0x00, 0x01, 0x3a, 0x4b, 0x77, 0x3a, 0x00, 0x01, 0x48, 0x4b,
  0x83, 0x5f, 0x48, 0x00, 0x01, 0x46, 0x4b, 0x83, 0x5f, 0x46, 0x00, 0x01,
  0xb6, 0x63, 0x01, 0x01, 0x62, 0x09, 0x01, 0x06, 0x40, 0x01, 0x26, 0x00,
  0x01, 0x63, 0x01, 0x01, 0x62, 0x66, 0x01, 0x06, 0x40, 0x01, 0x26, 0x00,
  0x00, 0xff, 0x2f, 0x00, 0x4d, 0x54, 0x72, 0x6b, 0x00, 0x00, 0x02, 0xf0,
  0x00, 0xff, 0x03, 0x02, 0x33, 0x30, 0x81, 0x01, 0xb7, 0x79, 0x00, 0x01,
  0x20, 0x00, 0x01, 0x00, 0x10, 0x01, 0xc7, 0x1e, 0x01, 0xb7, 0x0a, 0x62,
  0x01, 0x5b, 0x28, 0x01, 0x5d, 0x00, 0x01, 0x5e, 0x00, 0x01, 0x65, 0x00,
  0x01, 0x64, 0x00, 0x01, 0x06, 0x0c, 0x01, 0x26, 0x00, 0x01, 0x63, 0x01,
  0x01, 0x62, 0x20, 0x01, 0x06, 0x4a, 0x01, 0x26, 0x00, 0x01, 0x63, 0x01,
  0x01, 0x62, 0x21, 0x01, 0x06, 0x3c, 0x01, 0x26, 0x00, 0x01, 0x63, 0x01,
  0x01, 0x62, 0x63, 0x01, 0x06, 0x40, 0x01, 0x26, 0x00, 0x01, 0x63, 0x01,
  0x01, 0x62, 0x66, 0x01, 0x06, 0x45, 0x01, 0x26, 0x00, 0x01, 0xe7, 0x00,
  0x40, 0x01, 0xb7, 0x07, 0x66, 0x81, 0x80, 0x4e, 0x97, 0x3a, 0x5a, 0x00,
  0x2e, 0x5a, 0x7c, 0xe7, 0x00, 0x3f, 0x05, 0x00, 0x3b, 0x06, 0x00, 0x36,
  0x05, 0x00, 0x32, 0x05, 0x00, 0x2d, 0x05, 0x00, 0x28, 0x05, 0x00, 0x24,
  0x04, 0x00, 0x1f, 0x05, 0x00, 0x1a, 0x0c, 0x97, 0x2e, 0x00, 0x00, 0x3a,
  0x00, 0x03, 0xe7, 0x00, 0x40, 0x01, 0x97, 0x33, 0x50, 0x83, 0x58, 0x33,
  0x00, 0x08, 0x2b, 0x50, 0x83, 0x5a, 0x2b, 0x00, 0x06, 0x30, 0x50, 0x83,
  0x5a, 0x30, 0x00, 0x06, 0x2e, 0x50, 0x83, 0x59, 0x2e, 0x00, 0x07, 0x2c,
  0x50, 0x83, 0x59, 0x2c, 0x00, 0x07, 0x33, 0x50, 0x83, 0x5a, 0x33, 0x00,
  0x06, 0x2e, 0x50, 0x85, 0x4e, 0x2e, 0x00, 0x02, 0x3a, 0x5a, 0x00, 0x2e,
  0x5a, 0x81, 0x36, 0xe7, 0x00, 0x3f, 0x05, 0x00, 0x3b, 0x05, 0x00, 0x36,
  0x05, 0x00, 0x32, 0x06, 0x00, 0x2d, 0x05, 0x00, 0x28, 0x05, 0x00, 0x24,
  0x04, 0x00, 0x1f, 0x05, 0x00, 0x1a, 0x0e, 0x97, 0x3a, 0x00, 0x01, 0x2e,
  0x00, 0x02, 0xe7, 0x00, 0x40, 0x01, 0x97, 0x33, 0x50, 0x83, 0x59, 0x33,
  0x00, 0x07, 0x2b, 0x50, 0x83, 0x5a, 0x2b, 0x00, 0x06, 0x30, 0x50, 0x83,
  0x5a, 0x30, 0x00, 0x06, 0x2e, 0x50, 0x83, 0x59, 0x2e, 0x00, 0x07, 0x2c,
  0x50, 0x83, 0x5b, 0x2c, 0x00, 0x05, 0x2e, 0x50, 0x83, 0x59, 0x2e, 0x00,
  0x07, 0x30, 0x50, 0x83, 0x5b, 0x30, 0x00, 0x05, 0x2e, 0x46, 0x87, 0x3f,
  0x2e, 0x00, 0xfe, 0x0d, 0x2e, 0x5a, 0x00, 0x3a, 0x5a, 0x7b, 0xe7, 0x00,
  0x3f, 0x05, 0x00, 0x3b, 0x05, 0x00, 0x36, 0x05, 0x00, 0x32, 0x05, 0x00,
  0x2d, 0x06, 0x00, 0x28, 0x05, 0x00, 0x24, 0x05, 0x00, 0x1f, 0x04, 0x00,
  0x1a, 0x0d, 0x97, 0x3a, 0x00, 0x00, 0x2e, 0x00, 0x03, 0xe7, 0x00, 0x40,
  0x01, 0x97, 0x33, 0x50, 0x83, 0x58, 0x33, 0x00, 0x08, 0x2b, 0x50, 0x83,
  0x59, 0x2b, 0x00, 0x07, 0x30, 0x50, 0x83, 0x5a, 0x30, 0x00, 0x06, 0x2e,
  0x50, 0x83, 0x5a, 0x2e, 0x00, 0x06, 0x2c, 0x50, 0x83, 0x59, 0x2c, 0x00,
  0x07, 0x33, 0x50, 0x83, 0x59, 0x33, 0x00, 0x07, 0x2e, 0x50, 0x85, 0x4f,
  0x2e, 0x00, 0x01, 0x2e, 0x5a, 0x00, 0x3a, 0x5a, 0x81, 0x37, 0xe7, 0x00,
  0x3f, 0x04, 0x00, 0x3b, 0x05, 0x00, 0x36, 0x05, 0x00, 0x32, 0x05, 0x00,
  0x2d, 0x05, 0x00, 0x28, 0x05, 0x00, 0x24, 0x06, 0x00, 0x1f, 0x05, 0x00,
  0x1a, 0x0c, 0x97, 0x3a, 0x00, 0x01, 0x2e, 0x00, 0x03, 0xe7, 0x00, 0x40,
  0x01, 0x97, 0x33, 0x50, 0x83, 0x59, 0x33, 0x00, 0x07, 0x2b, 0x50, 0x83,
  0x59, 0x2b, 0x00, 0x07, 0x30, 0x50, 0x83, 0x59, 0x30, 0x00, 0x07, 0x2e,
  0x50, 0x83, 0x5b, 0x2e, 0x00, 0x05, 0x2c, 0x50, 0x83, 0x5a, 0x2c, 0x00,
  0x06, 0x2e, 0x50, 0x83, 0x59, 0x2e, 0x00, 0x07, 0x33, 0x50, 0x83, 0x5b,
  0x33, 0x00, 0x05, 0x2e, 0x50, 0x82, 0x25, 0x2e, 0x00, 0x07, 0x2e, 0x5a,
  0x00, 0x3a, 0x5a, 0x7b, 0xe7, 0x00, 0x3f, 0x04, 0x00, 0x3b, 0x05, 0x00,
  0x36, 0x05, 0x00, 0x32, 0x05, 0x00, 0x2d, 0x05, 0x00, 0x28, 0x05, 0x00,
  0x24, 0x05, 0x00, 0x1f, 0x06, 0x00, 0x1a, 0x0b, 0x97, 0x3a, 0x00, 0x01,
  0x2e, 0x00, 0x04, 0xe7, 0x00, 0x40, 0x01, 0x97, 0x33, 0x50, 0x83, 0x5a,
  0x33, 0x00, 0x06, 0x2b, 0x50, 0x83, 0x59, 0x2b, 0x00, 0x07, 0x30, 0x50,
  0x83, 0x59, 0x30, 0x00, 0x07, 0x2e, 0x50, 0x83, 0x59, 0x2e, 0x00, 0x07,
  0x2c, 0x50, 0x83, 0x5a, 0x2c, 0x00, 0x06, 0x33, 0x50, 0x83, 0x5a, 0x33,
  0x00, 0x06, 0x2e, 0x50, 0x85, 0x4f, 0x2e, 0x00, 0x01, 0x2e, 0x5a, 0x00,
  0x3a, 0x5a, 0x81, 0x36, 0xe7, 0x00, 0x3f, 0x05, 0x00, 0x3b, 0x05, 0x00,
  0x36, 0x05, 0x00, 0x32, 0x05, 0x00, 0x2d, 0x05, 0x00, 0x28, 0x05, 0x00,
  0x24, 0x05, 0x00, 0x1f, 0x05, 0x00, 0x1a, 0x0d, 0x97, 0x2e, 0x00, 0x01,
  0x3a, 0x00, 0x03, 0xe7, 0x00, 0x40, 0x01, 0x97, 0x33, 0x50, 0x83, 0x5a,
  0x33, 0x00, 0x06, 0x2b, 0x50, 0x83, 0x5b, 0x2b, 0x00, 0x05, 0x30, 0x50,
  0x83, 0x59, 0x30, 0x00, 0x07, 0x2e, 0x50, 0x83, 0x5a, 0x2e, 0x00, 0x06,
  0x2c, 0x50, 0x83, 0x5a, 0x2c, 0x00, 0x06, 0x2e, 0x50, 0x83, 0x5a, 0x2e,
  0x00, 0x06, 0x30, 0x50, 0x83, 0x5b, 0x30, 0x00, 0x05, 0x2e, 0x46, 0x83,
  0x5f, 0x2e, 0x00, 0x01, 0xb7, 0x63, 0x01, 0x01, 0x62, 0x20, 0x01, 0x06,
  0x40, 0x01, 0x26, 0x00, 0x01, 0x63, 0x01, 0x01, 0x62, 0x21, 0x01, 0x06,
  0x40, 0x01, 0x26, 0x00, 0x01, 0x63, 0x01, 0x01, 0x62, 0x63, 0x01, 0x06,
  0x40, 0x01, 0x26, 0x00, 0x01, 0x63, 0x01, 0x01, 0x62, 0x66, 0x01, 0x06,
  0x40, 0x01, 0x26, 0x00, 0x00, 0xff, 0x2f, 0x00, 0x4d, 0x54, 0x72, 0x6b,
  0x00, 0x00, 0x01, 0x24, 0x00, 0xff, 0x03, 0x02, 0x32, 0x37, 0x81, 0x1f,
  0xb8, 0x79, 0x00, 0x01, 0x20, 0x00, 0x01, 0x00, 0x00, 0x01, 0xc8, 0x1b,
  0x01, 0xb8, 0x65, 0x00, 0x01, 0x64, 0x00, 0x01, 0x06, 0x0c, 0x01, 0x26,
  0x00, 0x01, 0x5b, 0x64, 0x01, 0x5d, 0x64, 0x01, 0x5e, 0x14, 0x01, 0x0a,
  0x40, 0x01, 0x63, 0x01, 0x01, 0x62, 0x21, 0x01, 0x06, 0x4a, 0x01, 0x26,
  0x00, 0x01, 0x63, 0x01, 0x01, 0x62, 0x63, 0x01, 0x06, 0x64, 0x01, 0x26,
  0x00, 0x01, 0x77, 0x05, 0x01, 0xe8, 0x00, 0x40, 0x01, 0xb8, 0x07, 0x7f,
  0x81, 0xc3, 0x3b, 0x98, 0x4f, 0x5a, 0x6d, 0xe8, 0x54, 0x3a, 0x10, 0x2c,
  0x35, 0x09, 0x00, 0x30, 0x0a, 0x55, 0x2a, 0x0f, 0x98, 0x4f, 0x00, 0x50,
  0xe8, 0x00, 0x40, 0x3d, 0x98, 0x46, 0x5a, 0x82, 0x67, 0x46, 0x00, 0x3d,
  0x48, 0x5a, 0x35, 0x48, 0x00, 0x1b, 0x4a, 0x5a, 0x36, 0x4a, 0x00, 0x1a,
  0x4b, 0x5a, 0x37, 0x4b, 0x00, 0x19, 0x4d, 0x5a, 0x37, 0x4d, 0x00, 0x19,
  0x4f, 0x5a, 0x37, 0x4f, 0x00, 0x19, 0x52, 0x5a, 0x37, 0x52, 0x00, 0x55,
  0x4b, 0x5a, 0x82, 0x67, 0x4b, 0x00, 0x3d, 0x48, 0x5a, 0x01, 0xe8, 0x2c,
  0x35, 0x0e, 0x54, 0x3a, 0x0f, 0x00, 0x40, 0x81, 0x15, 0x98, 0x48, 0x00,
  0x3d, 0x41, 0x5a, 0x0f, 0xe8, 0x2c, 0x45, 0x0f, 0x54, 0x4a, 0x81, 0x43,
  0x2c, 0x45, 0x0e, 0x00, 0x40, 0x82, 0x6b, 0x98, 0x41, 0x00, 0x76, 0x41,
  0x5a, 0x0f, 0xe8, 0x2c, 0x45, 0x0f, 0x54, 0x4a, 0x82, 0x4a, 0x68, 0x47,
  0x1a, 0x3c, 0x45, 0x18, 0x74, 0x43, 0x19, 0x7a, 0x41, 0x2e, 0x00, 0x40,
  0x2c, 0xb8, 0x63, 0x01, 0x00, 0x62, 0x63, 0x00, 0x06, 0x40, 0x00, 0x26,
  0x00, 0x0d, 0x98, 0x41, 0x00, 0x02, 0x3f, 0x49, 0x01, 0xe8, 0x54, 0x4a,
  0x0e, 0x00, 0x40, 0x83, 0x14, 0x98, 0x3f, 0x00, 0x81, 0x70, 0xb8, 0x5e,
  0x00, 0x01, 0x63, 0x01, 0x01, 0x62, 0x21, 0x01, 0x06, 0x40, 0x01, 0x26,
  0x00, 0x01, 0x63, 0x01, 0x01, 0x62, 0x63, 0x01, 0x06, 0x40, 0x01, 0x26,
  0x00, 0x01, 0x77, 0x00, 0x00, 0xff, 0x2f, 0x00, 0x4d, 0x54, 0x72, 0x6b,
  0x00, 0x00, 0x03, 0x94, 0x00, 0xff, 0x03, 0x07, 0x64, 0x72, 0x75, 0x6d,
  0x2d, 0x63, 0x33, 0x00, 0xb9, 0x07, 0x7f, 0x01, 0xc9, 0x00, 0x01, 0xb9,
  0x5b, 0x3c, 0x01, 0x5d, 0x00, 0xdd, 0x5d, 0x99, 0x24, 0x7f, 0x02, 0x24,
  0x00, 0x83, 0x22, 0x24, 0x7f, 0x02, 0x24, 0x00, 0x3a, 0x24, 0x7f, 0x02,
  0x24, 0x00, 0x83, 0x5e, 0x24, 0x7f, 0x02, 0x24, 0x00, 0x83, 0x22, 0x24,
  0x7f, 0x02, 0x24, 0x00, 0x3a, 0x24, 0x7f, 0x02, 0x24, 0x00, 0x83, 0x5e,
  0x24, 0x7f, 0x02, 0x24, 0x00, 0x83, 0x22, 0x24, 0x7f, 0x02, 0x24, 0x00,
  0x3a, 0x24, 0x7f, 0x02, 0x24, 0x00, 0x83, 0x5e, 0x24, 0x7f, 0x02, 0x24,
  0x00, 0x83, 0x22, 0x24, 0x7f, 0x02, 0x24, 0x00, 0x3a, 0x24, 0x7f, 0x02,
  0x24, 0x00, 0x83, 0x5e, 0x24, 0x7f, 0x02, 0x24, 0x00, 0x83, 0x22, 0x24,
  0x7f, 0x02, 0x24, 0x00, 0x3a, 0x24, 0x7f, 0x02, 0x24, 0x00, 0x83, 0x5e,
  0x24, 0x7f, 0x02, 0x24, 0x00, 0x83, 0x22, 0x24, 0x7f, 0x02, 0x24, 0x00,
  0x3a, 0x24, 0x7f, 0x02, 0x24, 0x00, 0x83, 0x5e, 0x24, 0x7f, 0x02, 0x24,
  0x00, 0x83, 0x22, 0x24, 0x7f, 0x02, 0x24, 0x00, 0x3a, 0x24, 0x7f, 0x02,
  0x24, 0x00, 0x83, 0x5e, 0x24, 0x7f, 0x02, 0x24, 0x00, 0x83, 0x22, 0x24,
  0x7f, 0x02, 0x24, 0x00, 0x3a, 0x24, 0x7f, 0x02, 0x24, 0x00, 0x83, 0x5e,
  0x24, 0x7f, 0x02, 0x24, 0x00, 0x83, 0x22, 0x24, 0x7f, 0x02, 0x24, 0x00,
  0x3a, 0x24, 0x7f, 0x02, 0x24, 0x00, 0x83, 0x5e, 0x24, 0x7f, 0x02, 0x24,
  0x00, 0x83, 0x22, 0x24, 0x7f, 0x02, 0x24, 0x00, 0x3a, 0x24, 0x7f, 0x02,
  0x24, 0x00, 0x83, 0x5e, 0x24, 0x7f, 0x02, 0x24, 0x00, 0x83, 0x22, 0x24,
  0x7f, 0x02, 0x24, 0x00, 0x3a, 0x24, 0x7f, 0x02, 0x24, 0x00, 0x83, 0x5e,
  0x24, 0x7f, 0x02, 0x24, 0x00, 0x83, 0x22, 0x24, 0x7f, 0x02, 0x24, 0x00,
  0x3a, 0x24, 0x7f, 0x02, 0x24, 0x00, 0x83, 0x5e, 0x24, 0x7f, 0x02, 0x24,
  0x00, 0x83, 0x22, 0x24, 0x7f, 0x02, 0x24, 0x00, 0x3a, 0x24, 0x7f, 0x02,
  0x24, 0x00, 0x81, 0x32, 0x24, 0x7f, 0x02, 0x24, 0x00, 0x82, 0x2a, 0x24,
  0x7f, 0x02, 0x24, 0x00, 0xa1, 0x5e, 0x24, 0x7f, 0x02, 0x24, 0x00, 0x83,
  0x22, 0x24, 0x7f, 0x02, 0x24, 0x00, 0x3a, 0x24, 0x7f, 0x02, 0x24, 0x00,
  0x83, 0x5e, 0x24, 0x7f, 0x02, 0x24, 0x00, 0x83, 0x22, 0x24, 0x7f, 0x02,
  0x24, 0x00, 0x3a, 0x24, 0x7f, 0x02, 0x24, 0x00, 0x83, 0x5e, 0x24, 0x7f,
  0x02, 0x24, 0x00, 0x83, 0x22, 0x24, 0x7f, 0x02, 0x24, 0x00, 0x3a, 0x24,
  0x7f, 0x02, 0x24, 0x00, 0x83, 0x5e, 0x24, 0x7f, 0x02, 0x24, 0x00, 0x83,
  0x22, 0x24, 0x7f, 0x02, 0x24, 0x00, 0x3a, 0x24, 0x7f, 0x02, 0x24, 0x00,
  0x83, 0x5e, 0x24, 0x7f, 0x02, 0x24, 0x00, 0x83, 0x22, 0x24, 0x7f, 0x02,
  0x24, 0x00, 0x3a, 0x24, 0x7f, 0x02, 0x24, 0x00, 0x83, 0x5e, 0x24, 0x7f,
  0x02, 0x24, 0x00, 0x83, 0x22, 0x24, 0x7f, 0x02, 0x24, 0x00, 0x3a, 0x24,
  0x7f, 0x02, 0x24, 0x00, 0x83, 0x5e, 0x24, 0x7f, 0x02, 0x24, 0x00, 0x83,
  0x22, 0x24, 0x7f, 0x02, 0x24, 0x00, 0x3a, 0x24, 0x7f, 0x02, 0x24, 0x00,
  0x83, 0x5e, 0x24, 0x7f, 0x02, 0x24, 0x00, 0x83, 0x22, 0x24, 0x7f, 0x02,
  0x24, 0x00, 0x3a, 0x24, 0x7f, 0x02, 0x24, 0x00, 0x81, 0x32, 0x24, 0x7f,
  0x02, 0x24, 0x00, 0x82, 0x2a, 0x24, 0x7f, 0x02, 0x24, 0x00, 0x83, 0x22,
  0x24, 0x7f, 0x02, 0x24, 0x00, 0x3a, 0x24, 0x7f, 0x02, 0x24, 0x00, 0x83,
  0x5e, 0x24, 0x7f, 0x02, 0x24, 0x00, 0x83, 0x22, 0x24, 0x7f, 0x02, 0x24,
  0x00, 0x3a, 0x24, 0x7f, 0x02, 0x24, 0x00, 0x83, 0x5e, 0x24, 0x7f, 0x02,
  0x24, 0x00, 0x83, 0x22, 0x24, 0x7f, 0x02, 0x24, 0x00, 0x3a, 0x24, 0x7f,
  0x02, 0x24, 0x00, 0x83, 0x5e, 0x24, 0x7f, 0x02, 0x24, 0x00, 0x83, 0x22,
  0x24, 0x7f, 0x02, 0x24, 0x00, 0x3a, 0x24, 0x7f, 0x02, 0x24, 0x00, 0x83,
  0x5e, 0x24, 0x7f, 0x02, 0x24, 0x00, 0x83, 0x22, 0x24, 0x7f, 0x02, 0x24,
  0x00, 0x3a, 0x24, 0x7f, 0x02, 0x24, 0x00, 0x83, 0x68, 0x24, 0x7f, 0x02,
  0x24, 0x00, 0x83, 0x18, 0x24, 0x7f, 0x02, 0x24, 0x00, 0x3a, 0x24, 0x7f,
  0x02, 0x24, 0x00, 0x83, 0x5e, 0x24, 0x7f, 0x02, 0x24, 0x00, 0x83, 0x22,
  0x24, 0x7f, 0x02, 0x24, 0x00, 0x3a, 0x24, 0x7f, 0x02, 0x24, 0x00, 0x83,
  0x5e, 0x24, 0x7f, 0x02, 0x24, 0x00, 0x83, 0x22, 0x24, 0x7f, 0x02, 0x24,
  0x00, 0x3a, 0x24, 0x7f, 0x02, 0x24, 0x00, 0x83, 0x5e, 0x24, 0x7f, 0x02,
  0x24, 0x00, 0x83, 0x22, 0x24, 0x7f, 0x02, 0x24, 0x00, 0x3a, 0x24, 0x7f,
  0x02, 0x24, 0x00, 0x83, 0x5e, 0x24, 0x7f, 0x02, 0x24, 0x00, 0x83, 0x22,
  0x24, 0x7f, 0x02, 0x24, 0x00, 0x3a, 0x24, 0x7f, 0x02, 0x24, 0x00, 0x83,
  0x5e, 0x24, 0x7f, 0x02, 0x24, 0x00, 0x83, 0x22, 0x24, 0x7f, 0x02, 0x24,
  0x00, 0x3a, 0x24, 0x7f, 0x02, 0x24, 0x00, 0x83, 0x5e, 0x24, 0x7f, 0x02,
  0x24, 0x00, 0x83, 0x22, 0x24, 0x7f, 0x02, 0x24, 0x00, 0x3a, 0x24, 0x7f,
  0x02, 0x24, 0x00, 0x83, 0x5e, 0x24, 0x7f, 0x02, 0x24, 0x00, 0x81, 0x32,
  0x24, 0x7f, 0x02, 0x24, 0x00, 0x76, 0x24, 0x7f, 0x02, 0x24, 0x00, 0x76,
  0x24, 0x7f, 0x02, 0x24, 0x00, 0x3a, 0x24, 0x7f, 0x02, 0x24, 0x00, 0x83,
  0x5e, 0x24, 0x7f, 0x02, 0x24, 0x00, 0x83, 0x22, 0x24, 0x7f, 0x02, 0x24,
  0x00, 0x3a, 0x24, 0x7f, 0x02, 0x24, 0x00, 0x83, 0x5e, 0x24, 0x7f, 0x02,
  0x24, 0x00, 0x83, 0x22, 0x24, 0x7f, 0x02, 0x24, 0x00, 0x3a, 0x24, 0x7f,
  0x02, 0x24, 0x00, 0x83, 0x5e, 0x24, 0x7f, 0x02, 0x24, 0x00, 0x83, 0x22,
  0x24, 0x7f, 0x02, 0x24, 0x00, 0x3a, 0x24, 0x7f, 0x02, 0x24, 0x00, 0x83,
  0x5e, 0x24, 0x7f, 0x02, 0x24, 0x00, 0x83, 0x22, 0x24, 0x7f, 0x02, 0x24,
  0x00, 0x3a, 0x24, 0x7f, 0x02, 0x24, 0x00, 0x83, 0x22, 0x24, 0x7f, 0x02,
  0x24, 0x00, 0x3a, 0x24, 0x7f, 0x02, 0x24, 0x00, 0x83, 0x22, 0x24, 0x7f,
  0x02, 0x24, 0x00, 0x3a, 0x24, 0x7f, 0x02, 0x24, 0x00, 0x83, 0x5e, 0x24,
  0x7f, 0x02, 0x24, 0x00, 0x83, 0x22, 0x24, 0x7f, 0x02, 0x24, 0x00, 0x3a,
  0x24, 0x7f, 0x02, 0x24, 0x00, 0x83, 0x5e, 0x24, 0x7f, 0x02, 0x24, 0x00,
  0x83, 0x22, 0x24, 0x7f, 0x02, 0x24, 0x00, 0x3a, 0x24, 0x7f, 0x02, 0x24,
  0x00, 0x83, 0x5e, 0x24, 0x7f, 0x02, 0x24, 0x00, 0x83, 0x22, 0x24, 0x7f,
  0x02, 0x24, 0x00, 0x3a, 0x24, 0x7f, 0x02, 0x24, 0x00, 0x81, 0x32, 0x24,
  0x7f, 0x02, 0x24, 0x00, 0x00, 0xff, 0x2f, 0x00, 0x4d, 0x54, 0x72, 0x6b,
  0x00, 0x00, 0x00, 0xf8, 0x00, 0xff, 0x03, 0x08, 0x64, 0x72, 0x75, 0x6d,
  0x2d, 0x63, 0x23, 0x33, 0xdf, 0x50, 0x99, 0x25, 0x6c, 0x02, 0x25, 0x00,
  0x83, 0x5e, 0x25, 0x6c, 0x02, 0x25, 0x00, 0x83, 0x5e, 0x25, 0x6c, 0x02,
  0x25, 0x00, 0x83, 0x5e, 0x25, 0x6c, 0x02, 0x25, 0x00, 0x83, 0x5e, 0x25,
  0x6c, 0x02, 0x25, 0x00, 0x83, 0x5e, 0x25, 0x6c, 0x02, 0x25, 0x00, 0x83,
  0x5e, 0x25, 0x6c, 0x02, 0x25, 0x00, 0x83, 0x5e, 0x25, 0x6c, 0x02, 0x25,
  0x00, 0x83, 0x5e, 0x25, 0x6c, 0x02, 0x25, 0x00, 0xe5, 0x1e, 0x25, 0x6c,
  0x02, 0x25, 0x00, 0x83, 0x5e, 0x25, 0x6c, 0x02, 0x25, 0x00, 0x83, 0x5e,
  0x25, 0x6c, 0x02, 0x25, 0x00, 0x83, 0x5e, 0x25, 0x6c, 0x02, 0x25, 0x00,
  0x83, 0x5e, 0x25, 0x6c, 0x02, 0x25, 0x00, 0x83, 0x5e, 0x25, 0x6c, 0x02,
  0x25, 0x00, 0x83, 0x5e, 0x25, 0x6c, 0x02, 0x25, 0x00, 0x83, 0x5e, 0x25,
  0x6c, 0x02, 0x25, 0x00, 0x83, 0x5e, 0x25, 0x6c, 0x02, 0x25, 0x00, 0x83,
  0x5e, 0x25, 0x6c, 0x02, 0x25, 0x00, 0x83, 0x5e, 0x25, 0x6c, 0x02, 0x25,
  0x00, 0x83, 0x5e, 0x25, 0x6c, 0x02, 0x25, 0x00, 0x83, 0x5e, 0x25, 0x6c,
  0x02, 0x25, 0x00, 0x83, 0x5e, 0x25, 0x6c, 0x02, 0x25, 0x00, 0x83, 0x5e,
  0x25, 0x6c, 0x02, 0x25, 0x00, 0x87, 0x3e, 0x25, 0x6c, 0x02, 0x25, 0x00,
  0x83, 0x5e, 0x25, 0x6c, 0x02, 0x25, 0x00, 0x83, 0x5e, 0x25, 0x6c, 0x02,
  0x25, 0x00, 0x83, 0x5e, 0x25, 0x6c, 0x02, 0x25, 0x00, 0x83, 0x5e, 0x25,
  0x6c, 0x02, 0x25, 0x00, 0x83, 0x5e, 0x25, 0x6c, 0x02, 0x25, 0x00, 0x83,
  0x5e, 0x25, 0x6c, 0x02, 0x25, 0x00, 0x83, 0x5e, 0x25, 0x6c, 0x02, 0x25,
  0x00, 0x83, 0x5e, 0x25, 0x6c, 0x02, 0x25, 0x00, 0x00, 0xff, 0x2f, 0x00,
  0x4d, 0x54, 0x72, 0x6b, 0x00, 0x00, 0x01, 0x3e, 0x00, 0xff, 0x03, 0x07,
  0x64, 0x72, 0x75, 0x6d, 0x2d, 0x65, 0x33, 0x81, 0x85, 0x10, 0x99, 0x28,
  0x7f, 0x02, 0x28, 0x00, 0x83, 0x5e, 0x28, 0x7f, 0x02, 0x28, 0x00, 0x83,
  0x5e, 0x28, 0x7f, 0x02, 0x28, 0x00, 0x83, 0x5e, 0x28, 0x7f, 0x02, 0x28,
  0x00, 0x83, 0x5e, 0x28, 0x7f, 0x02, 0x28, 0x00, 0x83, 0x5e, 0x28, 0x7f,
  0x02, 0x28, 0x00, 0x83, 0x5e, 0x28, 0x7f, 0x02, 0x28, 0x00, 0x87, 0x3e,
  0x28, 0x7f, 0x02, 0x28, 0x00, 0x83, 0x5e, 0x28, 0x7f, 0x02, 0x28, 0x00,
  0x83, 0x5e, 0x28, 0x7f, 0x02, 0x28, 0x00, 0x83, 0x5e, 0x28, 0x7f, 0x02,
  0x28, 0x00, 0x83, 0x5e, 0x28, 0x7f, 0x02, 0x28, 0x00, 0x83, 0x5e, 0x28,
  0x7f, 0x02, 0x28, 0x00, 0x83, 0x5e, 0x28, 0x7f, 0x02, 0x28, 0x00, 0x81,
  0x8a, 0x5e, 0x28, 0x7f, 0x02, 0x28, 0x00, 0x83, 0x5e, 0x28, 0x7f, 0x02,
  0x28, 0x00, 0x83, 0x5e, 0x28, 0x7f, 0x02, 0x28, 0x00, 0x83, 0x5e, 0x28,
  0x7f, 0x02, 0x28, 0x00, 0x83, 0x5e, 0x28, 0x7f, 0x02, 0x28, 0x00, 0x83,
  0x5e, 0x28, 0x7f, 0x02, 0x28, 0x00, 0x83, 0x5e, 0x28, 0x7f, 0x02, 0x28,
  0x00, 0x87, 0x3e, 0x28, 0x7f, 0x02, 0x28, 0x00, 0x83, 0x5e, 0x28, 0x7f,
  0x02, 0x28, 0x00, 0x83, 0x5e, 0x28, 0x7f, 0x02, 0x28, 0x00, 0x83, 0x5e,
  0x28, 0x7f, 0x02, 0x28, 0x00, 0x83, 0x5e, 0x28, 0x7f, 0x02, 0x28, 0x00,
  0x83, 0x5e, 0x28, 0x7f, 0x02, 0x28, 0x00, 0x82, 0x66, 0x28, 0x7f, 0x00,
  0x28, 0x7f, 0x02, 0x28, 0x00, 0x00, 0x28, 0x00, 0x88, 0x36, 0x28, 0x7f,
  0x02, 0x28, 0x00, 0x83, 0x5e, 0x28, 0x7f, 0x02, 0x28, 0x00, 0x83, 0x5e,
  0x28, 0x7f, 0x02, 0x28, 0x00, 0x83, 0x5e, 0x28, 0x7f, 0x02, 0x28, 0x00,
  0x83, 0x5e, 0x28, 0x7f, 0x02, 0x28, 0x00, 0x83, 0x5e, 0x28, 0x7f, 0x02,
  0x28, 0x00, 0x83, 0x5e, 0x28, 0x7f, 0x02, 0x28, 0x00, 0x87, 0x3e, 0x28,
  0x7f, 0x02, 0x28, 0x00, 0x83, 0x5e, 0x28, 0x7f, 0x02, 0x28, 0x00, 0x83,
  0x5e, 0x28, 0x7f, 0x02, 0x28, 0x00, 0x83, 0x5e, 0x28, 0x7f, 0x02, 0x28,
  0x00, 0x83, 0x5e, 0x28, 0x7f, 0x02, 0x28, 0x00, 0x83, 0x5e, 0x28, 0x7f,
  0x02, 0x28, 0x00, 0x83, 0x5e, 0x28, 0x7f, 0x02, 0x28, 0x00, 0x00, 0xff,
  0x2f, 0x00, 0x4d, 0x54, 0x72, 0x6b, 0x00, 0x00, 0x08, 0x19, 0x00, 0xff,
  0x03, 0x08, 0x64, 0x72, 0x75, 0x6d, 0x2d, 0x66, 0x23, 0x33, 0x9f, 0x70,
  0x99, 0x2a, 0x5f, 0x02, 0x2a, 0x00, 0x3a, 0x2a, 0x5f, 0x02, 0x2a, 0x00,
  0xbd, 0x32, 0x2a, 0x5f, 0x02, 0x2a, 0x00, 0x76, 0x2a, 0x5f, 0x02, 0x2a,
  0x00, 0x76, 0x2a, 0x5f, 0x02, 0x2a, 0x00, 0x76, 0x2a, 0x5f, 0x02, 0x2a,
  0x00, 0x76, 0x2a, 0x5f, 0x02, 0x2a, 0x00, 0x76, 0x2a, 0x5f, 0x02, 0x2a,
  0x00, 0x76, 0x2a, 0x5f, 0x02, 0x2a, 0x00, 0x76, 0x2a, 0x5f, 0x02, 0x2a,
  0x00, 0x76, 0x2a, 0x5f, 0x02, 0x2a, 0x00, 0x76, 0x2a, 0x5f, 0x02, 0x2a,
  0x00, 0x76, 0x2a, 0x5f, 0x02, 0x2a, 0x00, 0x76, 0x2a, 0x5f, 0x02, 0x2a,
  0x00, 0x76, 0x2a, 0x5f, 0x02, 0x2a, 0x00, 0x76, 0x2a, 0x5f, 0x02, 0x2a,
  0x00, 0x76, 0x2a, 0x5f, 0x02, 0x2a, 0x00, 0x76, 0x2a, 0x5f, 0x02, 0x2a,
  0x00, 0x76, 0x2a, 0x5f, 0x02, 0x2a, 0x00, 0x76, 0x2a, 0x5f, 0x02, 0x2a,
  0x00, 0x76, 0x2a, 0x5f, 0x02, 0x2a, 0x00, 0x76, 0x2a, 0x5f, 0x02, 0x2a,
  0x00, 0x76, 0x2a, 0x5f, 0x02, 0x2a, 0x00, 0x76, 0x2a, 0x5f, 0x02, 0x2a,
  0x00, 0x76, 0x2a, 0x5f, 0x02, 0x2a, 0x00, 0x76, 0x2a, 0x5f, 0x02, 0x2a,
  0x00, 0x76, 0x2a, 0x5f, 0x02, 0x2a, 0x00, 0x76, 0x2a, 0x5f, 0x02, 0x2a,
  0x00, 0x76, 0x2a, 0x5f, 0x02, 0x2a, 0x00, 0x76, 0x2a, 0x5f, 0x02, 0x2a,
  0x00, 0x76, 0x2a, 0x5f, 0x02, 0x2a, 0x00, 0x76, 0x2a, 0x5f, 0x02, 0x2a,
  0x00, 0x76, 0x2a, 0x5f, 0x02, 0x2a, 0x00, 0x76, 0x2a, 0x5f, 0x02, 0x2a,
  0x00, 0x76, 0x2a, 0x5f, 0x02, 0x2a, 0x00, 0x76, 0x2a, 0x5f, 0x02, 0x2a,
  0x00, 0x76, 0x2a, 0x5f, 0x02, 0x2a, 0x00, 0x76, 0x2a, 0x5f, 0x02, 0x2a,
  0x00, 0x76, 0x2a, 0x5f, 0x02, 0x2a, 0x00, 0x76, 0x2a, 0x5f, 0x02, 0x2a,
  0x00, 0x76, 0x2a, 0x5f, 0x02, 0x2a, 0x00, 0x76, 0x2a, 0x5f, 0x02, 0x2a,
  0x00, 0x76, 0x2a, 0x64, 0x02, 0x2a, 0x00, 0x76, 0x2a, 0x64, 0x02, 0x2a,
  0x00, 0x76, 0x2a, 0x64, 0x02, 0x2a, 0x00, 0x76, 0x2a, 0x64, 0x02, 0x2a,
  0x00, 0x76, 0x2a, 0x64, 0x02, 0x2a, 0x00, 0x76, 0x2a, 0x64, 0x02, 0x2a,
  0x00, 0x76, 0x2a, 0x64, 0x02, 0x2a, 0x00, 0x76, 0x2a, 0x64, 0x02, 0x2a,
  0x00, 0x76, 0x2a, 0x64, 0x02, 0x2a, 0x00, 0x76, 0x2a, 0x64, 0x02, 0x2a,
  0x00, 0x76, 0x2a, 0x64, 0x02, 0x2a, 0x00, 0x76, 0x2a, 0x64, 0x02, 0x2a,
  0x00, 0x76, 0x2a, 0x64, 0x02, 0x2a, 0x00, 0x76, 0x2a, 0x64, 0x02, 0x2a,
  0x00, 0x76, 0x2a, 0x64, 0x02, 0x2a, 0x00, 0x76, 0x2a, 0x64, 0x02, 0x2a,
  0x00, 0x81, 0x00, 0x2a, 0x64, 0x02, 0x2a, 0x00, 0x6c, 0x2a, 0x64, 0x02,
  0x2a, 0x00, 0x76, 0x2a, 0x64, 0x02, 0x2a, 0x00, 0x76, 0x2a, 0x64, 0x02,
  0x2a, 0x00, 0x76, 0x2a, 0x64, 0x02, 0x2a, 0x00, 0x76, 0x2a, 0x64, 0x02,
  0x2a, 0x00, 0x76, 0x2a, 0x64, 0x02, 0x2a, 0x00, 0x76, 0x2a, 0x64, 0x02,
  0x2a, 0x00, 0x76, 0x2a, 0x64, 0x02, 0x2a, 0x00, 0x76, 0x2a, 0x64, 0x02,
  0x2a, 0x00, 0x76, 0x2a, 0x64, 0x02, 0x2a, 0x00, 0x76, 0x2a, 0x64, 0x02,
  0x2a, 0x00, 0x76, 0x2a, 0x64, 0x02, 0x2a, 0x00, 0x76, 0x2a, 0x64, 0x02,
  0x2a, 0x00, 0x76, 0x2a, 0x64, 0x02, 0x2a, 0x00, 0x76, 0x2a, 0x64, 0x02,
  0x2a, 0x00, 0x76, 0x2a, 0x64, 0x02, 0x2a, 0x00, 0x76, 0x2a, 0x64, 0x02,
  0x2a, 0x00, 0x76, 0x2a, 0x64, 0x02, 0x2a, 0x00, 0x76, 0x2a, 0x64, 0x02,
  0x2a, 0x00, 0x76, 0x2a, 0x64, 0x02, 0x2a, 0x00, 0x76, 0x2a, 0x64, 0x02,
  0x2a, 0x00, 0x76, 0x2a, 0x64, 0x02, 0x2a, 0x00, 0x76, 0x2a, 0x64, 0x02,
  0x2a, 0x00, 0x76, 0x2a, 0x64, 0x02, 0x2a, 0x00, 0x76, 0x2a, 0x64, 0x02,
  0x2a, 0x00, 0x76, 0x2a, 0x64, 0x02, 0x2a, 0x00, 0x76, 0x2a, 0x64, 0x02,
  0x2a, 0x00, 0x76, 0x2a, 0x64, 0x02, 0x2a, 0x00, 0x76, 0x2a, 0x64, 0x02,
  0x2a, 0x00, 0x76, 0x2a, 0x64, 0x02, 0x2a, 0x00, 0x76, 0x2a, 0x64, 0x02,
  0x2a, 0x00, 0x76, 0x2a, 0x64, 0x02, 0x2a, 0x00, 0x76, 0x2a, 0x64, 0x02,
  0x2a, 0x00, 0x76, 0x2a, 0x64, 0x02, 0x2a, 0x00, 0x76, 0x2a, 0x64, 0x02,
  0x2a, 0x00, 0x76, 0x2a, 0x64, 0x02, 0x2a, 0x00, 0x76, 0x2a, 0x64, 0x02,
  0x2a, 0x00, 0x76, 0x2a, 0x64, 0x02, 0x2a, 0x00, 0x76, 0x2a, 0x64, 0x02,
  0x2a, 0x00, 0x76, 0x2a, 0x64, 0x02, 0x2a, 0x00, 0x76, 0x2a, 0x64, 0x02,
  0x2a, 0x00, 0x76, 0x2a, 0x64, 0x02, 0x2a, 0x00, 0x76, 0x2a, 0x64, 0x02,
  0x2a, 0x00, 0x76, 0x2a, 0x64, 0x02, 0x2a, 0x00, 0x76, 0x2a, 0x64, 0x02,
  0x2a, 0x00, 0x76, 0x2a, 0x64, 0x02, 0x2a, 0x00, 0x76, 0x2a, 0x64, 0x02,
  0x2a, 0x00, 0x76, 0x2a, 0x64, 0x02, 0x2a, 0x00, 0x81, 0x6e, 0x2a, 0x5f,
  0x02, 0x2a, 0x00, 0x3a, 0x2a, 0x5f, 0x02, 0x2a, 0x00, 0x9d, 0x42, 0x2a,
  0x5f, 0x02, 0x2a, 0x00, 0x3a, 0x2a, 0x5f, 0x02, 0x2a, 0x00, 0x81, 0x32,
  0x2a, 0x5f, 0x02, 0x2a, 0x00, 0x76, 0x2a, 0x5f, 0x02, 0x2a, 0x00, 0x76,
  0x2a, 0x5f, 0x02, 0x2a, 0x00, 0x76, 0x2a, 0x5f, 0x02, 0x2a, 0x00, 0x76,
  0x2a, 0x5f, 0x02, 0x2a, 0x00, 0x76, 0x2a, 0x5f, 0x02, 0x2a, 0x00, 0x76,
  0x2a, 0x5f, 0x02, 0x2a, 0x00, 0x76, 0x2a, 0x5f, 0x02, 0x2a, 0x00, 0x76,
  0x2a, 0x5f, 0x02, 0x2a, 0x00, 0x76, 0x2a, 0x5f, 0x02, 0x2a, 0x00, 0x76,
  0x2a, 0x5f, 0x02, 0x2a, 0x00, 0x76, 0x2a, 0x5f, 0x02, 0x2a, 0x00, 0x76,
  0x2a, 0x5f, 0x02, 0x2a, 0x00, 0x76, 0x2a, 0x5f, 0x02, 0x2a, 0x00, 0x76,
  0x2a, 0x5f, 0x02, 0x2a, 0x00, 0x76, 0x2a, 0x5f, 0x02, 0x2a, 0x00, 0x76,
  0x2a, 0x5f, 0x02, 0x2a, 0x00, 0x76, 0x2a, 0x5f, 0x02, 0x2a, 0x00, 0x76,
  0x2a, 0x5f, 0x02, 0x2a, 0x00, 0x76, 0x2a, 0x5f, 0x02, 0x2a, 0x00, 0x76,
  0x2a, 0x5f, 0x02, 0x2a, 0x00, 0x76, 0x2a, 0x5f, 0x02, 0x2a, 0x00, 0x76,
  0x2a, 0x5f, 0x02, 0x2a, 0x00, 0x76, 0x2a, 0x5f, 0x02, 0x2a, 0x00, 0x76,
  0x2a, 0x5f, 0x02, 0x2a, 0x00, 0x76, 0x2a, 0x5f, 0x02, 0x2a, 0x00, 0x76,
  0x2a, 0x5f, 0x02, 0x2a, 0x00, 0x76, 0x2a, 0x5f, 0x02, 0x2a, 0x00, 0x76,
  0x2a, 0x5f, 0x02, 0x2a, 0x00, 0x76, 0x2a, 0x5f, 0x02, 0x2a, 0x00, 0x76,
  0x2a, 0x5f, 0x02, 0x2a, 0x00, 0x81, 0x6e, 0x2a, 0x5f, 0x02, 0x2a, 0x00,
  0x76, 0x2a, 0x5f, 0x02, 0x2a, 0x00, 0x76, 0x2a, 0x5f, 0x02, 0x2a, 0x00,
  0x76, 0x2a, 0x5f, 0x02, 0x2a, 0x00, 0x76, 0x2a, 0x5f, 0x02, 0x2a, 0x00,
  0x76, 0x2a, 0x5f, 0x02, 0x2a, 0x00, 0x76, 0x2a, 0x5f, 0x02, 0x2a, 0x00,
  0x76, 0x2a, 0x5f, 0x02, 0x2a, 0x00, 0x76, 0x2a, 0x5f, 0x02, 0x2a, 0x00,
  0x76, 0x2a, 0x5f, 0x02, 0x2a, 0x00, 0x76, 0x2a, 0x5f, 0x02, 0x2a, 0x00,
  0x76, 0x2a, 0x5f, 0x02, 0x2a, 0x00, 0x76, 0x2a, 0x5f, 0x02, 0x2a, 0x00,
  0x76, 0x2a, 0x5f, 0x02, 0x2a, 0x00, 0x76, 0x2a, 0x5f, 0x02, 0x2a, 0x00,
  0x76, 0x2a, 0x5f, 0x02, 0x2a, 0x00, 0x76, 0x2a, 0x5f, 0x02, 0x2a, 0x00,
  0x76, 0x2a, 0x5f, 0x02, 0x2a, 0x00, 0x76, 0x2a, 0x5f, 0x02, 0x2a, 0x00,
  0x76, 0x2a, 0x5f, 0x02, 0x2a, 0x00, 0x76, 0x2a, 0x5f, 0x02, 0x2a, 0x00,
  0x76, 0x2a, 0x5f, 0x02, 0x2a, 0x00, 0x76, 0x2a, 0x5f, 0x02, 0x2a, 0x00,
  0x76, 0x2a, 0x5f, 0x02, 0x2a, 0x00, 0x76, 0x2a, 0x5f, 0x02, 0x2a, 0x00,
  0x76, 0x2a, 0x5f, 0x02, 0x2a, 0x00, 0x76, 0x2a, 0x5f, 0x02, 0x2a, 0x00,
  0x76, 0x2a, 0x5f, 0x02, 0x2a, 0x00, 0x76, 0x2a, 0x5f, 0x02, 0x2a, 0x00,
  0x76, 0x2a, 0x5f, 0x02, 0x2a, 0x00, 0x76, 0x2a, 0x5f, 0x02, 0x2a, 0x00,
  0x81, 0x6e, 0x2a, 0x5f, 0x02, 0x2a, 0x00, 0x76, 0x2a, 0x5f, 0x02, 0x2a,
  0x00, 0x76, 0x2a, 0x5f, 0x02, 0x2a, 0x00, 0x76, 0x2a, 0x5f, 0x02, 0x2a,
  0x00, 0x76, 0x2a, 0x5f, 0x02, 0x2a, 0x00, 0x76, 0x2a, 0x5f, 0x02, 0x2a,
  0x00, 0x76, 0x2a, 0x5f, 0x02, 0x2a, 0x00, 0x76, 0x2a, 0x5f, 0x02, 0x2a,
  0x00, 0x76, 0x2a, 0x5f, 0x02, 0x2a, 0x00, 0x76, 0x2a, 0x5f, 0x02, 0x2a,
  0x00, 0x76, 0x2a, 0x5f, 0x02, 0x2a, 0x00, 0x76, 0x2a, 0x5f, 0x02, 0x2a,
  0x00, 0x76, 0x2a, 0x5f, 0x02, 0x2a, 0x00, 0x76, 0x2a, 0x5f, 0x02, 0x2a,
  0x00, 0x76, 0x2a, 0x5f, 0x02, 0x2a, 0x00, 0x76, 0x2a, 0x5f, 0x02, 0x2a,
  0x00, 0x76, 0x2a, 0x5f, 0x02, 0x2a, 0x00, 0x76, 0x2a, 0x5f, 0x02, 0x2a,
  0x00, 0x76, 0x2a, 0x5f, 0x02, 0x2a, 0x00, 0x76, 0x2a, 0x5f, 0x02, 0x2a,
  0x00, 0x76, 0x2a, 0x5f, 0x02, 0x2a, 0x00, 0x76, 0x2a, 0x5f, 0x02, 0x2a,
  0x00, 0x76, 0x2a, 0x5f, 0x02, 0x2a, 0x00, 0x76, 0x2a, 0x5f, 0x02, 0x2a,
  0x00, 0x76, 0x2a, 0x5f, 0x02, 0x2a, 0x00, 0x76, 0x2a, 0x5f, 0x02, 0x2a,
  0x00, 0x76, 0x2a, 0x5f, 0x02, 0x2a, 0x00, 0x76, 0x2a, 0x5f, 0x02, 0x2a,
  0x00, 0x76, 0x2a, 0x5f, 0x02, 0x2a, 0x00, 0x76, 0x2a, 0x5f, 0x02, 0x2a,
  0x00, 0x76, 0x2a, 0x5f, 0x02, 0x2a, 0x00, 0x76, 0x2a, 0x5f, 0x02, 0x2a,
  0x00, 0x76, 0x2a, 0x5f, 0x02, 0x2a, 0x00, 0x76, 0x2a, 0x5f, 0x02, 0x2a,
  0x00, 0x76, 0x2a, 0x5f, 0x02, 0x2a, 0x00, 0x76, 0x2a, 0x5f, 0x02, 0x2a,
  0x00, 0x76, 0x2a, 0x5f, 0x02, 0x2a, 0x00, 0x76, 0x2a, 0x5f, 0x02, 0x2a,
  0x00, 0x76, 0x2a, 0x5f, 0x02, 0x2a, 0x00, 0x76, 0x2a, 0x5f, 0x02, 0x2a,
  0x00, 0x81, 0x00, 0x2a, 0x64, 0x02, 0x2a, 0x00, 0x6c, 0x2a, 0x64, 0x02,
  0x2a, 0x00, 0x76, 0x2a, 0x64, 0x02, 0x2a, 0x00, 0x76, 0x2a, 0x64, 0x02,
  0x2a, 0x00, 0x81, 0x00, 0x2a, 0x64, 0x02, 0x2a, 0x00, 0x6c, 0x2a, 0x64,
  0x02, 0x2a, 0x00, 0x76, 0x2a, 0x64, 0x02, 0x2a, 0x00, 0x76, 0x2a, 0x64,
  0x02, 0x2a, 0x00, 0x76, 0x2a, 0x64, 0x02, 0x2a, 0x00, 0x76, 0x2a, 0x64,
  0x02, 0x2a, 0x00, 0x76, 0x2a, 0x64, 0x02, 0x2a, 0x00, 0x76, 0x2a, 0x64,
  0x02, 0x2a, 0x00, 0x76, 0x2a, 0x64, 0x02, 0x2a, 0x00, 0x76, 0x2a, 0x64,
  0x02, 0x2a, 0x00, 0x76, 0x2a, 0x64, 0x02, 0x2a, 0x00, 0x76, 0x2a, 0x64,
  0x02, 0x2a, 0x00, 0x76, 0x2a, 0x64, 0x02, 0x2a, 0x00, 0x76, 0x2a, 0x64,
  0x02, 0x2a, 0x00, 0x76, 0x2a, 0x64, 0x02, 0x2a, 0x00, 0x76, 0x2a, 0x64,
  0x02, 0x2a, 0x00, 0x76, 0x2a, 0x64, 0x02, 0x2a, 0x00, 0x76, 0x2a, 0x64,
  0x02, 0x2a, 0x00, 0x76, 0x2a, 0x64, 0x02, 0x2a, 0x00, 0x76, 0x2a, 0x64,
  0x02, 0x2a, 0x00, 0x76, 0x2a, 0x64, 0x02, 0x2a, 0x00, 0x76, 0x2a, 0x64,
  0x02, 0x2a, 0x00, 0x76, 0x2a, 0x64, 0x02, 0x2a, 0x00, 0x76, 0x2a, 0x64,
  0x02, 0x2a, 0x00, 0x76, 0x2a, 0x64, 0x02, 0x2a, 0x00, 0x76, 0x2a, 0x64,
  0x02, 0x2a, 0x00, 0x76, 0x2a, 0x64, 0x02, 0x2a, 0x00, 0x76, 0x2a, 0x64,
  0x02, 0x2a, 0x00, 0x76, 0x2a, 0x64, 0x02, 0x2a, 0x00, 0x76, 0x2a, 0x64,
  0x02, 0x2a, 0x00, 0x76, 0x2a, 0x64, 0x02, 0x2a, 0x00, 0x76, 0x2a, 0x64,
  0x02, 0x2a, 0x00, 0x76, 0x2a, 0x64, 0x02, 0x2a, 0x00, 0x76, 0x2a, 0x64,
  0x02, 0x2a, 0x00, 0x76, 0x2a, 0x64, 0x02, 0x2a, 0x00, 0x76, 0x2a, 0x64,
  0x02, 0x2a, 0x00, 0x76, 0x2a, 0x64, 0x02, 0x2a, 0x00, 0x76, 0x2a, 0x64,
  0x02, 0x2a, 0x00, 0x76, 0x2a, 0x64, 0x02, 0x2a, 0x00, 0x76, 0x2a, 0x64,
  0x02, 0x2a, 0x00, 0x76, 0x2a, 0x64, 0x02, 0x2a, 0x00, 0x76, 0x2a, 0x64,
  0x02, 0x2a, 0x00, 0x76, 0x2a, 0x64, 0x02, 0x2a, 0x00, 0x76, 0x2a, 0x64,
  0x02, 0x2a, 0x00, 0x76, 0x2a, 0x64, 0x02, 0x2a, 0x00, 0x76, 0x2a, 0x64,
  0x02, 0x2a, 0x00, 0x76, 0x2a, 0x64, 0x02, 0x2a, 0x00, 0x76, 0x2a, 0x64,
  0x02, 0x2a, 0x00, 0x76, 0x2a, 0x64, 0x02, 0x2a, 0x00, 0x76, 0x2a, 0x64,
  0x02, 0x2a, 0x00, 0x76, 0x2a, 0x64, 0x02, 0x2a, 0x00, 0x76, 0x2a, 0x64,
  0x02, 0x2a, 0x00, 0x76, 0x2a, 0x64, 0x02, 0x2a, 0x00, 0x76, 0x2a, 0x64,
  0x02, 0x2a, 0x00, 0x76, 0x2a, 0x64, 0x02, 0x2a, 0x00, 0x76, 0x2a, 0x64,
  0x02, 0x2a, 0x00, 0x76, 0x2a, 0x64, 0x02, 0x2a, 0x00, 0x76, 0x2a, 0x64,
  0x02, 0x2a, 0x00, 0x76, 0x2a, 0x64, 0x02, 0x2a, 0x00, 0x76, 0x2a, 0x64,
  0x02, 0x2a, 0x00, 0x76, 0x2a, 0x64, 0x02, 0x2a, 0x00, 0x76, 0x2a, 0x64,
  0x02, 0x2a, 0x00, 0x76, 0x2a, 0x64, 0x02, 0x2a, 0x00, 0x76, 0x2a, 0x64,
  0x02, 0x2a, 0x00, 0x76, 0x2a, 0x64, 0x02, 0x2a, 0x00, 0x76, 0x2a, 0x64,
  0x02, 0x2a, 0x00, 0x76, 0x2a, 0x64, 0x02, 0x2a, 0x00, 0x76, 0x2a, 0x64,
  0x02, 0x2a, 0x00, 0x76, 0x2a, 0x64, 0x02, 0x2a, 0x00, 0x76, 0x2a, 0x64,
  0x02, 0x2a, 0x00, 0x76, 0x2a, 0x64, 0x02, 0x2a, 0x00, 0x76, 0x2a, 0x64,
  0x02, 0x2a, 0x00, 0x76, 0x2a, 0x64, 0x02, 0x2a, 0x00, 0x76, 0x2a, 0x64,
  0x02, 0x2a, 0x00, 0x76, 0x2a, 0x64, 0x02, 0x2a, 0x00, 0x76, 0x2a, 0x64,
  0x02, 0x2a, 0x00, 0x76, 0x2a, 0x64, 0x02, 0x2a, 0x00, 0x76, 0x2a, 0x64,
  0x02, 0x2a, 0x00, 0x76, 0x2a, 0x64, 0x02, 0x2a, 0x00, 0x76, 0x2a, 0x64,
  0x02, 0x2a, 0x00, 0x76, 0x2a, 0x64, 0x02, 0x2a, 0x00, 0x76, 0x2a, 0x64,
  0x02, 0x2a, 0x00, 0x76, 0x2a, 0x64, 0x02, 0x2a, 0x00, 0x76, 0x2a, 0x64,
  0x02, 0x2a, 0x00, 0x76, 0x2a, 0x64, 0x02, 0x2a, 0x00, 0x76, 0x2a, 0x64,
  0x02, 0x2a, 0x00, 0x76, 0x2a, 0x64, 0x02, 0x2a, 0x00, 0x76, 0x2a, 0x64,
  0x02, 0x2a, 0x00, 0x76, 0x2a, 0x64, 0x02, 0x2a, 0x00, 0x76, 0x2a, 0x64,
  0x02, 0x2a, 0x00, 0x76, 0x2a, 0x64, 0x02, 0x2a, 0x00, 0x76, 0x2a, 0x64,
  0x02, 0x2a, 0x00, 0x76, 0x2a, 0x64, 0x02, 0x2a, 0x00, 0x76, 0x2a, 0x64,
  0x02, 0x2a, 0x00, 0x76, 0x2a, 0x64, 0x02, 0x2a, 0x00, 0x76, 0x2a, 0x64,
  0x02, 0x2a, 0x00, 0x76, 0x2a, 0x64, 0x02, 0x2a, 0x00, 0x76, 0x2a, 0x64,
  0x02, 0x2a, 0x00, 0x76, 0x2a, 0x64, 0x02, 0x2a, 0x00, 0x76, 0x2a, 0x64,
  0x02, 0x2a, 0x00, 0x76, 0x2a, 0x64, 0x02, 0x2a, 0x00, 0x76, 0x2a, 0x64,
  0x02, 0x2a, 0x00, 0x76, 0x2a, 0x64, 0x02, 0x2a, 0x00, 0x76, 0x2a, 0x64,
  0x02, 0x2a, 0x00, 0x76, 0x2a, 0x64, 0x02, 0x2a, 0x00, 0x76, 0x2a, 0x64,
  0x02, 0x2a, 0x00, 0x76, 0x2a, 0x64, 0x02, 0x2a, 0x00, 0x76, 0x2a, 0x64,
  0x02, 0x2a, 0x00, 0x76, 0x2a, 0x64, 0x02, 0x2a, 0x00, 0x76, 0x2a, 0x64,
  0x02, 0x2a, 0x00, 0x76, 0x2a, 0x64, 0x02, 0x2a, 0x00, 0x76, 0x2a, 0x64,
  0x02, 0x2a, 0x00, 0x76, 0x2a, 0x64, 0x02, 0x2a, 0x00, 0x76, 0x2a, 0x64,
  0x02, 0x2a, 0x00, 0x76, 0x2a, 0x64, 0x02, 0x2a, 0x00, 0x76, 0x2a, 0x64,
  0x02, 0x2a, 0x00, 0x76, 0x2a, 0x64, 0x02, 0x2a, 0x00, 0x76, 0x2a, 0x64,
  0x02, 0x2a, 0x00, 0x76, 0x2a, 0x64, 0x02, 0x2a, 0x00, 0x76, 0x2a, 0x64,
  0x02, 0x2a, 0x00, 0x76, 0x2a, 0x64, 0x02, 0x2a, 0x00, 0x76, 0x2a, 0x64,
  0x02, 0x2a, 0x00, 0x76, 0x2a, 0x64, 0x02, 0x2a, 0x00, 0x76, 0x2a, 0x64,
  0x02, 0x2a, 0x00, 0x00, 0xff, 0x2f, 0x00, 0x4d, 0x54, 0x72, 0x6b, 0x00,
  0x00, 0x00, 0xe3, 0x00, 0xff, 0x03, 0x08, 0x64, 0x72, 0x75, 0x6d, 0x2d,
  0x67, 0x23, 0x33, 0x85, 0x50, 0x99, 0x2c, 0x64, 0x02, 0x2c, 0x00, 0x83,
  0x5e, 0x2c, 0x64, 0x02, 0x2c, 0x00, 0x83, 0x5e, 0x2c, 0x64, 0x02, 0x2c,
  0x00, 0x83, 0x5e, 0x2c, 0x64, 0x02, 0x2c, 0x00, 0x83, 0x5e, 0x2c, 0x64,
  0x02, 0x2c, 0x00, 0x83, 0x5e, 0x2c, 0x64, 0x02, 0x2c, 0x00, 0x83, 0x5e,
  0x2c, 0x64, 0x02, 0x2c, 0x00, 0x87, 0x3e, 0x2c, 0x64, 0x02, 0x2c, 0x00,
  0x83, 0x5e, 0x2c, 0x64, 0x02, 0x2c, 0x00, 0x83, 0x5e, 0x2c, 0x64, 0x02,
  0x2c, 0x00, 0x83, 0x5e, 0x2c, 0x64, 0x02, 0x2c, 0x00, 0x83, 0x5e, 0x2c,
  0x64, 0x02, 0x2c, 0x00, 0x83, 0x5e, 0x2c, 0x64, 0x02, 0x2c, 0x00, 0x83,
  0x5e, 0x2c, 0x64, 0x02, 0x2c, 0x00, 0x83, 0x5e, 0x2c, 0x64, 0x02, 0x2c,
  0x00, 0x83, 0x5e, 0x2c, 0x64, 0x02, 0x2c, 0x00, 0x83, 0x5e, 0x2c, 0x64,
  0x02, 0x2c, 0x00, 0x83, 0x5e, 0x2c, 0x64, 0x02, 0x2c, 0x00, 0x83, 0x5e,
  0x2c, 0x64, 0x02, 0x2c, 0x00, 0x83, 0x5e, 0x2c, 0x64, 0x02, 0x2c, 0x00,
  0x83, 0x5e, 0x2c, 0x64, 0x02, 0x2c, 0x00, 0x83, 0x5e, 0x2c, 0x64, 0x02,
  0x2c, 0x00, 0x83, 0x5e, 0x2c, 0x64, 0x02, 0x2c, 0x00, 0xe8, 0x7e, 0x2c,
  0x64, 0x02, 0x2c, 0x00, 0x83, 0x5e, 0x2c, 0x64, 0x02, 0x2c, 0x00, 0x83,
  0x5e, 0x2c, 0x64, 0x02, 0x2c, 0x00, 0x83, 0x5e, 0x2c, 0x64, 0x02, 0x2c,
  0x00, 0x83, 0x5e, 0x2c, 0x64, 0x02, 0x2c, 0x00, 0x83, 0x5e, 0x2c, 0x64,
  0x02, 0x2c, 0x00, 0x83, 0x5e, 0x2c, 0x64, 0x02, 0x2c, 0x00, 0x00, 0xff,
  0x2f, 0x00, 0x4d, 0x54, 0x72, 0x6b, 0x00, 0x00, 0x00, 0x35, 0x00, 0xff,
  0x03, 0x08, 0x64, 0x72, 0x75, 0x6d, 0x2d, 0x61, 0x23, 0x33, 0xa0, 0x68,
  0x99, 0x2e, 0x50, 0x02, 0x2e, 0x00, 0x81, 0xa1, 0x1e, 0x2e, 0x50, 0x02,
  0x2e, 0x00, 0x9d, 0x7e, 0x2e, 0x50, 0x02, 0x2e, 0x00, 0x9d, 0x7e, 0x2e,
  0x50, 0x02, 0x2e, 0x00, 0x9d, 0x7e, 0x2e, 0x50, 0x02, 0x2e, 0x00, 0x00,
  0xff, 0x2f, 0x00, 0x4d, 0x54, 0x72, 0x6b, 0x00, 0x00, 0x00, 0x52, 0x00,
  0xff, 0x03, 0x08, 0x64, 0x72, 0x75, 0x6d, 0x2d, 0x63, 0x23, 0x34, 0x81,
  0x83, 0x21, 0x99, 0x31, 0x64, 0x02, 0x31, 0x00, 0x9d, 0x7e, 0x31, 0x64,
  0x02, 0x31, 0x00, 0x8e, 0x7e, 0x31, 0x64, 0x02, 0x31, 0x00, 0x81, 0x92,
  0x1e, 0x31, 0x64, 0x02, 0x31, 0x00, 0x9d, 0x7e, 0x31, 0x64, 0x02, 0x31,
  0x00, 0x8e, 0x7e, 0x31, 0x64, 0x02, 0x31, 0x00, 0x8e, 0x7e, 0x31, 0x64,
  0x02, 0x31, 0x00, 0x9d, 0x7e, 0x31, 0x64, 0x02, 0x31, 0x00, 0x8e, 0x7e,
  0x31, 0x64, 0x02, 0x31, 0x00, 0x00, 0xff, 0x2f, 0x00, 0x4d, 0x54, 0x72,
  0x6b, 0x00, 0x00, 0x01, 0x4a, 0x00, 0xff, 0x03, 0x0a, 0x64, 0x72, 0x75,
  0x6d, 0x2d, 0x66, 0x33, 0x7e, 0x64, 0x34, 0xdc, 0x2c, 0x99, 0x32, 0x62,
  0x02, 0x32, 0x00, 0x3a, 0x2f, 0x62, 0x02, 0x2f, 0x00, 0x3a, 0x2d, 0x62,
  0x02, 0x2d, 0x00, 0xa2, 0x1a, 0x32, 0x62, 0x02, 0x32, 0x00, 0x76, 0x30,
  0x63, 0x02, 0x30, 0x00, 0x3a, 0x2f, 0x63, 0x02, 0x2f, 0x00, 0x3a, 0x2d,
  0x64, 0x02, 0x2d, 0x00, 0x3a, 0x2b, 0x65, 0x02, 0x2b, 0x00, 0x76, 0x29,
  0x66, 0x02, 0x29, 0x00, 0x9a, 0x5a, 0x32, 0x67, 0x02, 0x32, 0x00, 0x76,
  0x30, 0x67, 0x02, 0x30, 0x00, 0x3a, 0x2f, 0x67, 0x02, 0x2f, 0x00, 0x3a,
  0x2f, 0x67, 0x02, 0x2f, 0x00, 0x3a, 0x2d, 0x67, 0x02, 0x2d, 0x00, 0x3a,
  0x2b, 0x67, 0x02, 0x2b, 0x00, 0x3a, 0x29, 0x67, 0x02, 0x29, 0x00, 0x9c,
  0x4a, 0x2b, 0x62, 0x02, 0x2b, 0x00, 0xdc, 0x2a, 0x2f, 0x62, 0x02, 0x2f,
  0x00, 0x81, 0x32, 0x2b, 0x62, 0x02, 0x2b, 0x00, 0xa3, 0x4e, 0x32, 0x62,
  0x02, 0x32, 0x00, 0x76, 0x30, 0x63, 0x02, 0x30, 0x00, 0x3a, 0x2f, 0x64,
  0x02, 0x2f, 0x00, 0x3a, 0x2d, 0x64, 0x02, 0x2d, 0x00, 0x3a, 0x2b, 0x65,
  0x02, 0x2b, 0x00, 0x3a, 0x29, 0x66, 0x02, 0x29, 0x00, 0x9b, 0x16, 0x32,
  0x67, 0x02, 0x32, 0x00, 0x76, 0x30, 0x67, 0x02, 0x30, 0x00, 0x3a, 0x2f,
  0x67, 0x02, 0x2f, 0x00, 0x3a, 0x2f, 0x67, 0x02, 0x2f, 0x00, 0x3a, 0x2d,
  0x67, 0x02, 0x2d, 0x00, 0x3a, 0x2b, 0x67, 0x02, 0x2b, 0x00, 0x3a, 0x29,
  0x67, 0x02, 0x29, 0x00, 0x9a, 0x5a, 0x32, 0x5d, 0x00, 0x32, 0x67, 0x02,
  0x32, 0x00, 0x00, 0x32, 0x00, 0x3a, 0x2f, 0x67, 0x02, 0x2f, 0x00, 0x76,
  0x2d, 0x67, 0x02, 0x2d, 0x00, 0x1c, 0x2b, 0x67, 0x02, 0x2b, 0x00, 0x1c,
  0x30, 0x67, 0x02, 0x30, 0x00, 0x3a, 0x2d, 0x67, 0x02, 0x2d, 0x00, 0x3a,
  0x2b, 0x67, 0x02, 0x2b, 0x00, 0x3a, 0x29, 0x67, 0x02, 0x29, 0x00, 0x9a,
  0x5a, 0x32, 0x67, 0x02, 0x32, 0x00, 0x3a, 0x30, 0x67, 0x02, 0x30, 0x00,
  0x3a, 0x2f, 0x67, 0x02, 0x2f, 0x00, 0x3a, 0x2d, 0x67, 0x02, 0x2d, 0x00,
  0x3a, 0x2f, 0x67, 0x02, 0x2f, 0x00, 0x3a, 0x2b, 0x67, 0x02, 0x2b, 0x00,
  0x3a, 0x29, 0x67, 0x02, 0x29, 0x00, 0x9d, 0x01, 0x2d, 0x58, 0x02, 0x2d,
  0x00, 0x03, 0x2d, 0x62, 0x02, 0x2d, 0x00, 0x00, 0xff, 0x2f, 0x00, 0x4d,
  0x54, 0x72, 0x6b, 0x00, 0x00, 0x00, 0x2b, 0x00, 0xff, 0x03, 0x08, 0x64,
  0x72, 0x75, 0x6d, 0x2d, 0x64, 0x23, 0x34, 0x83, 0xbe, 0x57, 0x99, 0x33,
  0x5a, 0x02, 0x33, 0x00, 0x0a, 0x33, 0x5d, 0x02, 0x33, 0x00, 0x0a, 0x33,
  0x61, 0x02, 0x33, 0x00, 0x0c, 0x33, 0x65, 0x02, 0x33, 0x00, 0x00, 0xff,
  0x2f, 0x00, 0x0d, 0x0a, 0x0d, 0x0a
};
unsigned int song_mid_len = 27426;
