const unsigned char song_mid[] = {
  0x4d, 0x54, 0x68, 0x64, 0x00, 0x00, 0x00, 0x06, 0x00, 0x00, 0x00, 0x01,
  0x01, 0xe0, 0x4d, 0x54, 0x72, 0x6b, 0x00, 0x00, 0x88, 0x6f, 0x00, 0xff,
  0x7f, 0x03, 0x00, 0x00, 0x41, 0x00, 0xff, 0x03, 0x0c, 0x46, 0x4d, 0x5f,
  0x45, 0x4d, 0x50, 0x49, 0x52, 0x2e, 0x4d, 0x49, 0x44, 0x00, 0xff, 0x54,
  0x05, 0x20, 0x00, 0x00, 0x00, 0x00, 0x00, 0xff, 0x58, 0x04, 0x04, 0x02,
  0x18, 0x08, 0x00, 0xff, 0x59, 0x02, 0x00, 0x00, 0x00, 0xff, 0x51, 0x03,
  0x08, 0xf9, 0xcb, 0x00, 0xc3, 0x2a, 0x00, 0xc2, 0x2a, 0x00, 0xcd, 0x2a,
  0x00, 0xcc, 0x2a, 0x00, 0xb3, 0x07, 0x78, 0x00, 0xb2, 0x07, 0x78, 0x00,
  0xbd, 0x07, 0x78, 0x00, 0xbc, 0x07, 0x78, 0x00, 0xff, 0x06, 0x0b, 0x41,
  0x44, 0x5f, 0x45, 0x4d, 0x50, 0x49, 0x52, 0x45, 0x2e, 0x31, 0x03, 0xc3,
  0x2a, 0x00, 0xc2, 0x2a, 0x00, 0xcd, 0x2a, 0x00, 0xcc, 0x2a, 0x00, 0xb3,
  0x07, 0x78, 0x00, 0xb2, 0x07, 0x78, 0x00, 0xbd, 0x07, 0x78, 0x00, 0xbc,
  0x07, 0x78, 0x01, 0xc3, 0x39, 0x00, 0xcd, 0x39, 0x00, 0xb3, 0x07, 0x78,
  0x00, 0xbd, 0x07, 0x78, 0x01, 0xb4, 0x07, 0x78, 0x00, 0xc4, 0x2b, 0x00,
  0xbe, 0x07, 0x78, 0x00, 0xce, 0x2b, 0x01, 0xb9, 0x07, 0x7d, 0x00, 0xbf,
  0x07, 0x7d, 0x8e, 0x7a, 0x94, 0x2b, 0x72, 0x00, 0x1f, 0x72, 0x00, 0x9e,
  0x2b, 0x72, 0x00, 0x1f, 0x72, 0x00, 0x99, 0x26, 0x32, 0x00, 0x9f, 0x26,
  0x32, 0x37, 0x89, 0x26, 0x40, 0x00, 0x8f, 0x26, 0x40, 0x81, 0x0f, 0x84,
  0x2b, 0x40, 0x00, 0x1f, 0x40, 0x00, 0x8e, 0x2b, 0x40, 0x00, 0x1f, 0x40,
  0x82, 0x18, 0x94, 0x2b, 0x6b, 0x00, 0x1f, 0x6b, 0x00, 0x9e, 0x2b, 0x6b,
  0x00, 0x1f, 0x6b, 0x07, 0x99, 0x26, 0x34, 0x00, 0x9f, 0x26, 0x34, 0x3d,
  0x89, 0x26, 0x40, 0x00, 0x8f, 0x26, 0x40, 0x5c, 0x84, 0x2b, 0x40, 0x00,
  0x1f, 0x40, 0x00, 0x8e, 0x2b, 0x40, 0x00, 0x1f, 0x40, 0x48, 0x94, 0x2b,
  0x78, 0x00, 0x1f, 0x78, 0x00, 0x9e, 0x2b, 0x78, 0x00, 0x1f, 0x78, 0x14,
  0x99, 0x26, 0x2e, 0x00, 0x9f, 0x26, 0x2e, 0x2f, 0x89, 0x26, 0x40, 0x00,
  0x8f, 0x26, 0x40, 0x03, 0x84, 0x2b, 0x40, 0x00, 0x1f, 0x40, 0x00, 0x8e,
  0x2b, 0x40, 0x00, 0x1f, 0x40, 0x0a, 0x94, 0x2b, 0x64, 0x00, 0x1f, 0x64,
  0x00, 0x9e, 0x2b, 0x64, 0x00, 0x1f, 0x64, 0x14, 0x99, 0x26, 0x25, 0x00,
  0x9f, 0x26, 0x25, 0x2f, 0x89, 0x26, 0x40, 0x00, 0x8f, 0x26, 0x40, 0x03,
  0x84, 0x2b, 0x40, 0x00, 0x1f, 0x40, 0x00, 0x8e, 0x2b, 0x40, 0x00, 0x1f,
  0x40, 0x08, 0x94, 0x2b, 0x6b, 0x00, 0x1f, 0x6b, 0x00, 0x9e, 0x2b, 0x6b,
  0x00, 0x1f, 0x6b, 0x14, 0x99, 0x26, 0x37, 0x00, 0x9f, 0x26, 0x37, 0x29,
  0x84, 0x2b, 0x40, 0x00, 0x1f, 0x40, 0x00, 0x8e, 0x2b, 0x40, 0x00, 0x1f,
  0x40, 0x11, 0x89, 0x26, 0x40, 0x00, 0x8f, 0x26, 0x40, 0x0c, 0x94, 0x2b,
  0x64, 0x00, 0x1f, 0x64, 0x00, 0x9e, 0x2b, 0x64, 0x00, 0x1f, 0x64, 0x02,
  0x99, 0x26, 0x44, 0x00, 0x9f, 0x26, 0x44, 0x44, 0x89, 0x26, 0x40, 0x00,
  0x8f, 0x26, 0x40, 0x32, 0x84, 0x2b, 0x40, 0x00, 0x1f, 0x40, 0x00, 0x8e,
  0x2b, 0x40, 0x00, 0x1f, 0x40, 0x75, 0x94, 0x2b, 0x64, 0x00, 0x1f, 0x64,
  0x00, 0x9e, 0x2b, 0x64, 0x00, 0x1f, 0x64, 0x0d, 0x99, 0x26, 0x2f, 0x00,
  0x9f, 0x26, 0x2f, 0x3a, 0x89, 0x26, 0x40, 0x00, 0x8f, 0x26, 0x40, 0x0c,
  0x94, 0x2b, 0x66, 0x00, 0x1f, 0x66, 0x00, 0x9e, 0x2b, 0x66, 0x00, 0x1f,
  0x66, 0x01, 0x84, 0x2b, 0x40, 0x00, 0x1f, 0x40, 0x00, 0x8e, 0x2b, 0x40,
  0x00, 0x1f, 0x40, 0x00, 0x84, 0x2b, 0x40, 0x00, 0x1f, 0x40, 0x00, 0x8e,
  0x2b, 0x40, 0x00, 0x1f, 0x40, 0x04, 0x99, 0x26, 0x2e, 0x00, 0x9f, 0x26,
  0x2e, 0x48, 0x89, 0x26, 0x40, 0x00, 0x8f, 0x26, 0x40, 0x03, 0x94, 0x2b,
  0x78, 0x00, 0x1f, 0x78, 0x00, 0x9e, 0x2b, 0x78, 0x00, 0x1f, 0x78, 0x0a,
  0x99, 0x26, 0x32, 0x00, 0x9f, 0x26, 0x32, 0x41, 0x84, 0x2b, 0x40, 0x00,
  0x1f, 0x40, 0x00, 0x8e, 0x2b, 0x40, 0x00, 0x1f, 0x40, 0x00, 0x94, 0x1b,
  0x70, 0x00, 0x9e, 0x1b, 0x70, 0x01, 0x89, 0x26, 0x40, 0x00, 0x8f, 0x26,
  0x40, 0x04, 0x92, 0x42, 0x6e, 0x00, 0x9c, 0x42, 0x6e, 0x02, 0x99, 0x2e,
  0x52, 0x00, 0x9f, 0x2e, 0x52, 0x00, 0x94, 0x33, 0x6e, 0x00, 0x9e, 0x33,
  0x6e, 0x00, 0x92, 0x46, 0x5f, 0x00, 0x9c, 0x46, 0x5f, 0x03, 0x99, 0x26,
  0x30, 0x00, 0x9f, 0x26, 0x30, 0x31, 0x84, 0x1b, 0x40, 0x00, 0x8e, 0x1b,
  0x40, 0x02, 0x84, 0x33, 0x40, 0x00, 0x8e, 0x33, 0x40, 0x06, 0x82, 0x42,
  0x40, 0x00, 0x8c, 0x42, 0x40, 0x00, 0x82, 0x46, 0x40, 0x00, 0x8c, 0x46,
  0x40, 0x0a, 0x94, 0x1b, 0x78, 0x00, 0x9e, 0x1b, 0x78, 0x05, 0x89, 0x26,
  0x40, 0x00, 0x8f, 0x26, 0x40, 0x00, 0x92, 0x42, 0x68, 0x00, 0x9c, 0x42,
  0x68, 0x03, 0x94, 0x33, 0x78, 0x00, 0x9e, 0x33, 0x78, 0x05, 0x92, 0x46,
  0x5f, 0x00, 0x9c, 0x46, 0x5f, 0x02, 0x99, 0x26, 0x3a, 0x00, 0x9f, 0x26,
  0x3a, 0x32, 0x82, 0x42, 0x40, 0x00, 0x8c, 0x42, 0x40, 0x02, 0x84, 0x33,
  0x40, 0x00, 0x8e, 0x33, 0x40, 0x00, 0x82, 0x46, 0x40, 0x00, 0x8c, 0x46,
  0x40, 0x01, 0x84, 0x1b, 0x40, 0x00, 0x8e, 0x1b, 0x40, 0x0a, 0x94, 0x1b,
  0x6d, 0x00, 0x9e, 0x1b, 0x6d, 0x02, 0x92, 0x42, 0x72, 0x00, 0x9c, 0x42,
  0x72, 0x03, 0x89, 0x26, 0x40, 0x00, 0x8f, 0x26, 0x40, 0x02, 0x94, 0x33,
  0x67, 0x00, 0x9e, 0x33, 0x67, 0x08, 0x99, 0x26, 0x47, 0x00, 0x9f, 0x26,
  0x47, 0x02, 0x92, 0x46, 0x5f, 0x00, 0x9c, 0x46, 0x5f, 0x25, 0x84, 0x1b,
  0x40, 0x00, 0x8e, 0x1b, 0x40, 0x0f, 0x84, 0x33, 0x40, 0x00, 0x8e, 0x33,
  0x40, 0x01, 0x82, 0x42, 0x40, 0x00, 0x8c, 0x42, 0x40, 0x03, 0x82, 0x46,
  0x40, 0x00, 0x8c, 0x46, 0x40, 0x09, 0x94, 0x1b, 0x6d, 0x00, 0x9e, 0x1b,
  0x6d, 0x05, 0x89, 0x26, 0x40, 0x00, 0x8f, 0x26, 0x40, 0x00, 0x92, 0x42,
  0x78, 0x00, 0x9c, 0x42, 0x78, 0x00, 0x94, 0x33, 0x78, 0x00, 0x9e, 0x33,
  0x78, 0x05, 0x92, 0x46, 0x5f, 0x00, 0x9c, 0x46, 0x5f, 0x0a, 0x99, 0x26,
  0x40, 0x00, 0x9f, 0x26, 0x40, 0x2e, 0x84, 0x33, 0x40, 0x00, 0x8e, 0x33,
  0x40, 0x0b, 0x82, 0x46, 0x40, 0x00, 0x8c, 0x46, 0x40, 0x02, 0x82, 0x42,
  0x40, 0x00, 0x8c, 0x42, 0x40, 0x07, 0x89, 0x26, 0x40, 0x00, 0x8f, 0x26,
  0x40, 0x0f, 0x84, 0x1b, 0x40, 0x00, 0x8e, 0x1b, 0x40, 0x2d, 0x89, 0x2e,
  0x40, 0x00, 0x8f, 0x2e, 0x40, 0x6b, 0x94, 0x1f, 0x78, 0x00, 0x2b, 0x78,
  0x00, 0x9e, 0x1f, 0x78, 0x00, 0x2b, 0x78, 0x05, 0x99, 0x26, 0x40, 0x00,
  0x9f, 0x26, 0x40, 0x42, 0x89, 0x26, 0x40, 0x00, 0x8f, 0x26, 0x40, 0x81,
  0x01, 0x84, 0x1f, 0x40, 0x00, 0x2b, 0x40, 0x00, 0x8e, 0x1f, 0x40, 0x00,
  0x2b, 0x40, 0x82, 0x10, 0x99, 0x26, 0x42, 0x00, 0x9f, 0x26, 0x42, 0x0a,
  0x94, 0x1f, 0x6d, 0x00, 0x2b, 0x6d, 0x00, 0x9e, 0x1f, 0x6d, 0x00, 0x2b,
  0x6d, 0x3a, 0x89, 0x26, 0x40, 0x00, 0x8f, 0x26, 0x40, 0x66, 0x84, 0x1f,
  0x40, 0x00, 0x2b, 0x40, 0x00, 0x8e, 0x1f, 0x40, 0x00, 0x2b, 0x40, 0x4e,
  0x99, 0x26, 0x3c, 0x00, 0x9f, 0x26, 0x3c, 0x00, 0x94, 0x1f, 0x72, 0x00,
  0x2b, 0x72, 0x00, 0x9e, 0x1f, 0x72, 0x00, 0x2b, 0x72, 0x3a, 0x84, 0x1f,
  0x40, 0x00, 0x2b, 0x40, 0x00, 0x8e, 0x1f, 0x40, 0x00, 0x2b, 0x40, 0x03,
  0x89, 0x26, 0x40, 0x00, 0x8f, 0x26, 0x40, 0x13, 0x94, 0x1f, 0x64, 0x00,
  0x2b, 0x64, 0x00, 0x9e, 0x1f, 0x64, 0x00, 0x2b, 0x64, 0x02, 0x99, 0x26,
  0x23, 0x00, 0x9f, 0x26, 0x23, 0x33, 0x84, 0x1f, 0x40, 0x00, 0x2b, 0x40,
  0x00, 0x8e, 0x1f, 0x40, 0x00, 0x2b, 0x40, 0x04, 0x89, 0x26, 0x40, 0x00,
  0x8f, 0x26, 0x40, 0x14, 0x94, 0x1f, 0x78, 0x00, 0x2b, 0x78, 0x00, 0x9e,
  0x1f, 0x78, 0x00, 0x2b, 0x78, 0x03, 0x99, 0x26, 0x40, 0x00, 0x9f, 0x26,
  0x40, 0x42, 0x89, 0x26, 0x40, 0x00, 0x8f, 0x26, 0x40, 0x01, 0x84, 0x1f,
  0x40, 0x00, 0x2b, 0x40, 0x00, 0x8e, 0x1f, 0x40, 0x00, 0x2b, 0x40, 0x0a,
  0x94, 0x1f, 0x70, 0x00, 0x2b, 0x70, 0x00, 0x9e, 0x1f, 0x70, 0x00, 0x2b,
  0x70, 0x00, 0x99, 0x26, 0x3c, 0x00, 0x9f, 0x26, 0x3c, 0x44, 0x89, 0x26,
  0x40, 0x00, 0x8f, 0x26, 0x40, 0x34, 0x84, 0x1f, 0x40, 0x00, 0x2b, 0x40,
  0x00, 0x8e, 0x1f, 0x40, 0x00, 0x2b, 0x40, 0x7d, 0x99, 0x26, 0x30, 0x00,
  0x9f, 0x26, 0x30, 0x0d, 0x94, 0x1f, 0x69, 0x00, 0x2b, 0x69, 0x00, 0x9e,
  0x1f, 0x69, 0x00, 0x2b, 0x69, 0x2a, 0x89, 0x26, 0x40, 0x00, 0x8f, 0x26,
  0x40, 0x19, 0x99, 0x26, 0x32, 0x00, 0x9f, 0x26, 0x32, 0x08, 0x84, 0x1f,
  0x40, 0x00, 0x2b, 0x40, 0x00, 0x8e, 0x1f, 0x40, 0x00, 0x2b, 0x40, 0x07,
  0x94, 0x1f, 0x64, 0x00, 0x2b, 0x64, 0x00, 0x9e, 0x1f, 0x64, 0x00, 0x2b,
  0x64, 0x39, 0x89, 0x26, 0x40, 0x00, 0x8f, 0x26, 0x40, 0x06, 0x84, 0x1f,
  0x40, 0x00, 0x2b, 0x40, 0x00, 0x8e, 0x1f, 0x40, 0x00, 0x2b, 0x40, 0x02,
  0x99, 0x26, 0x3d, 0x00, 0x9f, 0x26, 0x3d, 0x05, 0x94, 0x1f, 0x6b, 0x00,
  0x2b, 0x6b, 0x00, 0x9e, 0x1f, 0x6b, 0x00, 0x2b, 0x6b, 0x3f, 0x89, 0x26,
  0x40, 0x00, 0x8f, 0x26, 0x40, 0x07, 0x92, 0x42, 0x6e, 0x00, 0x9c, 0x42,
  0x6e, 0x00, 0x99, 0x2e, 0x5b, 0x00, 0x9f, 0x2e, 0x5b, 0x00, 0x94, 0x33,
  0x65, 0x00, 0x9e, 0x33, 0x65, 0x02, 0x84, 0x1f, 0x40, 0x00, 0x2b, 0x40,
  0x00, 0x8e, 0x1f, 0x40, 0x00, 0x2b, 0x40, 0x01, 0x92, 0x46, 0x6a, 0x00,
  0x9c, 0x46, 0x6a, 0x02, 0x99, 0x26, 0x34, 0x00, 0x9f, 0x26, 0x34, 0x03,
  0x94, 0x1b, 0x69, 0x00, 0x9e, 0x1b, 0x69, 0x2f, 0x84, 0x1b, 0x40, 0x00,
  0x8e, 0x1b, 0x40, 0x04, 0x84, 0x33, 0x40, 0x00, 0x8e, 0x33, 0x40, 0x07,
  0x89, 0x26, 0x40, 0x00, 0x8f, 0x26, 0x40, 0x08, 0x82, 0x42, 0x40, 0x00,
  0x8c, 0x42, 0x40, 0x00, 0x82, 0x46, 0x40, 0x00, 0x8c, 0x46, 0x40, 0x04,
  0x92, 0x42, 0x68, 0x00, 0x9c, 0x42, 0x68, 0x02, 0x94, 0x33, 0x74, 0x00,
  0x9e, 0x33, 0x74, 0x03, 0x92, 0x46, 0x5f, 0x00, 0x9c, 0x46, 0x5f, 0x02,
  0x99, 0x26, 0x40, 0x00, 0x9f, 0x26, 0x40, 0x00, 0x94, 0x1b, 0x78, 0x00,
  0x9e, 0x1b, 0x78, 0x37, 0x82, 0x42, 0x40, 0x00, 0x8c, 0x42, 0x40, 0x08,
  0x84, 0x33, 0x40, 0x00, 0x8e, 0x33, 0x40, 0x02, 0x82, 0x46, 0x40, 0x00,
  0x8c, 0x46, 0x40, 0x01, 0x89, 0x26, 0x40, 0x00, 0x8f, 0x26, 0x40, 0x02,
  0x92, 0x42, 0x72, 0x00, 0x9c, 0x42, 0x72, 0x03, 0x84, 0x1b, 0x40, 0x00,
  0x8e, 0x1b, 0x40, 0x02, 0x94, 0x33, 0x6e, 0x00, 0x1b, 0x78, 0x00, 0x9e,
  0x33, 0x6e, 0x00, 0x1b, 0x78, 0x05, 0x92, 0x46, 0x5f, 0x00, 0x9c, 0x46,
  0x5f, 0x02, 0x99, 0x26, 0x33, 0x00, 0x9f, 0x26, 0x33, 0x2f, 0x84, 0x33,
  0x40, 0x00, 0x8e, 0x33, 0x40, 0x05, 0x84, 0x1b, 0x40, 0x00, 0x8e, 0x1b,
  0x40, 0x03, 0x82, 0x42, 0x40, 0x00, 0x8c, 0x42, 0x40, 0x0a, 0x82, 0x46,
  0x40, 0x00, 0x8c, 0x46, 0x40, 0x03, 0x89, 0x26, 0x40, 0x00, 0x8f, 0x26,
  0x40, 0x02, 0x92, 0x42, 0x78, 0x00, 0x9c, 0x42, 0x78, 0x03, 0x92, 0x46,
  0x5f, 0x00, 0x9c, 0x46, 0x5f, 0x02, 0x94, 0x33, 0x78, 0x00, 0x1b, 0x78,
  0x00, 0x9e, 0x33, 0x78, 0x00, 0x1b, 0x78, 0x05, 0x99, 0x26, 0x3c, 0x00,
  0x9f, 0x26, 0x3c, 0x31, 0x84, 0x33, 0x40, 0x00, 0x8e, 0x33, 0x40, 0x0e,
  0x84, 0x1b, 0x40, 0x00, 0x8e, 0x1b, 0x40, 0x03, 0x89, 0x26, 0x40, 0x00,
  0x8f, 0x26, 0x40, 0x02, 0x82, 0x42, 0x40, 0x00, 0x8c, 0x42, 0x40, 0x0b,
  0x82, 0x46, 0x40, 0x00, 0x8c, 0x46, 0x40, 0x27, 0x89, 0x2e, 0x40, 0x00,
  0x8f, 0x2e, 0x40, 0x75, 0x99, 0x26, 0x4e, 0x00, 0x9f, 0x26, 0x4e, 0x08,
  0x94, 0x2b, 0x78, 0x00, 0x1f, 0x78, 0x00, 0x9e, 0x2b, 0x78, 0x00, 0x1f,
  0x78, 0x32, 0x89, 0x26, 0x40, 0x00, 0x8f, 0x26, 0x40, 0x81, 0x16, 0x84,
  0x2b, 0x40, 0x00, 0x1f, 0x40, 0x00, 0x8e, 0x2b, 0x40, 0x00, 0x1f, 0x40,
  0x82, 0x13, 0x99, 0x26, 0x47, 0x00, 0x9f, 0x26, 0x47, 0x05, 0x94, 0x2b,
  0x78, 0x00, 0x1f, 0x78, 0x00, 0x9e, 0x2b, 0x78, 0x00, 0x1f, 0x78, 0x3d,
  0x89, 0x26, 0x40, 0x00, 0x8f, 0x26, 0x40, 0x63, 0x84, 0x2b, 0x40, 0x00,
  0x1f, 0x40, 0x00, 0x8e, 0x2b, 0x40, 0x00, 0x1f, 0x40, 0x4d, 0x99, 0x26,
  0x39, 0x00, 0x9f, 0x26, 0x39, 0x05, 0x94, 0x2b, 0x72, 0x00, 0x1f, 0x72,
  0x00, 0x9e, 0x2b, 0x72, 0x00, 0x1f, 0x72, 0x2e, 0x84, 0x2b, 0x40, 0x00,
  0x1f, 0x40, 0x00, 0x8e, 0x2b, 0x40, 0x00, 0x1f, 0x40, 0x11, 0x89, 0x26,
  0x40, 0x00, 0x8f, 0x26, 0x40, 0x0f, 0x99, 0x26, 0x29, 0x00, 0x9f, 0x26,
  0x29, 0x00, 0x94, 0x2b, 0x64, 0x00, 0x1f, 0x64, 0x00, 0x9e, 0x2b, 0x64,
  0x00, 0x1f, 0x64, 0x33, 0x84, 0x2b, 0x40, 0x00, 0x1f, 0x40, 0x00, 0x8e,
  0x2b, 0x40, 0x00, 0x1f, 0x40, 0x07, 0x89, 0x26, 0x40, 0x00, 0x8f, 0x26,
  0x40, 0x11, 0x99, 0x26, 0x4b, 0x00, 0x9f, 0x26, 0x4b, 0x05, 0x94, 0x2b,
  0x78, 0x00, 0x1f, 0x78, 0x00, 0x9e, 0x2b, 0x78, 0x00, 0x1f, 0x78, 0x3c,
  0x84, 0x2b, 0x40, 0x00, 0x1f, 0x40, 0x00, 0x8e, 0x2b, 0x40, 0x00, 0x1f,
  0x40, 0x01, 0x89, 0x26, 0x40, 0x00, 0x8f, 0x26, 0x40, 0x0e, 0x94, 0x2b,
  0x78, 0x00, 0x1f, 0x78, 0x00, 0x9e, 0x2b, 0x78, 0x00, 0x1f, 0x78, 0x02,
  0x99, 0x26, 0x3c, 0x00, 0x9f, 0x26, 0x3c, 0x42, 0x89, 0x26, 0x40, 0x00,
  0x8f, 0x26, 0x40, 0x34, 0x84, 0x2b, 0x40, 0x00, 0x1f, 0x40, 0x00, 0x8e,
  0x2b, 0x40, 0x00, 0x1f, 0x40, 0x7d, 0x94, 0x2b, 0x6d, 0x00, 0x1f, 0x6d,
  0x00, 0x9e, 0x2b, 0x6d, 0x00, 0x1f, 0x6d, 0x07, 0x99, 0x26, 0x40, 0x00,
  0x9f, 0x26, 0x40, 0x37, 0x89, 0x26, 0x40, 0x00, 0x8f, 0x26, 0x40, 0x0d,
  0x84, 0x2b, 0x40, 0x00, 0x1f, 0x40, 0x00, 0x8e, 0x2b, 0x40, 0x00, 0x1f,
  0x40, 0x02, 0x94, 0x2b, 0x64, 0x00, 0x1f, 0x64, 0x00, 0x9e, 0x2b, 0x64,
  0x00, 0x1f, 0x64, 0x0a, 0x99, 0x26, 0x32, 0x00, 0x9f, 0x26, 0x32, 0x41,
  0x84, 0x2b, 0x40, 0x00, 0x1f, 0x40, 0x00, 0x8e, 0x2b, 0x40, 0x00, 0x1f,
  0x40, 0x01, 0x89, 0x26, 0x40, 0x00, 0x8f, 0x26, 0x40, 0x04, 0x94, 0x2b,
  0x6d, 0x00, 0x1f, 0x6d, 0x00, 0x9e, 0x2b, 0x6d, 0x00, 0x1f, 0x6d, 0x00,
  0x99, 0x26, 0x42, 0x00, 0x9f, 0x26, 0x42, 0x48, 0x89, 0x26, 0x40, 0x00,
  0x8f, 0x26, 0x40, 0x01, 0x94, 0x33, 0x5f, 0x00, 0x9e, 0x33, 0x5f, 0x02,
  0x92, 0x46, 0x6e, 0x00, 0x9c, 0x46, 0x6e, 0x00, 0x99, 0x2e, 0x52, 0x00,
  0x9f, 0x2e, 0x52, 0x03, 0x94, 0x1b, 0x6d, 0x00, 0x9e, 0x1b, 0x6d, 0x00,
  0x92, 0x4b, 0x6a, 0x00, 0x9c, 0x4b, 0x6a, 0x02, 0x99, 0x26, 0x37, 0x00,
  0x9f, 0x26, 0x37, 0x0c, 0x84, 0x2b, 0x40, 0x00, 0x1f, 0x40, 0x00, 0x8e,
  0x2b, 0x40, 0x00, 0x1f, 0x40, 0x31, 0x84, 0x1b, 0x40, 0x00, 0x8e, 0x1b,
  0x40, 0x04, 0x84, 0x33, 0x40, 0x00, 0x8e, 0x33, 0x40, 0x04, 0x82, 0x46,
  0x40, 0x00, 0x8c, 0x46, 0x40, 0x00, 0x82, 0x4b, 0x40, 0x00, 0x8c, 0x4b,
  0x40, 0x01, 0x94, 0x33, 0x74, 0x00, 0x9e, 0x33, 0x74, 0x02, 0x89, 0x26,
  0x40, 0x00, 0x8f, 0x26, 0x40, 0x01, 0x92, 0x46, 0x68, 0x00, 0x9c, 0x46,
  0x68, 0x02, 0x99, 0x26, 0x46, 0x00, 0x9f, 0x26, 0x46, 0x03, 0x94, 0x1b,
  0x78, 0x00, 0x9e, 0x1b, 0x78, 0x00, 0x92, 0x4b, 0x5f, 0x00, 0x9c, 0x4b,
  0x5f, 0x39, 0x82, 0x46, 0x40, 0x00, 0x8c, 0x46, 0x40, 0x0a, 0x84, 0x33,
  0x40, 0x00, 0x8e, 0x33, 0x40, 0x00, 0x82, 0x4b, 0x40, 0x00, 0x8c, 0x4b,
  0x40, 0x02, 0x89, 0x26, 0x40, 0x00, 0x8f, 0x26, 0x40, 0x01, 0x92, 0x46,
  0x72, 0x00, 0x9c, 0x46, 0x72, 0x02, 0x84, 0x1b, 0x40, 0x00, 0x8e, 0x1b,
  0x40, 0x00, 0x94, 0x33, 0x5f, 0x00, 0x9e, 0x33, 0x5f, 0x05, 0x99, 0x26,
  0x40, 0x00, 0x9f, 0x26, 0x40, 0x03, 0x92, 0x4b, 0x5f, 0x00, 0x9c, 0x4b,
  0x5f, 0x00, 0x94, 0x1b, 0x78, 0x00, 0x9e, 0x1b, 0x78, 0x37, 0x84, 0x33,
  0x40, 0x00, 0x8e, 0x33, 0x40, 0x02, 0x82, 0x46, 0x40, 0x00, 0x8c, 0x46,
  0x40, 0x09, 0x84, 0x1b, 0x40, 0x00, 0x8e, 0x1b, 0x40, 0x01, 0x82, 0x4b,
  0x40, 0x00, 0x8c, 0x4b, 0x40, 0x02, 0x89, 0x26, 0x40, 0x00, 0x8f, 0x26,
  0x40, 0x03, 0x92, 0x46, 0x78, 0x00, 0x9c, 0x46, 0x78, 0x00, 0x94, 0x33,
  0x78, 0x00, 0x9e, 0x33, 0x78, 0x03, 0x92, 0x4b, 0x5f, 0x00, 0x9c, 0x4b,
  0x5f, 0x07, 0x94, 0x1b, 0x78, 0x00, 0x9e, 0x1b, 0x78, 0x05, 0x99, 0x26,
  0x37, 0x00, 0x9f, 0x26, 0x37, 0x30, 0x84, 0x33, 0x40, 0x00, 0x8e, 0x33,
  0x40, 0x0f, 0x82, 0x46, 0x40, 0x00, 0x8c, 0x46, 0x40, 0x03, 0x89, 0x26,
  0x40, 0x00, 0x8f, 0x26, 0x40, 0x08, 0x82, 0x4b, 0x40, 0x00, 0x8c, 0x4b,
  0x40, 0x01, 0x84, 0x1b, 0x40, 0x00, 0x8e, 0x1b, 0x40, 0x22, 0x89, 0x2e,
  0x40, 0x00, 0x8f, 0x2e, 0x40, 0x6f, 0x94, 0x2b, 0x78, 0x00, 0x1f, 0x78,
  0x00, 0x9e, 0x2b, 0x78, 0x00, 0x1f, 0x78, 0x0f, 0x99, 0x26, 0x3d, 0x00,
  0x9f, 0x26, 0x3d, 0x3d, 0x89, 0x26, 0x40, 0x00, 0x8f, 0x26, 0x40, 0x7c,
  0x84, 0x2b, 0x40, 0x00, 0x1f, 0x40, 0x00, 0x8e, 0x2b, 0x40, 0x00, 0x1f,
  0x40, 0x82, 0x22, 0x94, 0x2b, 0x78, 0x00, 0x1f, 0x78, 0x00, 0x9e, 0x2b,
  0x78, 0x00, 0x1f, 0x78, 0x03, 0x99, 0x26, 0x4b, 0x00, 0x9f, 0x26, 0x4b,
  0x3d, 0x89, 0x26, 0x40, 0x00, 0x8f, 0x26, 0x40, 0x60, 0x84, 0x2b, 0x40,
  0x00, 0x1f, 0x40, 0x00, 0x8e, 0x2b, 0x40, 0x00, 0x1f, 0x40, 0x50, 0x94,
  0x2b, 0x78, 0x00, 0x1f, 0x78, 0x00, 0x9e, 0x2b, 0x78, 0x00, 0x1f, 0x78,
  0x03, 0x99, 0x26, 0x39, 0x00, 0x9f, 0x26, 0x39, 0x3d, 0x89, 0x26, 0x40,
  0x00, 0x8f, 0x26, 0x40, 0x04, 0x84, 0x2b, 0x40, 0x00, 0x1f, 0x40, 0x00,
  0x8e, 0x2b, 0x40, 0x00, 0x1f, 0x40, 0x0c, 0x94, 0x2b, 0x64, 0x00, 0x1f,
  0x64, 0x00, 0x9e, 0x2b, 0x64, 0x00, 0x1f, 0x64, 0x03, 0x99, 0x26, 0x32,
  0x00, 0x9f, 0x26, 0x32, 0x3b, 0x84, 0x2b, 0x40, 0x00, 0x1f, 0x40, 0x00,
  0x8e, 0x2b, 0x40, 0x00, 0x1f, 0x40, 0x0d, 0x89, 0x26, 0x40, 0x00, 0x8f,
  0x26, 0x40, 0x05, 0x94, 0x2b, 0x78, 0x00, 0x1f, 0x78, 0x00, 0x9e, 0x2b,
  0x78, 0x00, 0x1f, 0x78, 0x05, 0x99, 0x26, 0x3e, 0x00, 0x9f, 0x26, 0x3e,
  0x42, 0x84, 0x2b, 0x40, 0x00, 0x1f, 0x40, 0x00, 0x8e, 0x2b, 0x40, 0x00,
  0x1f, 0x40, 0x02, 0x89, 0x26, 0x40, 0x00, 0x8f, 0x26, 0x40, 0x02, 0x94,
  0x2b, 0x78, 0x00, 0x1f, 0x78, 0x00, 0x9e, 0x2b, 0x78, 0x00, 0x1f, 0x78,
  0x05, 0x99, 0x26, 0x4b, 0x00, 0x9f, 0x26, 0x4b, 0x4a, 0x89, 0x26, 0x40,
  0x00, 0x8f, 0x26, 0x40, 0x29, 0x84, 0x2b, 0x40, 0x00, 0x1f, 0x40, 0x00,
  0x8e, 0x2b, 0x40, 0x00, 0x1f, 0x40, 0x7b, 0x94, 0x2b, 0x78, 0x00, 0x1f,
  0x78, 0x00, 0x9e, 0x2b, 0x78, 0x00, 0x1f, 0x78, 0x07, 0x99, 0x26, 0x40,
  0x00, 0x9f, 0x26, 0x40, 0x41, 0x84, 0x2b, 0x40, 0x00, 0x1f, 0x40, 0x00,
  0x8e, 0x2b, 0x40, 0x00, 0x1f, 0x40, 0x01, 0x89, 0x26, 0x40, 0x00, 0x8f,
  0x26, 0x40, 0x09, 0x94, 0x2b, 0x64, 0x00, 0x1f, 0x64, 0x00, 0x9e, 0x2b,
  0x64, 0x00, 0x1f, 0x64, 0x08, 0x99, 0x26, 0x32, 0x00, 0x9f, 0x26, 0x32,
  0x32, 0x84, 0x2b, 0x40, 0x00, 0x1f, 0x40, 0x00, 0x8e, 0x2b, 0x40, 0x00,
  0x1f, 0x40, 0x14, 0x94, 0x2b, 0x6b, 0x00, 0x1f, 0x6b, 0x00, 0x9e, 0x2b,
  0x6b, 0x00, 0x1f, 0x6b, 0x02, 0x89, 0x26, 0x40, 0x00, 0x8f, 0x26, 0x40,
  0x08, 0x99, 0x26, 0x3c, 0x00, 0x9f, 0x26, 0x3c, 0x42, 0x84, 0x2b, 0x40,
  0x00, 0x1f, 0x40, 0x00, 0x8e, 0x2b, 0x40, 0x00, 0x1f, 0x40, 0x00, 0x89,
  0x26, 0x40, 0x00, 0x8f, 0x26, 0x40, 0x04, 0x92, 0x46, 0x65, 0x00, 0x4b,
  0x78, 0x00, 0x9c, 0x46, 0x65, 0x00, 0x4b, 0x78, 0x00, 0x94, 0x33, 0x65,
  0x00, 0x9e, 0x33, 0x65, 0x02, 0x99, 0x2e, 0x5b, 0x00, 0x9f, 0x2e, 0x5b,
  0x00, 0x94, 0x1b, 0x66, 0x00, 0x9e, 0x1b, 0x66, 0x03, 0x99, 0x26, 0x44,
  0x00, 0x9f, 0x26, 0x44, 0x31, 0x84, 0x33, 0x40, 0x00, 0x8e, 0x33, 0x40,
  0x08, 0x84, 0x1b, 0x40, 0x00, 0x8e, 0x1b, 0x40, 0x02, 0x82, 0x46, 0x40,
  0x00, 0x4b, 0x40, 0x00, 0x8c, 0x46, 0x40, 0x00, 0x4b, 0x40, 0x07, 0x89,
  0x26, 0x40, 0x00, 0x8f, 0x26, 0x40, 0x04, 0x94, 0x33, 0x76, 0x00, 0x9e,
  0x33, 0x76, 0x02, 0x92, 0x4b, 0x5f, 0x00, 0x9c, 0x4b, 0x5f, 0x03, 0x94,
  0x1b, 0x66, 0x00, 0x9e, 0x1b, 0x66, 0x00, 0x92, 0x46, 0x5f, 0x00, 0x9c,
  0x46, 0x5f, 0x05, 0x99, 0x26, 0x42, 0x00, 0x9f, 0x26, 0x42, 0x35, 0x84,
  0x33, 0x40, 0x00, 0x8e, 0x33, 0x40, 0x09, 0x94, 0x33, 0x76, 0x00, 0x9e,
  0x33, 0x76, 0x01, 0x82, 0x4b, 0x40, 0x00, 0x8c, 0x4b, 0x40, 0x00, 0x82,
  0x46, 0x40, 0x00, 0x8c, 0x46, 0x40, 0x04, 0x84, 0x1b, 0x40, 0x00, 0x8e,
  0x1b, 0x40, 0x05, 0x89, 0x26, 0x40, 0x00, 0x8f, 0x26, 0x40, 0x00, 0x94,
  0x1b, 0x78, 0x00, 0x9e, 0x1b, 0x78, 0x05, 0x92, 0x4b, 0x67, 0x00, 0x9c,
  0x4b, 0x67, 0x00, 0x99, 0x26, 0x4a, 0x00, 0x9f, 0x26, 0x4a, 0x03, 0x92,
  0x46, 0x5f, 0x00, 0x9c, 0x46, 0x5f, 0x2a, 0x84, 0x33, 0x40, 0x00, 0x8e,
  0x33, 0x40, 0x0d, 0x84, 0x1b, 0x40, 0x00, 0x8e, 0x1b, 0x40, 0x03, 0x82,
  0x4b, 0x40, 0x00, 0x8c, 0x4b, 0x40, 0x00, 0x82, 0x46, 0x40, 0x00, 0x8c,
  0x46, 0x40, 0x07, 0x89, 0x26, 0x40, 0x00, 0x8f, 0x26, 0x40, 0x02, 0x94,
  0x33, 0x76, 0x00, 0x9e, 0x33, 0x76, 0x03, 0x92, 0x4b, 0x6a, 0x00, 0x9c,
  0x4b, 0x6a, 0x02, 0x94, 0x1b, 0x78, 0x00, 0x9e, 0x1b, 0x78, 0x03, 0x92,
  0x46, 0x5f, 0x00, 0x9c, 0x46, 0x5f, 0x05, 0x99, 0x26, 0x39, 0x00, 0x9f,
  0x26, 0x39, 0x21, 0x84, 0x33, 0x40, 0x00, 0x8e, 0x33, 0x40, 0x1f, 0x84,
  0x1b, 0x40, 0x00, 0x8e, 0x1b, 0x40, 0x08, 0x89, 0x26, 0x40, 0x00, 0x8f,
  0x26, 0x40, 0x01, 0x82, 0x46, 0x40, 0x00, 0x8c, 0x46, 0x40, 0x03, 0x82,
  0x4b, 0x40, 0x00, 0x8c, 0x4b, 0x40, 0x6e, 0x89, 0x2e, 0x40, 0x00, 0x8f,
  0x2e, 0x40, 0x2e, 0x94, 0x2b, 0x78, 0x00, 0x1f, 0x78, 0x00, 0x9e, 0x2b,
  0x78, 0x00, 0x1f, 0x78, 0x0d, 0x99, 0x26, 0x40, 0x00, 0x9f, 0x26, 0x40,
  0x16, 0x93, 0x37, 0x60, 0x00, 0x43, 0x60, 0x00, 0x9d, 0x37, 0x60, 0x00,
  0x43, 0x60, 0x21, 0x89, 0x26, 0x40, 0x00, 0x8f, 0x26, 0x40, 0x81, 0x04,
  0x84, 0x2b, 0x40, 0x00, 0x1f, 0x40, 0x00, 0x8e, 0x2b, 0x40, 0x00, 0x1f,
  0x40, 0x69, 0x83, 0x37, 0x40, 0x00, 0x43, 0x40, 0x00, 0x8d, 0x37, 0x40,
  0x00, 0x43, 0x40, 0x81, 0x34, 0x94, 0x2b, 0x78, 0x00, 0x1f, 0x78, 0x00,
  0x9e, 0x2b, 0x78, 0x00, 0x1f, 0x78, 0x05, 0x99, 0x26, 0x46, 0x00, 0x9f,
  0x26, 0x46, 0x0d, 0x93, 0x37, 0x60, 0x00, 0x43, 0x60, 0x00, 0x9d, 0x37,
  0x60, 0x00, 0x43, 0x60, 0x30, 0x89, 0x26, 0x40, 0x00, 0x8f, 0x26, 0x40,
  0x5e, 0x84, 0x2b, 0x40, 0x00, 0x1f, 0x40, 0x00, 0x8e, 0x2b, 0x40, 0x00,
  0x1f, 0x40, 0x50, 0x99, 0x26, 0x34, 0x00, 0x9f, 0x26, 0x34, 0x0a, 0x94,
  0x2b, 0x78, 0x00, 0x1f, 0x78, 0x00, 0x9e, 0x2b, 0x78, 0x00, 0x1f, 0x78,
  0x30, 0x89, 0x26, 0x40, 0x00, 0x8f, 0x26, 0x40, 0x03, 0x84, 0x2b, 0x40,
  0x00, 0x1f, 0x40, 0x00, 0x8e, 0x2b, 0x40, 0x00, 0x1f, 0x40, 0x0c, 0x83,
  0x37, 0x40, 0x00, 0x43, 0x40, 0x00, 0x8d, 0x37, 0x40, 0x00, 0x43, 0x40,
  0x07, 0x99, 0x26, 0x3e, 0x00, 0x9f, 0x26, 0x3e, 0x0a, 0x94, 0x2b, 0x64,
  0x00, 0x1f, 0x64, 0x00, 0x9e, 0x2b, 0x64, 0x00, 0x1f, 0x64, 0x33, 0x84,
  0x2b, 0x40, 0x00, 0x1f, 0x40, 0x00, 0x8e, 0x2b, 0x40, 0x00, 0x1f, 0x40,
  0x07, 0x89, 0x26, 0x40, 0x00, 0x8f, 0x26, 0x40, 0x0c, 0x99, 0x26, 0x42,
  0x00, 0x9f, 0x26, 0x42, 0x08, 0x94, 0x2b, 0x78, 0x00, 0x1f, 0x78, 0x00,
  0x9e, 0x2b, 0x78, 0x00, 0x1f, 0x78, 0x2b, 0x89, 0x26, 0x40, 0x00, 0x8f,
  0x26, 0x40, 0x0b, 0x84, 0x2b, 0x40, 0x00, 0x1f, 0x40, 0x00, 0x8e, 0x2b,
  0x40, 0x00, 0x1f, 0x40, 0x12, 0x99, 0x26, 0x36, 0x00, 0x9f, 0x26, 0x36,
  0x03, 0x94, 0x2b, 0x66, 0x00, 0x1f, 0x66, 0x00, 0x9e, 0x2b, 0x66, 0x00,
  0x1f, 0x66, 0x14, 0x93, 0x37, 0x60, 0x00, 0x43, 0x60, 0x00, 0x9d, 0x37,
  0x60, 0x00, 0x43, 0x60, 0x38, 0x89, 0x26, 0x40, 0x00, 0x8f, 0x26, 0x40,
  0x2c, 0x84, 0x2b, 0x40, 0x00, 0x1f, 0x40, 0x00, 0x8e, 0x2b, 0x40, 0x00,
  0x1f, 0x40, 0x75, 0x94, 0x2b, 0x78, 0x00, 0x1f, 0x78, 0x00, 0x9e, 0x2b,
  0x78, 0x00, 0x1f, 0x78, 0x03, 0x99, 0x26, 0x46, 0x00, 0x9f, 0x26, 0x46,
  0x3d, 0x89, 0x26, 0x40, 0x00, 0x8f, 0x26, 0x40, 0x06, 0x84, 0x2b, 0x40,
  0x00, 0x1f, 0x40, 0x00, 0x8e, 0x2b, 0x40, 0x00, 0x1f, 0x40, 0x0d, 0x83,
  0x37, 0x40, 0x00, 0x43, 0x40, 0x00, 0x8d, 0x37, 0x40, 0x00, 0x43, 0x40,
  0x00, 0x94, 0x2b, 0x64, 0x00, 0x1f, 0x64, 0x00, 0x9e, 0x2b, 0x64, 0x00,
  0x1f, 0x64, 0x05, 0x99, 0x26, 0x3c, 0x00, 0x9f, 0x26, 0x3c, 0x41, 0x84,
  0x2b, 0x40, 0x00, 0x1f, 0x40, 0x00, 0x8e, 0x2b, 0x40, 0x00, 0x1f, 0x40,
  0x01, 0x89, 0x26, 0x40, 0x00, 0x8f, 0x26, 0x40, 0x04, 0x94, 0x2b, 0x6d,
  0x00, 0x1f, 0x6d, 0x00, 0x9e, 0x2b, 0x6d, 0x00, 0x1f, 0x6d, 0x0a, 0x99,
  0x26, 0x39, 0x00, 0x9f, 0x26, 0x39, 0x42, 0x89, 0x26, 0x40, 0x00, 0x8f,
  0x26, 0x40, 0x06, 0x92, 0x4b, 0x78, 0x00, 0x42, 0x78, 0x00, 0x9c, 0x4b,
  0x78, 0x00, 0x42, 0x78, 0x00, 0x94, 0x33, 0x64, 0x00, 0x1b, 0x64, 0x00,
  0x9e, 0x33, 0x64, 0x00, 0x1b, 0x64, 0x00, 0x99, 0x26, 0x42, 0x00, 0x9f,
  0x26, 0x42, 0x02, 0x84, 0x2b, 0x40, 0x00, 0x1f, 0x40, 0x00, 0x8e, 0x2b,
  0x40, 0x00, 0x1f, 0x40, 0x06, 0x93, 0x33, 0x60, 0x00, 0x3f, 0x60, 0x00,
  0x9d, 0x33, 0x60, 0x00, 0x3f, 0x60, 0x22, 0x84, 0x33, 0x40, 0x00, 0x1b,
  0x40, 0x00, 0x8e, 0x33, 0x40, 0x00, 0x1b, 0x40, 0x12, 0x82, 0x4b, 0x40,
  0x00, 0x42, 0x40, 0x00, 0x8c, 0x4b, 0x40, 0x00, 0x42, 0x40, 0x08, 0x89,
  0x26, 0x40, 0x00, 0x8f, 0x26, 0x40, 0x07, 0x92, 0x42, 0x78, 0x00, 0x9c,
  0x42, 0x78, 0x00, 0x94, 0x1b, 0x6b, 0x00, 0x9e, 0x1b, 0x6b, 0x05, 0x99,
  0x26, 0x37, 0x00, 0x9f, 0x26, 0x37, 0x00, 0x92, 0x4b, 0x5f, 0x00, 0x9c,
  0x4b, 0x5f, 0x00, 0x94, 0x33, 0x5f, 0x00, 0x9e, 0x33, 0x5f, 0x2f, 0x84,
  0x33, 0x40, 0x00, 0x8e, 0x33, 0x40, 0x08, 0x82, 0x42, 0x40, 0x00, 0x8c,
  0x42, 0x40, 0x01, 0x82, 0x4b, 0x40, 0x00, 0x8c, 0x4b, 0x40, 0x07, 0x84,
  0x1b, 0x40, 0x00, 0x8e, 0x1b, 0x40, 0x05, 0x89, 0x26, 0x40, 0x00, 0x8f,
  0x26, 0x40, 0x02, 0x92, 0x42, 0x74, 0x00, 0x9c, 0x42, 0x74, 0x03, 0x94,
  0x1b, 0x78, 0x00, 0x9e, 0x1b, 0x78, 0x05, 0x99, 0x26, 0x39, 0x00, 0x9f,
  0x26, 0x39, 0x02, 0x92, 0x4b, 0x5f, 0x00, 0x9c, 0x4b, 0x5f, 0x00, 0x94,
  0x33, 0x5f, 0x00, 0x9e, 0x33, 0x5f, 0x2b, 0x84, 0x1b, 0x40, 0x00, 0x8e,
  0x1b, 0x40, 0x07, 0x84, 0x33, 0x40, 0x00, 0x8e, 0x33, 0x40, 0x08, 0x82,
  0x42, 0x40, 0x00, 0x8c, 0x42, 0x40, 0x02, 0x82, 0x4b, 0x40, 0x00, 0x8c,
  0x4b, 0x40, 0x0a, 0x89, 0x26, 0x40, 0x00, 0x8f, 0x26, 0x40, 0x05, 0x92,
  0x42, 0x78, 0x00, 0x9c, 0x42, 0x78, 0x03, 0x94, 0x1b, 0x78, 0x00, 0x33,
  0x5f, 0x00, 0x9e, 0x1b, 0x78, 0x00, 0x33, 0x5f, 0x00, 0x92, 0x4b, 0x5f,
  0x00, 0x9c, 0x4b, 0x5f, 0x02, 0x99, 0x26, 0x39, 0x00, 0x9f, 0x26, 0x39,
  0x03, 0x83, 0x33, 0x40, 0x00, 0x3f, 0x40, 0x00, 0x8d, 0x33, 0x40, 0x00,
  0x3f, 0x40, 0x3b, 0x82, 0x42, 0x40, 0x00, 0x8c, 0x42, 0x40, 0x00, 0x84,
  0x1b, 0x40, 0x00, 0x33, 0x40, 0x00, 0x8e, 0x1b, 0x40, 0x00, 0x33, 0x40,
  0x0a, 0x89, 0x26, 0x40, 0x00, 0x8f, 0x26, 0x40, 0x04, 0x82, 0x4b, 0x40,
  0x00, 0x8c, 0x4b, 0x40, 0x2f, 0x93, 0x3a, 0x60, 0x00, 0x46, 0x60, 0x00,
  0x9d, 0x3a, 0x60, 0x00, 0x46, 0x60, 0x41, 0x83, 0x3a, 0x40, 0x00, 0x46,
  0x40, 0x00, 0x8d, 0x3a, 0x40, 0x00, 0x46, 0x40, 0x39, 0x93, 0x37, 0x54,
  0x00, 0x43, 0x5c, 0x00, 0x9d, 0x37, 0x54, 0x00, 0x43, 0x5c, 0x03, 0x99,
  0x26, 0x4a, 0x00, 0x9f, 0x26, 0x4a, 0x02, 0x94, 0x1f, 0x78, 0x00, 0x2b,
  0x78, 0x00, 0x9e, 0x1f, 0x78, 0x00, 0x2b, 0x78, 0x48, 0x89, 0x26, 0x40,
  0x00, 0x8f, 0x26, 0x40, 0x81, 0x00, 0x84, 0x1f, 0x40, 0x00, 0x2b, 0x40,
  0x00, 0x8e, 0x1f, 0x40, 0x00, 0x2b, 0x40, 0x81, 0x07, 0x83, 0x37, 0x40,
  0x00, 0x43, 0x40, 0x00, 0x8d, 0x37, 0x40, 0x00, 0x43, 0x40, 0x81, 0x05,
  0x94, 0x1f, 0x78, 0x00, 0x2b, 0x78, 0x00, 0x9e, 0x1f, 0x78, 0x00, 0x2b,
  0x78, 0x02, 0x93, 0x33, 0x60, 0x00, 0x3f, 0x60, 0x00, 0x9d, 0x33, 0x60,
  0x00, 0x3f, 0x60, 0x08, 0x99, 0x26, 0x44, 0x00, 0x9f, 0x26, 0x44, 0x48,
  0x89, 0x26, 0x40, 0x00, 0x8f, 0x26, 0x40, 0x4e, 0x84, 0x1f, 0x40, 0x00,
  0x2b, 0x40, 0x00, 0x8e, 0x1f, 0x40, 0x00, 0x2b, 0x40, 0x4d, 0x83, 0x33,
  0x40, 0x00, 0x3f, 0x40, 0x00, 0x8d, 0x33, 0x40, 0x00, 0x3f, 0x40, 0x05,
  0x94, 0x1f, 0x70, 0x00, 0x2b, 0x70, 0x00, 0x9e, 0x1f, 0x70, 0x00, 0x2b,
  0x70, 0x0d, 0x99, 0x26, 0x30, 0x00, 0x9f, 0x26, 0x30, 0x2d, 0x84, 0x1f,
  0x40, 0x00, 0x2b, 0x40, 0x00, 0x8e, 0x1f, 0x40, 0x00, 0x2b, 0x40, 0x0a,
  0x89, 0x26, 0x40, 0x00, 0x8f, 0x26, 0x40, 0x0a, 0x94, 0x1f, 0x64, 0x00,
  0x2b, 0x64, 0x00, 0x9e, 0x1f, 0x64, 0x00, 0x2b, 0x64, 0x07, 0x99, 0x26,
  0x3c, 0x00, 0x9f, 0x26, 0x3c, 0x30, 0x93, 0x3a, 0x54, 0x00, 0x46, 0x5c,
  0x00, 0x9d, 0x3a, 0x54, 0x00, 0x46, 0x5c, 0x03, 0x84, 0x1f, 0x40, 0x00,
  0x2b, 0x40, 0x00, 0x8e, 0x1f, 0x40, 0x00, 0x2b, 0x40, 0x0a, 0x89, 0x26,
  0x40, 0x00, 0x8f, 0x26, 0x40, 0x0c, 0x94, 0x1f, 0x78, 0x00, 0x2b, 0x78,
  0x00, 0x9e, 0x1f, 0x78, 0x00, 0x2b, 0x78, 0x0a, 0x99, 0x26, 0x41, 0x00,
  0x9f, 0x26, 0x41, 0x23, 0x83, 0x3a, 0x40, 0x00, 0x46, 0x40, 0x00, 0x8d,
  0x3a, 0x40, 0x00, 0x46, 0x40, 0x13, 0x84, 0x1f, 0x40, 0x00, 0x2b, 0x40,
  0x00, 0x8e, 0x1f, 0x40, 0x00, 0x2b, 0x40, 0x0c, 0x89, 0x26, 0x40, 0x00,
  0x8f, 0x26, 0x40, 0x04, 0x94, 0x1f, 0x66, 0x00, 0x2b, 0x66, 0x00, 0x9e,
  0x1f, 0x66, 0x00, 0x2b, 0x66, 0x00, 0x99, 0x26, 0x30, 0x00, 0x9f, 0x26,
  0x30, 0x07, 0x93, 0x37, 0x54, 0x00, 0x43, 0x5c, 0x00, 0x9d, 0x37, 0x54,
  0x00, 0x43, 0x5c, 0x33, 0x89, 0x26, 0x40, 0x00, 0x8f, 0x26, 0x40, 0x3e,
  0x84, 0x1f, 0x40, 0x00, 0x2b, 0x40, 0x00, 0x8e, 0x1f, 0x40, 0x00, 0x2b,
  0x40, 0x70, 0x94, 0x1f, 0x78, 0x00, 0x2b, 0x78, 0x00, 0x9e, 0x1f, 0x78,
  0x00, 0x2b, 0x78, 0x0a, 0x99, 0x26, 0x47, 0x00, 0x9f, 0x26, 0x47, 0x3d,
  0x89, 0x26, 0x40, 0x00, 0x8f, 0x26, 0x40, 0x04, 0x84, 0x1f, 0x40, 0x00,
  0x2b, 0x40, 0x00, 0x8e, 0x1f, 0x40, 0x00, 0x2b, 0x40, 0x08, 0x94, 0x1f,
  0x64, 0x00, 0x2b, 0x64, 0x00, 0x9e, 0x1f, 0x64, 0x00, 0x2b, 0x64, 0x07,
  0x99, 0x26, 0x3c, 0x00, 0x9f, 0x26, 0x3c, 0x3b, 0x84, 0x1f, 0x40, 0x00,
  0x2b, 0x40, 0x00, 0x8e, 0x1f, 0x40, 0x00, 0x2b, 0x40, 0x09, 0x89, 0x26,
  0x40, 0x00, 0x8f, 0x26, 0x40, 0x07, 0x94, 0x1f, 0x78, 0x00, 0x2b, 0x78,
  0x00, 0x9e, 0x1f, 0x78, 0x00, 0x2b, 0x78, 0x03, 0x99, 0x26, 0x3c, 0x00,
  0x9f, 0x26, 0x3c, 0x48, 0x89, 0x26, 0x40, 0x00, 0x8f, 0x26, 0x40, 0x05,
  0x99, 0x26, 0x41, 0x00, 0x9f, 0x26, 0x41, 0x05, 0x92, 0x46, 0x78, 0x00,
  0x43, 0x69, 0x00, 0x9c, 0x46, 0x78, 0x00, 0x43, 0x69, 0x00, 0x94, 0x1b,
  0x72, 0x00, 0x33, 0x6a, 0x00, 0x9e, 0x1b, 0x72, 0x00, 0x33, 0x6a, 0x02,
  0x84, 0x1f, 0x40, 0x00, 0x2b, 0x40, 0x00, 0x8e, 0x1f, 0x40, 0x00, 0x2b,
  0x40, 0x30, 0x84, 0x1b, 0x40, 0x00, 0x33, 0x40, 0x00, 0x8e, 0x1b, 0x40,
  0x00, 0x33, 0x40, 0x0b, 0x89, 0x26, 0x40, 0x00, 0x8f, 0x26, 0x40, 0x06,
  0x82, 0x43, 0x40, 0x00, 0x8c, 0x43, 0x40, 0x04, 0x82, 0x46, 0x40, 0x00,
  0x8c, 0x46, 0x40, 0x07, 0x99, 0x26, 0x42, 0x00, 0x9f, 0x26, 0x42, 0x02,
  0x92, 0x43, 0x61, 0x00, 0x46, 0x5f, 0x00, 0x9c, 0x43, 0x61, 0x00, 0x46,
  0x5f, 0x00, 0x94, 0x1b, 0x78, 0x00, 0x33, 0x78, 0x00, 0x9e, 0x1b, 0x78,
  0x00, 0x33, 0x78, 0x37, 0x83, 0x37, 0x40, 0x00, 0x43, 0x40, 0x00, 0x8d,
  0x37, 0x40, 0x00, 0x43, 0x40, 0x09, 0x84, 0x1b, 0x40, 0x00, 0x33, 0x40,
  0x00, 0x8e, 0x1b, 0x40, 0x00, 0x33, 0x40, 0x03, 0x82, 0x43, 0x40, 0x00,
  0x8c, 0x43, 0x40, 0x04, 0x82, 0x46, 0x40, 0x00, 0x8c, 0x46, 0x40, 0x04,
  0x99, 0x26, 0x3e, 0x00, 0x9f, 0x26, 0x3e, 0x05, 0x89, 0x26, 0x40, 0x00,
  0x8f, 0x26, 0x40, 0x00, 0x89, 0x26, 0x40, 0x00, 0x8f, 0x26, 0x40, 0x00,
  0x92, 0x46, 0x69, 0x00, 0x43, 0x78, 0x00, 0x9c, 0x46, 0x69, 0x00, 0x43,
  0x78, 0x00, 0x94, 0x1b, 0x78, 0x00, 0x33, 0x66, 0x00, 0x9e, 0x1b, 0x78,
  0x00, 0x33, 0x66, 0x32, 0x84, 0x1b, 0x40, 0x00, 0x8e, 0x1b, 0x40, 0x09,
  0x84, 0x33, 0x40, 0x00, 0x8e, 0x33, 0x40, 0x08, 0x82, 0x43, 0x40, 0x00,
  0x8c, 0x43, 0x40, 0x07, 0x82, 0x46, 0x40, 0x00, 0x8c, 0x46, 0x40, 0x01,
  0x94, 0x1b, 0x78, 0x00, 0x9e, 0x1b, 0x78, 0x05, 0x99, 0x26, 0x42, 0x00,
  0x9f, 0x26, 0x42, 0x00, 0x92, 0x43, 0x78, 0x00, 0x46, 0x61, 0x00, 0x9c,
  0x43, 0x78, 0x00, 0x46, 0x61, 0x00, 0x94, 0x33, 0x78, 0x00, 0x9e, 0x33,
  0x78, 0x3b, 0x82, 0x43, 0x40, 0x00, 0x8c, 0x43, 0x40, 0x02, 0x89, 0x26,
  0x40, 0x00, 0x8f, 0x26, 0x40, 0x11, 0x82, 0x46, 0x40, 0x00, 0x8c, 0x46,
  0x40, 0x04, 0x84, 0x1b, 0x40, 0x00, 0x8e, 0x1b, 0x40, 0x05, 0x84, 0x33,
  0x40, 0x00, 0x8e, 0x33, 0x40, 0x81, 0x19, 0x93, 0x3e, 0x60, 0x00, 0x4a,
  0x60, 0x00, 0x9d, 0x3e, 0x60, 0x00, 0x4a, 0x60, 0x00, 0x99, 0x26, 0x4e,
  0x00, 0x9f, 0x26, 0x4e, 0x08, 0x94, 0x1f, 0x78, 0x00, 0x2b, 0x78, 0x00,
  0x9e, 0x1f, 0x78, 0x00, 0x2b, 0x78, 0x32, 0x89, 0x26, 0x40, 0x00, 0x8f,
  0x26, 0x40, 0x81, 0x16, 0x84, 0x1f, 0x40, 0x00, 0x2b, 0x40, 0x00, 0x8e,
  0x1f, 0x40, 0x00, 0x2b, 0x40, 0x64, 0x83, 0x3e, 0x40, 0x00, 0x4a, 0x40,
  0x00, 0x8d, 0x3e, 0x40, 0x00, 0x4a, 0x40, 0x81, 0x2f, 0x99, 0x26, 0x47,
  0x00, 0x9f, 0x26, 0x47, 0x02, 0x93, 0x3e, 0x60, 0x00, 0x4a, 0x60, 0x00,
  0x9d, 0x3e, 0x60, 0x00, 0x4a, 0x60, 0x03, 0x94, 0x1f, 0x78, 0x00, 0x2b,
  0x78, 0x00, 0x9e, 0x1f, 0x78, 0x00, 0x2b, 0x78, 0x3d, 0x89, 0x26, 0x40,
  0x00, 0x8f, 0x26, 0x40, 0x63, 0x84, 0x1f, 0x40, 0x00, 0x2b, 0x40, 0x00,
  0x8e, 0x1f, 0x40, 0x00, 0x2b, 0x40, 0x4d, 0x99, 0x26, 0x39, 0x00, 0x9f,
  0x26, 0x39, 0x05, 0x94, 0x1f, 0x72, 0x00, 0x2b, 0x72, 0x00, 0x9e, 0x1f,
  0x72, 0x00, 0x2b, 0x72, 0x32, 0x84, 0x1f, 0x40, 0x00, 0x2b, 0x40, 0x00,
  0x8e, 0x1f, 0x40, 0x00, 0x2b, 0x40, 0x08, 0x83, 0x3e, 0x40, 0x00, 0x4a,
  0x40, 0x00, 0x8d, 0x3e, 0x40, 0x00, 0x4a, 0x40, 0x05, 0x89, 0x26, 0x40,
  0x00, 0x8f, 0x26, 0x40, 0x0f, 0x99, 0x26, 0x29, 0x00, 0x9f, 0x26, 0x29,
  0x00, 0x94, 0x1f, 0x64, 0x00, 0x2b, 0x64, 0x00, 0x9e, 0x1f, 0x64, 0x00,
  0x2b, 0x64, 0x37, 0x84, 0x1f, 0x40, 0x00, 0x2b, 0x40, 0x00, 0x8e, 0x1f,
  0x40, 0x00, 0x2b, 0x40, 0x03, 0x89, 0x26, 0x40, 0x00, 0x8f, 0x26, 0x40,
  0x11, 0x99, 0x26, 0x4b, 0x00, 0x9f, 0x26, 0x4b, 0x05, 0x94, 0x1f, 0x78,
  0x00, 0x2b, 0x78, 0x00, 0x9e, 0x1f, 0x78, 0x00, 0x2b, 0x78, 0x3d, 0x89,
  0x26, 0x40, 0x00, 0x8f, 0x26, 0x40, 0x03, 0x84, 0x1f, 0x40, 0x00, 0x2b,
  0x40, 0x00, 0x8e, 0x1f, 0x40, 0x00, 0x2b, 0x40, 0x06, 0x93, 0x3e, 0x54,
  0x00, 0x4a, 0x5c, 0x00, 0x9d, 0x3e, 0x54, 0x00, 0x4a, 0x5c, 0x05, 0x94,
  0x1f, 0x78, 0x00, 0x2b, 0x78, 0x00, 0x9e, 0x1f, 0x78, 0x00, 0x2b, 0x78,
  0x02, 0x99, 0x26, 0x3c, 0x00, 0x9f, 0x26, 0x3c, 0x42, 0x89, 0x26, 0x40,
  0x00, 0x8f, 0x26, 0x40, 0x34, 0x84, 0x1f, 0x40, 0x00, 0x2b, 0x40, 0x00,
  0x8e, 0x1f, 0x40, 0x00, 0x2b, 0x40, 0x7d, 0x94, 0x1f, 0x6d, 0x00, 0x2b,
  0x6d, 0x00, 0x9e, 0x1f, 0x6d, 0x00, 0x2b, 0x6d, 0x07, 0x99, 0x26, 0x40,
  0x00, 0x9f, 0x26, 0x40, 0x37, 0x89, 0x26, 0x40, 0x00, 0x8f, 0x26, 0x40,
  0x03, 0x83, 0x3e, 0x40, 0x00, 0x4a, 0x40, 0x00, 0x8d, 0x3e, 0x40, 0x00,
  0x4a, 0x40, 0x0a, 0x84, 0x1f, 0x40, 0x00, 0x2b, 0x40, 0x00, 0x8e, 0x1f,
  0x40, 0x00, 0x2b, 0x40, 0x02, 0x94, 0x1f, 0x64, 0x00, 0x2b, 0x64, 0x00,
  0x9e, 0x1f, 0x64, 0x00, 0x2b, 0x64, 0x0a, 0x99, 0x26, 0x32, 0x00, 0x9f,
  0x26, 0x32, 0x41, 0x84, 0x1f, 0x40, 0x00, 0x2b, 0x40, 0x00, 0x8e, 0x1f,
  0x40, 0x00, 0x2b, 0x40, 0x01, 0x89, 0x26, 0x40, 0x00, 0x8f, 0x26, 0x40,
  0x04, 0x94, 0x1f, 0x6d, 0x00, 0x2b, 0x6d, 0x00, 0x9e, 0x1f, 0x6d, 0x00,
  0x2b, 0x6d, 0x00, 0x99, 0x26, 0x42, 0x00, 0x9f, 0x26, 0x42, 0x41, 0x94,
  0x27, 0x6e, 0x00, 0x33, 0x6e, 0x00, 0x9e, 0x27, 0x6e, 0x00, 0x33, 0x6e,
  0x07, 0x84, 0x1f, 0x40, 0x00, 0x2b, 0x40, 0x00, 0x8e, 0x1f, 0x40, 0x00,
  0x2b, 0x40, 0x00, 0x89, 0x26, 0x40, 0x00, 0x8f, 0x26, 0x40, 0x06, 0x94,
  0x1b, 0x6d, 0x00, 0x9e, 0x1b, 0x6d, 0x02, 0x99, 0x26, 0x37, 0x00, 0x9f,
  0x26, 0x37, 0x0a, 0x93, 0x3f, 0x60, 0x00, 0x4b, 0x60, 0x00, 0x9d, 0x3f,
  0x60, 0x00, 0x4b, 0x60, 0x2a, 0x84, 0x27, 0x40, 0x00, 0x33, 0x40, 0x00,
  0x8e, 0x27, 0x40, 0x00, 0x33, 0x40, 0x01, 0x84, 0x1b, 0x40, 0x00, 0x8e,
  0x1b, 0x40, 0x0a, 0x94, 0x33, 0x74, 0x00, 0x27, 0x74, 0x00, 0x9e, 0x33,
  0x74, 0x00, 0x27, 0x74, 0x09, 0x89, 0x26, 0x40, 0x00, 0x8f, 0x26, 0x40,
  0x03, 0x92, 0x46, 0x5f, 0x00, 0x9c, 0x46, 0x5f, 0x00, 0x99, 0x26, 0x46,
  0x00, 0x9f, 0x26, 0x46, 0x03, 0x94, 0x1b, 0x78, 0x00, 0x9e, 0x1b, 0x78,
  0x39, 0x84, 0x33, 0x40, 0x00, 0x27, 0x40, 0x00, 0x8e, 0x33, 0x40, 0x00,
  0x27, 0x40, 0x07, 0x84, 0x1b, 0x40, 0x00, 0x8e, 0x1b, 0x40, 0x01, 0x94,
  0x33, 0x78, 0x00, 0x27, 0x78, 0x00, 0x9e, 0x33, 0x78, 0x00, 0x27, 0x78,
  0x03, 0x82, 0x46, 0x40, 0x00, 0x8c, 0x46, 0x40, 0x01, 0x89, 0x26, 0x40,
  0x00, 0x8f, 0x26, 0x40, 0x08, 0x92, 0x46, 0x5f, 0x00, 0x9c, 0x46, 0x5f,
  0x00, 0x99, 0x26, 0x40, 0x00, 0x9f, 0x26, 0x40, 0x03, 0x94, 0x1b, 0x78,
  0x00, 0x9e, 0x1b, 0x78, 0x3b, 0x84, 0x33, 0x40, 0x00, 0x27, 0x40, 0x00,
  0x8e, 0x33, 0x40, 0x00, 0x27, 0x40, 0x03, 0x83, 0x3f, 0x40, 0x00, 0x4b,
  0x40, 0x00, 0x8d, 0x3f, 0x40, 0x00, 0x4b, 0x40, 0x05, 0x94, 0x33, 0x78,
  0x00, 0x27, 0x78, 0x00, 0x9e, 0x33, 0x78, 0x00, 0x27, 0x78, 0x02, 0x89,
  0x26, 0x40, 0x00, 0x8f, 0x26, 0x40, 0x02, 0x82, 0x46, 0x40, 0x00, 0x8c,
  0x46, 0x40, 0x03, 0x84, 0x1b, 0x40, 0x00, 0x8e, 0x1b, 0x40, 0x03, 0x92,
  0x46, 0x69, 0x00, 0x9c, 0x46, 0x69, 0x05, 0x94, 0x1b, 0x78, 0x00, 0x9e,
  0x1b, 0x78, 0x05, 0x99, 0x26, 0x37, 0x00, 0x9f, 0x26, 0x37, 0x36, 0x82,
  0x46, 0x40, 0x00, 0x8c, 0x46, 0x40, 0x0c, 0x89, 0x26, 0x40, 0x00, 0x8f,
  0x26, 0x40, 0x01, 0x84, 0x33, 0x40, 0x00, 0x27, 0x40, 0x00, 0x8e, 0x33,
  0x40, 0x00, 0x27, 0x40, 0x14, 0x84, 0x1b, 0x40, 0x00, 0x8e, 0x1b, 0x40,
  0x17, 0x93, 0x3a, 0x60, 0x00, 0x46, 0x60, 0x00, 0x9d, 0x3a, 0x60, 0x00,
  0x46, 0x60, 0x4e, 0x83, 0x3a, 0x40, 0x00, 0x46, 0x40, 0x00, 0x8d, 0x3a,
  0x40, 0x00, 0x46, 0x40, 0x20, 0x94, 0x33, 0x78, 0x00, 0x27, 0x78, 0x00,
  0x1b, 0x78, 0x00, 0x9e, 0x33, 0x78, 0x00, 0x27, 0x78, 0x00, 0x1b, 0x78,
  0x0a, 0x92, 0x42, 0x78, 0x00, 0x9c, 0x42, 0x78, 0x05, 0x99, 0x26, 0x3d,
  0x00, 0x9f, 0x26, 0x3d, 0x03, 0x92, 0x4b, 0x78, 0x00, 0x9c, 0x4b, 0x78,
  0x05, 0x92, 0x46, 0x5f, 0x00, 0x9c, 0x46, 0x5f, 0x02, 0x93, 0x36, 0x54,
  0x00, 0x42, 0x5c, 0x00, 0x9d, 0x36, 0x54, 0x00, 0x42, 0x5c, 0x33, 0x89,
  0x26, 0x40, 0x00, 0x8f, 0x26, 0x40, 0x01, 0x82, 0x42, 0x40, 0x00, 0x8c,
  0x42, 0x40, 0x05, 0x82, 0x4b, 0x40, 0x00, 0x8c, 0x4b, 0x40, 0x3c, 0x82,
  0x46, 0x40, 0x00, 0x8c, 0x46, 0x40, 0x3a, 0x84, 0x33, 0x40, 0x00, 0x27,
  0x40, 0x00, 0x1b, 0x40, 0x00, 0x8e, 0x33, 0x40, 0x00, 0x27, 0x40, 0x00,
  0x1b, 0x40, 0x81, 0x25, 0x83, 0x36, 0x40, 0x00, 0x42, 0x40, 0x00, 0x8d,
  0x36, 0x40, 0x00, 0x42, 0x40, 0x78, 0x94, 0x30, 0x78, 0x00, 0x24, 0x78,
  0x00, 0x9e, 0x30, 0x78, 0x00, 0x24, 0x78, 0x00, 0x92, 0x3c, 0x78, 0x00,
  0x9c, 0x3c, 0x78, 0x03, 0x92, 0x46, 0x66, 0x00, 0x9c, 0x46, 0x66, 0x02,
  0x92, 0x4b, 0x78, 0x00, 0x9c, 0x4b, 0x78, 0x03, 0x99, 0x26, 0x4b, 0x00,
  0x9f, 0x26, 0x4b, 0x00, 0x93, 0x33, 0x60, 0x00, 0x3f, 0x60, 0x00, 0x9d,
  0x33, 0x60, 0x00, 0x3f, 0x60, 0x29, 0x82, 0x4b, 0x40, 0x00, 0x8c, 0x4b,
  0x40, 0x14, 0x89, 0x26, 0x40, 0x00, 0x8f, 0x26, 0x40, 0x01, 0x82, 0x46,
  0x40, 0x00, 0x8c, 0x46, 0x40, 0x13, 0x82, 0x3c, 0x40, 0x00, 0x8c, 0x3c,
  0x40, 0x47, 0x84, 0x30, 0x40, 0x00, 0x24, 0x40, 0x00, 0x8e, 0x30, 0x40,
  0x00, 0x24, 0x40, 0x33, 0x83, 0x33, 0x40, 0x00, 0x3f, 0x40, 0x00, 0x8d,
  0x33, 0x40, 0x00, 0x3f, 0x40, 0x22, 0x92, 0x4b, 0x76, 0x00, 0x9c, 0x4b,
  0x76, 0x03, 0x94, 0x30, 0x78, 0x00, 0x24, 0x78, 0x00, 0x9e, 0x30, 0x78,
  0x00, 0x24, 0x78, 0x00, 0x99, 0x26, 0x39, 0x00, 0x9f, 0x26, 0x39, 0x00,
  0x92, 0x3c, 0x78, 0x00, 0x9c, 0x3c, 0x78, 0x02, 0x92, 0x46, 0x78, 0x00,
  0x9c, 0x46, 0x78, 0x36, 0x82, 0x4b, 0x40, 0x00, 0x8c, 0x4b, 0x40, 0x05,
  0x89, 0x26, 0x40, 0x00, 0x8f, 0x26, 0x40, 0x03, 0x84, 0x30, 0x40, 0x00,
  0x24, 0x40, 0x00, 0x8e, 0x30, 0x40, 0x00, 0x24, 0x40, 0x06, 0x82, 0x3c,
  0x40, 0x00, 0x8c, 0x3c, 0x40, 0x01, 0x82, 0x46, 0x40, 0x00, 0x8c, 0x46,
  0x40, 0x06, 0x92, 0x4b, 0x65, 0x00, 0x46, 0x64, 0x00, 0x9c, 0x4b, 0x65,
  0x00, 0x46, 0x64, 0x03, 0x94, 0x30, 0x6c, 0x00, 0x24, 0x6c, 0x00, 0x9e,
  0x30, 0x6c, 0x00, 0x24, 0x6c, 0x00, 0x99, 0x26, 0x32, 0x00, 0x9f, 0x26,
  0x32, 0x00, 0x92, 0x3c, 0x6c, 0x00, 0x9c, 0x3c, 0x6c, 0x1b, 0x93, 0x3a,
  0x60, 0x00, 0x46, 0x60, 0x00, 0x9d, 0x3a, 0x60, 0x00, 0x46, 0x60, 0x21,
  0x84, 0x30, 0x40, 0x00, 0x24, 0x40, 0x00, 0x8e, 0x30, 0x40, 0x00, 0x24,
  0x40, 0x0a, 0x82, 0x4b, 0x40, 0x00, 0x46, 0x40, 0x00, 0x8c, 0x4b, 0x40,
  0x00, 0x46, 0x40, 0x00, 0x82, 0x3c, 0x40, 0x00, 0x8c, 0x3c, 0x40, 0x02,
  0x89, 0x26, 0x40, 0x00, 0x8f, 0x26, 0x40, 0x05, 0x94, 0x30, 0x78, 0x00,
  0x24, 0x78, 0x00, 0x9e, 0x30, 0x78, 0x00, 0x24, 0x78, 0x00, 0x92, 0x4b,
  0x63, 0x00, 0x46, 0x74, 0x00, 0x3c, 0x78, 0x00, 0x9c, 0x4b, 0x63, 0x00,
  0x46, 0x74, 0x00, 0x3c, 0x78, 0x05, 0x99, 0x26, 0x3e, 0x00, 0x9f, 0x26,
  0x3e, 0x0f, 0x83, 0x3a, 0x40, 0x00, 0x46, 0x40, 0x00, 0x8d, 0x3a, 0x40,
  0x00, 0x46, 0x40, 0x15, 0x82, 0x4b, 0x40, 0x00, 0x8c, 0x4b, 0x40, 0x1a,
  0x82, 0x46, 0x40, 0x00, 0x8c, 0x46, 0x40, 0x06, 0x89, 0x26, 0x40, 0x00,
  0x8f, 0x26, 0x40, 0x02, 0x94, 0x2b, 0x78, 0x00, 0x1f, 0x78, 0x00, 0x9e,
  0x2b, 0x78, 0x00, 0x1f, 0x78, 0x01, 0x84, 0x30, 0x40, 0x00, 0x24, 0x40,
  0x00, 0x8e, 0x30, 0x40, 0x00, 0x24, 0x40, 0x04, 0x99, 0x26, 0x4b, 0x00,
  0x9f, 0x26, 0x4b, 0x01, 0x82, 0x3c, 0x40, 0x00, 0x8c, 0x3c, 0x40, 0x04,
  0x93, 0x37, 0x54, 0x00, 0x43, 0x5c, 0x00, 0x9d, 0x37, 0x54, 0x00, 0x43,
  0x5c, 0x45, 0x89, 0x26, 0x40, 0x00, 0x8f, 0x26, 0x40, 0x29, 0x84, 0x2b,
  0x40, 0x00, 0x1f, 0x40, 0x00, 0x8e, 0x2b, 0x40, 0x00, 0x1f, 0x40, 0x7b,
  0x92, 0x46, 0x40, 0x00, 0x9c, 0x46, 0x40, 0x00, 0x93, 0x3a, 0x5d, 0x00,
  0x9d, 0x3a, 0x5d, 0x02, 0x92, 0x4a, 0x4e, 0x00, 0x9c, 0x4a, 0x4e, 0x03,
  0x93, 0x3e, 0x5d, 0x00, 0x9d, 0x3e, 0x5d, 0x02, 0x99, 0x26, 0x40, 0x00,
  0x9f, 0x26, 0x40, 0x2b, 0x83, 0x3a, 0x40, 0x00, 0x8d, 0x3a, 0x40, 0x05,
  0x83, 0x3e, 0x40, 0x00, 0x8d, 0x3e, 0x40, 0x06, 0x82, 0x4a, 0x40, 0x00,
  0x8c, 0x4a, 0x40, 0x0c, 0x89, 0x26, 0x40, 0x00, 0x8f, 0x26, 0x40, 0x01,
  0x82, 0x46, 0x40, 0x00, 0x8c, 0x46, 0x40, 0x03, 0x92, 0x46, 0x5f, 0x00,
  0x4a, 0x5f, 0x00, 0x9c, 0x46, 0x5f, 0x00, 0x4a, 0x5f, 0x00, 0x93, 0x3a,
  0x59, 0x00, 0x9d, 0x3a, 0x59, 0x05, 0x94, 0x2b, 0x64, 0x00, 0x1f, 0x64,
  0x00, 0x9e, 0x2b, 0x64, 0x00, 0x1f, 0x64, 0x00, 0x93, 0x3e, 0x59, 0x00,
  0x9d, 0x3e, 0x59, 0x08, 0x99, 0x26, 0x32, 0x00, 0x9f, 0x26, 0x32, 0x2a,
  0x83, 0x3a, 0x40, 0x00, 0x8d, 0x3a, 0x40, 0x04, 0x84, 0x2b, 0x40, 0x00,
  0x1f, 0x40, 0x00, 0x8e, 0x2b, 0x40, 0x00, 0x1f, 0x40, 0x01, 0x83, 0x3e,
  0x40, 0x00, 0x8d, 0x3e, 0x40, 0x0d, 0x82, 0x46, 0x40, 0x00, 0x4a, 0x40,
  0x00, 0x8c, 0x46, 0x40, 0x00, 0x4a, 0x40, 0x0a, 0x92, 0x46, 0x71, 0x00,
  0x4a, 0x71, 0x00, 0x9c, 0x46, 0x71, 0x00, 0x4a, 0x71, 0x00, 0x94, 0x2b,
  0x6b, 0x00, 0x1f, 0x6b, 0x00, 0x9e, 0x2b, 0x6b, 0x00, 0x1f, 0x6b, 0x00,
  0x93, 0x3a, 0x63, 0x00, 0x9d, 0x3a, 0x63, 0x02, 0x89, 0x26, 0x40, 0x00,
  0x8f, 0x26, 0x40, 0x03, 0x93, 0x3e, 0x63, 0x00, 0x9d, 0x3e, 0x63, 0x05,
  0x99, 0x26, 0x3c, 0x00, 0x9f, 0x26, 0x3c, 0x11, 0x83, 0x37, 0x40, 0x00,
  0x43, 0x40, 0x00, 0x8d, 0x37, 0x40, 0x00, 0x43, 0x40, 0x1a, 0x83, 0x3a,
  0x40, 0x00, 0x8d, 0x3a, 0x40, 0x05, 0x83, 0x3e, 0x40, 0x00, 0x8d, 0x3e,
  0x40, 0x09, 0x82, 0x46, 0x40, 0x00, 0x4a, 0x40, 0x00, 0x8c, 0x46, 0x40,
  0x00, 0x4a, 0x40, 0x05, 0x84, 0x2b, 0x40, 0x00, 0x1f, 0x40, 0x00, 0x8e,
  0x2b, 0x40, 0x00, 0x1f, 0x40, 0x04, 0x89, 0x26, 0x40, 0x00, 0x8f, 0x26,
  0x40, 0x01, 0x92, 0x47, 0x6a, 0x00, 0x4b, 0x6a, 0x00, 0x9c, 0x47, 0x6a,
  0x00, 0x4b, 0x6a, 0x00, 0x93, 0x3b, 0x5d, 0x00, 0x9d, 0x3b, 0x5d, 0x03,
  0x93, 0x3f, 0x5d, 0x00, 0x9d, 0x3f, 0x5d, 0x02, 0x94, 0x2b, 0x66, 0x00,
  0x1f, 0x66, 0x00, 0x9e, 0x2b, 0x66, 0x00, 0x1f, 0x66, 0x03, 0x99, 0x26,
  0x44, 0x00, 0x9f, 0x26, 0x44, 0x2d, 0x83, 0x3b, 0x40, 0x00, 0x8d, 0x3b,
  0x40, 0x03, 0x83, 0x3f, 0x40, 0x00, 0x8d, 0x3f, 0x40, 0x09, 0x84, 0x2b,
  0x40, 0x00, 0x1f, 0x40, 0x00, 0x8e, 0x2b, 0x40, 0x00, 0x1f, 0x40, 0x05,
  0x82, 0x47, 0x40, 0x00, 0x4b, 0x40, 0x00, 0x8c, 0x47, 0x40, 0x00, 0x4b,
  0x40, 0x04, 0x89, 0x26, 0x40, 0x00, 0x8f, 0x26, 0x40, 0x06, 0x92, 0x47,
  0x6a, 0x00, 0x4b, 0x71, 0x00, 0x9c, 0x47, 0x6a, 0x00, 0x4b, 0x71, 0x00,
  0x93, 0x3b, 0x63, 0x00, 0x9d, 0x3b, 0x63, 0x03, 0x94, 0x2b, 0x66, 0x00,
  0x1f, 0x66, 0x00, 0x9e, 0x2b, 0x66, 0x00, 0x1f, 0x66, 0x02, 0x93, 0x3f,
  0x5d, 0x00, 0x9d, 0x3f, 0x5d, 0x03, 0x99, 0x26, 0x42, 0x00, 0x9f, 0x26,
  0x42, 0x2a, 0x83, 0x3b, 0x40, 0x00, 0x8d, 0x3b, 0x40, 0x05, 0x83, 0x3f,
  0x40, 0x00, 0x8d, 0x3f, 0x40, 0x12, 0x82, 0x47, 0x40, 0x00, 0x4b, 0x40,
  0x00, 0x8c, 0x47, 0x40, 0x00, 0x4b, 0x40, 0x02, 0x84, 0x2b, 0x40, 0x00,
  0x1f, 0x40, 0x00, 0x8e, 0x2b, 0x40, 0x00, 0x1f, 0x40, 0x05, 0x89, 0x26,
  0x40, 0x00, 0x8f, 0x26, 0x40, 0x00, 0x94, 0x2b, 0x78, 0x00, 0x1f, 0x78,
  0x00, 0x9e, 0x2b, 0x78, 0x00, 0x1f, 0x78, 0x00, 0x93, 0x3b, 0x78, 0x00,
  0x9d, 0x3b, 0x78, 0x03, 0x92, 0x47, 0x6a, 0x00, 0x4b, 0x6a, 0x00, 0x9c,
  0x47, 0x6a, 0x00, 0x4b, 0x6a, 0x00, 0x93, 0x3f, 0x5d, 0x00, 0x9d, 0x3f,
  0x5d, 0x02, 0x99, 0x26, 0x4a, 0x00, 0x9f, 0x26, 0x4a, 0x32, 0x83, 0x3b,
  0x40, 0x00, 0x8d, 0x3b, 0x40, 0x03, 0x83, 0x3f, 0x40, 0x00, 0x8d, 0x3f,
  0x40, 0x05, 0x84, 0x2b, 0x40, 0x00, 0x1f, 0x40, 0x00, 0x8e, 0x2b, 0x40,
  0x00, 0x1f, 0x40, 0x0a, 0x82, 0x47, 0x40, 0x00, 0x4b, 0x40, 0x00, 0x8c,
  0x47, 0x40, 0x00, 0x4b, 0x40, 0x00, 0x89, 0x26, 0x40, 0x00, 0x8f, 0x26,
  0x40, 0x07, 0x94, 0x2b, 0x78, 0x00, 0x1f, 0x78, 0x00, 0x9e, 0x2b, 0x78,
  0x00, 0x1f, 0x78, 0x03, 0x92, 0x49, 0x6a, 0x00, 0x4d, 0x6a, 0x00, 0x9c,
  0x49, 0x6a, 0x00, 0x4d, 0x6a, 0x00, 0x93, 0x3d, 0x5d, 0x00, 0x41, 0x5d,
  0x00, 0x9d, 0x3d, 0x5d, 0x00, 0x41, 0x5d, 0x05, 0x99, 0x26, 0x34, 0x00,
  0x9f, 0x26, 0x34, 0x2b, 0x83, 0x3d, 0x40, 0x00, 0x41, 0x40, 0x00, 0x8d,
  0x3d, 0x40, 0x00, 0x41, 0x40, 0x0c, 0x89, 0x26, 0x40, 0x00, 0x8f, 0x26,
  0x40, 0x07, 0x82, 0x49, 0x40, 0x00, 0x4d, 0x40, 0x00, 0x8c, 0x49, 0x40,
  0x00, 0x4d, 0x40, 0x02, 0x84, 0x2b, 0x40, 0x00, 0x1f, 0x40, 0x00, 0x8e,
  0x2b, 0x40, 0x00, 0x1f, 0x40, 0x08, 0x92, 0x49, 0x6a, 0x00, 0x4d, 0x6a,
  0x00, 0x9c, 0x49, 0x6a, 0x00, 0x4d, 0x6a, 0x00, 0x93, 0x3d, 0x5d, 0x00,
  0x41, 0x5d, 0x00, 0x9d, 0x3d, 0x5d, 0x00, 0x41, 0x5d, 0x32, 0x83, 0x3d,
  0x40, 0x00, 0x41, 0x40, 0x00, 0x8d, 0x3d, 0x40, 0x00, 0x41, 0x40, 0x14,
  0x82, 0x49, 0x40, 0x00, 0x4d, 0x40, 0x00, 0x8c, 0x49, 0x40, 0x00, 0x4d,
  0x40, 0x05, 0x93, 0x41, 0x5d, 0x00, 0x9d, 0x41, 0x5d, 0x05, 0x92, 0x4d,
  0x6a, 0x00, 0x49, 0x6a, 0x00, 0x9c, 0x4d, 0x6a, 0x00, 0x49, 0x6a, 0x00,
  0x93, 0x3d, 0x5d, 0x00, 0x9d, 0x3d, 0x5d, 0x28, 0x83, 0x41, 0x40, 0x00,
  0x8d, 0x41, 0x40, 0x05, 0x83, 0x3d, 0x40, 0x00, 0x8d, 0x3d, 0x40, 0x16,
  0x82, 0x4d, 0x40, 0x00, 0x49, 0x40, 0x00, 0x8c, 0x4d, 0x40, 0x00, 0x49,
  0x40, 0x0d, 0x94, 0x2b, 0x78, 0x00, 0x1f, 0x78, 0x00, 0x9e, 0x2b, 0x78,
  0x00, 0x1f, 0x78, 0x05, 0x93, 0x43, 0x60, 0x00, 0x4f, 0x60, 0x00, 0x9d,
  0x43, 0x60, 0x00, 0x4f, 0x60, 0x08, 0x99, 0x26, 0x40, 0x00, 0x9f, 0x26,
  0x40, 0x37, 0x89, 0x26, 0x40, 0x00, 0x8f, 0x26, 0x40, 0x81, 0x04, 0x84,
  0x2b, 0x40, 0x00, 0x1f, 0x40, 0x00, 0x8e, 0x2b, 0x40, 0x00, 0x1f, 0x40,
  0x81, 0x32, 0x83, 0x43, 0x40, 0x00, 0x4f, 0x40, 0x00, 0x8d, 0x43, 0x40,
  0x00, 0x4f, 0x40, 0x6b, 0x94, 0x2b, 0x78, 0x00, 0x1f, 0x78, 0x00, 0x9e,
  0x2b, 0x78, 0x00, 0x1f, 0x78, 0x00, 0x93, 0x37, 0x54, 0x00, 0x43, 0x5c,
  0x00, 0x9d, 0x37, 0x54, 0x00, 0x43, 0x5c, 0x05, 0x99, 0x26, 0x46, 0x00,
  0x9f, 0x26, 0x46, 0x3d, 0x89, 0x26, 0x40, 0x00, 0x8f, 0x26, 0x40, 0x5e,
  0x84, 0x2b, 0x40, 0x00, 0x1f, 0x40, 0x00, 0x8e, 0x2b, 0x40, 0x00, 0x1f,
  0x40, 0x50, 0x99, 0x26, 0x34, 0x00, 0x9f, 0x26, 0x34, 0x03, 0x83, 0x37,
  0x40, 0x00, 0x43, 0x40, 0x00, 0x8d, 0x37, 0x40, 0x00, 0x43, 0x40, 0x07,
  0x94, 0x2b, 0x78, 0x00, 0x1f, 0x78, 0x00, 0x9e, 0x2b, 0x78, 0x00, 0x1f,
  0x78, 0x30, 0x89, 0x26, 0x40, 0x00, 0x8f, 0x26, 0x40, 0x13, 0x84, 0x2b,
  0x40, 0x00, 0x1f, 0x40, 0x00, 0x8e, 0x2b, 0x40, 0x00, 0x1f, 0x40, 0x03,
  0x99, 0x26, 0x3e, 0x00, 0x9f, 0x26, 0x3e, 0x0a, 0x94, 0x2b, 0x64, 0x00,
  0x1f, 0x64, 0x00, 0x9e, 0x2b, 0x64, 0x00, 0x1f, 0x64, 0x2d, 0x93, 0x37,
  0x60, 0x00, 0x43, 0x60, 0x00, 0x9d, 0x37, 0x60, 0x00, 0x43, 0x60, 0x0d,
  0x89, 0x26, 0x40, 0x00, 0x8f, 0x26, 0x40, 0x09, 0x84, 0x2b, 0x40, 0x00,
  0x1f, 0x40, 0x00, 0x8e, 0x2b, 0x40, 0x00, 0x1f, 0x40, 0x03, 0x99, 0x26,
  0x42, 0x00, 0x9f, 0x26, 0x42, 0x08, 0x94, 0x2b, 0x78, 0x00, 0x1f, 0x78,
  0x00, 0x9e, 0x2b, 0x78, 0x00, 0x1f, 0x78, 0x2b, 0x89, 0x26, 0x40, 0x00,
  0x8f, 0x26, 0x40, 0x07, 0x84, 0x2b, 0x40, 0x00, 0x1f, 0x40, 0x00, 0x8e,
  0x2b, 0x40, 0x00, 0x1f, 0x40, 0x0c, 0x83, 0x37, 0x40, 0x00, 0x43, 0x40,
  0x00, 0x8d, 0x37, 0x40, 0x00, 0x43, 0x40, 0x0a, 0x99, 0x26, 0x36, 0x00,
  0x9f, 0x26, 0x36, 0x03, 0x94, 0x2b, 0x66, 0x00, 0x1f, 0x66, 0x00, 0x9e,
  0x2b, 0x66, 0x00, 0x1f, 0x66, 0x0f, 0x93, 0x43, 0x5c, 0x00, 0x4f, 0x5c,
  0x00, 0x9d, 0x43, 0x5c, 0x00, 0x4f, 0x5c, 0x3d, 0x89, 0x26, 0x40, 0x00,
  0x8f, 0x26, 0x40, 0x2c, 0x84, 0x2b, 0x40, 0x00, 0x1f, 0x40, 0x00, 0x8e,
  0x2b, 0x40, 0x00, 0x1f, 0x40, 0x75, 0x94, 0x2b, 0x78, 0x00, 0x1f, 0x78,
  0x00, 0x9e, 0x2b, 0x78, 0x00, 0x1f, 0x78, 0x03, 0x99, 0x26, 0x46, 0x00,
  0x9f, 0x26, 0x46, 0x3d, 0x89, 0x26, 0x40, 0x00, 0x8f, 0x26, 0x40, 0x0e,
  0x84, 0x2b, 0x40, 0x00, 0x1f, 0x40, 0x00, 0x8e, 0x2b, 0x40, 0x00, 0x1f,
  0x40, 0x03, 0x83, 0x43, 0x40, 0x00, 0x4f, 0x40, 0x00, 0x8d, 0x43, 0x40,
  0x00, 0x4f, 0x40, 0x02, 0x94, 0x2b, 0x64, 0x00, 0x1f, 0x64, 0x00, 0x9e,
  0x2b, 0x64, 0x00, 0x1f, 0x64, 0x05, 0x99, 0x26, 0x3c, 0x00, 0x9f, 0x26,
  0x3c, 0x42, 0x89, 0x26, 0x40, 0x00, 0x8f, 0x26, 0x40, 0x04, 0x94, 0x2b,
  0x6d, 0x00, 0x1f, 0x6d, 0x00, 0x9e, 0x2b, 0x6d, 0x00, 0x1f, 0x6d, 0x03,
  0x84, 0x2b, 0x40, 0x00, 0x1f, 0x40, 0x00, 0x8e, 0x2b, 0x40, 0x00, 0x1f,
  0x40, 0x00, 0x84, 0x2b, 0x40, 0x00, 0x1f, 0x40, 0x00, 0x8e, 0x2b, 0x40,
  0x00, 0x1f, 0x40, 0x07, 0x99, 0x26, 0x39, 0x00, 0x9f, 0x26, 0x39, 0x2f,
  0x93, 0x42, 0x60, 0x00, 0x4e, 0x60, 0x00, 0x9d, 0x42, 0x60, 0x00, 0x4e,
  0x60, 0x13, 0x89, 0x26, 0x40, 0x00, 0x8f, 0x26, 0x40, 0x01, 0x92, 0x42,
  0x64, 0x00, 0x9c, 0x42, 0x64, 0x00, 0x94, 0x33, 0x64, 0x00, 0x27, 0x64,
  0x00, 0x9e, 0x33, 0x64, 0x00, 0x27, 0x64, 0x05, 0x99, 0x26, 0x42, 0x00,
  0x9f, 0x26, 0x42, 0x00, 0x92, 0x4f, 0x65, 0x00, 0x4b, 0x6c, 0x00, 0x9c,
  0x4f, 0x65, 0x00, 0x4b, 0x6c, 0x35, 0x84, 0x33, 0x40, 0x00, 0x27, 0x40,
  0x00, 0x8e, 0x33, 0x40, 0x00, 0x27, 0x40, 0x0c, 0x82, 0x42, 0x40, 0x00,
  0x8c, 0x42, 0x40, 0x01, 0x82, 0x4f, 0x40, 0x00, 0x4b, 0x40, 0x00, 0x8c,
  0x4f, 0x40, 0x00, 0x4b, 0x40, 0x02, 0x89, 0x26, 0x40, 0x00, 0x8f, 0x26,
  0x40, 0x07, 0x94, 0x33, 0x78, 0x00, 0x27, 0x78, 0x00, 0x9e, 0x33, 0x78,
  0x00, 0x27, 0x78, 0x00, 0x92, 0x42, 0x78, 0x00, 0x9c, 0x42, 0x78, 0x05,
  0x99, 0x26, 0x37, 0x00, 0x9f, 0x26, 0x37, 0x00, 0x92, 0x4b, 0x65, 0x00,
  0x4f, 0x70, 0x00, 0x9c, 0x4b, 0x65, 0x00, 0x4f, 0x70, 0x3b, 0x84, 0x33,
  0x40, 0x00, 0x27, 0x40, 0x00, 0x8e, 0x33, 0x40, 0x00, 0x27, 0x40, 0x02,
  0x82, 0x42, 0x40, 0x00, 0x8c, 0x42, 0x40, 0x00, 0x82, 0x4b, 0x40, 0x00,
  0x4f, 0x40, 0x00, 0x8c, 0x4b, 0x40, 0x00, 0x4f, 0x40, 0x07, 0x89, 0x26,
  0x40, 0x00, 0x8f, 0x26, 0x40, 0x02, 0x94, 0x33, 0x74, 0x00, 0x27, 0x74,
  0x00, 0x9e, 0x33, 0x74, 0x00, 0x27, 0x74, 0x00, 0x92, 0x42, 0x74, 0x00,
  0x9c, 0x42, 0x74, 0x08, 0x99, 0x26, 0x39, 0x00, 0x9f, 0x26, 0x39, 0x02,
  0x92, 0x4b, 0x65, 0x00, 0x4f, 0x70, 0x00, 0x9c, 0x4b, 0x65, 0x00, 0x4f,
  0x70, 0x30, 0x84, 0x33, 0x40, 0x00, 0x27, 0x40, 0x00, 0x8e, 0x33, 0x40,
  0x00, 0x27, 0x40, 0x10, 0x82, 0x42, 0x40, 0x00, 0x8c, 0x42, 0x40, 0x02,
  0x82, 0x4b, 0x40, 0x00, 0x4f, 0x40, 0x00, 0x8c, 0x4b, 0x40, 0x00, 0x4f,
  0x40, 0x04, 0x89, 0x26, 0x40, 0x00, 0x8f, 0x26, 0x40, 0x05, 0x83, 0x42,
  0x40, 0x00, 0x4e, 0x40, 0x00, 0x8d, 0x42, 0x40, 0x00, 0x4e, 0x40, 0x00,
  0x94, 0x33, 0x78, 0x00, 0x27, 0x78, 0x00, 0x9e, 0x33, 0x78, 0x00, 0x27,
  0x78, 0x00, 0x92, 0x4f, 0x70, 0x00, 0x42, 0x78, 0x00, 0x9c, 0x4f, 0x70,
  0x00, 0x42, 0x78, 0x03, 0x92, 0x4b, 0x65, 0x00, 0x9c, 0x4b, 0x65, 0x02,
  0x99, 0x26, 0x39, 0x00, 0x9f, 0x26, 0x39, 0x33, 0x82, 0x4f, 0x40, 0x00,
  0x8c, 0x4f, 0x40, 0x0b, 0x82, 0x42, 0x40, 0x00, 0x8c, 0x42, 0x40, 0x0a,
  0x89, 0x26, 0x40, 0x00, 0x8f, 0x26, 0x40, 0x01, 0x84, 0x33, 0x40, 0x00,
  0x27, 0x40, 0x00, 0x8e, 0x33, 0x40, 0x00, 0x27, 0x40, 0x03, 0x82, 0x4b,
  0x40, 0x00, 0x8c, 0x4b, 0x40, 0x2c, 0x93, 0x41, 0x54, 0x00, 0x4d, 0x5c,
  0x00, 0x9d, 0x41, 0x54, 0x00, 0x4d, 0x5c, 0x50, 0x83, 0x41, 0x40, 0x00,
  0x4d, 0x40, 0x00, 0x8d, 0x41, 0x40, 0x00, 0x4d, 0x40, 0x23, 0x94, 0x31,
  0x78, 0x00, 0x25, 0x78, 0x00, 0x9e, 0x31, 0x78, 0x00, 0x25, 0x78, 0x05,
  0x92, 0x49, 0x68, 0x00, 0x9c, 0x49, 0x68, 0x00, 0x93, 0x40, 0x54, 0x00,
  0x4c, 0x5c, 0x00, 0x9d, 0x40, 0x54, 0x00, 0x4c, 0x5c, 0x05, 0x92, 0x50,
  0x70, 0x00, 0x4c, 0x6c, 0x00, 0x9c, 0x50, 0x70, 0x00, 0x4c, 0x6c, 0x03,
  0x99, 0x26, 0x4a, 0x00, 0x9f, 0x26, 0x4a, 0x35, 0x82, 0x50, 0x40, 0x00,
  0x4c, 0x40, 0x00, 0x8c, 0x50, 0x40, 0x00, 0x4c, 0x40, 0x06, 0x82, 0x49,
  0x40, 0x00, 0x8c, 0x49, 0x40, 0x0f, 0x89, 0x26, 0x40, 0x00, 0x8f, 0x26,
  0x40, 0x21, 0x83, 0x40, 0x40, 0x00, 0x4c, 0x40, 0x00, 0x8d, 0x40, 0x40,
  0x00, 0x4c, 0x40, 0x05, 0x93, 0x3f, 0x58, 0x00, 0x4b, 0x5c, 0x00, 0x9d,
  0x3f, 0x58, 0x00, 0x4b, 0x5c, 0x4b, 0x84, 0x31, 0x40, 0x00, 0x25, 0x40,
  0x00, 0x8e, 0x31, 0x40, 0x00, 0x25, 0x40, 0x08, 0x83, 0x3f, 0x40, 0x00,
  0x4b, 0x40, 0x00, 0x8d, 0x3f, 0x40, 0x00, 0x4b, 0x40, 0x25, 0x93, 0x40,
  0x54, 0x00, 0x4c, 0x5c, 0x00, 0x9d, 0x40, 0x54, 0x00, 0x4c, 0x5c, 0x6c,
  0x83, 0x40, 0x40, 0x00, 0x4c, 0x40, 0x00, 0x8d, 0x40, 0x40, 0x00, 0x4c,
  0x40, 0x78, 0x94, 0x31, 0x78, 0x00, 0x25, 0x78, 0x00, 0x9e, 0x31, 0x78,
  0x00, 0x25, 0x78, 0x0c, 0x92, 0x49, 0x78, 0x00, 0x9c, 0x49, 0x78, 0x08,
  0x99, 0x26, 0x44, 0x00, 0x9f, 0x26, 0x44, 0x02, 0x92, 0x50, 0x70, 0x00,
  0x4c, 0x6c, 0x00, 0x9c, 0x50, 0x70, 0x00, 0x4c, 0x6c, 0x34, 0x82, 0x50,
  0x40, 0x00, 0x4c, 0x40, 0x00, 0x8c, 0x50, 0x40, 0x00, 0x4c, 0x40, 0x05,
  0x82, 0x49, 0x40, 0x00, 0x8c, 0x49, 0x40, 0x0d, 0x89, 0x26, 0x40, 0x00,
  0x8f, 0x26, 0x40, 0x44, 0x84, 0x31, 0x40, 0x00, 0x25, 0x40, 0x00, 0x8e,
  0x31, 0x40, 0x00, 0x25, 0x40, 0x5a, 0x92, 0x49, 0x78, 0x00, 0x9c, 0x49,
  0x78, 0x02, 0x94, 0x31, 0x70, 0x00, 0x25, 0x70, 0x00, 0x9e, 0x31, 0x70,
  0x00, 0x25, 0x70, 0x00, 0x92, 0x4c, 0x6c, 0x00, 0x50, 0x70, 0x00, 0x9c,
  0x4c, 0x6c, 0x00, 0x50, 0x70, 0x0a, 0x93, 0x38, 0x50, 0x00, 0x44, 0x5c,
  0x00, 0x9d, 0x38, 0x50, 0x00, 0x44, 0x5c, 0x03, 0x99, 0x26, 0x30, 0x00,
  0x9f, 0x26, 0x30, 0x34, 0x82, 0x49, 0x40, 0x00, 0x8c, 0x49, 0x40, 0x01,
  0x84, 0x31, 0x40, 0x00, 0x25, 0x40, 0x00, 0x8e, 0x31, 0x40, 0x00, 0x25,
  0x40, 0x00, 0x82, 0x4c, 0x40, 0x00, 0x50, 0x40, 0x00, 0x8c, 0x4c, 0x40,
  0x00, 0x50, 0x40, 0x02, 0x89, 0x26, 0x40, 0x00, 0x8f, 0x26, 0x40, 0x07,
  0x92, 0x49, 0x64, 0x00, 0x9c, 0x49, 0x64, 0x03, 0x94, 0x31, 0x64, 0x00,
  0x25, 0x64, 0x00, 0x9e, 0x31, 0x64, 0x00, 0x25, 0x64, 0x02, 0x92, 0x4c,
  0x65, 0x00, 0x50, 0x63, 0x00, 0x9c, 0x4c, 0x65, 0x00, 0x50, 0x63, 0x05,
  0x99, 0x26, 0x3c, 0x00, 0x9f, 0x26, 0x3c, 0x12, 0x83, 0x38, 0x40, 0x00,
  0x44, 0x40, 0x00, 0x8d, 0x38, 0x40, 0x00, 0x44, 0x40, 0x29, 0x84, 0x31,
  0x40, 0x00, 0x25, 0x40, 0x00, 0x8e, 0x31, 0x40, 0x00, 0x25, 0x40, 0x01,
  0x82, 0x49, 0x40, 0x00, 0x8c, 0x49, 0x40, 0x01, 0x82, 0x4c, 0x40, 0x00,
  0x50, 0x40, 0x00, 0x8c, 0x4c, 0x40, 0x00, 0x50, 0x40, 0x00, 0x89, 0x26,
  0x40, 0x00, 0x8f, 0x26, 0x40, 0x09, 0x92, 0x49, 0x78, 0x00, 0x9c, 0x49,
  0x78, 0x03, 0x94, 0x31, 0x78, 0x00, 0x25, 0x78, 0x00, 0x9e, 0x31, 0x78,
  0x00, 0x25, 0x78, 0x02, 0x92, 0x4c, 0x65, 0x00, 0x50, 0x6c, 0x00, 0x9c,
  0x4c, 0x65, 0x00, 0x50, 0x6c, 0x08, 0x99, 0x26, 0x41, 0x00, 0x9f, 0x26,
  0x41, 0x35, 0x82, 0x49, 0x40, 0x00, 0x8c, 0x49, 0x40, 0x00, 0x82, 0x4c,
  0x40, 0x00, 0x50, 0x40, 0x00, 0x8c, 0x4c, 0x40, 0x00, 0x50, 0x40, 0x09,
  0x84, 0x31, 0x40, 0x00, 0x25, 0x40, 0x00, 0x8e, 0x31, 0x40, 0x00, 0x25,
  0x40, 0x00, 0x92, 0x50, 0x70, 0x00, 0x4c, 0x6c, 0x00, 0x49, 0x6e, 0x00,
  0x9c, 0x50, 0x70, 0x00, 0x4c, 0x6c, 0x00, 0x49, 0x6e, 0x04, 0x89, 0x26,
  0x40, 0x00, 0x8f, 0x26, 0x40, 0x04, 0x94, 0x31, 0x66, 0x00, 0x25, 0x66,
  0x00, 0x9e, 0x31, 0x66, 0x00, 0x25, 0x66, 0x00, 0x99, 0x26, 0x30, 0x00,
  0x9f, 0x26, 0x30, 0x0f, 0x93, 0x3d, 0x50, 0x00, 0x49, 0x5c, 0x00, 0x9d,
  0x3d, 0x50, 0x00, 0x49, 0x5c, 0x2b, 0x89, 0x26, 0x40, 0x00, 0x8f, 0x26,
  0x40, 0x08, 0x82, 0x50, 0x40, 0x00, 0x4c, 0x40, 0x00, 0x49, 0x40, 0x00,
  0x8c, 0x50, 0x40, 0x00, 0x4c, 0x40, 0x00, 0x49, 0x40, 0x36, 0x84, 0x31,
  0x40, 0x00, 0x25, 0x40, 0x00, 0x8e, 0x31, 0x40, 0x00, 0x25, 0x40, 0x70,
  0x94, 0x31, 0x78, 0x00, 0x25, 0x78, 0x00, 0x9e, 0x31, 0x78, 0x00, 0x25,
  0x78, 0x0a, 0x99, 0x26, 0x47, 0x00, 0x9f, 0x26, 0x47, 0x03, 0x92, 0x49,
  0x78, 0x00, 0x9c, 0x49, 0x78, 0x0f, 0x92, 0x50, 0x70, 0x00, 0x4c, 0x6c,
  0x00, 0x9c, 0x50, 0x70, 0x00, 0x4c, 0x6c, 0x27, 0x84, 0x31, 0x40, 0x00,
  0x25, 0x40, 0x00, 0x8e, 0x31, 0x40, 0x00, 0x25, 0x40, 0x04, 0x89, 0x26,
  0x40, 0x00, 0x8f, 0x26, 0x40, 0x09, 0x82, 0x49, 0x40, 0x00, 0x8c, 0x49,
  0x40, 0x02, 0x82, 0x50, 0x40, 0x00, 0x4c, 0x40, 0x00, 0x8c, 0x50, 0x40,
  0x00, 0x4c, 0x40, 0x01, 0x94, 0x31, 0x64, 0x00, 0x25, 0x64, 0x00, 0x9e,
  0x31, 0x64, 0x00, 0x25, 0x64, 0x07, 0x99, 0x26, 0x3c, 0x00, 0x9f, 0x26,
  0x3c, 0x00, 0x92, 0x49, 0x74, 0x00, 0x9c, 0x49, 0x74, 0x0b, 0x83, 0x3d,
  0x40, 0x00, 0x49, 0x40, 0x00, 0x8d, 0x3d, 0x40, 0x00, 0x49, 0x40, 0x07,
  0x92, 0x50, 0x5f, 0x00, 0x4c, 0x65, 0x00, 0x9c, 0x50, 0x5f, 0x00, 0x4c,
  0x65, 0x21, 0x84, 0x31, 0x40, 0x00, 0x25, 0x40, 0x00, 0x8e, 0x31, 0x40,
  0x00, 0x25, 0x40, 0x11, 0x89, 0x26, 0x40, 0x00, 0x8f, 0x26, 0x40, 0x02,
  0x82, 0x49, 0x40, 0x00, 0x8c, 0x49, 0x40, 0x02, 0x82, 0x50, 0x40, 0x00,
  0x4c, 0x40, 0x00, 0x8c, 0x50, 0x40, 0x00, 0x4c, 0x40, 0x03, 0x94, 0x31,
  0x78, 0x00, 0x25, 0x78, 0x00, 0x9e, 0x31, 0x78, 0x00, 0x25, 0x78, 0x03,
  0x99, 0x26, 0x3c, 0x00, 0x9f, 0x26, 0x3c, 0x02, 0x92, 0x49, 0x78, 0x00,
  0x9c, 0x49, 0x78, 0x08, 0x92, 0x50, 0x65, 0x00, 0x4c, 0x65, 0x00, 0x9c,
  0x50, 0x65, 0x00, 0x4c, 0x65, 0x36, 0x84, 0x31, 0x40, 0x00, 0x25, 0x40,
  0x00, 0x8e, 0x31, 0x40, 0x00, 0x25, 0x40, 0x08, 0x89, 0x26, 0x40, 0x00,
  0x8f, 0x26, 0x40, 0x00, 0x82, 0x49, 0x40, 0x00, 0x8c, 0x49, 0x40, 0x01,
  0x82, 0x50, 0x40, 0x00, 0x4c, 0x40, 0x00, 0x8c, 0x50, 0x40, 0x00, 0x4c,
  0x40, 0x04, 0x94, 0x31, 0x72, 0x00, 0x25, 0x72, 0x00, 0x9e, 0x31, 0x72,
  0x00, 0x25, 0x72, 0x00, 0x99, 0x26, 0x41, 0x00, 0x9f, 0x26, 0x41, 0x05,
  0x92, 0x4c, 0x65, 0x00, 0x50, 0x69, 0x00, 0x49, 0x6a, 0x00, 0x9c, 0x4c,
  0x65, 0x00, 0x50, 0x69, 0x00, 0x49, 0x6a, 0x0d, 0x93, 0x3c, 0x50, 0x00,
  0x48, 0x5c, 0x00, 0x9d, 0x3c, 0x50, 0x00, 0x48, 0x5c, 0x28, 0x84, 0x31,
  0x40, 0x00, 0x25, 0x40, 0x00, 0x8e, 0x31, 0x40, 0x00, 0x25, 0x40, 0x08,
  0x89, 0x26, 0x40, 0x00, 0x8f, 0x26, 0x40, 0x09, 0x82, 0x4c, 0x40, 0x00,
  0x50, 0x40, 0x00, 0x49, 0x40, 0x00, 0x8c, 0x4c, 0x40, 0x00, 0x50, 0x40,
  0x00, 0x49, 0x40, 0x05, 0x94, 0x31, 0x78, 0x00, 0x25, 0x78, 0x00, 0x9e,
  0x31, 0x78, 0x00, 0x25, 0x78, 0x03, 0x99, 0x26, 0x42, 0x00, 0x9f, 0x26,
  0x42, 0x02, 0x92, 0x4c, 0x65, 0x00, 0x50, 0x61, 0x00, 0x9c, 0x4c, 0x65,
  0x00, 0x50, 0x61, 0x03, 0x92, 0x49, 0x78, 0x00, 0x9c, 0x49, 0x78, 0x40,
  0x84, 0x31, 0x40, 0x00, 0x25, 0x40, 0x00, 0x8e, 0x31, 0x40, 0x00, 0x25,
  0x40, 0x03, 0x82, 0x4c, 0x40, 0x00, 0x50, 0x40, 0x00, 0x8c, 0x4c, 0x40,
  0x00, 0x50, 0x40, 0x00, 0x82, 0x49, 0x40, 0x00, 0x8c, 0x49, 0x40, 0x03,
  0x94, 0x31, 0x78, 0x00, 0x25, 0x78, 0x00, 0x9e, 0x31, 0x78, 0x00, 0x25,
  0x78, 0x02, 0x99, 0x26, 0x3e, 0x00, 0x9f, 0x26, 0x3e, 0x05, 0x89, 0x26,
  0x40, 0x00, 0x8f, 0x26, 0x40, 0x00, 0x89, 0x26, 0x40, 0x00, 0x8f, 0x26,
  0x40, 0x00, 0x92, 0x4c, 0x6c, 0x00, 0x50, 0x70, 0x00, 0x49, 0x66, 0x00,
  0x9c, 0x4c, 0x6c, 0x00, 0x50, 0x70, 0x00, 0x49, 0x66, 0x33, 0x84, 0x31,
  0x40, 0x00, 0x25, 0x40, 0x00, 0x8e, 0x31, 0x40, 0x00, 0x25, 0x40, 0x0f,
  0x82, 0x4c, 0x40, 0x00, 0x50, 0x40, 0x00, 0x49, 0x40, 0x00, 0x8c, 0x4c,
  0x40, 0x00, 0x50, 0x40, 0x00, 0x49, 0x40, 0x09, 0x94, 0x31, 0x78, 0x00,
  0x25, 0x78, 0x00, 0x9e, 0x31, 0x78, 0x00, 0x25, 0x78, 0x00, 0x92, 0x50,
  0x70, 0x00, 0x4c, 0x6c, 0x00, 0x9c, 0x50, 0x70, 0x00, 0x4c, 0x6c, 0x05,
  0x99, 0x26, 0x42, 0x00, 0x9f, 0x26, 0x42, 0x05, 0x92, 0x49, 0x78, 0x00,
  0x9c, 0x49, 0x78, 0x1f, 0x83, 0x3c, 0x40, 0x00, 0x48, 0x40, 0x00, 0x8d,
  0x3c, 0x40, 0x00, 0x48, 0x40, 0x12, 0x82, 0x50, 0x40, 0x00, 0x4c, 0x40,
  0x00, 0x8c, 0x50, 0x40, 0x00, 0x4c, 0x40, 0x07, 0x89, 0x26, 0x40, 0x00,
  0x8f, 0x26, 0x40, 0x12, 0x82, 0x49, 0x40, 0x00, 0x8c, 0x49, 0x40, 0x03,
  0x84, 0x31, 0x40, 0x00, 0x25, 0x40, 0x00, 0x8e, 0x31, 0x40, 0x00, 0x25,
  0x40, 0x33, 0x93, 0x3b, 0x48, 0x00, 0x47, 0x5c, 0x00, 0x9d, 0x3b, 0x48,
  0x00, 0x47, 0x5c, 0x58, 0x83, 0x3b, 0x40, 0x00, 0x47, 0x40, 0x00, 0x8d,
  0x3b, 0x40, 0x00, 0x47, 0x40, 0x0e, 0x94, 0x33, 0x78, 0x00, 0x27, 0x78,
  0x00, 0x9e, 0x33, 0x78, 0x00, 0x27, 0x78, 0x0d, 0x99, 0x26, 0x40, 0x00,
  0x9f, 0x26, 0x40, 0x02, 0x92, 0x4e, 0x70, 0x00, 0x4b, 0x6c, 0x00, 0x46,
  0x78, 0x00, 0x9c, 0x4e, 0x70, 0x00, 0x4b, 0x6c, 0x00, 0x46, 0x78, 0x08,
  0x93, 0x3a, 0x50, 0x00, 0x46, 0x5c, 0x00, 0x9d, 0x3a, 0x50, 0x00, 0x46,
  0x5c, 0x2d, 0x89, 0x26, 0x40, 0x00, 0x8f, 0x26, 0x40, 0x0e, 0x82, 0x4e,
  0x40, 0x00, 0x4b, 0x40, 0x00, 0x46, 0x40, 0x00, 0x8c, 0x4e, 0x40, 0x00,
  0x4b, 0x40, 0x00, 0x46, 0x40, 0x22, 0x83, 0x3a, 0x40, 0x00, 0x46, 0x40,
  0x00, 0x8d, 0x3a, 0x40, 0x00, 0x46, 0x40, 0x11, 0x93, 0x39, 0x48, 0x00,
  0x45, 0x5c, 0x00, 0x9d, 0x39, 0x48, 0x00, 0x45, 0x5c, 0x43, 0x84, 0x33,
  0x40, 0x00, 0x27, 0x40, 0x00, 0x8e, 0x33, 0x40, 0x00, 0x27, 0x40, 0x06,
  0x83, 0x39, 0x40, 0x00, 0x45, 0x40, 0x00, 0x8d, 0x39, 0x40, 0x00, 0x45,
  0x40, 0x31, 0x93, 0x3a, 0x50, 0x00, 0x46, 0x5c, 0x00, 0x9d, 0x3a, 0x50,
  0x00, 0x46, 0x5c, 0x69, 0x83, 0x3a, 0x40, 0x00, 0x46, 0x40, 0x00, 0x8d,
  0x3a, 0x40, 0x00, 0x46, 0x40, 0x71, 0x94, 0x33, 0x78, 0x00, 0x27, 0x78,
  0x00, 0x9e, 0x33, 0x78, 0x00, 0x27, 0x78, 0x00, 0x92, 0x4e, 0x70, 0x00,
  0x4b, 0x6c, 0x00, 0x46, 0x78, 0x00, 0x9c, 0x4e, 0x70, 0x00, 0x4b, 0x6c,
  0x00, 0x46, 0x78, 0x11, 0x99, 0x26, 0x46, 0x00, 0x9f, 0x26, 0x46, 0x2f,
  0x82, 0x4e, 0x40, 0x00, 0x4b, 0x40, 0x00, 0x46, 0x40, 0x00, 0x8c, 0x4e,
  0x40, 0x00, 0x4b, 0x40, 0x00, 0x46, 0x40, 0x0e, 0x89, 0x26, 0x40, 0x00,
  0x8f, 0x26, 0x40, 0x52, 0x84, 0x33, 0x40, 0x00, 0x27, 0x40, 0x00, 0x8e,
  0x33, 0x40, 0x00, 0x27, 0x40, 0x5c, 0x94, 0x33, 0x70, 0x00, 0x27, 0x70,
  0x00, 0x9e, 0x33, 0x70, 0x00, 0x27, 0x70, 0x00, 0x92, 0x4e, 0x6a, 0x00,
  0x4b, 0x65, 0x00, 0x46, 0x70, 0x00, 0x9c, 0x4e, 0x6a, 0x00, 0x4b, 0x65,
  0x00, 0x46, 0x70, 0x00, 0x99, 0x26, 0x34, 0x00, 0x9f, 0x26, 0x34, 0x12,
  0x93, 0x33, 0x50, 0x00, 0x3f, 0x5c, 0x00, 0x9d, 0x33, 0x50, 0x00, 0x3f,
  0x5c, 0x28, 0x89, 0x26, 0x40, 0x00, 0x8f, 0x26, 0x40, 0x04, 0x84, 0x33,
  0x40, 0x00, 0x27, 0x40, 0x00, 0x8e, 0x33, 0x40, 0x00, 0x27, 0x40, 0x05,
  0x82, 0x4e, 0x40, 0x00, 0x4b, 0x40, 0x00, 0x46, 0x40, 0x00, 0x8c, 0x4e,
  0x40, 0x00, 0x4b, 0x40, 0x00, 0x46, 0x40, 0x0b, 0x94, 0x33, 0x64, 0x00,
  0x27, 0x64, 0x00, 0x9e, 0x33, 0x64, 0x00, 0x27, 0x64, 0x00, 0x92, 0x4e,
  0x5f, 0x00, 0x4b, 0x65, 0x00, 0x46, 0x64, 0x00, 0x9c, 0x4e, 0x5f, 0x00,
  0x4b, 0x65, 0x00, 0x46, 0x64, 0x02, 0x99, 0x26, 0x3e, 0x00, 0x9f, 0x26,
  0x3e, 0x12, 0x83, 0x33, 0x40, 0x00, 0x3f, 0x40, 0x00, 0x8d, 0x33, 0x40,
  0x00, 0x3f, 0x40, 0x2a, 0x84, 0x33, 0x40, 0x00, 0x27, 0x40, 0x00, 0x8e,
  0x33, 0x40, 0x00, 0x27, 0x40, 0x05, 0x82, 0x4e, 0x40, 0x00, 0x4b, 0x40,
  0x00, 0x46, 0x40, 0x00, 0x8c, 0x4e, 0x40, 0x00, 0x4b, 0x40, 0x00, 0x46,
  0x40, 0x03, 0x89, 0x26, 0x40, 0x00, 0x8f, 0x26, 0x40, 0x05, 0x94, 0x33,
  0x78, 0x00, 0x27, 0x78, 0x00, 0x9e, 0x33, 0x78, 0x00, 0x27, 0x78, 0x05,
  0x92, 0x4e, 0x70, 0x00, 0x4b, 0x6c, 0x00, 0x46, 0x78, 0x00, 0x9c, 0x4e,
  0x70, 0x00, 0x4b, 0x6c, 0x00, 0x46, 0x78, 0x02, 0x99, 0x26, 0x42, 0x00,
  0x9f, 0x26, 0x42, 0x33, 0x89, 0x26, 0x40, 0x00, 0x8f, 0x26, 0x40, 0x0a,
  0x84, 0x33, 0x40, 0x00, 0x27, 0x40, 0x00, 0x8e, 0x33, 0x40, 0x00, 0x27,
  0x40, 0x08, 0x82, 0x4e, 0x40, 0x00, 0x4b, 0x40, 0x00, 0x46, 0x40, 0x00,
  0x8c, 0x4e, 0x40, 0x00, 0x4b, 0x40, 0x00, 0x46, 0x40, 0x09, 0x94, 0x32,
  0x66, 0x00, 0x26, 0x66, 0x00, 0x9e, 0x32, 0x66, 0x00, 0x26, 0x66, 0x00,
  0x92, 0x4e, 0x61, 0x00, 0x4b, 0x65, 0x00, 0x46, 0x66, 0x00, 0x9c, 0x4e,
  0x61, 0x00, 0x4b, 0x65, 0x00, 0x46, 0x66, 0x02, 0x99, 0x26, 0x36, 0x00,
  0x9f, 0x26, 0x36, 0x0f, 0x93, 0x36, 0x47, 0x00, 0x42, 0x5c, 0x00, 0x9d,
  0x36, 0x47, 0x00, 0x42, 0x5c, 0x32, 0x82, 0x4e, 0x40, 0x00, 0x4b, 0x40,
  0x00, 0x46, 0x40, 0x00, 0x8c, 0x4e, 0x40, 0x00, 0x4b, 0x40, 0x00, 0x46,
  0x40, 0x0e, 0x89, 0x26, 0x40, 0x00, 0x8f, 0x26, 0x40, 0x63, 0x84, 0x32,
  0x40, 0x00, 0x26, 0x40, 0x00, 0x8e, 0x32, 0x40, 0x00, 0x26, 0x40, 0x41,
  0x99, 0x26, 0x46, 0x00, 0x9f, 0x26, 0x46, 0x3d, 0x89, 0x26, 0x40, 0x00,
  0x8f, 0x26, 0x40, 0x01, 0x83, 0x36, 0x40, 0x00, 0x42, 0x40, 0x00, 0x8d,
  0x36, 0x40, 0x00, 0x42, 0x40, 0x17, 0x99, 0x26, 0x3c, 0x00, 0x9f, 0x26,
  0x3c, 0x42, 0x89, 0x26, 0x40, 0x00, 0x8f, 0x26, 0x40, 0x0e, 0x99, 0x26,
  0x39, 0x00, 0x9f, 0x26, 0x39, 0x42, 0x89, 0x26, 0x40, 0x00, 0x8f, 0x26,
  0x40, 0x01, 0x94, 0x30, 0x72, 0x00, 0x24, 0x72, 0x00, 0x9e, 0x30, 0x72,
  0x00, 0x24, 0x72, 0x00, 0x92, 0x4e, 0x6c, 0x00, 0x4b, 0x65, 0x00, 0x46,
  0x72, 0x00, 0x9c, 0x4e, 0x6c, 0x00, 0x4b, 0x65, 0x00, 0x46, 0x72, 0x05,
  0x99, 0x26, 0x42, 0x00, 0x9f, 0x26, 0x42, 0x19, 0x93, 0x33, 0x50, 0x00,
  0x3f, 0x5c, 0x00, 0x9d, 0x33, 0x50, 0x00, 0x3f, 0x5c, 0x1c, 0x84, 0x30,
  0x40, 0x00, 0x24, 0x40, 0x00, 0x8e, 0x30, 0x40, 0x00, 0x24, 0x40, 0x09,
  0x82, 0x4e, 0x40, 0x00, 0x4b, 0x40, 0x00, 0x46, 0x40, 0x00, 0x8c, 0x4e,
  0x40, 0x00, 0x4b, 0x40, 0x00, 0x46, 0x40, 0x06, 0x89, 0x26, 0x40, 0x00,
  0x8f, 0x26, 0x40, 0x07, 0x94, 0x30, 0x78, 0x00, 0x24, 0x78, 0x00, 0x9e,
  0x30, 0x78, 0x00, 0x24, 0x78, 0x00, 0x92, 0x4e, 0x70, 0x00, 0x4b, 0x6c,
  0x00, 0x46, 0x78, 0x00, 0x9c, 0x4e, 0x70, 0x00, 0x4b, 0x6c, 0x00, 0x46,
  0x78, 0x05, 0x99, 0x26, 0x37, 0x00, 0x9f, 0x26, 0x37, 0x42, 0x82, 0x4e,
  0x40, 0x00, 0x4b, 0x40, 0x00, 0x46, 0x40, 0x00, 0x8c, 0x4e, 0x40, 0x00,
  0x4b, 0x40, 0x00, 0x46, 0x40, 0x01, 0x84, 0x30, 0x40, 0x00, 0x24, 0x40,
  0x00, 0x8e, 0x30, 0x40, 0x00, 0x24, 0x40, 0x01, 0x89, 0x26, 0x40, 0x00,
  0x8f, 0x26, 0x40, 0x05, 0x94, 0x30, 0x78, 0x00, 0x24, 0x78, 0x00, 0x9e,
  0x30, 0x78, 0x00, 0x24, 0x78, 0x00, 0x92, 0x4e, 0x70, 0x00, 0x4b, 0x68,
  0x00, 0x46, 0x78, 0x00, 0x9c, 0x4e, 0x70, 0x00, 0x4b, 0x68, 0x00, 0x46,
  0x78, 0x05, 0x99, 0x26, 0x39, 0x00, 0x9f, 0x26, 0x39, 0x35, 0x84, 0x30,
  0x40, 0x00, 0x24, 0x40, 0x00, 0x8e, 0x30, 0x40, 0x00, 0x24, 0x40, 0x11,
  0x82, 0x4e, 0x40, 0x00, 0x4b, 0x40, 0x00, 0x46, 0x40, 0x00, 0x8c, 0x4e,
  0x40, 0x00, 0x4b, 0x40, 0x00, 0x46, 0x40, 0x02, 0x89, 0x26, 0x40, 0x00,
  0x8f, 0x26, 0x40, 0x05, 0x94, 0x30, 0x78, 0x00, 0x24, 0x78, 0x00, 0x9e,
  0x30, 0x78, 0x00, 0x24, 0x78, 0x00, 0x92, 0x4e, 0x70, 0x00, 0x4b, 0x6c,
  0x00, 0x46, 0x78, 0x00, 0x9c, 0x4e, 0x70, 0x00, 0x4b, 0x6c, 0x00, 0x46,
  0x78, 0x05, 0x99, 0x26, 0x39, 0x00, 0x9f, 0x26, 0x39, 0x3c, 0x83, 0x33,
  0x40, 0x00, 0x3f, 0x40, 0x00, 0x8d, 0x33, 0x40, 0x00, 0x3f, 0x40, 0x02,
  0x84, 0x30, 0x40, 0x00, 0x24, 0x40, 0x00, 0x8e, 0x30, 0x40, 0x00, 0x24,
  0x40, 0x07, 0x82, 0x4e, 0x40, 0x00, 0x4b, 0x40, 0x00, 0x46, 0x40, 0x00,
  0x8c, 0x4e, 0x40, 0x00, 0x4b, 0x40, 0x00, 0x46, 0x40, 0x03, 0x89, 0x26,
  0x40, 0x00, 0x8f, 0x26, 0x40, 0x49, 0x93, 0x36, 0x47, 0x00, 0x42, 0x5c,
  0x00, 0x9d, 0x36, 0x47, 0x00, 0x42, 0x5c, 0x3c, 0x83, 0x36, 0x40, 0x00,
  0x42, 0x40, 0x00, 0x8d, 0x36, 0x40, 0x00, 0x42, 0x40, 0x23, 0x94, 0x37,
  0x78, 0x00, 0x1f, 0x78, 0x00, 0x9e, 0x37, 0x78, 0x00, 0x1f, 0x78, 0x08,
  0x99, 0x26, 0x4a, 0x00, 0x9f, 0x26, 0x4a, 0x1e, 0x93, 0x3a, 0x48, 0x00,
  0x46, 0x5c, 0x00, 0x9d, 0x3a, 0x48, 0x00, 0x46, 0x5c, 0x2c, 0x89, 0x26,
  0x40, 0x00, 0x8f, 0x26, 0x40, 0x76, 0x84, 0x37, 0x40, 0x00, 0x1f, 0x40,
  0x00, 0x8e, 0x37, 0x40, 0x00, 0x1f, 0x40, 0x81, 0x21, 0x83, 0x3a, 0x40,
  0x00, 0x46, 0x40, 0x00, 0x8d, 0x3a, 0x40, 0x00, 0x46, 0x40, 0x72, 0x92,
  0x4b, 0x65, 0x00, 0x9c, 0x4b, 0x65, 0x00, 0x94, 0x33, 0x72, 0x00, 0x27,
  0x72, 0x00, 0x9e, 0x33, 0x72, 0x00, 0x27, 0x72, 0x05, 0x99, 0x26, 0x40,
  0x00, 0x9f, 0x26, 0x40, 0x0f, 0x93, 0x37, 0x48, 0x00, 0x43, 0x5c, 0x00,
  0x9d, 0x37, 0x48, 0x00, 0x43, 0x5c, 0x2a, 0x84, 0x33, 0x40, 0x00, 0x27,
  0x40, 0x00, 0x8e, 0x33, 0x40, 0x00, 0x27, 0x40, 0x08, 0x82, 0x4b, 0x40,
  0x00, 0x8c, 0x4b, 0x40, 0x03, 0x89, 0x26, 0x40, 0x00, 0x8f, 0x26, 0x40,
  0x07, 0x92, 0x4b, 0x6c, 0x00, 0x9c, 0x4b, 0x6c, 0x00, 0x94, 0x33, 0x78,
  0x00, 0x27, 0x78, 0x00, 0x9e, 0x33, 0x78, 0x00, 0x27, 0x78, 0x05, 0x99,
  0x26, 0x36, 0x00, 0x9f, 0x26, 0x36, 0x3f, 0x82, 0x4b, 0x40, 0x00, 0x8c,
  0x4b, 0x40, 0x08, 0x84, 0x33, 0x40, 0x00, 0x27, 0x40, 0x00, 0x8e, 0x33,
  0x40, 0x00, 0x27, 0x40, 0x02, 0x92, 0x4b, 0x68, 0x00, 0x9c, 0x4b, 0x68,
  0x00, 0x94, 0x33, 0x78, 0x00, 0x27, 0x78, 0x00, 0x9e, 0x33, 0x78, 0x00,
  0x27, 0x78, 0x06, 0x89, 0x26, 0x40, 0x00, 0x8f, 0x26, 0x40, 0x01, 0x99,
  0x26, 0x35, 0x00, 0x9f, 0x26, 0x35, 0x37, 0x84, 0x33, 0x40, 0x00, 0x27,
  0x40, 0x00, 0x8e, 0x33, 0x40, 0x00, 0x27, 0x40, 0x0a, 0x82, 0x4b, 0x40,
  0x00, 0x8c, 0x4b, 0x40, 0x09, 0x89, 0x26, 0x40, 0x00, 0x8f, 0x26, 0x40,
  0x01, 0x92, 0x4b, 0x6c, 0x00, 0x9c, 0x4b, 0x6c, 0x00, 0x94, 0x33, 0x78,
  0x00, 0x27, 0x78, 0x00, 0x9e, 0x33, 0x78, 0x00, 0x27, 0x78, 0x12, 0x99,
  0x26, 0x30, 0x00, 0x9f, 0x26, 0x30, 0x20, 0x83, 0x37, 0x40, 0x00, 0x43,
  0x40, 0x00, 0x8d, 0x37, 0x40, 0x00, 0x43, 0x40, 0x17, 0x89, 0x26, 0x40,
  0x00, 0x8f, 0x26, 0x40, 0x01, 0x82, 0x4b, 0x40, 0x00, 0x8c, 0x4b, 0x40,
  0x2e, 0x84, 0x33, 0x40, 0x00, 0x27, 0x40, 0x00, 0x8e, 0x33, 0x40, 0x00,
  0x27, 0x40, 0x14, 0x93, 0x3a, 0x48, 0x00, 0x46, 0x5c, 0x00, 0x9d, 0x3a,
  0x48, 0x00, 0x46, 0x5c, 0x41, 0x83, 0x3a, 0x40, 0x00, 0x46, 0x40, 0x00,
  0x8d, 0x3a, 0x40, 0x00, 0x46, 0x40, 0x26, 0x99, 0x26, 0x30, 0x00, 0x9f,
  0x26, 0x30, 0x0a, 0x94, 0x37, 0x66, 0x00, 0x1f, 0x66, 0x00, 0x9e, 0x37,
  0x66, 0x00, 0x1f, 0x66, 0x11, 0x93, 0x3e, 0x47, 0x00, 0x4a, 0x5c, 0x00,
  0x9d, 0x3e, 0x47, 0x00, 0x4a, 0x5c, 0x1f, 0x89, 0x26, 0x40, 0x00, 0x8f,
  0x26, 0x40, 0x1b, 0x84, 0x37, 0x40, 0x00, 0x1f, 0x40, 0x00, 0x8e, 0x37,
  0x40, 0x00, 0x1f, 0x40, 0x81, 0x1d, 0x99, 0x26, 0x47, 0x00, 0x9f, 0x26,
  0x47, 0x03, 0x94, 0x37, 0x78, 0x00, 0x1f, 0x78, 0x00, 0x9e, 0x37, 0x78,
  0x00, 0x1f, 0x78, 0x3a, 0x89, 0x26, 0x40, 0x00, 0x8f, 0x26, 0x40, 0x00,
  0x84, 0x37, 0x40, 0x00, 0x1f, 0x40, 0x00, 0x8e, 0x37, 0x40, 0x00, 0x1f,
  0x40, 0x13, 0x99, 0x26, 0x3c, 0x00, 0x9f, 0x26, 0x3c, 0x03, 0x94, 0x37,
  0x64, 0x00, 0x1f, 0x64, 0x00, 0x9e, 0x37, 0x64, 0x00, 0x1f, 0x64, 0x3a,
  0x84, 0x37, 0x40, 0x00, 0x1f, 0x40, 0x00, 0x8e, 0x37, 0x40, 0x00, 0x1f,
  0x40, 0x07, 0x89, 0x26, 0x40, 0x00, 0x8f, 0x26, 0x40, 0x0a, 0x99, 0x26,
  0x3c, 0x00, 0x9f, 0x26, 0x3c, 0x02, 0x94, 0x37, 0x6d, 0x00, 0x1f, 0x6d,
  0x00, 0x9e, 0x37, 0x6d, 0x00, 0x1f, 0x6d, 0x37, 0x84, 0x37, 0x40, 0x00,
  0x8e, 0x37, 0x40, 0x0f, 0x89, 0x26, 0x40, 0x00, 0x8f, 0x26, 0x40, 0x02,
  0x84, 0x1f, 0x40, 0x00, 0x8e, 0x1f, 0x40, 0x03, 0x99, 0x26, 0x41, 0x00,
  0x9f, 0x26, 0x41, 0x08, 0x94, 0x37, 0x64, 0x00, 0x1f, 0x64, 0x00, 0x9e,
  0x37, 0x64, 0x00, 0x1f, 0x64, 0x2e, 0x84, 0x37, 0x40, 0x00, 0x1f, 0x40,
  0x00, 0x8e, 0x37, 0x40, 0x00, 0x1f, 0x40, 0x0c, 0x89, 0x26, 0x40, 0x00,
  0x8f, 0x26, 0x40, 0x11, 0x99, 0x26, 0x42, 0x00, 0x9f, 0x26, 0x42, 0x02,
  0x94, 0x37, 0x6b, 0x00, 0x1f, 0x6b, 0x00, 0x9e, 0x37, 0x6b, 0x00, 0x1f,
  0x6b, 0x43, 0x84, 0x37, 0x40, 0x00, 0x1f, 0x40, 0x00, 0x8e, 0x37, 0x40,
  0x00, 0x1f, 0x40, 0x06, 0x83, 0x3e, 0x40, 0x00, 0x4a, 0x40, 0x00, 0x8d,
  0x3e, 0x40, 0x00, 0x4a, 0x40, 0x02, 0x99, 0x26, 0x3e, 0x00, 0x9f, 0x26,
  0x3e, 0x03, 0x94, 0x37, 0x78, 0x00, 0x1f, 0x78, 0x00, 0x9e, 0x37, 0x78,
  0x00, 0x1f, 0x78, 0x02, 0x89, 0x26, 0x40, 0x00, 0x8f, 0x26, 0x40, 0x00,
  0x89, 0x26, 0x40, 0x00, 0x8f, 0x26, 0x40, 0x38, 0x84, 0x37, 0x40, 0x00,
  0x1f, 0x40, 0x00, 0x8e, 0x37, 0x40, 0x00, 0x1f, 0x40, 0x18, 0x99, 0x26,
  0x34, 0x00, 0x9f, 0x26, 0x34, 0x03, 0x94, 0x37, 0x78, 0x00, 0x1f, 0x64,
  0x00, 0x9e, 0x37, 0x78, 0x00, 0x1f, 0x64, 0x2e, 0x84, 0x1f, 0x40, 0x00,
  0x8e, 0x1f, 0x40, 0x06, 0x89, 0x26, 0x40, 0x00, 0x8f, 0x26, 0x40, 0x0d,
  0x99, 0x26, 0x3e, 0x00, 0x9f, 0x26, 0x3e, 0x07, 0x84, 0x37, 0x40, 0x00,
  0x8e, 0x37, 0x40, 0x05, 0x94, 0x1f, 0x6b, 0x00, 0x9e, 0x1f, 0x6b, 0x38,
  0x89, 0x26, 0x40, 0x00, 0x8f, 0x26, 0x40, 0x13, 0x99, 0x26, 0x42, 0x00,
  0x9f, 0x26, 0x42, 0x03, 0x94, 0x1f, 0x78, 0x00, 0x9e, 0x1f, 0x78, 0x09,
  0x84, 0x1f, 0x40, 0x00, 0x8e, 0x1f, 0x40, 0x00, 0x84, 0x1f, 0x40, 0x00,
  0x8e, 0x1f, 0x40, 0x23, 0x89, 0x26, 0x40, 0x00, 0x8f, 0x26, 0x40, 0x21,
  0x94, 0x27, 0x78, 0x00, 0x33, 0x78, 0x00, 0x9e, 0x27, 0x78, 0x00, 0x33,
  0x78, 0x05, 0x93, 0x43, 0x60, 0x00, 0x4f, 0x60, 0x00, 0x9d, 0x43, 0x60,
  0x00, 0x4f, 0x60, 0x08, 0x99, 0x26, 0x40, 0x00, 0x9f, 0x26, 0x40, 0x37,
  0x89, 0x26, 0x40, 0x00, 0x8f, 0x26, 0x40, 0x81, 0x04, 0x84, 0x27, 0x40,
  0x00, 0x33, 0x40, 0x00, 0x8e, 0x27, 0x40, 0x00, 0x33, 0x40, 0x81, 0x32,
  0x83, 0x43, 0x40, 0x00, 0x4f, 0x40, 0x00, 0x8d, 0x43, 0x40, 0x00, 0x4f,
  0x40, 0x6b, 0x94, 0x27, 0x78, 0x00, 0x9e, 0x27, 0x78, 0x00, 0x93, 0x37,
  0x54, 0x00, 0x43, 0x5c, 0x00, 0x9d, 0x37, 0x54, 0x00, 0x43, 0x5c, 0x00,
  0x99, 0x26, 0x46, 0x00, 0x9f, 0x26, 0x46, 0x3d, 0x89, 0x26, 0x40, 0x00,
  0x8f, 0x26, 0x40, 0x63, 0x84, 0x27, 0x40, 0x00, 0x8e, 0x27, 0x40, 0x50,
  0x99, 0x26, 0x34, 0x00, 0x9f, 0x26, 0x34, 0x03, 0x83, 0x37, 0x40, 0x00,
  0x43, 0x40, 0x00, 0x8d, 0x37, 0x40, 0x00, 0x43, 0x40, 0x07, 0x94, 0x27,
  0x78, 0x00, 0x33, 0x78, 0x00, 0x9e, 0x27, 0x78, 0x00, 0x33, 0x78, 0x30,
  0x89, 0x26, 0x40, 0x00, 0x8f, 0x26, 0x40, 0x16, 0x99, 0x26, 0x3e, 0x00,
  0x9f, 0x26, 0x3e, 0x05, 0x84, 0x27, 0x40, 0x00, 0x33, 0x40, 0x00, 0x8e,
  0x27, 0x40, 0x00, 0x33, 0x40, 0x05, 0x94, 0x27, 0x64, 0x00, 0x33, 0x64,
  0x00, 0x9e, 0x27, 0x64, 0x00, 0x33, 0x64, 0x2d, 0x93, 0x37, 0x60, 0x00,
  0x43, 0x60, 0x00, 0x9d, 0x37, 0x60, 0x00, 0x43, 0x60, 0x0d, 0x89, 0x26,
  0x40, 0x00, 0x8f, 0x26, 0x40, 0x0c, 0x99, 0x26, 0x42, 0x00, 0x9f, 0x26,
  0x42, 0x05, 0x84, 0x27, 0x40, 0x00, 0x33, 0x40, 0x00, 0x8e, 0x27, 0x40,
  0x00, 0x33, 0x40, 0x03, 0x94, 0x27, 0x78, 0x00, 0x33, 0x78, 0x00, 0x9e,
  0x27, 0x78, 0x00, 0x33, 0x78, 0x2b, 0x89, 0x26, 0x40, 0x00, 0x8f, 0x26,
  0x40, 0x13, 0x83, 0x37, 0x40, 0x00, 0x43, 0x40, 0x00, 0x8d, 0x37, 0x40,
  0x00, 0x43, 0x40, 0x00, 0x84, 0x27, 0x40, 0x00, 0x33, 0x40, 0x00, 0x8e,
  0x27, 0x40, 0x00, 0x33, 0x40, 0x05, 0x94, 0x37, 0x68, 0x00, 0x9e, 0x37,
  0x68, 0x05, 0x99, 0x26, 0x36, 0x00, 0x9f, 0x26, 0x36, 0x03, 0x94, 0x1f,
  0x66, 0x00, 0x9e, 0x1f, 0x66, 0x0f, 0x93, 0x43, 0x5c, 0x00, 0x4f, 0x5c,
  0x00, 0x9d, 0x43, 0x5c, 0x00, 0x4f, 0x5c, 0x3d, 0x89, 0x26, 0x40, 0x00,
  0x8f, 0x26, 0x40, 0x24, 0x84, 0x37, 0x40, 0x00, 0x8e, 0x37, 0x40, 0x08,
  0x84, 0x1f, 0x40, 0x00, 0x8e, 0x1f, 0x40, 0x70, 0x94, 0x37, 0x78, 0x00,
  0x9e, 0x37, 0x78, 0x05, 0x94, 0x1f, 0x78, 0x00, 0x9e, 0x1f, 0x78, 0x03,
  0x99, 0x26, 0x46, 0x00, 0x9f, 0x26, 0x46, 0x3a, 0x84, 0x37, 0x40, 0x00,
  0x8e, 0x37, 0x40, 0x03, 0x89, 0x26, 0x40, 0x00, 0x8f, 0x26, 0x40, 0x02,
  0x84, 0x1f, 0x40, 0x00, 0x8e, 0x1f, 0x40, 0x09, 0x94, 0x37, 0x64, 0x00,
  0x9e, 0x37, 0x64, 0x06, 0x83, 0x43, 0x40, 0x00, 0x4f, 0x40, 0x00, 0x8d,
  0x43, 0x40, 0x00, 0x4f, 0x40, 0x02, 0x94, 0x1f, 0x64, 0x00, 0x9e, 0x1f,
  0x64, 0x05, 0x99, 0x26, 0x3c, 0x00, 0x9f, 0x26, 0x3c, 0x3b, 0x84, 0x37,
  0x40, 0x00, 0x8e, 0x37, 0x40, 0x02, 0x84, 0x1f, 0x40, 0x00, 0x8e, 0x1f,
  0x40, 0x05, 0x89, 0x26, 0x40, 0x00, 0x8f, 0x26, 0x40, 0x01, 0x94, 0x37,
  0x64, 0x00, 0x9e, 0x37, 0x64, 0x03, 0x94, 0x1f, 0x6d, 0x00, 0x9e, 0x1f,
  0x6d, 0x0a, 0x99, 0x26, 0x39, 0x00, 0x9f, 0x26, 0x39, 0x2f, 0x93, 0x42,
  0x60, 0x00, 0x4e, 0x60, 0x00, 0x9d, 0x42, 0x60, 0x00, 0x4e, 0x60, 0x13,
  0x89, 0x26, 0x40, 0x00, 0x8f, 0x26, 0x40, 0x01, 0x92, 0x42, 0x64, 0x00,
  0x9c, 0x42, 0x64, 0x00, 0x94, 0x27, 0x64, 0x00, 0x9e, 0x27, 0x64, 0x05,
  0x99, 0x26, 0x42, 0x00, 0x9f, 0x26, 0x42, 0x00, 0x92, 0x4f, 0x65, 0x00,
  0x4b, 0x6c, 0x00, 0x9c, 0x4f, 0x65, 0x00, 0x4b, 0x6c, 0x07, 0x84, 0x37,
  0x40, 0x00, 0x8e, 0x37, 0x40, 0x03, 0x84, 0x1f, 0x40, 0x00, 0x8e, 0x1f,
  0x40, 0x27, 0x84, 0x27, 0x40, 0x00, 0x8e, 0x27, 0x40, 0x0d, 0x82, 0x42,
  0x40, 0x00, 0x8c, 0x42, 0x40, 0x01, 0x82, 0x4f, 0x40, 0x00, 0x4b, 0x40,
  0x00, 0x8c, 0x4f, 0x40, 0x00, 0x4b, 0x40, 0x05, 0x89, 0x26, 0x40, 0x00,
  0x8f, 0x26, 0x40, 0x07, 0x94, 0x33, 0x78, 0x00, 0x27, 0x78, 0x00, 0x9e,
  0x33, 0x78, 0x00, 0x27, 0x78, 0x00, 0x92, 0x42, 0x78, 0x00, 0x9c, 0x42,
  0x78, 0x05, 0x99, 0x26, 0x37, 0x00, 0x9f, 0x26, 0x37, 0x00, 0x92, 0x4b,
  0x65, 0x00, 0x4f, 0x70, 0x00, 0x9c, 0x4b, 0x65, 0x00, 0x4f, 0x70, 0x37,
  0x84, 0x33, 0x40, 0x00, 0x27, 0x40, 0x00, 0x8e, 0x33, 0x40, 0x00, 0x27,
  0x40, 0x03, 0x82, 0x42, 0x40, 0x00, 0x8c, 0x42, 0x40, 0x00, 0x82, 0x4b,
  0x40, 0x00, 0x4f, 0x40, 0x00, 0x8c, 0x4b, 0x40, 0x00, 0x4f, 0x40, 0x0a,
  0x89, 0x26, 0x40, 0x00, 0x8f, 0x26, 0x40, 0x02, 0x94, 0x33, 0x74, 0x00,
  0x27, 0x74, 0x00, 0x9e, 0x33, 0x74, 0x00, 0x27, 0x74, 0x00, 0x92, 0x42,
  0x74, 0x00, 0x9c, 0x42, 0x74, 0x08, 0x99, 0x26, 0x39, 0x00, 0x9f, 0x26,
  0x39, 0x02, 0x92, 0x4b, 0x65, 0x00, 0x4f, 0x70, 0x00, 0x9c, 0x4b, 0x65,
  0x00, 0x4f, 0x70, 0x2c, 0x84, 0x33, 0x40, 0x00, 0x27, 0x40, 0x00, 0x8e,
  0x33, 0x40, 0x00, 0x27, 0x40, 0x11, 0x82, 0x42, 0x40, 0x00, 0x8c, 0x42,
  0x40, 0x02, 0x82, 0x4b, 0x40, 0x00, 0x4f, 0x40, 0x00, 0x8c, 0x4b, 0x40,
  0x00, 0x4f, 0x40, 0x07, 0x89, 0x26, 0x40, 0x00, 0x8f, 0x26, 0x40, 0x05,
  0x83, 0x42, 0x40, 0x00, 0x4e, 0x40, 0x00, 0x8d, 0x42, 0x40, 0x00, 0x4e,
  0x40, 0x00, 0x94, 0x33, 0x78, 0x00, 0x27, 0x78, 0x00, 0x9e, 0x33, 0x78,
  0x00, 0x27, 0x78, 0x00, 0x92, 0x4f, 0x70, 0x00, 0x42, 0x78, 0x00, 0x9c,
  0x4f, 0x70, 0x00, 0x42, 0x78, 0x03, 0x92, 0x4b, 0x65, 0x00, 0x9c, 0x4b,
  0x65, 0x02, 0x99, 0x26, 0x39, 0x00, 0x9f, 0x26, 0x39, 0x33, 0x82, 0x4f,
  0x40, 0x00, 0x8c, 0x4f, 0x40, 0x0b, 0x82, 0x42, 0x40, 0x00, 0x8c, 0x42,
  0x40, 0x0a, 0x89, 0x26, 0x40, 0x00, 0x8f, 0x26, 0x40, 0x01, 0x84, 0x33,
  0x40, 0x00, 0x27, 0x40, 0x00, 0x8e, 0x33, 0x40, 0x00, 0x27, 0x40, 0x03,
  0x82, 0x4b, 0x40, 0x00, 0x8c, 0x4b, 0x40, 0x2c, 0x93, 0x41, 0x54, 0x00,
  0x4d, 0x5c, 0x00, 0x9d, 0x41, 0x54, 0x00, 0x4d, 0x5c, 0x50, 0x83, 0x41,
  0x40, 0x00, 0x4d, 0x40, 0x00, 0x8d, 0x41, 0x40, 0x00, 0x4d, 0x40, 0x23,
  0x94, 0x31, 0x78, 0x00, 0x25, 0x78, 0x00, 0x9e, 0x31, 0x78, 0x00, 0x25,
  0x78, 0x05, 0x92, 0x49, 0x68, 0x00, 0x9c, 0x49, 0x68, 0x00, 0x93, 0x40,
  0x54, 0x00, 0x4c, 0x5c, 0x00, 0x9d, 0x40, 0x54, 0x00, 0x4c, 0x5c, 0x05,
  0x92, 0x50, 0x70, 0x00, 0x4c, 0x6c, 0x00, 0x9c, 0x50, 0x70, 0x00, 0x4c,
  0x6c, 0x03, 0x99, 0x26, 0x4a, 0x00, 0x9f, 0x26, 0x4a, 0x35, 0x82, 0x50,
  0x40, 0x00, 0x4c, 0x40, 0x00, 0x8c, 0x50, 0x40, 0x00, 0x4c, 0x40, 0x06,
  0x82, 0x49, 0x40, 0x00, 0x8c, 0x49, 0x40, 0x0f, 0x89, 0x26, 0x40, 0x00,
  0x8f, 0x26, 0x40, 0x21, 0x83, 0x40, 0x40, 0x00, 0x4c, 0x40, 0x00, 0x8d,
  0x40, 0x40, 0x00, 0x4c, 0x40, 0x05, 0x93, 0x3f, 0x58, 0x00, 0x4b, 0x5c,
  0x00, 0x9d, 0x3f, 0x58, 0x00, 0x4b, 0x5c, 0x4b, 0x84, 0x31, 0x40, 0x00,
  0x25, 0x40, 0x00, 0x8e, 0x31, 0x40, 0x00, 0x25, 0x40, 0x08, 0x83, 0x3f,
  0x40, 0x00, 0x4b, 0x40, 0x00, 0x8d, 0x3f, 0x40, 0x00, 0x4b, 0x40, 0x25,
  0x93, 0x40, 0x54, 0x00, 0x4c, 0x5c, 0x00, 0x9d, 0x40, 0x54, 0x00, 0x4c,
  0x5c, 0x6c, 0x83, 0x40, 0x40, 0x00, 0x4c, 0x40, 0x00, 0x8d, 0x40, 0x40,
  0x00, 0x4c, 0x40, 0x78, 0x94, 0x31, 0x78, 0x00, 0x25, 0x78, 0x00, 0x9e,
  0x31, 0x78, 0x00, 0x25, 0x78, 0x0c, 0x92, 0x49, 0x78, 0x00, 0x9c, 0x49,
  0x78, 0x08, 0x99, 0x26, 0x44, 0x00, 0x9f, 0x26, 0x44, 0x02, 0x92, 0x50,
  0x70, 0x00, 0x4c, 0x6c, 0x00, 0x9c, 0x50, 0x70, 0x00, 0x4c, 0x6c, 0x34,
  0x82, 0x50, 0x40, 0x00, 0x4c, 0x40, 0x00, 0x8c, 0x50, 0x40, 0x00, 0x4c,
  0x40, 0x05, 0x82, 0x49, 0x40, 0x00, 0x8c, 0x49, 0x40, 0x0d, 0x89, 0x26,
  0x40, 0x00, 0x8f, 0x26, 0x40, 0x44, 0x84, 0x31, 0x40, 0x00, 0x25, 0x40,
  0x00, 0x8e, 0x31, 0x40, 0x00, 0x25, 0x40, 0x5a, 0x92, 0x49, 0x78, 0x00,
  0x9c, 0x49, 0x78, 0x02, 0x94, 0x31, 0x70, 0x00, 0x25, 0x70, 0x00, 0x9e,
  0x31, 0x70, 0x00, 0x25, 0x70, 0x0a, 0x93, 0x38, 0x50, 0x00, 0x44, 0x5c,
  0x00, 0x9d, 0x38, 0x50, 0x00, 0x44, 0x5c, 0x00, 0x92, 0x4c, 0x6c, 0x00,
  0x9c, 0x4c, 0x6c, 0x03, 0x99, 0x26, 0x30, 0x00, 0x9f, 0x26, 0x30, 0x0c,
  0x92, 0x50, 0x70, 0x00, 0x9c, 0x50, 0x70, 0x21, 0x84, 0x31, 0x40, 0x00,
  0x25, 0x40, 0x00, 0x8e, 0x31, 0x40, 0x00, 0x25, 0x40, 0x07, 0x82, 0x49,
  0x40, 0x00, 0x8c, 0x49, 0x40, 0x01, 0x82, 0x4c, 0x40, 0x00, 0x8c, 0x4c,
  0x40, 0x02, 0x89, 0x26, 0x40, 0x00, 0x8f, 0x26, 0x40, 0x07, 0x92, 0x49,
  0x64, 0x00, 0x9c, 0x49, 0x64, 0x02, 0x82, 0x50, 0x40, 0x00, 0x8c, 0x50,
  0x40, 0x01, 0x94, 0x31, 0x64, 0x00, 0x25, 0x64, 0x00, 0x9e, 0x31, 0x64,
  0x00, 0x25, 0x64, 0x07, 0x99, 0x26, 0x3c, 0x00, 0x9f, 0x26, 0x3c, 0x00,
  0x92, 0x4c, 0x65, 0x00, 0x9c, 0x4c, 0x65, 0x05, 0x92, 0x50, 0x63, 0x00,
  0x9c, 0x50, 0x63, 0x0d, 0x83, 0x38, 0x40, 0x00, 0x44, 0x40, 0x00, 0x8d,
  0x38, 0x40, 0x00, 0x44, 0x40, 0x21, 0x84, 0x31, 0x40, 0x00, 0x25, 0x40,
  0x00, 0x8e, 0x31, 0x40, 0x00, 0x25, 0x40, 0x06, 0x82, 0x49, 0x40, 0x00,
  0x8c, 0x49, 0x40, 0x04, 0x89, 0x26, 0x40, 0x00, 0x8f, 0x26, 0x40, 0x03,
  0x82, 0x4c, 0x40, 0x00, 0x8c, 0x4c, 0x40, 0x05, 0x82, 0x50, 0x40, 0x00,
  0x8c, 0x50, 0x40, 0x01, 0x92, 0x49, 0x78, 0x00, 0x9c, 0x49, 0x78, 0x03,
  0x94, 0x31, 0x78, 0x00, 0x25, 0x78, 0x00, 0x9e, 0x31, 0x78, 0x00, 0x25,
  0x78, 0x07, 0x92, 0x4c, 0x65, 0x00, 0x9c, 0x4c, 0x65, 0x03, 0x99, 0x26,
  0x41, 0x00, 0x9f, 0x26, 0x41, 0x02, 0x92, 0x50, 0x6c, 0x00, 0x9c, 0x50,
  0x6c, 0x34, 0x84, 0x31, 0x40, 0x00, 0x25, 0x40, 0x00, 0x8e, 0x31, 0x40,
  0x00, 0x25, 0x40, 0x07, 0x82, 0x49, 0x40, 0x00, 0x8c, 0x49, 0x40, 0x03,
  0x82, 0x4c, 0x40, 0x00, 0x8c, 0x4c, 0x40, 0x02, 0x89, 0x26, 0x40, 0x00,
  0x8f, 0x26, 0x40, 0x03, 0x82, 0x50, 0x40, 0x00, 0x8c, 0x50, 0x40, 0x01,
  0x94, 0x31, 0x66, 0x00, 0x25, 0x66, 0x00, 0x9e, 0x31, 0x66, 0x00, 0x25,
  0x66, 0x00, 0x99, 0x26, 0x30, 0x00, 0x9f, 0x26, 0x30, 0x0f, 0x93, 0x3d,
  0x50, 0x00, 0x49, 0x5c, 0x00, 0x9d, 0x3d, 0x50, 0x00, 0x49, 0x5c, 0x2b,
  0x89, 0x26, 0x40, 0x00, 0x8f, 0x26, 0x40, 0x3e, 0x84, 0x31, 0x40, 0x00,
  0x25, 0x40, 0x00, 0x8e, 0x31, 0x40, 0x00, 0x25, 0x40, 0x70, 0x94, 0x31,
  0x78, 0x00, 0x25, 0x78, 0x00, 0x9e, 0x31, 0x78, 0x00, 0x25, 0x78, 0x0a,
  0x99, 0x26, 0x47, 0x00, 0x9f, 0x26, 0x47, 0x35, 0x84, 0x31, 0x40, 0x00,
  0x25, 0x40, 0x00, 0x8e, 0x31, 0x40, 0x00, 0x25, 0x40, 0x08, 0x89, 0x26,
  0x40, 0x00, 0x8f, 0x26, 0x40, 0x0c, 0x94, 0x31, 0x64, 0x00, 0x25, 0x64,
  0x00, 0x9e, 0x31, 0x64, 0x00, 0x25, 0x64, 0x07, 0x99, 0x26, 0x3c, 0x00,
  0x9f, 0x26, 0x3c, 0x0b, 0x83, 0x3d, 0x40, 0x00, 0x49, 0x40, 0x00, 0x8d,
  0x3d, 0x40, 0x00, 0x49, 0x40, 0x24, 0x84, 0x31, 0x40, 0x00, 0x25, 0x40,
  0x00, 0x8e, 0x31, 0x40, 0x00, 0x25, 0x40, 0x15, 0x89, 0x26, 0x40, 0x00,
  0x8f, 0x26, 0x40, 0x07, 0x94, 0x31, 0x78, 0x00, 0x25, 0x78, 0x00, 0x9e,
  0x31, 0x78, 0x00, 0x25, 0x78, 0x03, 0x99, 0x26, 0x3c, 0x00, 0x9f, 0x26,
  0x3c, 0x3c, 0x84, 0x31, 0x40, 0x00, 0x25, 0x40, 0x00, 0x8e, 0x31, 0x40,
  0x00, 0x25, 0x40, 0x0c, 0x89, 0x26, 0x40, 0x00, 0x8f, 0x26, 0x40, 0x05,
  0x94, 0x31, 0x72, 0x00, 0x25, 0x72, 0x00, 0x9e, 0x31, 0x72, 0x00, 0x25,
  0x72, 0x00, 0x99, 0x26, 0x41, 0x00, 0x9f, 0x26, 0x41, 0x12, 0x93, 0x3c,
  0x50, 0x00, 0x48, 0x5c, 0x00, 0x9d, 0x3c, 0x50, 0x00, 0x48, 0x5c, 0x24,
  0x84, 0x31, 0x40, 0x00, 0x25, 0x40, 0x00, 0x8e, 0x31, 0x40, 0x00, 0x25,
  0x40, 0x0c, 0x89, 0x26, 0x40, 0x00, 0x8f, 0x26, 0x40, 0x0e, 0x94, 0x31,
  0x78, 0x00, 0x25, 0x78, 0x00, 0x9e, 0x31, 0x78, 0x00, 0x25, 0x78, 0x03,
  0x99, 0x26, 0x42, 0x00, 0x9f, 0x26, 0x42, 0x41, 0x84, 0x31, 0x40, 0x00,
  0x25, 0x40, 0x00, 0x8e, 0x31, 0x40, 0x00, 0x25, 0x40, 0x0a, 0x94, 0x31,
  0x78, 0x00, 0x25, 0x78, 0x00, 0x9e, 0x31, 0x78, 0x00, 0x25, 0x78, 0x02,
  0x99, 0x26, 0x3e, 0x00, 0x9f, 0x26, 0x3e, 0x05, 0x89, 0x26, 0x40, 0x00,
  0x8f, 0x26, 0x40, 0x00, 0x89, 0x26, 0x40, 0x00, 0x8f, 0x26, 0x40, 0x2f,
  0x84, 0x31, 0x40, 0x00, 0x25, 0x40, 0x00, 0x8e, 0x31, 0x40, 0x00, 0x25,
  0x40, 0x1c, 0x94, 0x31, 0x78, 0x00, 0x25, 0x78, 0x00, 0x9e, 0x31, 0x78,
  0x00, 0x25, 0x78, 0x05, 0x99, 0x26, 0x42, 0x00, 0x9f, 0x26, 0x42, 0x24,
  0x83, 0x3c, 0x40, 0x00, 0x48, 0x40, 0x00, 0x8d, 0x3c, 0x40, 0x00, 0x48,
  0x40, 0x19, 0x89, 0x26, 0x40, 0x00, 0x8f, 0x26, 0x40, 0x15, 0x84, 0x31,
  0x40, 0x00, 0x25, 0x40, 0x00, 0x8e, 0x31, 0x40, 0x00, 0x25, 0x40, 0x33,
  0x93, 0x3b, 0x48, 0x00, 0x47, 0x5c, 0x00, 0x9d, 0x3b, 0x48, 0x00, 0x47,
  0x5c, 0x44, 0x83, 0x3b, 0x40, 0x00, 0x47, 0x40, 0x00, 0x8d, 0x3b, 0x40,
  0x00, 0x47, 0x40, 0x22, 0x94, 0x33, 0x78, 0x00, 0x9e, 0x33, 0x78, 0x0a,
  0x94, 0x1b, 0x78, 0x00, 0x9e, 0x1b, 0x78, 0x03, 0x99, 0x26, 0x40, 0x00,
  0x9f, 0x26, 0x40, 0x00, 0x93, 0x3a, 0x50, 0x00, 0x46, 0x5c, 0x00, 0x9d,
  0x3a, 0x50, 0x00, 0x46, 0x5c, 0x02, 0x92, 0x4e, 0x70, 0x00, 0x4b, 0x6c,
  0x00, 0x46, 0x78, 0x00, 0x9c, 0x4e, 0x70, 0x00, 0x4b, 0x6c, 0x00, 0x46,
  0x78, 0x35, 0x89, 0x26, 0x40, 0x00, 0x8f, 0x26, 0x40, 0x0e, 0x82, 0x4e,
  0x40, 0x00, 0x4b, 0x40, 0x00, 0x46, 0x40, 0x00, 0x8c, 0x4e, 0x40, 0x00,
  0x4b, 0x40, 0x00, 0x46, 0x40, 0x18, 0x83, 0x3a, 0x40, 0x00, 0x46, 0x40,
  0x00, 0x8d, 0x3a, 0x40, 0x00, 0x46, 0x40, 0x16, 0x93, 0x39, 0x48, 0x00,
  0x45, 0x5c, 0x00, 0x9d, 0x39, 0x48, 0x00, 0x45, 0x5c, 0x48, 0x84, 0x33,
  0x40, 0x00, 0x8e, 0x33, 0x40, 0x01, 0x83, 0x39, 0x40, 0x00, 0x45, 0x40,
  0x00, 0x8d, 0x39, 0x40, 0x00, 0x45, 0x40, 0x09, 0x84, 0x1b, 0x40, 0x00,
  0x8e, 0x1b, 0x40, 0x28, 0x93, 0x3a, 0x50, 0x00, 0x46, 0x5c, 0x00, 0x9d,
  0x3a, 0x50, 0x00, 0x46, 0x5c, 0x69, 0x83, 0x3a, 0x40, 0x00, 0x46, 0x40,
  0x00, 0x8d, 0x3a, 0x40, 0x00, 0x46, 0x40, 0x76, 0x94, 0x33, 0x78, 0x00,
  0x1b, 0x78, 0x00, 0x9e, 0x33, 0x78, 0x00, 0x1b, 0x78, 0x00, 0x92, 0x4e,
  0x70, 0x00, 0x4b, 0x6c, 0x00, 0x46, 0x78, 0x00, 0x9c, 0x4e, 0x70, 0x00,
  0x4b, 0x6c, 0x00, 0x46, 0x78, 0x11, 0x99, 0x26, 0x46, 0x00, 0x9f, 0x26,
  0x46, 0x2f, 0x82, 0x4e, 0x40, 0x00, 0x4b, 0x40, 0x00, 0x46, 0x40, 0x00,
  0x8c, 0x4e, 0x40, 0x00, 0x4b, 0x40, 0x00, 0x46, 0x40, 0x0e, 0x89, 0x26,
  0x40, 0x00, 0x8f, 0x26, 0x40, 0x52, 0x84, 0x33, 0x40, 0x00, 0x1b, 0x40,
  0x00, 0x8e, 0x33, 0x40, 0x00, 0x1b, 0x40, 0x5c, 0x94, 0x33, 0x70, 0x00,
  0x1b, 0x70, 0x00, 0x9e, 0x33, 0x70, 0x00, 0x1b, 0x70, 0x00, 0x92, 0x4e,
  0x6a, 0x00, 0x4b, 0x65, 0x00, 0x46, 0x70, 0x00, 0x9c, 0x4e, 0x6a, 0x00,
  0x4b, 0x65, 0x00, 0x46, 0x70, 0x00, 0x99, 0x26, 0x34, 0x00, 0x9f, 0x26,
  0x34, 0x12, 0x93, 0x33, 0x50, 0x00, 0x3f, 0x5c, 0x00, 0x9d, 0x33, 0x50,
  0x00, 0x3f, 0x5c, 0x20, 0x84, 0x33, 0x40, 0x00, 0x1b, 0x40, 0x00, 0x8e,
  0x33, 0x40, 0x00, 0x1b, 0x40, 0x08, 0x89, 0x26, 0x40, 0x00, 0x8f, 0x26,
  0x40, 0x09, 0x82, 0x4e, 0x40, 0x00, 0x4b, 0x40, 0x00, 0x46, 0x40, 0x00,
  0x8c, 0x4e, 0x40, 0x00, 0x4b, 0x40, 0x00, 0x46, 0x40, 0x0b, 0x94, 0x33,
  0x64, 0x00, 0x1b, 0x64, 0x00, 0x9e, 0x33, 0x64, 0x00, 0x1b, 0x64, 0x00,
  0x92, 0x4e, 0x5f, 0x00, 0x4b, 0x65, 0x00, 0x46, 0x64, 0x00, 0x9c, 0x4e,
  0x5f, 0x00, 0x4b, 0x65, 0x00, 0x46, 0x64, 0x02, 0x99, 0x26, 0x3e, 0x00,
  0x9f, 0x26, 0x3e, 0x12, 0x83, 0x33, 0x40, 0x00, 0x3f, 0x40, 0x00, 0x8d,
  0x33, 0x40, 0x00, 0x3f, 0x40, 0x1e, 0x84, 0x33, 0x40, 0x00, 0x1b, 0x40,
  0x00, 0x8e, 0x33, 0x40, 0x00, 0x1b, 0x40, 0x11, 0x82, 0x4e, 0x40, 0x00,
  0x4b, 0x40, 0x00, 0x46, 0x40, 0x00, 0x8c, 0x4e, 0x40, 0x00, 0x4b, 0x40,
  0x00, 0x46, 0x40, 0x03, 0x89, 0x26, 0x40, 0x00, 0x8f, 0x26, 0x40, 0x0a,
  0x94, 0x33, 0x78, 0x00, 0x1b, 0x78, 0x00, 0x9e, 0x33, 0x78, 0x00, 0x1b,
  0x78, 0x00, 0x92, 0x4e, 0x70, 0x00, 0x4b, 0x6c, 0x00, 0x46, 0x78, 0x00,
  0x9c, 0x4e, 0x70, 0x00, 0x4b, 0x6c, 0x00, 0x46, 0x78, 0x02, 0x99, 0x26,
  0x42, 0x00, 0x9f, 0x26, 0x42, 0x33, 0x89, 0x26, 0x40, 0x00, 0x8f, 0x26,
  0x40, 0x03, 0x84, 0x33, 0x40, 0x00, 0x1b, 0x40, 0x00, 0x8e, 0x33, 0x40,
  0x00, 0x1b, 0x40, 0x0f, 0x82, 0x4e, 0x40, 0x00, 0x4b, 0x40, 0x00, 0x46,
  0x40, 0x00, 0x8c, 0x4e, 0x40, 0x00, 0x4b, 0x40, 0x00, 0x46, 0x40, 0x09,
  0x94, 0x33, 0x66, 0x00, 0x1b, 0x66, 0x00, 0x9e, 0x33, 0x66, 0x00, 0x1b,
  0x66, 0x00, 0x92, 0x4e, 0x61, 0x00, 0x4b, 0x65, 0x00, 0x46, 0x66, 0x00,
  0x9c, 0x4e, 0x61, 0x00, 0x4b, 0x65, 0x00, 0x46, 0x66, 0x02, 0x99, 0x26,
  0x36, 0x00, 0x9f, 0x26, 0x36, 0x0f, 0x93, 0x36, 0x47, 0x00, 0x42, 0x5c,
  0x00, 0x9d, 0x36, 0x47, 0x00, 0x42, 0x5c, 0x32, 0x82, 0x4e, 0x40, 0x00,
  0x4b, 0x40, 0x00, 0x46, 0x40, 0x00, 0x8c, 0x4e, 0x40, 0x00, 0x4b, 0x40,
  0x00, 0x46, 0x40, 0x0e, 0x89, 0x26, 0x40, 0x00, 0x8f, 0x26, 0x40, 0x27,
  0x84, 0x33, 0x40, 0x00, 0x1b, 0x40, 0x00, 0x8e, 0x33, 0x40, 0x00, 0x1b,
  0x40, 0x81, 0x3b, 0x83, 0x36, 0x40, 0x00, 0x42, 0x40, 0x00, 0x8d, 0x36,
  0x40, 0x00, 0x42, 0x40, 0x81, 0x2a, 0x94, 0x30, 0x72, 0x00, 0x24, 0x72,
  0x00, 0x9e, 0x30, 0x72, 0x00, 0x24, 0x72, 0x00, 0x92, 0x4e, 0x6c, 0x00,
  0x4b, 0x65, 0x00, 0x46, 0x72, 0x00, 0x9c, 0x4e, 0x6c, 0x00, 0x4b, 0x65,
  0x00, 0x46, 0x72, 0x05, 0x99, 0x26, 0x42, 0x00, 0x9f, 0x26, 0x42, 0x0d,
  0x93, 0x33, 0x50, 0x00, 0x3f, 0x5c, 0x00, 0x9d, 0x33, 0x50, 0x00, 0x3f,
  0x5c, 0x28, 0x84, 0x30, 0x40, 0x00, 0x24, 0x40, 0x00, 0x8e, 0x30, 0x40,
  0x00, 0x24, 0x40, 0x09, 0x82, 0x4e, 0x40, 0x00, 0x4b, 0x40, 0x00, 0x46,
  0x40, 0x00, 0x8c, 0x4e, 0x40, 0x00, 0x4b, 0x40, 0x00, 0x46, 0x40, 0x06,
  0x89, 0x26, 0x40, 0x00, 0x8f, 0x26, 0x40, 0x07, 0x94, 0x30, 0x78, 0x00,
  0x24, 0x78, 0x00, 0x9e, 0x30, 0x78, 0x00, 0x24, 0x78, 0x00, 0x92, 0x4e,
  0x70, 0x00, 0x4b, 0x6c, 0x00, 0x46, 0x78, 0x00, 0x9c, 0x4e, 0x70, 0x00,
  0x4b, 0x6c, 0x00, 0x46, 0x78, 0x05, 0x99, 0x26, 0x37, 0x00, 0x9f, 0x26,
  0x37, 0x3c, 0x82, 0x4e, 0x40, 0x00, 0x4b, 0x40, 0x00, 0x46, 0x40, 0x00,
  0x8c, 0x4e, 0x40, 0x00, 0x4b, 0x40, 0x00, 0x46, 0x40, 0x07, 0x84, 0x30,
  0x40, 0x00, 0x24, 0x40, 0x00, 0x8e, 0x30, 0x40, 0x00, 0x24, 0x40, 0x01,
  0x89, 0x26, 0x40, 0x00, 0x8f, 0x26, 0x40, 0x05, 0x94, 0x30, 0x78, 0x00,
  0x24, 0x78, 0x00, 0x9e, 0x30, 0x78, 0x00, 0x24, 0x78, 0x00, 0x92, 0x4e,
  0x70, 0x00, 0x4b, 0x68, 0x00, 0x46, 0x78, 0x00, 0x9c, 0x4e, 0x70, 0x00,
  0x4b, 0x68, 0x00, 0x46, 0x78, 0x05, 0x99, 0x26, 0x39, 0x00, 0x9f, 0x26,
  0x39, 0x35, 0x84, 0x30, 0x40, 0x00, 0x24, 0x40, 0x00, 0x8e, 0x30, 0x40,
  0x00, 0x24, 0x40, 0x0a, 0x82, 0x4e, 0x40, 0x00, 0x4b, 0x40, 0x00, 0x46,
  0x40, 0x00, 0x8c, 0x4e, 0x40, 0x00, 0x4b, 0x40, 0x00, 0x46, 0x40, 0x09,
  0x89, 0x26, 0x40, 0x00, 0x8f, 0x26, 0x40, 0x05, 0x94, 0x30, 0x78, 0x00,
  0x24, 0x78, 0x00, 0x9e, 0x30, 0x78, 0x00, 0x24, 0x78, 0x00, 0x92, 0x4e,
  0x70, 0x00, 0x4b, 0x6c, 0x00, 0x46, 0x78, 0x00, 0x9c, 0x4e, 0x70, 0x00,
  0x4b, 0x6c, 0x00, 0x46, 0x78, 0x05, 0x99, 0x26, 0x39, 0x00, 0x9f, 0x26,
  0x39, 0x30, 0x83, 0x33, 0x40, 0x00, 0x3f, 0x40, 0x00, 0x8d, 0x33, 0x40,
  0x00, 0x3f, 0x40, 0x15, 0x82, 0x4e, 0x40, 0x00, 0x4b, 0x40, 0x00, 0x46,
  0x40, 0x00, 0x8c, 0x4e, 0x40, 0x00, 0x4b, 0x40, 0x00, 0x46, 0x40, 0x03,
  0x89, 0x26, 0x40, 0x00, 0x8f, 0x26, 0x40, 0x2b, 0x84, 0x30, 0x40, 0x00,
  0x24, 0x40, 0x00, 0x8e, 0x30, 0x40, 0x00, 0x24, 0x40, 0x1c, 0x93, 0x3a,
  0x47, 0x00, 0x46, 0x5c, 0x00, 0x9d, 0x3a, 0x47, 0x00, 0x46, 0x5c, 0x3c,
  0x83, 0x3a, 0x40, 0x00, 0x46, 0x40, 0x00, 0x8d, 0x3a, 0x40, 0x00, 0x46,
  0x40, 0x25, 0x94, 0x37, 0x78, 0x00, 0x1f, 0x78, 0x00, 0x9e, 0x37, 0x78,
  0x00, 0x1f, 0x78, 0x08, 0x99, 0x26, 0x4a, 0x00, 0x9f, 0x26, 0x4a, 0x05,
  0x93, 0x37, 0x48, 0x00, 0x43, 0x5c, 0x00, 0x9d, 0x37, 0x48, 0x00, 0x43,
  0x5c, 0x45, 0x89, 0x26, 0x40, 0x00, 0x8f, 0x26, 0x40, 0x76, 0x84, 0x37,
  0x40, 0x00, 0x1f, 0x40, 0x00, 0x8e, 0x37, 0x40, 0x00, 0x1f, 0x40, 0x81,
  0x0a, 0x83, 0x37, 0x40, 0x00, 0x43, 0x40, 0x00, 0x8d, 0x37, 0x40, 0x00,
  0x43, 0x40, 0x81, 0x09, 0x92, 0x4b, 0x65, 0x00, 0x4e, 0x6c, 0x00, 0x46,
  0x72, 0x00, 0x9c, 0x4b, 0x65, 0x00, 0x4e, 0x6c, 0x00, 0x46, 0x72, 0x00,
  0x94, 0x33, 0x72, 0x00, 0x1b, 0x72, 0x00, 0x9e, 0x33, 0x72, 0x00, 0x1b,
  0x72, 0x08, 0x93, 0x33, 0x48, 0x00, 0x3f, 0x5c, 0x00, 0x9d, 0x33, 0x48,
  0x00, 0x3f, 0x5c, 0x05, 0x99, 0x26, 0x44, 0x00, 0x9f, 0x26, 0x44, 0x29,
  0x84, 0x33, 0x40, 0x00, 0x1b, 0x40, 0x00, 0x8e, 0x33, 0x40, 0x00, 0x1b,
  0x40, 0x0d, 0x82, 0x4b, 0x40, 0x00, 0x4e, 0x40, 0x00, 0x46, 0x40, 0x00,
  0x8c, 0x4b, 0x40, 0x00, 0x4e, 0x40, 0x00, 0x46, 0x40, 0x0d, 0x92, 0x4b,
  0x6c, 0x00, 0x4e, 0x70, 0x00, 0x46, 0x78, 0x00, 0x9c, 0x4b, 0x6c, 0x00,
  0x4e, 0x70, 0x00, 0x46, 0x78, 0x00, 0x94, 0x33, 0x78, 0x00, 0x1b, 0x78,
  0x00, 0x9e, 0x33, 0x78, 0x00, 0x1b, 0x78, 0x05, 0x89, 0x26, 0x40, 0x00,
  0x8f, 0x26, 0x40, 0x00, 0x99, 0x26, 0x33, 0x00, 0x9f, 0x26, 0x33, 0x3c,
  0x82, 0x4b, 0x40, 0x00, 0x4e, 0x40, 0x00, 0x46, 0x40, 0x00, 0x8c, 0x4b,
  0x40, 0x00, 0x4e, 0x40, 0x00, 0x46, 0x40, 0x03, 0x84, 0x33, 0x40, 0x00,
  0x1b, 0x40, 0x00, 0x8e, 0x33, 0x40, 0x00, 0x1b, 0x40, 0x0a, 0x92, 0x4b,
  0x68, 0x00, 0x4e, 0x70, 0x00, 0x46, 0x78, 0x00, 0x9c, 0x4b, 0x68, 0x00,
  0x4e, 0x70, 0x00, 0x46, 0x78, 0x00, 0x94, 0x33, 0x78, 0x00, 0x1b, 0x78,
  0x00, 0x9e, 0x33, 0x78, 0x00, 0x1b, 0x78, 0x01, 0x89, 0x26, 0x40, 0x00,
  0x8f, 0x26, 0x40, 0x06, 0x99, 0x26, 0x3b, 0x00, 0x9f, 0x26, 0x3b, 0x2f,
  0x84, 0x33, 0x40, 0x00, 0x1b, 0x40, 0x00, 0x8e, 0x33, 0x40, 0x00, 0x1b,
  0x40, 0x0e, 0x82, 0x4b, 0x40, 0x00, 0x4e, 0x40, 0x00, 0x46, 0x40, 0x00,
  0x8c, 0x4b, 0x40, 0x00, 0x4e, 0x40, 0x00, 0x46, 0x40, 0x05, 0x89, 0x26,
  0x40, 0x00, 0x8f, 0x26, 0x40, 0x09, 0x92, 0x4b, 0x6c, 0x00, 0x4e, 0x70,
  0x00, 0x46, 0x78, 0x00, 0x9c, 0x4b, 0x6c, 0x00, 0x4e, 0x70, 0x00, 0x46,
  0x78, 0x00, 0x94, 0x33, 0x78, 0x00, 0x1b, 0x78, 0x00, 0x9e, 0x33, 0x78,
  0x00, 0x1b, 0x78, 0x12, 0x99, 0x26, 0x30, 0x00, 0x9f, 0x26, 0x30, 0x14,
  0x83, 0x33, 0x40, 0x00, 0x3f, 0x40, 0x00, 0x8d, 0x33, 0x40, 0x00, 0x3f,
  0x40, 0x23, 0x89, 0x26, 0x40, 0x00, 0x8f, 0x26, 0x40, 0x01, 0x82, 0x4b,
  0x40, 0x00, 0x4e, 0x40, 0x00, 0x46, 0x40, 0x00, 0x8c, 0x4b, 0x40, 0x00,
  0x4e, 0x40, 0x00, 0x46, 0x40, 0x0d, 0x84, 0x33, 0x40, 0x00, 0x1b, 0x40,
  0x00, 0x8e, 0x33, 0x40, 0x00, 0x1b, 0x40, 0x42, 0x93, 0x3a, 0x48, 0x00,
  0x46, 0x5c, 0x00, 0x9d, 0x3a, 0x48, 0x00, 0x46, 0x5c, 0x41, 0x83, 0x3a,
  0x40, 0x00, 0x46, 0x40, 0x00, 0x8d, 0x3a, 0x40, 0x00, 0x46, 0x40, 0x19,
  0x99, 0x26, 0x30, 0x00, 0x9f, 0x26, 0x30, 0x0a, 0x94, 0x2b, 0x66, 0x00,
  0x1f, 0x66, 0x00, 0x9e, 0x2b, 0x66, 0x00, 0x1f, 0x66, 0x05, 0x93, 0x37,
  0x47, 0x00, 0x43, 0x5c, 0x00, 0x9d, 0x37, 0x47, 0x00, 0x43, 0x5c, 0x2b,
  0x89, 0x26, 0x40, 0x00, 0x8f, 0x26, 0x40, 0x70, 0x84, 0x2b, 0x40, 0x00,
  0x1f, 0x40, 0x00, 0x8e, 0x2b, 0x40, 0x00, 0x1f, 0x40, 0x48, 0x99, 0x26,
  0x47, 0x00, 0x9f, 0x26, 0x47, 0x03, 0x94, 0x2b, 0x78, 0x00, 0x1f, 0x56,
  0x00, 0x9e, 0x2b, 0x78, 0x00, 0x1f, 0x56, 0x2e, 0x84, 0x2b, 0x40, 0x00,
  0x1f, 0x40, 0x00, 0x8e, 0x2b, 0x40, 0x00, 0x1f, 0x40, 0x0c, 0x89, 0x26,
  0x40, 0x00, 0x8f, 0x26, 0x40, 0x13, 0x99, 0x26, 0x3c, 0x00, 0x9f, 0x26,
  0x3c, 0x00, 0x94, 0x2b, 0x64, 0x00, 0x1f, 0x5c, 0x00, 0x9e, 0x2b, 0x64,
  0x00, 0x1f, 0x5c, 0x2e, 0x84, 0x2b, 0x40, 0x00, 0x1f, 0x40, 0x00, 0x8e,
  0x2b, 0x40, 0x00, 0x1f, 0x40, 0x16, 0x89, 0x26, 0x40, 0x00, 0x8f, 0x26,
  0x40, 0x0a, 0x99, 0x26, 0x3c, 0x00, 0x9f, 0x26, 0x3c, 0x02, 0x94, 0x2b,
  0x6d, 0x00, 0x1f, 0x62, 0x00, 0x9e, 0x2b, 0x6d, 0x00, 0x1f, 0x62, 0x3c,
  0x84, 0x2b, 0x40, 0x00, 0x1f, 0x40, 0x00, 0x8e, 0x2b, 0x40, 0x00, 0x1f,
  0x40, 0x0a, 0x89, 0x26, 0x40, 0x00, 0x8f, 0x26, 0x40, 0x08, 0x99, 0x26,
  0x41, 0x00, 0x9f, 0x26, 0x41, 0x05, 0x94, 0x2b, 0x64, 0x00, 0x1f, 0x68,
  0x00, 0x9e, 0x2b, 0x64, 0x00, 0x1f, 0x68, 0x22, 0x84, 0x2b, 0x40, 0x00,
  0x1f, 0x40, 0x00, 0x8e, 0x2b, 0x40, 0x00, 0x1f, 0x40, 0x1b, 0x89, 0x26,
  0x40, 0x00, 0x8f, 0x26, 0x40, 0x0e, 0x99, 0x26, 0x42, 0x00, 0x9f, 0x26,
  0x42, 0x02, 0x94, 0x2b, 0x6b, 0x00, 0x1f, 0x6e, 0x00, 0x9e, 0x2b, 0x6b,
  0x00, 0x1f, 0x6e, 0x37, 0x84, 0x2b, 0x40, 0x00, 0x1f, 0x40, 0x00, 0x8e,
  0x2b, 0x40, 0x00, 0x1f, 0x40, 0x03, 0x83, 0x37, 0x40, 0x00, 0x43, 0x40,
  0x00, 0x8d, 0x37, 0x40, 0x00, 0x43, 0x40, 0x14, 0x99, 0x26, 0x3e, 0x00,
  0x9f, 0x26, 0x3e, 0x00, 0x94, 0x2b, 0x78, 0x00, 0x1f, 0x75, 0x00, 0x9e,
  0x2b, 0x78, 0x00, 0x1f, 0x75, 0x02, 0x89, 0x26, 0x40, 0x00, 0x8f, 0x26,
  0x40, 0x00, 0x89, 0x26, 0x40, 0x00, 0x8f, 0x26, 0x40, 0x2c, 0x84, 0x2b,
  0x40, 0x00, 0x1f, 0x40, 0x00, 0x8e, 0x2b, 0x40, 0x00, 0x1f, 0x40, 0x24,
  0x99, 0x26, 0x42, 0x00, 0x9f, 0x26, 0x42, 0x03, 0x94, 0x2b, 0x78, 0x00,
  0x1f, 0x7b, 0x00, 0x9e, 0x2b, 0x78, 0x00, 0x1f, 0x7b, 0x3a, 0x89, 0x26,
  0x40, 0x00, 0x8f, 0x26, 0x40, 0x22, 0x84, 0x2b, 0x40, 0x00, 0x1f, 0x40,
  0x00, 0x8e, 0x2b, 0x40, 0x00, 0x1f, 0x40, 0x81, 0x11, 0x99, 0x26, 0x32,
  0x00, 0x9f, 0x26, 0x32, 0x00, 0x94, 0x2b, 0x72, 0x00, 0x1f, 0x72, 0x00,
  0x9e, 0x2b, 0x72, 0x00, 0x1f, 0x72, 0x37, 0x89, 0x26, 0x40, 0x00, 0x8f,
  0x26, 0x40, 0x81, 0x11, 0x84, 0x2b, 0x40, 0x00, 0x1f, 0x40, 0x00, 0x8e,
  0x2b, 0x40, 0x00, 0x1f, 0x40, 0x82, 0x16, 0x94, 0x2b, 0x6b, 0x00, 0x1f,
  0x6b, 0x00, 0x9e, 0x2b, 0x6b, 0x00, 0x1f, 0x6b, 0x07, 0x99, 0x26, 0x34,
  0x00, 0x9f, 0x26, 0x34, 0x3d, 0x89, 0x26, 0x40, 0x00, 0x8f, 0x26, 0x40,
  0x5c, 0x84, 0x2b, 0x40, 0x00, 0x1f, 0x40, 0x00, 0x8e, 0x2b, 0x40, 0x00,
  0x1f, 0x40, 0x48, 0x94, 0x2b, 0x78, 0x00, 0x1f, 0x78, 0x00, 0x9e, 0x2b,
  0x78, 0x00, 0x1f, 0x78, 0x14, 0x99, 0x26, 0x2e, 0x00, 0x9f, 0x26, 0x2e,
  0x2f, 0x89, 0x26, 0x40, 0x00, 0x8f, 0x26, 0x40, 0x03, 0x84, 0x2b, 0x40,
  0x00, 0x1f, 0x40, 0x00, 0x8e, 0x2b, 0x40, 0x00, 0x1f, 0x40, 0x0a, 0x94,
  0x2b, 0x64, 0x00, 0x1f, 0x64, 0x00, 0x9e, 0x2b, 0x64, 0x00, 0x1f, 0x64,
  0x14, 0x99, 0x26, 0x25, 0x00, 0x9f, 0x26, 0x25, 0x2f, 0x89, 0x26, 0x40,
  0x00, 0x8f, 0x26, 0x40, 0x03, 0x84, 0x2b, 0x40, 0x00, 0x1f, 0x40, 0x00,
  0x8e, 0x2b, 0x40, 0x00, 0x1f, 0x40, 0x08, 0x94, 0x2b, 0x6b, 0x00, 0x1f,
  0x6b, 0x00, 0x9e, 0x2b, 0x6b, 0x00, 0x1f, 0x6b, 0x14, 0x99, 0x26, 0x37,
  0x00, 0x9f, 0x26, 0x37, 0x29, 0x84, 0x2b, 0x40, 0x00, 0x1f, 0x40, 0x00,
  0x8e, 0x2b, 0x40, 0x00, 0x1f, 0x40, 0x11, 0x89, 0x26, 0x40, 0x00, 0x8f,
  0x26, 0x40, 0x0c, 0x94, 0x2b, 0x64, 0x00, 0x1f, 0x64, 0x00, 0x9e, 0x2b,
  0x64, 0x00, 0x1f, 0x64, 0x02, 0x99, 0x26, 0x44, 0x00, 0x9f, 0x26, 0x44,
  0x44, 0x89, 0x26, 0x40, 0x00, 0x8f, 0x26, 0x40, 0x32, 0x84, 0x2b, 0x40,
  0x00, 0x1f, 0x40, 0x00, 0x8e, 0x2b, 0x40, 0x00, 0x1f, 0x40, 0x75, 0x94,
  0x2b, 0x64, 0x00, 0x1f, 0x64, 0x00, 0x9e, 0x2b, 0x64, 0x00, 0x1f, 0x64,
  0x0d, 0x99, 0x26, 0x2f, 0x00, 0x9f, 0x26, 0x2f, 0x3a, 0x89, 0x26, 0x40,
  0x00, 0x8f, 0x26, 0x40, 0x0c, 0x94, 0x2b, 0x66, 0x00, 0x1f, 0x66, 0x00,
  0x9e, 0x2b, 0x66, 0x00, 0x1f, 0x66, 0x01, 0x84, 0x2b, 0x40, 0x00, 0x1f,
  0x40, 0x00, 0x8e, 0x2b, 0x40, 0x00, 0x1f, 0x40, 0x00, 0x84, 0x2b, 0x40,
  0x00, 0x1f, 0x40, 0x00, 0x8e, 0x2b, 0x40, 0x00, 0x1f, 0x40, 0x04, 0x99,
  0x26, 0x2e, 0x00, 0x9f, 0x26, 0x2e, 0x48, 0x89, 0x26, 0x40, 0x00, 0x8f,
  0x26, 0x40, 0x03, 0x94, 0x2b, 0x78, 0x00, 0x1f, 0x78, 0x00, 0x9e, 0x2b,
  0x78, 0x00, 0x1f, 0x78, 0x0a, 0x99, 0x26, 0x32, 0x00, 0x9f, 0x26, 0x32,
  0x41, 0x84, 0x2b, 0x40, 0x00, 0x1f, 0x40, 0x00, 0x8e, 0x2b, 0x40, 0x00,
  0x1f, 0x40, 0x00, 0x94, 0x27, 0x70, 0x00, 0x1b, 0x70, 0x00, 0x9e, 0x27,
  0x70, 0x00, 0x1b, 0x70, 0x01, 0x89, 0x26, 0x40, 0x00, 0x8f, 0x26, 0x40,
  0x04, 0x92, 0x42, 0x6e, 0x00, 0x9c, 0x42, 0x6e, 0x02, 0x92, 0x46, 0x5f,
  0x00, 0x4b, 0x6e, 0x00, 0x9c, 0x46, 0x5f, 0x00, 0x4b, 0x6e, 0x03, 0x99,
  0x26, 0x30, 0x00, 0x9f, 0x26, 0x30, 0x35, 0x84, 0x27, 0x40, 0x00, 0x1b,
  0x40, 0x00, 0x8e, 0x27, 0x40, 0x00, 0x1b, 0x40, 0x03, 0x82, 0x4b, 0x40,
  0x00, 0x8c, 0x4b, 0x40, 0x0b, 0x94, 0x27, 0x78, 0x00, 0x1b, 0x78, 0x00,
  0x9e, 0x27, 0x78, 0x00, 0x1b, 0x78, 0x02, 0x82, 0x42, 0x40, 0x00, 0x8c,
  0x42, 0x40, 0x03, 0x89, 0x26, 0x40, 0x00, 0x8f, 0x26, 0x40, 0x00, 0x92,
  0x42, 0x68, 0x00, 0x9c, 0x42, 0x68, 0x03, 0x82, 0x46, 0x40, 0x00, 0x8c,
  0x46, 0x40, 0x00, 0x92, 0x4b, 0x78, 0x00, 0x9c, 0x4b, 0x78, 0x05, 0x92,
  0x46, 0x5f, 0x00, 0x9c, 0x46, 0x5f, 0x02, 0x99, 0x26, 0x3a, 0x00, 0x9f,
  0x26, 0x3a, 0x39, 0x84, 0x27, 0x40, 0x00, 0x1b, 0x40, 0x00, 0x8e, 0x27,
  0x40, 0x00, 0x1b, 0x40, 0x00, 0x82, 0x4b, 0x40, 0x00, 0x8c, 0x4b, 0x40,
  0x06, 0x94, 0x27, 0x6d, 0x00, 0x1b, 0x6d, 0x00, 0x9e, 0x27, 0x6d, 0x00,
  0x1b, 0x6d, 0x02, 0x82, 0x46, 0x40, 0x00, 0x8c, 0x46, 0x40, 0x00, 0x92,
  0x42, 0x72, 0x00, 0x9c, 0x42, 0x72, 0x03, 0x82, 0x42, 0x40, 0x00, 0x8c,
  0x42, 0x40, 0x00, 0x89, 0x26, 0x40, 0x00, 0x8f, 0x26, 0x40, 0x00, 0x82,
  0x42, 0x40, 0x00, 0x8c, 0x42, 0x40, 0x02, 0x92, 0x4b, 0x67, 0x00, 0x9c,
  0x4b, 0x67, 0x08, 0x99, 0x26, 0x47, 0x00, 0x9f, 0x26, 0x47, 0x02, 0x92,
  0x46, 0x5f, 0x00, 0x9c, 0x46, 0x5f, 0x29, 0x84, 0x27, 0x40, 0x00, 0x1b,
  0x40, 0x00, 0x8e, 0x27, 0x40, 0x00, 0x1b, 0x40, 0x10, 0x82, 0x4b, 0x40,
  0x00, 0x8c, 0x4b, 0x40, 0x02, 0x82, 0x46, 0x40, 0x00, 0x8c, 0x46, 0x40,
  0x06, 0x94, 0x27, 0x6d, 0x00, 0x1b, 0x6d, 0x00, 0x9e, 0x27, 0x6d, 0x00,
  0x1b, 0x6d, 0x05, 0x89, 0x26, 0x40, 0x00, 0x8f, 0x26, 0x40, 0x00, 0x92,
  0x4b, 0x78, 0x00, 0x42, 0x78, 0x00, 0x9c, 0x4b, 0x78, 0x00, 0x42, 0x78,
  0x05, 0x92, 0x46, 0x5f, 0x00, 0x9c, 0x46, 0x5f, 0x0a, 0x99, 0x26, 0x40,
  0x00, 0x9f, 0x26, 0x40, 0x25, 0x82, 0x4b, 0x40, 0x00, 0x8c, 0x4b, 0x40,
  0x14, 0x82, 0x46, 0x40, 0x00, 0x8c, 0x46, 0x40, 0x02, 0x82, 0x42, 0x40,
  0x00, 0x8c, 0x42, 0x40, 0x07, 0x89, 0x26, 0x40, 0x00, 0x8f, 0x26, 0x40,
  0x03, 0x84, 0x27, 0x40, 0x00, 0x1b, 0x40, 0x00, 0x8e, 0x27, 0x40, 0x00,
  0x1b, 0x40, 0x81, 0x24, 0x94, 0x2b, 0x78, 0x00, 0x1f, 0x78, 0x00, 0x9e,
  0x2b, 0x78, 0x00, 0x1f, 0x78, 0x05, 0x99, 0x26, 0x40, 0x00, 0x9f, 0x26,
  0x40, 0x42, 0x89, 0x26, 0x40, 0x00, 0x8f, 0x26, 0x40, 0x81, 0x01, 0x84,
  0x2b, 0x40, 0x00, 0x1f, 0x40, 0x00, 0x8e, 0x2b, 0x40, 0x00, 0x1f, 0x40,
  0x82, 0x10, 0x99, 0x26, 0x42, 0x00, 0x9f, 0x26, 0x42, 0x0a, 0x94, 0x2b,
  0x6d, 0x00, 0x1f, 0x6d, 0x00, 0x9e, 0x2b, 0x6d, 0x00, 0x1f, 0x6d, 0x3a,
  0x89, 0x26, 0x40, 0x00, 0x8f, 0x26, 0x40, 0x66, 0x84, 0x2b, 0x40, 0x00,
  0x1f, 0x40, 0x00, 0x8e, 0x2b, 0x40, 0x00, 0x1f, 0x40, 0x4e, 0x99, 0x26,
  0x3c, 0x00, 0x9f, 0x26, 0x3c, 0x00, 0x94, 0x2b, 0x72, 0x00, 0x1f, 0x72,
  0x00, 0x9e, 0x2b, 0x72, 0x00, 0x1f, 0x72, 0x32, 0x84, 0x2b, 0x40, 0x00,
  0x1f, 0x40, 0x00, 0x8e, 0x2b, 0x40, 0x00, 0x1f, 0x40, 0x0b, 0x89, 0x26,
  0x40, 0x00, 0x8f, 0x26, 0x40, 0x13, 0x94, 0x2b, 0x64, 0x00, 0x1f, 0x64,
  0x00, 0x9e, 0x2b, 0x64, 0x00, 0x1f, 0x64, 0x02, 0x99, 0x26, 0x23, 0x00,
  0x9f, 0x26, 0x23, 0x2b, 0x84, 0x2b, 0x40, 0x00, 0x1f, 0x40, 0x00, 0x8e,
  0x2b, 0x40, 0x00, 0x1f, 0x40, 0x0c, 0x89, 0x26, 0x40, 0x00, 0x8f, 0x26,
  0x40, 0x14, 0x94, 0x2b, 0x78, 0x00, 0x1f, 0x78, 0x00, 0x9e, 0x2b, 0x78,
  0x00, 0x1f, 0x78, 0x03, 0x99, 0x26, 0x40, 0x00, 0x9f, 0x26, 0x40, 0x3b,
  0x84, 0x2b, 0x40, 0x00, 0x1f, 0x40, 0x00, 0x8e, 0x2b, 0x40, 0x00, 0x1f,
  0x40, 0x07, 0x89, 0x26, 0x40, 0x00, 0x8f, 0x26, 0x40, 0x0b, 0x94, 0x2b,
  0x70, 0x00, 0x1f, 0x70, 0x00, 0x9e, 0x2b, 0x70, 0x00, 0x1f, 0x70, 0x00,
  0x99, 0x26, 0x3c, 0x00, 0x9f, 0x26, 0x3c, 0x44, 0x89, 0x26, 0x40, 0x00,
  0x8f, 0x26, 0x40, 0x34, 0x84, 0x2b, 0x40, 0x00, 0x1f, 0x40, 0x00, 0x8e,
  0x2b, 0x40, 0x00, 0x1f, 0x40, 0x7d, 0x99, 0x26, 0x30, 0x00, 0x9f, 0x26,
  0x30, 0x0d, 0x94, 0x2b, 0x69, 0x00, 0x1f, 0x69, 0x00, 0x9e, 0x2b, 0x69,
  0x00, 0x1f, 0x69, 0x2a, 0x89, 0x26, 0x40, 0x00, 0x8f, 0x26, 0x40, 0x11,
  0x84, 0x2b, 0x40, 0x00, 0x1f, 0x40, 0x00, 0x8e, 0x2b, 0x40, 0x00, 0x1f,
  0x40, 0x08, 0x99, 0x26, 0x32, 0x00, 0x9f, 0x26, 0x32, 0x0f, 0x94, 0x2b,
  0x64, 0x00, 0x1f, 0x64, 0x00, 0x9e, 0x2b, 0x64, 0x00, 0x1f, 0x64, 0x39,
  0x89, 0x26, 0x40, 0x00, 0x8f, 0x26, 0x40, 0x02, 0x84, 0x2b, 0x40, 0x00,
  0x1f, 0x40, 0x00, 0x8e, 0x2b, 0x40, 0x00, 0x1f, 0x40, 0x06, 0x99, 0x26,
  0x3d, 0x00, 0x9f, 0x26, 0x3d, 0x05, 0x94, 0x2b, 0x6b, 0x00, 0x1f, 0x6b,
  0x00, 0x9e, 0x2b, 0x6b, 0x00, 0x1f, 0x6b, 0x3f, 0x89, 0x26, 0x40, 0x00,
  0x8f, 0x26, 0x40, 0x05, 0x84, 0x2b, 0x40, 0x00, 0x1f, 0x40, 0x00, 0x8e,
  0x2b, 0x40, 0x00, 0x1f, 0x40, 0x02, 0x92, 0x4b, 0x65, 0x00, 0x42, 0x6e,
  0x00, 0x9c, 0x4b, 0x65, 0x00, 0x42, 0x6e, 0x03, 0x92, 0x46, 0x6a, 0x00,
  0x9c, 0x46, 0x6a, 0x02, 0x99, 0x26, 0x34, 0x00, 0x9f, 0x26, 0x34, 0x03,
  0x94, 0x27, 0x69, 0x00, 0x1b, 0x69, 0x00, 0x9e, 0x27, 0x69, 0x00, 0x1b,
  0x69, 0x37, 0x84, 0x27, 0x40, 0x00, 0x1b, 0x40, 0x00, 0x8e, 0x27, 0x40,
  0x00, 0x1b, 0x40, 0x01, 0x82, 0x4b, 0x40, 0x00, 0x8c, 0x4b, 0x40, 0x02,
  0x89, 0x26, 0x40, 0x00, 0x8f, 0x26, 0x40, 0x08, 0x82, 0x42, 0x40, 0x00,
  0x8c, 0x42, 0x40, 0x00, 0x82, 0x46, 0x40, 0x00, 0x8c, 0x46, 0x40, 0x04,
  0x92, 0x42, 0x68, 0x00, 0x9c, 0x42, 0x68, 0x02, 0x92, 0x4b, 0x74, 0x00,
  0x9c, 0x4b, 0x74, 0x03, 0x92, 0x46, 0x5f, 0x00, 0x9c, 0x46, 0x5f, 0x02,
  0x99, 0x26, 0x40, 0x00, 0x9f, 0x26, 0x40, 0x00, 0x94, 0x27, 0x78, 0x00,
  0x1b, 0x78, 0x00, 0x9e, 0x27, 0x78, 0x00, 0x1b, 0x78, 0x41, 0x82, 0x46,
  0x40, 0x00, 0x8c, 0x46, 0x40, 0x01, 0x82, 0x4b, 0x40, 0x00, 0x8c, 0x4b,
  0x40, 0x00, 0x89, 0x26, 0x40, 0x00, 0x8f, 0x26, 0x40, 0x01, 0x84, 0x27,
  0x40, 0x00, 0x1b, 0x40, 0x00, 0x8e, 0x27, 0x40, 0x00, 0x1b, 0x40, 0x01,
  0x92, 0x42, 0x72, 0x00, 0x9c, 0x42, 0x72, 0x03, 0x82, 0x42, 0x40, 0x00,
  0x8c, 0x42, 0x40, 0x00, 0x82, 0x42, 0x40, 0x00, 0x8c, 0x42, 0x40, 0x02,
  0x94, 0x27, 0x78, 0x00, 0x1b, 0x78, 0x00, 0x9e, 0x27, 0x78, 0x00, 0x1b,
  0x78, 0x00, 0x92, 0x4b, 0x6e, 0x00, 0x9c, 0x4b, 0x6e, 0x05, 0x92, 0x46,
  0x5f, 0x00, 0x9c, 0x46, 0x5f, 0x02, 0x99, 0x26, 0x33, 0x00, 0x9f, 0x26,
  0x33, 0x30, 0x84, 0x27, 0x40, 0x00, 0x1b, 0x40, 0x00, 0x8e, 0x27, 0x40,
  0x00, 0x1b, 0x40, 0x04, 0x82, 0x4b, 0x40, 0x00, 0x8c, 0x4b, 0x40, 0x0d,
  0x82, 0x46, 0x40, 0x00, 0x8c, 0x46, 0x40, 0x03, 0x89, 0x26, 0x40, 0x00,
  0x8f, 0x26, 0x40, 0x02, 0x92, 0x42, 0x78, 0x00, 0x9c, 0x42, 0x78, 0x03,
  0x92, 0x46, 0x5f, 0x00, 0x9c, 0x46, 0x5f, 0x02, 0x94, 0x27, 0x78, 0x00,
  0x1b, 0x78, 0x00, 0x9e, 0x27, 0x78, 0x00, 0x1b, 0x78, 0x00, 0x92, 0x4b,
  0x78, 0x00, 0x9c, 0x4b, 0x78, 0x05, 0x99, 0x26, 0x3c, 0x00, 0x9f, 0x26,
  0x3c, 0x36, 0x82, 0x4b, 0x40, 0x00, 0x8c, 0x4b, 0x40, 0x05, 0x84, 0x27,
  0x40, 0x00, 0x1b, 0x40, 0x00, 0x8e, 0x27, 0x40, 0x00, 0x1b, 0x40, 0x07,
  0x89, 0x26, 0x40, 0x00, 0x8f, 0x26, 0x40, 0x02, 0x82, 0x42, 0x40, 0x00,
  0x8c, 0x42, 0x40, 0x0b, 0x82, 0x46, 0x40, 0x00, 0x8c, 0x46, 0x40, 0x81,
  0x1c, 0x99, 0x26, 0x4e, 0x00, 0x9f, 0x26, 0x4e, 0x08, 0x94, 0x2b, 0x78,
  0x00, 0x1f, 0x78, 0x00, 0x9e, 0x2b, 0x78, 0x00, 0x1f, 0x78, 0x32, 0x89,
  0x26, 0x40, 0x00, 0x8f, 0x26, 0x40, 0x81, 0x16, 0x84, 0x2b, 0x40, 0x00,
  0x1f, 0x40, 0x00, 0x8e, 0x2b, 0x40, 0x00, 0x1f, 0x40, 0x82, 0x13, 0x99,
  0x26, 0x47, 0x00, 0x9f, 0x26, 0x47, 0x05, 0x94, 0x2b, 0x78, 0x00, 0x1f,
  0x78, 0x00, 0x9e, 0x2b, 0x78, 0x00, 0x1f, 0x78, 0x3d, 0x89, 0x26, 0x40,
  0x00, 0x8f, 0x26, 0x40, 0x63, 0x84, 0x2b, 0x40, 0x00, 0x1f, 0x40, 0x00,
  0x8e, 0x2b, 0x40, 0x00, 0x1f, 0x40, 0x4d, 0x99, 0x26, 0x39, 0x00, 0x9f,
  0x26, 0x39, 0x05, 0x94, 0x2b, 0x72, 0x00, 0x1f, 0x72, 0x00, 0x9e, 0x2b,
  0x72, 0x00, 0x1f, 0x72, 0x2a, 0x84, 0x2b, 0x40, 0x00, 0x1f, 0x40, 0x00,
  0x8e, 0x2b, 0x40, 0x00, 0x1f, 0x40, 0x15, 0x89, 0x26, 0x40, 0x00, 0x8f,
  0x26, 0x40, 0x0f, 0x99, 0x26, 0x29, 0x00, 0x9f, 0x26, 0x29, 0x00, 0x94,
  0x2b, 0x64, 0x00, 0x1f, 0x64, 0x00, 0x9e, 0x2b, 0x64, 0x00, 0x1f, 0x64,
  0x2f, 0x84, 0x2b, 0x40, 0x00, 0x1f, 0x40, 0x00, 0x8e, 0x2b, 0x40, 0x00,
  0x1f, 0x40, 0x0b, 0x89, 0x26, 0x40, 0x00, 0x8f, 0x26, 0x40, 0x11, 0x99,
  0x26, 0x4b, 0x00, 0x9f, 0x26, 0x4b, 0x05, 0x94, 0x2b, 0x78, 0x00, 0x1f,
  0x78, 0x00, 0x9e, 0x2b, 0x78, 0x00, 0x1f, 0x78, 0x38, 0x84, 0x2b, 0x40,
  0x00, 0x1f, 0x40, 0x00, 0x8e, 0x2b, 0x40, 0x00, 0x1f, 0x40, 0x05, 0x89,
  0x26, 0x40, 0x00, 0x8f, 0x26, 0x40, 0x0e, 0x94, 0x2b, 0x78, 0x00, 0x1f,
  0x78, 0x00, 0x9e, 0x2b, 0x78, 0x00, 0x1f, 0x78, 0x02, 0x99, 0x26, 0x3c,
  0x00, 0x9f, 0x26, 0x3c, 0x42, 0x89, 0x26, 0x40, 0x00, 0x8f, 0x26, 0x40,
  0x34, 0x84, 0x2b, 0x40, 0x00, 0x1f, 0x40, 0x00, 0x8e, 0x2b, 0x40, 0x00,
  0x1f, 0x40, 0x7d, 0x94, 0x2b, 0x6d, 0x00, 0x1f, 0x6d, 0x00, 0x9e, 0x2b,
  0x6d, 0x00, 0x1f, 0x6d, 0x07, 0x99, 0x26, 0x40, 0x00, 0x9f, 0x26, 0x40,
  0x37, 0x89, 0x26, 0x40, 0x00, 0x8f, 0x26, 0x40, 0x0d, 0x84, 0x2b, 0x40,
  0x00, 0x1f, 0x40, 0x00, 0x8e, 0x2b, 0x40, 0x00, 0x1f, 0x40, 0x02, 0x94,
  0x2b, 0x64, 0x00, 0x1f, 0x64, 0x00, 0x9e, 0x2b, 0x64, 0x00, 0x1f, 0x64,
  0x0a, 0x99, 0x26, 0x32, 0x00, 0x9f, 0x26, 0x32, 0x41, 0x84, 0x2b, 0x40,
  0x00, 0x1f, 0x40, 0x00, 0x8e, 0x2b, 0x40, 0x00, 0x1f, 0x40, 0x01, 0x89,
  0x26, 0x40, 0x00, 0x8f, 0x26, 0x40, 0x04, 0x94, 0x2b, 0x6d, 0x00, 0x1f,
  0x6d, 0x00, 0x9e, 0x2b, 0x6d, 0x00, 0x1f, 0x6d, 0x00, 0x99, 0x26, 0x42,
  0x00, 0x9f, 0x26, 0x42, 0x48, 0x89, 0x26, 0x40, 0x00, 0x8f, 0x26, 0x40,
  0x03, 0x92, 0x46, 0x78, 0x00, 0x46, 0x70, 0x00, 0x9c, 0x46, 0x78, 0x00,
  0x46, 0x70, 0x01, 0x84, 0x2b, 0x40, 0x00, 0x1f, 0x40, 0x00, 0x8e, 0x2b,
  0x40, 0x00, 0x1f, 0x40, 0x02, 0x94, 0x27, 0x6d, 0x00, 0x1b, 0x6d, 0x00,
  0x9e, 0x27, 0x6d, 0x00, 0x1b, 0x6d, 0x02, 0x99, 0x26, 0x37, 0x00, 0x9f,
  0x26, 0x37, 0x35, 0x84, 0x27, 0x40, 0x00, 0x1b, 0x40, 0x00, 0x8e, 0x27,
  0x40, 0x00, 0x1b, 0x40, 0x0c, 0x82, 0x46, 0x40, 0x00, 0x46, 0x40, 0x00,
  0x8c, 0x46, 0x40, 0x00, 0x46, 0x40, 0x07, 0x89, 0x26, 0x40, 0x00, 0x8f,
  0x26, 0x40, 0x01, 0x92, 0x46, 0x5f, 0x00, 0x9c, 0x46, 0x5f, 0x02, 0x99,
  0x26, 0x46, 0x00, 0x9f, 0x26, 0x46, 0x00, 0x92, 0x46, 0x5f, 0x00, 0x9c,
  0x46, 0x5f, 0x03, 0x94, 0x27, 0x78, 0x00, 0x1b, 0x78, 0x00, 0x9e, 0x27,
  0x78, 0x00, 0x1b, 0x78, 0x40, 0x84, 0x27, 0x40, 0x00, 0x1b, 0x40, 0x00,
  0x8e, 0x27, 0x40, 0x00, 0x1b, 0x40, 0x01, 0x82, 0x46, 0x40, 0x00, 0x8c,
  0x46, 0x40, 0x00, 0x82, 0x46, 0x40, 0x00, 0x8c, 0x46, 0x40, 0x04, 0x89,
  0x26, 0x40, 0x00, 0x8f, 0x26, 0x40, 0x08, 0x99, 0x26, 0x40, 0x00, 0x9f,
  0x26, 0x40, 0x00, 0x92, 0x46, 0x5f, 0x00, 0x9c, 0x46, 0x5f, 0x03, 0x94,
  0x27, 0x78, 0x00, 0x1b, 0x78, 0x00, 0x9e, 0x27, 0x78, 0x00, 0x1b, 0x78,
  0x02, 0x92, 0x46, 0x72, 0x00, 0x9c, 0x46, 0x72, 0x38, 0x84, 0x27, 0x40,
  0x00, 0x1b, 0x40, 0x00, 0x8e, 0x27, 0x40, 0x00, 0x1b, 0x40, 0x09, 0x82,
  0x46, 0x40, 0x00, 0x8c, 0x46, 0x40, 0x00, 0x82, 0x46, 0x40, 0x00, 0x8c,
  0x46, 0x40, 0x02, 0x89, 0x26, 0x40, 0x00, 0x8f, 0x26, 0x40, 0x03, 0x92,
  0x46, 0x5f, 0x00, 0x9c, 0x46, 0x5f, 0x03, 0x92, 0x46, 0x69, 0x00, 0x9c,
  0x46, 0x69, 0x07, 0x94, 0x27, 0x78, 0x00, 0x1b, 0x78, 0x00, 0x9e, 0x27,
  0x78, 0x00, 0x1b, 0x78, 0x05, 0x99, 0x26, 0x37, 0x00, 0x9f, 0x26, 0x37,
  0x37, 0x82, 0x46, 0x40, 0x00, 0x8c, 0x46, 0x40, 0x00, 0x82, 0x46, 0x40,
  0x00, 0x8c, 0x46, 0x40, 0x0b, 0x89, 0x26, 0x40, 0x00, 0x8f, 0x26, 0x40,
  0x01, 0x84, 0x27, 0x40, 0x00, 0x1b, 0x40, 0x00, 0x8e, 0x27, 0x40, 0x00,
  0x1b, 0x40, 0x81, 0x19, 0x94, 0x2b, 0x78, 0x00, 0x1f, 0x78, 0x00, 0x9e,
  0x2b, 0x78, 0x00, 0x1f, 0x78, 0x0a, 0xff, 0x51, 0x03, 0x09, 0x89, 0x68,
  0x81, 0x16, 0x84, 0x2b, 0x40, 0x00, 0x1f, 0x40, 0x00, 0x8e, 0x2b, 0x40,
  0x00, 0x1f, 0x40, 0x58, 0x92, 0x46, 0x40, 0x00, 0x9c, 0x46, 0x40, 0x02,
  0x93, 0x3a, 0x61, 0x00, 0x9d, 0x3a, 0x61, 0x00, 0x92, 0x4a, 0x4e, 0x00,
  0x9c, 0x4a, 0x4e, 0x03, 0x93, 0x3e, 0x5d, 0x00, 0x9d, 0x3e, 0x5d, 0x02,
  0x99, 0x26, 0x40, 0x00, 0x9f, 0x26, 0x40, 0x28, 0x83, 0x3a, 0x40, 0x00,
  0x8d, 0x3a, 0x40, 0x08, 0x83, 0x3e, 0x40, 0x00, 0x8d, 0x3e, 0x40, 0x06,
  0x82, 0x4a, 0x40, 0x00, 0x8c, 0x4a, 0x40, 0x0c, 0x89, 0x26, 0x40, 0x00,
  0x8f, 0x26, 0x40, 0x01, 0x82, 0x46, 0x40, 0x00, 0x8c, 0x46, 0x40, 0x03,
  0x92, 0x46, 0x5f, 0x00, 0x4a, 0x5f, 0x00, 0x9c, 0x46, 0x5f, 0x00, 0x4a,
  0x5f, 0x00, 0x93, 0x3a, 0x59, 0x00, 0x9d, 0x3a, 0x59, 0x05, 0x94, 0x2b,
  0x64, 0x00, 0x1f, 0x64, 0x00, 0x9e, 0x2b, 0x64, 0x00, 0x1f, 0x64, 0x00,
  0x93, 0x3e, 0x59, 0x00, 0x9d, 0x3e, 0x59, 0x08, 0x99, 0x26, 0x32, 0x00,
  0x9f, 0x26, 0x32, 0x2a, 0x83, 0x3a, 0x40, 0x00, 0x8d, 0x3a, 0x40, 0x04,
  0x84, 0x2b, 0x40, 0x00, 0x1f, 0x40, 0x00, 0x8e, 0x2b, 0x40, 0x00, 0x1f,
  0x40, 0x01, 0x83, 0x3e, 0x40, 0x00, 0x8d, 0x3e, 0x40, 0x15, 0x82, 0x46,
  0x40, 0x00, 0x4a, 0x40, 0x00, 0x8c, 0x46, 0x40, 0x00, 0x4a, 0x40, 0x02,
  0x92, 0x46, 0x71, 0x00, 0x4a, 0x71, 0x00, 0x9c, 0x46, 0x71, 0x00, 0x4a,
  0x71, 0x00, 0x94, 0x2b, 0x6b, 0x00, 0x1f, 0x6b, 0x00, 0x9e, 0x2b, 0x6b,
  0x00, 0x1f, 0x6b, 0x00, 0x93, 0x3a, 0x63, 0x00, 0x9d, 0x3a, 0x63, 0x02,
  0x89, 0x26, 0x40, 0x00, 0x8f, 0x26, 0x40, 0x03, 0x93, 0x3e, 0x63, 0x00,
  0x9d, 0x3e, 0x63, 0x05, 0x99, 0x26, 0x3c, 0x00, 0x9f, 0x26, 0x3c, 0x2b,
  0x83, 0x3a, 0x40, 0x00, 0x8d, 0x3a, 0x40, 0x05, 0x83, 0x3e, 0x40, 0x00,
  0x8d, 0x3e, 0x40, 0x0e, 0x84, 0x2b, 0x40, 0x00, 0x1f, 0x40, 0x00, 0x8e,
  0x2b, 0x40, 0x00, 0x1f, 0x40, 0x04, 0x89, 0x26, 0x40, 0x00, 0x8f, 0x26,
  0x40, 0x01, 0x92, 0x47, 0x6a, 0x00, 0x4b, 0x6a, 0x00, 0x9c, 0x47, 0x6a,
  0x00, 0x4b, 0x6a, 0x00, 0x93, 0x3b, 0x5d, 0x00, 0x9d, 0x3b, 0x5d, 0x01,
  0x82, 0x46, 0x40, 0x00, 0x4a, 0x40, 0x00, 0x8c, 0x46, 0x40, 0x00, 0x4a,
  0x40, 0x02, 0x93, 0x3f, 0x5d, 0x00, 0x9d, 0x3f, 0x5d, 0x02, 0x94, 0x2b,
  0x66, 0x00, 0x1f, 0x66, 0x00, 0x9e, 0x2b, 0x66, 0x00, 0x1f, 0x66, 0x03,
  0x99, 0x26, 0x44, 0x00, 0x9f, 0x26, 0x44, 0x2d, 0x83, 0x3b, 0x40, 0x00,
  0x8d, 0x3b, 0x40, 0x03, 0x83, 0x3f, 0x40, 0x00, 0x8d, 0x3f, 0x40, 0x09,
  0x84, 0x2b, 0x40, 0x00, 0x1f, 0x40, 0x00, 0x8e, 0x2b, 0x40, 0x00, 0x1f,
  0x40, 0x09, 0x89, 0x26, 0x40, 0x00, 0x8f, 0x26, 0x40, 0x04, 0x82, 0x47,
  0x40, 0x00, 0x4b, 0x40, 0x00, 0x8c, 0x47, 0x40, 0x00, 0x4b, 0x40, 0x02,
  0x92, 0x47, 0x6a, 0x00, 0x4b, 0x71, 0x00, 0x9c, 0x47, 0x6a, 0x00, 0x4b,
  0x71, 0x00, 0x93, 0x3b, 0x63, 0x00, 0x9d, 0x3b, 0x63, 0x03, 0x94, 0x2b,
  0x66, 0x00, 0x1f, 0x66, 0x00, 0x9e, 0x2b, 0x66, 0x00, 0x1f, 0x66, 0x02,
  0x93, 0x3f, 0x5d, 0x00, 0x9d, 0x3f, 0x5d, 0x03, 0x99, 0x26, 0x42, 0x00,
  0x9f, 0x26, 0x42, 0x2a, 0x83, 0x3b, 0x40, 0x00, 0x8d, 0x3b, 0x40, 0x05,
  0x83, 0x3f, 0x40, 0x00, 0x8d, 0x3f, 0x40, 0x13, 0x82, 0x47, 0x40, 0x00,
  0x4b, 0x40, 0x00, 0x8c, 0x47, 0x40, 0x00, 0x4b, 0x40, 0x01, 0x84, 0x2b,
  0x40, 0x00, 0x1f, 0x40, 0x00, 0x8e, 0x2b, 0x40, 0x00, 0x1f, 0x40, 0x05,
  0x89, 0x26, 0x40, 0x00, 0x8f, 0x26, 0x40, 0x00, 0x92, 0x4b, 0x6a, 0x00,
  0x9c, 0x4b, 0x6a, 0x00, 0x94, 0x2b, 0x78, 0x00, 0x1f, 0x78, 0x00, 0x9e,
  0x2b, 0x78, 0x00, 0x1f, 0x78, 0x00, 0x93, 0x3b, 0x78, 0x00, 0x9d, 0x3b,
  0x78, 0x03, 0x92, 0x47, 0x6a, 0x00, 0x9c, 0x47, 0x6a, 0x00, 0x93, 0x3f,
  0x5d, 0x00, 0x9d, 0x3f, 0x5d, 0x02, 0x99, 0x26, 0x4a, 0x00, 0x9f, 0x26,
  0x4a, 0x32, 0x83, 0x3b, 0x40, 0x00, 0x8d, 0x3b, 0x40, 0x03, 0x83, 0x3f,
  0x40, 0x00, 0x8d, 0x3f, 0x40, 0x05, 0x84, 0x2b, 0x40, 0x00, 0x1f, 0x40,
  0x00, 0x8e, 0x2b, 0x40, 0x00, 0x1f, 0x40, 0x0a, 0x89, 0x26, 0x40, 0x00,
  0x8f, 0x26, 0x40, 0x07, 0x94, 0x2b, 0x78, 0x00, 0x1f, 0x78, 0x00, 0x9e,
  0x2b, 0x78, 0x00, 0x1f, 0x78, 0x00, 0x92, 0x4d, 0x6a, 0x00, 0x9c, 0x4d,
  0x6a, 0x01, 0x82, 0x4b, 0x40, 0x00, 0x8c, 0x4b, 0x40, 0x02, 0x93, 0x3d,
  0x5d, 0x00, 0x41, 0x5d, 0x00, 0x9d, 0x3d, 0x5d, 0x00, 0x41, 0x5d, 0x00,
  0x92, 0x49, 0x6a, 0x00, 0x9c, 0x49, 0x6a, 0x01, 0x82, 0x47, 0x40, 0x00,
  0x8c, 0x47, 0x40, 0x04, 0x99, 0x26, 0x34, 0x00, 0x9f, 0x26, 0x34, 0x2b,
  0x83, 0x3d, 0x40, 0x00, 0x41, 0x40, 0x00, 0x8d, 0x3d, 0x40, 0x00, 0x41,
  0x40, 0x0c, 0x89, 0x26, 0x40, 0x00, 0x8f, 0x26, 0x40, 0x08, 0x82, 0x4d,
  0x40, 0x00, 0x8c, 0x4d, 0x40, 0x01, 0x84, 0x2b, 0x40, 0x00, 0x1f, 0x40,
  0x00, 0x8e, 0x2b, 0x40, 0x00, 0x1f, 0x40, 0x02, 0x82, 0x49, 0x40, 0x00,
  0x8c, 0x49, 0x40, 0x01, 0x99, 0x26, 0x3e, 0x00, 0x9f, 0x26, 0x3e, 0x03,
  0x92, 0x4d, 0x6a, 0x00, 0x9c, 0x4d, 0x6a, 0x02, 0x93, 0x3d, 0x5d, 0x00,
  0x9d, 0x3d, 0x5d, 0x00, 0x92, 0x49, 0x6a, 0x00, 0x9c, 0x49, 0x6a, 0x03,
  0x93, 0x41, 0x5d, 0x00, 0x9d, 0x41, 0x5d, 0x2f, 0x83, 0x3d, 0x40, 0x00,
  0x8d, 0x3d, 0x40, 0x06, 0x83, 0x41, 0x40, 0x00, 0x8d, 0x41, 0x40, 0x07,
  0x89, 0x26, 0x40, 0x00, 0x8f, 0x26, 0x40, 0x0c, 0x92, 0x4d, 0x6a, 0x00,
  0x9c, 0x4d, 0x6a, 0x01, 0x82, 0x4d, 0x40, 0x00, 0x8c, 0x4d, 0x40, 0x00,
  0x82, 0x4d, 0x40, 0x00, 0x8c, 0x4d, 0x40, 0x02, 0x82, 0x49, 0x40, 0x00,
  0x8c, 0x49, 0x40, 0x02, 0x99, 0x26, 0x42, 0x00, 0x9f, 0x26, 0x42, 0x00,
  0x93, 0x3d, 0x5d, 0x00, 0x9d, 0x3d, 0x5d, 0x00, 0x92, 0x49, 0x6a, 0x00,
  0x9c, 0x49, 0x6a, 0x03, 0x93, 0x41, 0x5d, 0x00, 0x9d, 0x41, 0x5d, 0x2a,
  0x83, 0x3d, 0x40, 0x00, 0x8d, 0x3d, 0x40, 0x03, 0x83, 0x41, 0x40, 0x00,
  0x8d, 0x41, 0x40, 0x03, 0x89, 0x26, 0x40, 0x00, 0x8f, 0x26, 0x40, 0x10,
  0x82, 0x49, 0x40, 0x00, 0x8c, 0x49, 0x40, 0x82, 0x00, 0x92, 0x46, 0x40,
  0x00, 0x9c, 0x46, 0x40, 0x02, 0x93, 0x3f, 0x61, 0x00, 0x9d, 0x3f, 0x61,
  0x00, 0x92, 0x4a, 0x4e, 0x00, 0x9c, 0x4a, 0x4e, 0x03, 0x93, 0x43, 0x5d,
  0x00, 0x9d, 0x43, 0x5d, 0x02, 0x99, 0x26, 0x40, 0x00, 0x9f, 0x26, 0x40,
  0x28, 0x83, 0x3f, 0x40, 0x00, 0x8d, 0x3f, 0x40, 0x08, 0x83, 0x43, 0x40,
  0x00, 0x8d, 0x43, 0x40, 0x06, 0x82, 0x4a, 0x40, 0x00, 0x8c, 0x4a, 0x40,
  0x0c, 0x89, 0x26, 0x40, 0x00, 0x8f, 0x26, 0x40, 0x01, 0x82, 0x46, 0x40,
  0x00, 0x8c, 0x46, 0x40, 0x03, 0x92, 0x46, 0x5f, 0x00, 0x4a, 0x5f, 0x00,
  0x9c, 0x46, 0x5f, 0x00, 0x4a, 0x5f, 0x00, 0x93, 0x3f, 0x59, 0x00, 0x9d,
  0x3f, 0x59, 0x05, 0x94, 0x2b, 0x64, 0x00, 0x1f, 0x64, 0x00, 0x9e, 0x2b,
  0x64, 0x00, 0x1f, 0x64, 0x00, 0x93, 0x43, 0x59, 0x00, 0x9d, 0x43, 0x59,
  0x08, 0x99, 0x26, 0x32, 0x00, 0x9f, 0x26, 0x32, 0x2a, 0x83, 0x3f, 0x40,
  0x00, 0x8d, 0x3f, 0x40, 0x00, 0x84, 0x2b, 0x40, 0x00, 0x1f, 0x40, 0x00,
  0x8e, 0x2b, 0x40, 0x00, 0x1f, 0x40, 0x05, 0x83, 0x43, 0x40, 0x00, 0x8d,
  0x43, 0x40, 0x15, 0x82, 0x46, 0x40, 0x00, 0x4a, 0x40, 0x00, 0x8c, 0x46,
  0x40, 0x00, 0x4a, 0x40, 0x02, 0x92, 0x46, 0x71, 0x00, 0x4a, 0x71, 0x00,
  0x9c, 0x46, 0x71, 0x00, 0x4a, 0x71, 0x00, 0x94, 0x2b, 0x6b, 0x00, 0x1f,
  0x6b, 0x00, 0x9e, 0x2b, 0x6b, 0x00, 0x1f, 0x6b, 0x00, 0x93, 0x3f, 0x63,
  0x00, 0x9d, 0x3f, 0x63, 0x02, 0x89, 0x26, 0x40, 0x00, 0x8f, 0x26, 0x40,
  0x03, 0x93, 0x43, 0x63, 0x00, 0x9d, 0x43, 0x63, 0x05, 0x99, 0x26, 0x3c,
  0x00, 0x9f, 0x26, 0x3c, 0x2b, 0x83, 0x3f, 0x40, 0x00, 0x8d, 0x3f, 0x40,
  0x05, 0x83, 0x43, 0x40, 0x00, 0x8d, 0x43, 0x40, 0x0a, 0x84, 0x2b, 0x40,
  0x00, 0x1f, 0x40, 0x00, 0x8e, 0x2b, 0x40, 0x00, 0x1f, 0x40, 0x08, 0x89,
  0x26, 0x40, 0x00, 0x8f, 0x26, 0x40, 0x01, 0x92, 0x47, 0x6a, 0x00, 0x4b,
  0x6a, 0x00, 0x9c, 0x47, 0x6a, 0x00, 0x4b, 0x6a, 0x00, 0x93, 0x40, 0x5d,
  0x00, 0x9d, 0x40, 0x5d, 0x01, 0x82, 0x46, 0x40, 0x00, 0x4a, 0x40, 0x00,
  0x8c, 0x46, 0x40, 0x00, 0x4a, 0x40, 0x02, 0x93, 0x44, 0x5d, 0x00, 0x9d,
  0x44, 0x5d, 0x02, 0x94, 0x2b, 0x66, 0x00, 0x1f, 0x66, 0x00, 0x9e, 0x2b,
  0x66, 0x00, 0x1f, 0x66, 0x03, 0x99, 0x26, 0x44, 0x00, 0x9f, 0x26, 0x44,
  0x2d, 0x83, 0x40, 0x40, 0x00, 0x8d, 0x40, 0x40, 0x03, 0x83, 0x44, 0x40,
  0x00, 0x8d, 0x44, 0x40, 0x05, 0x84, 0x2b, 0x40, 0x00, 0x1f, 0x40, 0x00,
  0x8e, 0x2b, 0x40, 0x00, 0x1f, 0x40, 0x0d, 0x89, 0x26, 0x40, 0x00, 0x8f,
  0x26, 0x40, 0x04, 0x82, 0x47, 0x40, 0x00, 0x4b, 0x40, 0x00, 0x8c, 0x47,
  0x40, 0x00, 0x4b, 0x40, 0x02, 0x92, 0x47, 0x6a, 0x00, 0x4b, 0x71, 0x00,
  0x9c, 0x47, 0x6a, 0x00, 0x4b, 0x71, 0x00, 0x93, 0x40, 0x63, 0x00, 0x9d,
  0x40, 0x63, 0x03, 0x94, 0x2b, 0x66, 0x00, 0x1f, 0x66, 0x00, 0x9e, 0x2b,
  0x66, 0x00, 0x1f, 0x66, 0x02, 0x93, 0x44, 0x5d, 0x00, 0x9d, 0x44, 0x5d,
  0x03, 0x99, 0x26, 0x42, 0x00, 0x9f, 0x26, 0x42, 0x2a, 0x83, 0x40, 0x40,
  0x00, 0x8d, 0x40, 0x40, 0x05, 0x83, 0x44, 0x40, 0x00, 0x8d, 0x44, 0x40,
  0x10, 0x84, 0x2b, 0x40, 0x00, 0x1f, 0x40, 0x00, 0x8e, 0x2b, 0x40, 0x00,
  0x1f, 0x40, 0x03, 0x82, 0x47, 0x40, 0x00, 0x4b, 0x40, 0x00, 0x8c, 0x47,
  0x40, 0x00, 0x4b, 0x40, 0x06, 0x89, 0x26, 0x40, 0x00, 0x8f, 0x26, 0x40,
  0x00, 0x92, 0x4b, 0x6a, 0x00, 0x9c, 0x4b, 0x6a, 0x00, 0x94, 0x2b, 0x78,
  0x00, 0x1f, 0x78, 0x00, 0x9e, 0x2b, 0x78, 0x00, 0x1f, 0x78, 0x00, 0x93,
  0x40, 0x78, 0x00, 0x9d, 0x40, 0x78, 0x03, 0x92, 0x47, 0x6a, 0x00, 0x9c,
  0x47, 0x6a, 0x00, 0x93, 0x44, 0x5d, 0x00, 0x9d, 0x44, 0x5d, 0x02, 0x99,
  0x26, 0x4a, 0x00, 0x9f, 0x26, 0x4a, 0x32, 0x83, 0x40, 0x40, 0x00, 0x8d,
  0x40, 0x40, 0x03, 0x83, 0x44, 0x40, 0x00, 0x8d, 0x44, 0x40, 0x01, 0x84,
  0x2b, 0x40, 0x00, 0x1f, 0x40, 0x00, 0x8e, 0x2b, 0x40, 0x00, 0x1f, 0x40,
  0x0e, 0x89, 0x26, 0x40, 0x00, 0x8f, 0x26, 0x40, 0x07, 0x94, 0x2b, 0x78,
  0x00, 0x1f, 0x78, 0x00, 0x9e, 0x2b, 0x78, 0x00, 0x1f, 0x78, 0x00, 0x92,
  0x4d, 0x6a, 0x00, 0x9c, 0x4d, 0x6a, 0x01, 0x82, 0x4b, 0x40, 0x00, 0x8c,
  0x4b, 0x40, 0x02, 0x93, 0x42, 0x5d, 0x00, 0x46, 0x5d, 0x00, 0x9d, 0x42,
  0x5d, 0x00, 0x46, 0x5d, 0x00, 0x92, 0x49, 0x6a, 0x00, 0x9c, 0x49, 0x6a,
  0x01, 0x82, 0x47, 0x40, 0x00, 0x8c, 0x47, 0x40, 0x04, 0x99, 0x26, 0x34,
  0x00, 0x9f, 0x26, 0x34, 0x2b, 0x83, 0x42, 0x40, 0x00, 0x46, 0x40, 0x00,
  0x8d, 0x42, 0x40, 0x00, 0x46, 0x40, 0x0c, 0x89, 0x26, 0x40, 0x00, 0x8f,
  0x26, 0x40, 0x05, 0x84, 0x2b, 0x40, 0x00, 0x1f, 0x40, 0x00, 0x8e, 0x2b,
  0x40, 0x00, 0x1f, 0x40, 0x03, 0x82, 0x4d, 0x40, 0x00, 0x8c, 0x4d, 0x40,
  0x03, 0x82, 0x49, 0x40, 0x00, 0x8c, 0x49, 0x40, 0x01, 0x99, 0x26, 0x3e,
  0x00, 0x9f, 0x26, 0x3e, 0x03, 0x92, 0x4d, 0x6a, 0x00, 0x9c, 0x4d, 0x6a,
  0x02, 0x93, 0x42, 0x5d, 0x00, 0x9d, 0x42, 0x5d, 0x00, 0x92, 0x49, 0x6a,
  0x00, 0x9c, 0x49, 0x6a, 0x03, 0x93, 0x46, 0x5d, 0x00, 0x9d, 0x46, 0x5d,
  0x2f, 0x83, 0x42, 0x40, 0x00, 0x8d, 0x42, 0x40, 0x01, 0x82, 0x4d, 0x40,
  0x00, 0x8c, 0x4d, 0x40, 0x02, 0x82, 0x49, 0x40, 0x00, 0x8c, 0x49, 0x40,
  0x03, 0x83, 0x46, 0x40, 0x00, 0x8d, 0x46, 0x40, 0x07, 0x89, 0x26, 0x40,
  0x00, 0x8f, 0x26, 0x40, 0x0c, 0x92, 0x4d, 0x6a, 0x00, 0x9c, 0x4d, 0x6a,
  0x05, 0x99, 0x26, 0x42, 0x00, 0x9f, 0x26, 0x42, 0x00, 0x93, 0x42, 0x5d,
  0x00, 0x9d, 0x42, 0x5d, 0x00, 0x92, 0x49, 0x6a, 0x00, 0x9c, 0x49, 0x6a,
  0x03, 0x93, 0x46, 0x5d, 0x00, 0x9d, 0x46, 0x5d, 0x25, 0x82, 0x4d, 0x40,
  0x00, 0x8c, 0x4d, 0x40, 0x05, 0x83, 0x42, 0x40, 0x00, 0x8d, 0x42, 0x40,
  0x00, 0x82, 0x49, 0x40, 0x00, 0x8c, 0x49, 0x40, 0x03, 0x83, 0x46, 0x40,
  0x00, 0x8d, 0x46, 0x40, 0x03, 0x89, 0x26, 0x40, 0x00, 0x8f, 0x26, 0x40,
  0x22, 0xc3, 0x2e, 0x00, 0x94, 0x30, 0x6c, 0x00, 0xcd, 0x2e, 0x00, 0x94,
  0x24, 0x6c, 0x00, 0x9e, 0x30, 0x6c, 0x00, 0x24, 0x6c, 0x1e, 0x93, 0x54,
  0x3c, 0x00, 0x9d, 0x54, 0x3c, 0x05, 0x93, 0x48, 0x38, 0x00, 0x9d, 0x48,
  0x38, 0x81, 0x3c, 0x83, 0x48, 0x40, 0x00, 0x8d, 0x48, 0x40, 0x0c, 0x83,
  0x54, 0x40, 0x00, 0x8d, 0x54, 0x40, 0x14, 0x92, 0x43, 0x58, 0x00, 0x9c,
  0x43, 0x58, 0x0a, 0x92, 0x3f, 0x6e, 0x00, 0x9c, 0x3f, 0x6e, 0x14, 0x82,
  0x43, 0x40, 0x00, 0x8c, 0x43, 0x40, 0x0d, 0x82, 0x3f, 0x40, 0x00, 0x8c,
  0x3f, 0x40, 0x25, 0x92, 0x43, 0x4d, 0x00, 0x9c, 0x43, 0x4d, 0x0a, 0x92,
  0x3f, 0x58, 0x00, 0x9c, 0x3f, 0x58, 0x0d, 0x84, 0x30, 0x40, 0x00, 0x24,
  0x40, 0x00, 0x8e, 0x30, 0x40, 0x00, 0x24, 0x40, 0x05, 0x82, 0x43, 0x40,
  0x00, 0x8c, 0x43, 0x40, 0x02, 0x82, 0x3f, 0x40, 0x00, 0x8c, 0x3f, 0x40,
  0x26, 0x92, 0x3f, 0x58, 0x00, 0x9c, 0x3f, 0x58, 0x07, 0x92, 0x43, 0x43,
  0x00, 0x9c, 0x43, 0x43, 0x28, 0x82, 0x43, 0x40, 0x00, 0x8c, 0x43, 0x40,
  0x0b, 0x82, 0x3f, 0x40, 0x00, 0x8c, 0x3f, 0x40, 0x1d, 0x92, 0x3b, 0x63,
  0x00, 0x9c, 0x3b, 0x63, 0x03, 0x92, 0x44, 0x6e, 0x00, 0x9c, 0x44, 0x6e,
  0x23, 0x82, 0x44, 0x40, 0x00, 0x8c, 0x44, 0x40, 0x0c, 0x82, 0x3b, 0x40,
  0x00, 0x8c, 0x3b, 0x40, 0x1e, 0x92, 0x44, 0x58, 0x00, 0x9c, 0x44, 0x58,
  0x0d, 0x92, 0x3b, 0x58, 0x00, 0x9c, 0x3b, 0x58, 0x11, 0x82, 0x44, 0x40,
  0x00, 0x8c, 0x44, 0x40, 0x15, 0x82, 0x3b, 0x40, 0x00, 0x8c, 0x3b, 0x40,
  0x1b, 0x92, 0x44, 0x4d, 0x00, 0x9c, 0x44, 0x4d, 0x07, 0x92, 0x3b, 0x58,
  0x00, 0x9c, 0x3b, 0x58, 0x23, 0x82, 0x3b, 0x40, 0x00, 0x8c, 0x3b, 0x40,
  0x0b, 0x82, 0x44, 0x40, 0x00, 0x8c, 0x44, 0x40, 0x1b, 0x92, 0x41, 0x58,
  0x00, 0x9c, 0x41, 0x58, 0x0a, 0x92, 0x3e, 0x63, 0x00, 0x9c, 0x3e, 0x63,
  0x21, 0x82, 0x41, 0x40, 0x00, 0x8c, 0x41, 0x40, 0x0a, 0x82, 0x3e, 0x40,
  0x00, 0x8c, 0x3e, 0x40, 0x1d, 0x92, 0x41, 0x43, 0x00, 0x9c, 0x41, 0x43,
  0x0d, 0x92, 0x3e, 0x4d, 0x00, 0x9c, 0x3e, 0x4d, 0x1e, 0x82, 0x41, 0x40,
  0x00, 0x8c, 0x41, 0x40, 0x03, 0x82, 0x3e, 0x40, 0x00, 0x8c, 0x3e, 0x40,
  0x1d, 0x92, 0x41, 0x58, 0x00, 0x9c, 0x41, 0x58, 0x0a, 0x92, 0x3e, 0x48,
  0x00, 0x9c, 0x3e, 0x48, 0x1e, 0x82, 0x41, 0x40, 0x00, 0x8c, 0x41, 0x40,
  0x19, 0x82, 0x3e, 0x40, 0x00, 0x8c, 0x3e, 0x40, 0x14, 0x94, 0x30, 0x71,
  0x00, 0x24, 0x71, 0x00, 0x9e, 0x30, 0x71, 0x00, 0x24, 0x71, 0x81, 0x6e,
  0x92, 0x43, 0x58, 0x00, 0x9c, 0x43, 0x58, 0x14, 0x92, 0x4b, 0x6e, 0x00,
  0x9c, 0x4b, 0x6e, 0x10, 0x84, 0x30, 0x40, 0x00, 0x24, 0x40, 0x00, 0x8e,
  0x30, 0x40, 0x00, 0x24, 0x40, 0x02, 0x82, 0x43, 0x40, 0x00, 0x8c, 0x43,
  0x40, 0x0f, 0x82, 0x4b, 0x40, 0x00, 0x8c, 0x4b, 0x40, 0x16, 0x92, 0x43,
  0x6e, 0x00, 0x9c, 0x43, 0x6e, 0x16, 0x92, 0x4b, 0x58, 0x00, 0x9c, 0x4b,
  0x58, 0x10, 0x82, 0x43, 0x40, 0x00, 0x8c, 0x43, 0x40, 0x0c, 0x82, 0x4b,
  0x40, 0x00, 0x8c, 0x4b, 0x40, 0x1b, 0x92, 0x43, 0x63, 0x00, 0x9c, 0x43,
  0x63, 0x12, 0x92, 0x4b, 0x58, 0x00, 0x9c, 0x4b, 0x58, 0x1b, 0x82, 0x43,
  0x40, 0x00, 0x8c, 0x43, 0x40, 0x08, 0x82, 0x4b, 0x40, 0x00, 0x8c, 0x4b,
  0x40, 0x23, 0x92, 0x3f, 0x63, 0x00, 0x9c, 0x3f, 0x63, 0x0a, 0x92, 0x4a,
  0x58, 0x00, 0x9c, 0x4a, 0x58, 0x1c, 0x82, 0x3f, 0x40, 0x00, 0x8c, 0x3f,
  0x40, 0x07, 0x82, 0x4a, 0x40, 0x00, 0x8c, 0x4a, 0x40, 0x28, 0x92, 0x3f,
  0x6e, 0x00, 0x9c, 0x3f, 0x6e, 0x02, 0x92, 0x4a, 0x58, 0x00, 0x9c, 0x4a,
  0x58, 0x1f, 0x82, 0x3f, 0x40, 0x00, 0x8c, 0x3f, 0x40, 0x02, 0x82, 0x4a,
  0x40, 0x00, 0x8c, 0x4a, 0x40, 0x20, 0x92, 0x3f, 0x6e, 0x00, 0x9c, 0x3f,
  0x6e, 0x0d, 0x92, 0x4a, 0x4d, 0x00, 0x9c, 0x4a, 0x4d, 0x16, 0x82, 0x3f,
  0x40, 0x00, 0x8c, 0x3f, 0x40, 0x1c, 0x82, 0x4a, 0x40, 0x00, 0x8c, 0x4a,
  0x40, 0x20, 0x92, 0x47, 0x4d, 0x00, 0x9c, 0x47, 0x4d, 0x03, 0x92, 0x42,
  0x6e, 0x00, 0x9c, 0x42, 0x6e, 0x23, 0x82, 0x42, 0x40, 0x00, 0x8c, 0x42,
  0x40, 0x05, 0x82, 0x47, 0x40, 0x00, 0x8c, 0x47, 0x40, 0x28, 0x92, 0x47,
  0x58, 0x00, 0x9c, 0x47, 0x58, 0x02, 0x92, 0x42, 0x4d, 0x00, 0x9c, 0x42,
  0x4d, 0x1e, 0x82, 0x42, 0x40, 0x00, 0x8c, 0x42, 0x40, 0x06, 0x82, 0x47,
  0x40, 0x00, 0x8c, 0x47, 0x40, 0x1d, 0x92, 0x42, 0x58, 0x00, 0x9c, 0x42,
  0x58, 0x0d, 0x92, 0x47, 0x4d, 0x00, 0x9c, 0x47, 0x4d, 0x16, 0x82, 0x42,
  0x40, 0x00, 0x8c, 0x42, 0x40, 0x0d, 0x82, 0x47, 0x40, 0x00, 0x8c, 0x47,
  0x40, 0x1b, 0x94, 0x30, 0x72, 0x00, 0x24, 0x72, 0x00, 0x9e, 0x30, 0x72,
  0x00, 0x24, 0x72, 0x81, 0x75, 0x92, 0x4f, 0x71, 0x00, 0x9c, 0x4f, 0x71,
  0x03, 0x92, 0x47, 0x71, 0x00, 0x9c, 0x47, 0x71, 0x11, 0x84, 0x30, 0x40,
  0x00, 0x24, 0x40, 0x00, 0x8e, 0x30, 0x40, 0x00, 0x24, 0x40, 0x0f, 0x82,
  0x4f, 0x40, 0x00, 0x8c, 0x4f, 0x40, 0x01, 0x82, 0x47, 0x40, 0x00, 0x8c,
  0x47, 0x40, 0x2f, 0x92, 0x47, 0x6a, 0x00, 0x9c, 0x47, 0x6a, 0x02, 0x92,
  0x4f, 0x4a, 0x00, 0x9c, 0x4f, 0x4a, 0x1c, 0x82, 0x47, 0x40, 0x00, 0x8c,
  0x47, 0x40, 0x02, 0x82, 0x4f, 0x40, 0x00, 0x8c, 0x4f, 0x40, 0x28, 0x92,
  0x47, 0x4a, 0x00, 0x4f, 0x42, 0x00, 0x9c, 0x47, 0x4a, 0x00, 0x4f, 0x42,
  0x21, 0x82, 0x47, 0x40, 0x00, 0x8c, 0x47, 0x40, 0x0f, 0x82, 0x4f, 0x40,
  0x00, 0x8c, 0x4f, 0x40, 0x2d, 0x92, 0x4e, 0x79, 0x00, 0x9c, 0x4e, 0x79,
  0x0a, 0x92, 0x48, 0x67, 0x00, 0x9c, 0x48, 0x67, 0x1c, 0x82, 0x4e, 0x40,
  0x00, 0x8c, 0x4e, 0x40, 0x05, 0x82, 0x48, 0x40, 0x00, 0x8c, 0x48, 0x40,
  0x16, 0x92, 0x48, 0x51, 0x00, 0x9c, 0x48, 0x51, 0x11, 0x92, 0x4e, 0x73,
  0x00, 0x9c, 0x4e, 0x73, 0x15, 0x82, 0x48, 0x40, 0x00, 0x8c, 0x48, 0x40,
  0x0c, 0x82, 0x4e, 0x40, 0x00, 0x8c, 0x4e, 0x40, 0x1b, 0x92, 0x48, 0x55,
  0x00, 0x9c, 0x48, 0x55, 0x0a, 0x92, 0x4e, 0x5e, 0x00, 0x9c, 0x4e, 0x5e,
  0x28, 0x82, 0x48, 0x40, 0x00, 0x8c, 0x48, 0x40, 0x05, 0x82, 0x4e, 0x40,
  0x00, 0x8c, 0x4e, 0x40, 0x23, 0x92, 0x42, 0x63, 0x00, 0x9c, 0x42, 0x63,
  0x0a, 0x92, 0x4a, 0x4f, 0x00, 0x9c, 0x4a, 0x4f, 0x1c, 0x82, 0x42, 0x40,
  0x00, 0x8c, 0x42, 0x40, 0x0f, 0x82, 0x4a, 0x40, 0x00, 0x8c, 0x4a, 0x40,
  0x1e, 0x92, 0x42, 0x4a, 0x00, 0x9c, 0x42, 0x4a, 0x11, 0x92, 0x4a, 0x4a,
  0x00, 0x9c, 0x4a, 0x4a, 0x0d, 0x82, 0x42, 0x40, 0x00, 0x8c, 0x42, 0x40,
  0x1b, 0x82, 0x4a, 0x40, 0x00, 0x8c, 0x4a, 0x40, 0x0f, 0x92, 0x42, 0x6a,
  0x00, 0x9c, 0x42, 0x6a, 0x17, 0x92, 0x4a, 0x3e, 0x00, 0x9c, 0x4a, 0x3e,
  0x0c, 0x82, 0x42, 0x40, 0x00, 0x8c, 0x42, 0x40, 0x1f, 0x82, 0x4a, 0x40,
  0x00, 0x8c, 0x4a, 0x40, 0x0e, 0x92, 0x4d, 0x71, 0x00, 0x9c, 0x4d, 0x71,
  0x08, 0x92, 0x45, 0x63, 0x00, 0x9c, 0x45, 0x63, 0x1e, 0x82, 0x4d, 0x40,
  0x00, 0x8c, 0x4d, 0x40, 0x05, 0x82, 0x45, 0x40, 0x00, 0x8c, 0x45, 0x40,
  0x20, 0x92, 0x4d, 0x65, 0x00, 0x9c, 0x4d, 0x65, 0x05, 0x92, 0x45, 0x4f,
  0x00, 0x9c, 0x45, 0x4f, 0x21, 0x82, 0x4d, 0x40, 0x00, 0x8c, 0x4d, 0x40,
  0x05, 0x82, 0x45, 0x40, 0x00, 0x8c, 0x45, 0x40, 0x23, 0x92, 0x4d, 0x4f,
  0x00, 0x9c, 0x4d, 0x4f, 0x07, 0x92, 0x45, 0x55, 0x00, 0x9c, 0x45, 0x55,
  0x1a, 0x82, 0x4d, 0x40, 0x00, 0x8c, 0x4d, 0x40, 0x1d, 0x82, 0x45, 0x40,
  0x00, 0x8c, 0x45, 0x40, 0x19, 0x92, 0x4b, 0x71, 0x00, 0x9c, 0x4b, 0x71,
  0x03, 0x92, 0x43, 0x5e, 0x00, 0x9c, 0x43, 0x5e, 0x19, 0x82, 0x4b, 0x40,
  0x00, 0x8c, 0x4b, 0x40, 0x0d, 0x82, 0x43, 0x40, 0x00, 0x8c, 0x43, 0x40,
  0x1d, 0x92, 0x4b, 0x4f, 0x00, 0x9c, 0x4b, 0x4f, 0x0a, 0x92, 0x43, 0x51,
  0x00, 0x9c, 0x43, 0x51, 0x14, 0x82, 0x4b, 0x40, 0x00, 0x8c, 0x4b, 0x40,
  0x0d, 0x82, 0x43, 0x40, 0x00, 0x8c, 0x43, 0x40, 0x1b, 0x92, 0x4b, 0x55,
  0x00, 0x9c, 0x4b, 0x55, 0x14, 0x92, 0x43, 0x71, 0x00, 0x9c, 0x43, 0x71,
  0x1e, 0x82, 0x4b, 0x40, 0x00, 0x8c, 0x4b, 0x40, 0x08, 0x82, 0x43, 0x40,
  0x00, 0x8c, 0x43, 0x40, 0x20, 0x92, 0x47, 0x65, 0x00, 0x9c, 0x47, 0x65,
  0x0a, 0x92, 0x3f, 0x71, 0x00, 0x9c, 0x3f, 0x71, 0x1e, 0x82, 0x47, 0x40,
  0x00, 0x8c, 0x47, 0x40, 0x05, 0x82, 0x3f, 0x40, 0x00, 0x8c, 0x3f, 0x40,
  0x23, 0x92, 0x47, 0x5c, 0x00, 0x9c, 0x47, 0x5c, 0x0a, 0x92, 0x3f, 0x71,
  0x00, 0x9c, 0x3f, 0x71, 0x21, 0x82, 0x47, 0x40, 0x00, 0x8c, 0x47, 0x40,
  0x02, 0x82, 0x3f, 0x40, 0x00, 0x8c, 0x3f, 0x40, 0x23, 0x92, 0x47, 0x3e,
  0x00, 0x9c, 0x47, 0x3e, 0x05, 0x92, 0x3f, 0x63, 0x00, 0x9c, 0x3f, 0x63,
  0x23, 0x82, 0x47, 0x40, 0x00, 0x8c, 0x47, 0x40, 0x03, 0x82, 0x3f, 0x40,
  0x00, 0x8c, 0x3f, 0x40, 0x1e, 0x92, 0x44, 0x46, 0x00, 0x9c, 0x44, 0x46,
  0x14, 0x92, 0x3b, 0x65, 0x00, 0x9c, 0x3b, 0x65, 0x17, 0x82, 0x44, 0x40,
  0x00, 0x8c, 0x44, 0x40, 0x0f, 0x82, 0x3b, 0x40, 0x00, 0x8c, 0x3b, 0x40,
  0x22, 0x92, 0x44, 0x55, 0x00, 0x9c, 0x44, 0x55, 0x08, 0x92, 0x3b, 0x6a,
  0x00, 0x9c, 0x3b, 0x6a, 0x11, 0x82, 0x44, 0x40, 0x00, 0x8c, 0x44, 0x40,
  0x12, 0x82, 0x3b, 0x40, 0x00, 0x8c, 0x3b, 0x40, 0x19, 0x92, 0x44, 0x5c,
  0x00, 0x9c, 0x44, 0x5c, 0x0c, 0x92, 0x3b, 0x75, 0x00, 0x9c, 0x3b, 0x75,
  0x17, 0x82, 0x44, 0x40, 0x00, 0x8c, 0x44, 0x40, 0x11, 0x82, 0x3b, 0x40,
  0x00, 0x8c, 0x3b, 0x40, 0x2d, 0x94, 0x30, 0x74, 0x00, 0x24, 0x74, 0x00,
  0x9e, 0x30, 0x74, 0x00, 0x24, 0x74, 0x1e, 0x93, 0x54, 0x3c, 0x00, 0x9d,
  0x54, 0x3c, 0x05, 0x93, 0x48, 0x38, 0x00, 0x9d, 0x48, 0x38, 0x81, 0x3c,
  0x83, 0x48, 0x40, 0x00, 0x8d, 0x48, 0x40, 0x0c, 0x83, 0x54, 0x40, 0x00,
  0x8d, 0x54, 0x40, 0x14, 0x92, 0x43, 0x58, 0x00, 0x9c, 0x43, 0x58, 0x0a,
  0x92, 0x3f, 0x6e, 0x00, 0x9c, 0x3f, 0x6e, 0x14, 0x82, 0x43, 0x40, 0x00,
  0x8c, 0x43, 0x40, 0x0d, 0x82, 0x3f, 0x40, 0x00, 0x8c, 0x3f, 0x40, 0x25,
  0x92, 0x43, 0x4d, 0x00, 0x9c, 0x43, 0x4d, 0x0a, 0x92, 0x3f, 0x58, 0x00,
  0x9c, 0x3f, 0x58, 0x0d, 0x84, 0x30, 0x40, 0x00, 0x24, 0x40, 0x00, 0x8e,
  0x30, 0x40, 0x00, 0x24, 0x40, 0x05, 0x82, 0x43, 0x40, 0x00, 0x8c, 0x43,
  0x40, 0x02, 0x82, 0x3f, 0x40, 0x00, 0x8c, 0x3f, 0x40, 0x26, 0x92, 0x3f,
  0x58, 0x00, 0x9c, 0x3f, 0x58, 0x07, 0x92, 0x43, 0x43, 0x00, 0x9c, 0x43,
  0x43, 0x28, 0x82, 0x43, 0x40, 0x00, 0x8c, 0x43, 0x40, 0x0b, 0x82, 0x3f,
  0x40, 0x00, 0x8c, 0x3f, 0x40, 0x1d, 0x92, 0x3b, 0x63, 0x00, 0x9c, 0x3b,
  0x63, 0x03, 0x92, 0x44, 0x6e, 0x00, 0x9c, 0x44, 0x6e, 0x23, 0x82, 0x44,
  0x40, 0x00, 0x8c, 0x44, 0x40, 0x0c, 0x82, 0x3b, 0x40, 0x00, 0x8c, 0x3b,
  0x40, 0x1e, 0x92, 0x44, 0x58, 0x00, 0x9c, 0x44, 0x58, 0x0d, 0x92, 0x3b,
  0x58, 0x00, 0x9c, 0x3b, 0x58, 0x11, 0x82, 0x44, 0x40, 0x00, 0x8c, 0x44,
  0x40, 0x15, 0x82, 0x3b, 0x40, 0x00, 0x8c, 0x3b, 0x40, 0x1b, 0x92, 0x44,
  0x4d, 0x00, 0x9c, 0x44, 0x4d, 0x07, 0x92, 0x3b, 0x58, 0x00, 0x9c, 0x3b,
  0x58, 0x23, 0x82, 0x3b, 0x40, 0x00, 0x8c, 0x3b, 0x40, 0x0b, 0x82, 0x44,
  0x40, 0x00, 0x8c, 0x44, 0x40, 0x1b, 0x92, 0x41, 0x58, 0x00, 0x9c, 0x41,
  0x58, 0x0a, 0x92, 0x3e, 0x63, 0x00, 0x9c, 0x3e, 0x63, 0x21, 0x82, 0x41,
  0x40, 0x00, 0x8c, 0x41, 0x40, 0x0a, 0x82, 0x3e, 0x40, 0x00, 0x8c, 0x3e,
  0x40, 0x1d, 0x92, 0x41, 0x43, 0x00, 0x9c, 0x41, 0x43, 0x0d, 0x92, 0x3e,
  0x4d, 0x00, 0x9c, 0x3e, 0x4d, 0x1e, 0x82, 0x41, 0x40, 0x00, 0x8c, 0x41,
  0x40, 0x03, 0x82, 0x3e, 0x40, 0x00, 0x8c, 0x3e, 0x40, 0x1d, 0x92, 0x41,
  0x58, 0x00, 0x9c, 0x41, 0x58, 0x0a, 0x92, 0x3e, 0x48, 0x00, 0x9c, 0x3e,
  0x48, 0x1e, 0x82, 0x41, 0x40, 0x00, 0x8c, 0x41, 0x40, 0x19, 0x82, 0x3e,
  0x40, 0x00, 0x8c, 0x3e, 0x40, 0x14, 0x94, 0x30, 0x75, 0x00, 0x24, 0x75,
  0x00, 0x9e, 0x30, 0x75, 0x00, 0x24, 0x75, 0x81, 0x6e, 0x92, 0x43, 0x58,
  0x00, 0x9c, 0x43, 0x58, 0x14, 0x92, 0x4b, 0x6e, 0x00, 0x9c, 0x4b, 0x6e,
  0x10, 0x84, 0x30, 0x40, 0x00, 0x24, 0x40, 0x00, 0x8e, 0x30, 0x40, 0x00,
  0x24, 0x40, 0x02, 0x82, 0x43, 0x40, 0x00, 0x8c, 0x43, 0x40, 0x0f, 0x82,
  0x4b, 0x40, 0x00, 0x8c, 0x4b, 0x40, 0x16, 0x92, 0x43, 0x6e, 0x00, 0x9c,
  0x43, 0x6e, 0x16, 0x92, 0x4b, 0x58, 0x00, 0x9c, 0x4b, 0x58, 0x10, 0x82,
  0x43, 0x40, 0x00, 0x8c, 0x43, 0x40, 0x0c, 0x82, 0x4b, 0x40, 0x00, 0x8c,
  0x4b, 0x40, 0x1b, 0x92, 0x43, 0x63, 0x00, 0x9c, 0x43, 0x63, 0x12, 0x92,
  0x4b, 0x58, 0x00, 0x9c, 0x4b, 0x58, 0x1b, 0x82, 0x43, 0x40, 0x00, 0x8c,
  0x43, 0x40, 0x08, 0x82, 0x4b, 0x40, 0x00, 0x8c, 0x4b, 0x40, 0x23, 0x92,
  0x3f, 0x63, 0x00, 0x9c, 0x3f, 0x63, 0x0a, 0x92, 0x4a, 0x58, 0x00, 0x9c,
  0x4a, 0x58, 0x1c, 0x82, 0x3f, 0x40, 0x00, 0x8c, 0x3f, 0x40, 0x07, 0x82,
  0x4a, 0x40, 0x00, 0x8c, 0x4a, 0x40, 0x28, 0x92, 0x3f, 0x6e, 0x00, 0x9c,
  0x3f, 0x6e, 0x02, 0x92, 0x4a, 0x58, 0x00, 0x9c, 0x4a, 0x58, 0x1f, 0x82,
  0x3f, 0x40, 0x00, 0x8c, 0x3f, 0x40, 0x02, 0x82, 0x4a, 0x40, 0x00, 0x8c,
  0x4a, 0x40, 0x20, 0x92, 0x3f, 0x6e, 0x00, 0x9c, 0x3f, 0x6e, 0x0d, 0x92,
  0x4a, 0x4d, 0x00, 0x9c, 0x4a, 0x4d, 0x16, 0x82, 0x3f, 0x40, 0x00, 0x8c,
  0x3f, 0x40, 0x1c, 0x82, 0x4a, 0x40, 0x00, 0x8c, 0x4a, 0x40, 0x20, 0x92,
  0x47, 0x4d, 0x00, 0x9c, 0x47, 0x4d, 0x03, 0x92, 0x42, 0x6e, 0x00, 0x9c,
  0x42, 0x6e, 0x23, 0x82, 0x42, 0x40, 0x00, 0x8c, 0x42, 0x40, 0x05, 0x82,
  0x47, 0x40, 0x00, 0x8c, 0x47, 0x40, 0x28, 0x92, 0x47, 0x58, 0x00, 0x9c,
  0x47, 0x58, 0x02, 0x92, 0x42, 0x4d, 0x00, 0x9c, 0x42, 0x4d, 0x1e, 0x82,
  0x42, 0x40, 0x00, 0x8c, 0x42, 0x40, 0x06, 0x82, 0x47, 0x40, 0x00, 0x8c,
  0x47, 0x40, 0x1d, 0x92, 0x42, 0x58, 0x00, 0x9c, 0x42, 0x58, 0x0d, 0x92,
  0x47, 0x4d, 0x00, 0x9c, 0x47, 0x4d, 0x16, 0x82, 0x42, 0x40, 0x00, 0x8c,
  0x42, 0x40, 0x0d, 0x82, 0x47, 0x40, 0x00, 0x8c, 0x47, 0x40, 0x1b, 0x94,
  0x30, 0x74, 0x00, 0x24, 0x74, 0x00, 0x9e, 0x30, 0x74, 0x00, 0x24, 0x74,
  0x81, 0x75, 0x92, 0x4f, 0x71, 0x00, 0x9c, 0x4f, 0x71, 0x03, 0x92, 0x47,
  0x71, 0x00, 0x9c, 0x47, 0x71, 0x11, 0x84, 0x30, 0x40, 0x00, 0x24, 0x40,
  0x00, 0x8e, 0x30, 0x40, 0x00, 0x24, 0x40, 0x0f, 0x82, 0x4f, 0x40, 0x00,
  0x8c, 0x4f, 0x40, 0x01, 0x82, 0x47, 0x40, 0x00, 0x8c, 0x47, 0x40, 0x2f,
  0x92, 0x47, 0x6a, 0x00, 0x9c, 0x47, 0x6a, 0x02, 0x92, 0x4f, 0x4a, 0x00,
  0x9c, 0x4f, 0x4a, 0x1c, 0x82, 0x47, 0x40, 0x00, 0x8c, 0x47, 0x40, 0x02,
  0x82, 0x4f, 0x40, 0x00, 0x8c, 0x4f, 0x40, 0x28, 0x92, 0x47, 0x4a, 0x00,
  0x4f, 0x42, 0x00, 0x9c, 0x47, 0x4a, 0x00, 0x4f, 0x42, 0x21, 0x82, 0x47,
  0x40, 0x00, 0x8c, 0x47, 0x40, 0x0f, 0x82, 0x4f, 0x40, 0x00, 0x8c, 0x4f,
  0x40, 0x2d, 0x92, 0x4e, 0x79, 0x00, 0x9c, 0x4e, 0x79, 0x0a, 0x92, 0x48,
  0x67, 0x00, 0x9c, 0x48, 0x67, 0x1c, 0x82, 0x4e, 0x40, 0x00, 0x8c, 0x4e,
  0x40, 0x05, 0x82, 0x48, 0x40, 0x00, 0x8c, 0x48, 0x40, 0x16, 0x92, 0x48,
  0x51, 0x00, 0x9c, 0x48, 0x51, 0x11, 0x92, 0x4e, 0x73, 0x00, 0x9c, 0x4e,
  0x73, 0x15, 0x82, 0x48, 0x40, 0x00, 0x8c, 0x48, 0x40, 0x0c, 0x82, 0x4e,
  0x40, 0x00, 0x8c, 0x4e, 0x40, 0x1b, 0x92, 0x48, 0x55, 0x00, 0x9c, 0x48,
  0x55, 0x0a, 0x92, 0x4e, 0x5e, 0x00, 0x9c, 0x4e, 0x5e, 0x28, 0x82, 0x48,
  0x40, 0x00, 0x8c, 0x48, 0x40, 0x05, 0x82, 0x4e, 0x40, 0x00, 0x8c, 0x4e,
  0x40, 0x23, 0x92, 0x42, 0x63, 0x00, 0x9c, 0x42, 0x63, 0x0a, 0x92, 0x4a,
  0x4f, 0x00, 0x9c, 0x4a, 0x4f, 0x1c, 0x82, 0x42, 0x40, 0x00, 0x8c, 0x42,
  0x40, 0x0f, 0x82, 0x4a, 0x40, 0x00, 0x8c, 0x4a, 0x40, 0x1e, 0x92, 0x42,
  0x4a, 0x00, 0x9c, 0x42, 0x4a, 0x11, 0x92, 0x4a, 0x4a, 0x00, 0x9c, 0x4a,
  0x4a, 0x0d, 0x82, 0x42, 0x40, 0x00, 0x8c, 0x42, 0x40, 0x1b, 0x82, 0x4a,
  0x40, 0x00, 0x8c, 0x4a, 0x40, 0x0f, 0x92, 0x42, 0x6a, 0x00, 0x9c, 0x42,
  0x6a, 0x17, 0x92, 0x4a, 0x3e, 0x00, 0x9c, 0x4a, 0x3e, 0x0c, 0x82, 0x42,
  0x40, 0x00, 0x8c, 0x42, 0x40, 0x1f, 0x82, 0x4a, 0x40, 0x00, 0x8c, 0x4a,
  0x40, 0x0e, 0x92, 0x4d, 0x71, 0x00, 0x9c, 0x4d, 0x71, 0x08, 0x92, 0x45,
  0x63, 0x00, 0x9c, 0x45, 0x63, 0x1e, 0x82, 0x4d, 0x40, 0x00, 0x8c, 0x4d,
  0x40, 0x05, 0x82, 0x45, 0x40, 0x00, 0x8c, 0x45, 0x40, 0x20, 0x92, 0x4d,
  0x65, 0x00, 0x9c, 0x4d, 0x65, 0x05, 0x92, 0x45, 0x4f, 0x00, 0x9c, 0x45,
  0x4f, 0x21, 0x82, 0x4d, 0x40, 0x00, 0x8c, 0x4d, 0x40, 0x05, 0x82, 0x45,
  0x40, 0x00, 0x8c, 0x45, 0x40, 0x23, 0x92, 0x4d, 0x4f, 0x00, 0x9c, 0x4d,
  0x4f, 0x07, 0x92, 0x45, 0x55, 0x00, 0x9c, 0x45, 0x55, 0x1a, 0x82, 0x4d,
  0x40, 0x00, 0x8c, 0x4d, 0x40, 0x1d, 0x82, 0x45, 0x40, 0x00, 0x8c, 0x45,
  0x40, 0x19, 0x92, 0x4b, 0x71, 0x00, 0x9c, 0x4b, 0x71, 0x03, 0x92, 0x43,
  0x5e, 0x00, 0x9c, 0x43, 0x5e, 0x19, 0x82, 0x4b, 0x40, 0x00, 0x8c, 0x4b,
  0x40, 0x0d, 0x82, 0x43, 0x40, 0x00, 0x8c, 0x43, 0x40, 0x1d, 0x92, 0x4b,
  0x4f, 0x00, 0x9c, 0x4b, 0x4f, 0x0a, 0x92, 0x43, 0x51, 0x00, 0x9c, 0x43,
  0x51, 0x14, 0x82, 0x4b, 0x40, 0x00, 0x8c, 0x4b, 0x40, 0x0d, 0x82, 0x43,
  0x40, 0x00, 0x8c, 0x43, 0x40, 0x1b, 0x92, 0x4b, 0x55, 0x00, 0x9c, 0x4b,
  0x55, 0x14, 0x92, 0x43, 0x71, 0x00, 0x9c, 0x43, 0x71, 0x1e, 0x82, 0x4b,
  0x40, 0x00, 0x8c, 0x4b, 0x40, 0x08, 0x82, 0x43, 0x40, 0x00, 0x8c, 0x43,
  0x40, 0x20, 0x92, 0x47, 0x65, 0x00, 0x9c, 0x47, 0x65, 0x0a, 0x92, 0x3f,
  0x71, 0x00, 0x9c, 0x3f, 0x71, 0x1e, 0x82, 0x47, 0x40, 0x00, 0x8c, 0x47,
  0x40, 0x05, 0x82, 0x3f, 0x40, 0x00, 0x8c, 0x3f, 0x40, 0x23, 0x92, 0x47,
  0x5c, 0x00, 0x9c, 0x47, 0x5c, 0x0a, 0x92, 0x3f, 0x71, 0x00, 0x9c, 0x3f,
  0x71, 0x21, 0x82, 0x47, 0x40, 0x00, 0x8c, 0x47, 0x40, 0x02, 0x82, 0x3f,
  0x40, 0x00, 0x8c, 0x3f, 0x40, 0x23, 0x92, 0x47, 0x3e, 0x00, 0x9c, 0x47,
  0x3e, 0x05, 0x92, 0x3f, 0x63, 0x00, 0x9c, 0x3f, 0x63, 0x23, 0x82, 0x47,
  0x40, 0x00, 0x8c, 0x47, 0x40, 0x03, 0x82, 0x3f, 0x40, 0x00, 0x8c, 0x3f,
  0x40, 0x1e, 0x92, 0x44, 0x46, 0x00, 0x9c, 0x44, 0x46, 0x14, 0x92, 0x3b,
  0x65, 0x00, 0x9c, 0x3b, 0x65, 0x17, 0x82, 0x44, 0x40, 0x00, 0x8c, 0x44,
  0x40, 0x0f, 0x82, 0x3b, 0x40, 0x00, 0x8c, 0x3b, 0x40, 0x22, 0x92, 0x44,
  0x55, 0x00, 0x9c, 0x44, 0x55, 0x08, 0x92, 0x3b, 0x6a, 0x00, 0x9c, 0x3b,
  0x6a, 0x11, 0x82, 0x44, 0x40, 0x00, 0x8c, 0x44, 0x40, 0x12, 0x82, 0x3b,
  0x40, 0x00, 0x8c, 0x3b, 0x40, 0x19, 0x92, 0x44, 0x5c, 0x00, 0x9c, 0x44,
  0x5c, 0x0c, 0x92, 0x3b, 0x75, 0x00, 0x9c, 0x3b, 0x75, 0x17, 0x82, 0x44,
  0x40, 0x00, 0x8c, 0x44, 0x40, 0x11, 0x82, 0x3b, 0x40, 0x00, 0x8c, 0x3b,
  0x40, 0x23, 0x94, 0x32, 0x69, 0x00, 0x26, 0x69, 0x00, 0x9e, 0x32, 0x69,
  0x00, 0x26, 0x69, 0x0d, 0x93, 0x32, 0x58, 0x00, 0x3e, 0x52, 0x00, 0x9d,
  0x32, 0x58, 0x00, 0x3e, 0x52, 0x1b, 0x93, 0x56, 0x3c, 0x00, 0x9d, 0x56,
  0x3c, 0x05, 0x93, 0x4a, 0x38, 0x00, 0x9d, 0x4a, 0x38, 0x81, 0x3c, 0x83,
  0x4a, 0x40, 0x00, 0x8d, 0x4a, 0x40, 0x0c, 0x83, 0x56, 0x40, 0x00, 0x8d,
  0x56, 0x40, 0x03, 0x83, 0x3e, 0x40, 0x00, 0x8d, 0x3e, 0x40, 0x11, 0x92,
  0x45, 0x58, 0x00, 0x9c, 0x45, 0x58, 0x0a, 0x92, 0x41, 0x6e, 0x00, 0x9c,
  0x41, 0x6e, 0x14, 0x82, 0x45, 0x40, 0x00, 0x8c, 0x45, 0x40, 0x0d, 0x82,
  0x41, 0x40, 0x00, 0x8c, 0x41, 0x40, 0x25, 0x92, 0x45, 0x4d, 0x00, 0x9c,
  0x45, 0x4d, 0x05, 0x84, 0x32, 0x40, 0x00, 0x26, 0x40, 0x00, 0x8e, 0x32,
  0x40, 0x00, 0x26, 0x40, 0x05, 0x92, 0x41, 0x58, 0x00, 0x9c, 0x41, 0x58,
  0x12, 0x82, 0x45, 0x40, 0x00, 0x8c, 0x45, 0x40, 0x02, 0x82, 0x41, 0x40,
  0x00, 0x8c, 0x41, 0x40, 0x26, 0x92, 0x41, 0x58, 0x00, 0x9c, 0x41, 0x58,
  0x04, 0x83, 0x32, 0x40, 0x00, 0x8d, 0x32, 0x40, 0x03, 0x92, 0x45, 0x43,
  0x00, 0x9c, 0x45, 0x43, 0x28, 0x82, 0x45, 0x40, 0x00, 0x8c, 0x45, 0x40,
  0x0b, 0x82, 0x41, 0x40, 0x00, 0x8c, 0x41, 0x40, 0x1d, 0x92, 0x3d, 0x63,
  0x00, 0x9c, 0x3d, 0x63, 0x03, 0x92, 0x46, 0x6e, 0x00, 0x9c, 0x46, 0x6e,
  0x23, 0x82, 0x46, 0x40, 0x00, 0x8c, 0x46, 0x40, 0x0c, 0x82, 0x3d, 0x40,
  0x00, 0x8c, 0x3d, 0x40, 0x1e, 0x92, 0x46, 0x58, 0x00, 0x9c, 0x46, 0x58,
  0x0d, 0x92, 0x3d, 0x58, 0x00, 0x9c, 0x3d, 0x58, 0x11, 0x82, 0x46, 0x40,
  0x00, 0x8c, 0x46, 0x40, 0x15, 0x82, 0x3d, 0x40, 0x00, 0x8c, 0x3d, 0x40,
  0x1b, 0x92, 0x46, 0x4d, 0x00, 0x9c, 0x46, 0x4d, 0x07, 0x92, 0x3d, 0x58,
  0x00, 0x9c, 0x3d, 0x58, 0x23, 0x82, 0x3d, 0x40, 0x00, 0x8c, 0x3d, 0x40,
  0x0b, 0x82, 0x46, 0x40, 0x00, 0x8c, 0x46, 0x40, 0x1b, 0x92, 0x43, 0x58,
  0x00, 0x9c, 0x43, 0x58, 0x0a, 0x92, 0x40, 0x63, 0x00, 0x9c, 0x40, 0x63,
  0x21, 0x82, 0x43, 0x40, 0x00, 0x8c, 0x43, 0x40, 0x0a, 0x82, 0x40, 0x40,
  0x00, 0x8c, 0x40, 0x40, 0x1d, 0x92, 0x43, 0x43, 0x00, 0x9c, 0x43, 0x43,
  0x0d, 0x92, 0x40, 0x4d, 0x00, 0x9c, 0x40, 0x4d, 0x1e, 0x82, 0x43, 0x40,
  0x00, 0x8c, 0x43, 0x40, 0x03, 0x82, 0x40, 0x40, 0x00, 0x8c, 0x40, 0x40,
  0x1d, 0x92, 0x43, 0x58, 0x00, 0x9c, 0x43, 0x58, 0x0a, 0x92, 0x40, 0x48,
  0x00, 0x9c, 0x40, 0x48, 0x1e, 0x82, 0x43, 0x40, 0x00, 0x8c, 0x43, 0x40,
  0x19, 0x82, 0x40, 0x40, 0x00, 0x8c, 0x40, 0x40, 0x14, 0x94, 0x32, 0x72,
  0x00, 0x26, 0x72, 0x00, 0x9e, 0x32, 0x72, 0x00, 0x26, 0x72, 0x00, 0x93,
  0x32, 0x4d, 0x00, 0x3e, 0x52, 0x00, 0x9d, 0x32, 0x4d, 0x00, 0x3e, 0x52,
  0x81, 0x48, 0x83, 0x3e, 0x40, 0x00, 0x8d, 0x3e, 0x40, 0x26, 0x92, 0x45,
  0x58, 0x00, 0x9c, 0x45, 0x58, 0x14, 0x92, 0x4d, 0x6e, 0x00, 0x9c, 0x4d,
  0x6e, 0x12, 0x82, 0x45, 0x40, 0x00, 0x8c, 0x45, 0x40, 0x0f, 0x82, 0x4d,
  0x40, 0x00, 0x8c, 0x4d, 0x40, 0x06, 0x84, 0x32, 0x40, 0x00, 0x26, 0x40,
  0x00, 0x8e, 0x32, 0x40, 0x00, 0x26, 0x40, 0x10, 0x92, 0x45, 0x6e, 0x00,
  0x9c, 0x45, 0x6e, 0x16, 0x92, 0x4d, 0x58, 0x00, 0x9c, 0x4d, 0x58, 0x10,
  0x82, 0x45, 0x40, 0x00, 0x8c, 0x45, 0x40, 0x0c, 0x82, 0x4d, 0x40, 0x00,
  0x8c, 0x4d, 0x40, 0x1b, 0x92, 0x45, 0x63, 0x00, 0x9c, 0x45, 0x63, 0x12,
  0x92, 0x4d, 0x58, 0x00, 0x9c, 0x4d, 0x58, 0x03, 0x83, 0x32, 0x40, 0x00,
  0x8d, 0x32, 0x40, 0x18, 0x82, 0x45, 0x40, 0x00, 0x8c, 0x45, 0x40, 0x08,
  0x82, 0x4d, 0x40, 0x00, 0x8c, 0x4d, 0x40, 0x23, 0x92, 0x41, 0x63, 0x00,
  0x9c, 0x41, 0x63, 0x0a, 0x92, 0x4c, 0x58, 0x00, 0x9c, 0x4c, 0x58, 0x1c,
  0x82, 0x41, 0x40, 0x00, 0x8c, 0x41, 0x40, 0x07, 0x82, 0x4c, 0x40, 0x00,
  0x8c, 0x4c, 0x40, 0x28, 0x92, 0x41, 0x6e, 0x00, 0x9c, 0x41, 0x6e, 0x02,
  0x92, 0x4c, 0x58, 0x00, 0x9c, 0x4c, 0x58, 0x1f, 0x82, 0x41, 0x40, 0x00,
  0x8c, 0x41, 0x40, 0x02, 0x82, 0x4c, 0x40, 0x00, 0x8c, 0x4c, 0x40, 0x20,
  0x92, 0x41, 0x6e, 0x00, 0x9c, 0x41, 0x6e, 0x0d, 0x92, 0x4c, 0x4d, 0x00,
  0x9c, 0x4c, 0x4d, 0x16, 0x82, 0x41, 0x40, 0x00, 0x8c, 0x41, 0x40, 0x1c,
  0x82, 0x4c, 0x40, 0x00, 0x8c, 0x4c, 0x40, 0x20, 0x92, 0x49, 0x4d, 0x00,
  0x9c, 0x49, 0x4d, 0x03, 0x92, 0x44, 0x6e, 0x00, 0x9c, 0x44, 0x6e, 0x23,
  0x82, 0x44, 0x40, 0x00, 0x8c, 0x44, 0x40, 0x05, 0x82, 0x49, 0x40, 0x00,
  0x8c, 0x49, 0x40, 0x28, 0x92, 0x49, 0x58, 0x00, 0x9c, 0x49, 0x58, 0x02,
  0x92, 0x44, 0x4d, 0x00, 0x9c, 0x44, 0x4d, 0x1e, 0x82, 0x44, 0x40, 0x00,
  0x8c, 0x44, 0x40, 0x06, 0x82, 0x49, 0x40, 0x00, 0x8c, 0x49, 0x40, 0x1d,
  0x92, 0x44, 0x58, 0x00, 0x9c, 0x44, 0x58, 0x0d, 0x92, 0x49, 0x4d, 0x00,
  0x9c, 0x49, 0x4d, 0x16, 0x82, 0x44, 0x40, 0x00, 0x8c, 0x44, 0x40, 0x0d,
  0x82, 0x49, 0x40, 0x00, 0x8c, 0x49, 0x40, 0x1e, 0x94, 0x32, 0x69, 0x00,
  0x26, 0x69, 0x00, 0x9e, 0x32, 0x69, 0x00, 0x26, 0x69, 0x07, 0x93, 0x32,
  0x60, 0x00, 0x3e, 0x56, 0x00, 0x9d, 0x32, 0x60, 0x00, 0x3e, 0x56, 0x81,
  0x41, 0x83, 0x3e, 0x40, 0x00, 0x8d, 0x3e, 0x40, 0x2a, 0x92, 0x51, 0x71,
  0x00, 0x9c, 0x51, 0x71, 0x03, 0x92, 0x49, 0x71, 0x00, 0x9c, 0x49, 0x71,
  0x20, 0x82, 0x51, 0x40, 0x00, 0x8c, 0x51, 0x40, 0x01, 0x82, 0x49, 0x40,
  0x00, 0x8c, 0x49, 0x40, 0x2d, 0x84, 0x32, 0x40, 0x00, 0x26, 0x40, 0x00,
  0x8e, 0x32, 0x40, 0x00, 0x26, 0x40, 0x02, 0x92, 0x49, 0x6a, 0x00, 0x9c,
  0x49, 0x6a, 0x02, 0x92, 0x51, 0x4a, 0x00, 0x9c, 0x51, 0x4a, 0x1c, 0x82,
  0x49, 0x40, 0x00, 0x8c, 0x49, 0x40, 0x02, 0x82, 0x51, 0x40, 0x00, 0x8c,
  0x51, 0x40, 0x28, 0x92, 0x49, 0x4a, 0x00, 0x51, 0x42, 0x00, 0x9c, 0x49,
  0x4a, 0x00, 0x51, 0x42, 0x21, 0x82, 0x49, 0x40, 0x00, 0x8c, 0x49, 0x40,
  0x09, 0x83, 0x32, 0x40, 0x00, 0x8d, 0x32, 0x40, 0x06, 0x82, 0x51, 0x40,
  0x00, 0x8c, 0x51, 0x40, 0x2d, 0x92, 0x50, 0x79, 0x00, 0x9c, 0x50, 0x79,
  0x0a, 0x92, 0x4a, 0x67, 0x00, 0x9c, 0x4a, 0x67, 0x1c, 0x82, 0x50, 0x40,
  0x00, 0x8c, 0x50, 0x40, 0x05, 0x82, 0x4a, 0x40, 0x00, 0x8c, 0x4a, 0x40,
  0x16, 0x92, 0x4a, 0x51, 0x00, 0x9c, 0x4a, 0x51, 0x11, 0x92, 0x50, 0x73,
  0x00, 0x9c, 0x50, 0x73, 0x15, 0x82, 0x4a, 0x40, 0x00, 0x8c, 0x4a, 0x40,
  0x0c, 0x82, 0x50, 0x40, 0x00, 0x8c, 0x50, 0x40, 0x1b, 0x92, 0x4a, 0x55,
  0x00, 0x9c, 0x4a, 0x55, 0x0a, 0x92, 0x50, 0x5e, 0x00, 0x9c, 0x50, 0x5e,
  0x28, 0x82, 0x4a, 0x40, 0x00, 0x8c, 0x4a, 0x40, 0x05, 0x82, 0x50, 0x40,
  0x00, 0x8c, 0x50, 0x40, 0x23, 0x92, 0x44, 0x63, 0x00, 0x9c, 0x44, 0x63,
  0x0a, 0x92, 0x4c, 0x4f, 0x00, 0x9c, 0x4c, 0x4f, 0x1c, 0x82, 0x44, 0x40,
  0x00, 0x8c, 0x44, 0x40, 0x0f, 0x82, 0x4c, 0x40, 0x00, 0x8c, 0x4c, 0x40,
  0x1e, 0x92, 0x44, 0x4a, 0x00, 0x9c, 0x44, 0x4a, 0x11, 0x92, 0x4c, 0x4a,
  0x00, 0x9c, 0x4c, 0x4a, 0x0d, 0x82, 0x44, 0x40, 0x00, 0x8c, 0x44, 0x40,
  0x1b, 0x82, 0x4c, 0x40, 0x00, 0x8c, 0x4c, 0x40, 0x0f, 0x92, 0x44, 0x6a,
  0x00, 0x9c, 0x44, 0x6a, 0x17, 0x92, 0x4c, 0x3e, 0x00, 0x9c, 0x4c, 0x3e,
  0x0c, 0x82, 0x44, 0x40, 0x00, 0x8c, 0x44, 0x40, 0x1f, 0x82, 0x4c, 0x40,
  0x00, 0x8c, 0x4c, 0x40, 0x0e, 0x92, 0x4f, 0x71, 0x00, 0x9c, 0x4f, 0x71,
  0x08, 0x92, 0x47, 0x63, 0x00, 0x9c, 0x47, 0x63, 0x1e, 0x82, 0x4f, 0x40,
  0x00, 0x8c, 0x4f, 0x40, 0x05, 0x82, 0x47, 0x40, 0x00, 0x8c, 0x47, 0x40,
  0x20, 0x92, 0x4f, 0x65, 0x00, 0x9c, 0x4f, 0x65, 0x05, 0x92, 0x47, 0x4f,
  0x00, 0x9c, 0x47, 0x4f, 0x21, 0x82, 0x4f, 0x40, 0x00, 0x8c, 0x4f, 0x40,
  0x05, 0x82, 0x47, 0x40, 0x00, 0x8c, 0x47, 0x40, 0x23, 0x92, 0x4f, 0x4f,
  0x00, 0x9c, 0x4f, 0x4f, 0x07, 0x92, 0x47, 0x55, 0x00, 0x9c, 0x47, 0x55,
  0x1a, 0x82, 0x4f, 0x40, 0x00, 0x8c, 0x4f, 0x40, 0x1d, 0x82, 0x47, 0x40,
  0x00, 0x8c, 0x47, 0x40, 0x19, 0x92, 0x4d, 0x71, 0x00, 0x9c, 0x4d, 0x71,
  0x03, 0x92, 0x45, 0x5e, 0x00, 0x9c, 0x45, 0x5e, 0x19, 0x82, 0x4d, 0x40,
  0x00, 0x8c, 0x4d, 0x40, 0x0d, 0x82, 0x45, 0x40, 0x00, 0x8c, 0x45, 0x40,
  0x63, 0x92, 0x4d, 0x55, 0x00, 0x9c, 0x4d, 0x55, 0x14, 0x92, 0x45, 0x71,
  0x00, 0x9c, 0x45, 0x71, 0x1e, 0x82, 0x4d, 0x40, 0x00, 0x8c, 0x4d, 0x40,
  0x08, 0x82, 0x45, 0x40, 0x00, 0x8c, 0x45, 0x40, 0x20, 0x92, 0x49, 0x65,
  0x00, 0x9c, 0x49, 0x65, 0x0a, 0x92, 0x41, 0x71, 0x00, 0x9c, 0x41, 0x71,
  0x1e, 0x82, 0x49, 0x40, 0x00, 0x8c, 0x49, 0x40, 0x05, 0x82, 0x41, 0x40,
  0x00, 0x8c, 0x41, 0x40, 0x23, 0x92, 0x49, 0x5c, 0x00, 0x9c, 0x49, 0x5c,
  0x0a, 0x92, 0x41, 0x71, 0x00, 0x9c, 0x41, 0x71, 0x21, 0x82, 0x49, 0x40,
  0x00, 0x8c, 0x49, 0x40, 0x02, 0x82, 0x41, 0x40, 0x00, 0x8c, 0x41, 0x40,
  0x23, 0x92, 0x49, 0x3e, 0x00, 0x9c, 0x49, 0x3e, 0x05, 0x92, 0x41, 0x63,
  0x00, 0x9c, 0x41, 0x63, 0x23, 0x82, 0x49, 0x40, 0x00, 0x8c, 0x49, 0x40,
  0x03, 0x82, 0x41, 0x40, 0x00, 0x8c, 0x41, 0x40, 0x1e, 0x92, 0x46, 0x46,
  0x00, 0x9c, 0x46, 0x46, 0x14, 0x92, 0x3d, 0x65, 0x00, 0x9c, 0x3d, 0x65,
  0x17, 0x82, 0x46, 0x40, 0x00, 0x8c, 0x46, 0x40, 0x0f, 0x82, 0x3d, 0x40,
  0x00, 0x8c, 0x3d, 0x40, 0x22, 0x92, 0x46, 0x55, 0x00, 0x9c, 0x46, 0x55,
  0x08, 0x92, 0x3d, 0x6a, 0x00, 0x9c, 0x3d, 0x6a, 0x11, 0x82, 0x46, 0x40,
  0x00, 0x8c, 0x46, 0x40, 0x12, 0x82, 0x3d, 0x40, 0x00, 0x8c, 0x3d, 0x40,
  0x1e, 0x92, 0x46, 0x5c, 0x00, 0x9c, 0x46, 0x5c, 0x11, 0x92, 0x3d, 0x75,
  0x00, 0x9c, 0x3d, 0x75, 0x12, 0x82, 0x46, 0x40, 0x00, 0x8c, 0x46, 0x40,
  0x16, 0x82, 0x3d, 0x40, 0x00, 0x8c, 0x3d, 0x40, 0x26, 0x93, 0x33, 0x58,
  0x00, 0x3f, 0x52, 0x00, 0x9d, 0x33, 0x58, 0x00, 0x3f, 0x52, 0x07, 0x94,
  0x33, 0x72, 0x00, 0x27, 0x72, 0x00, 0x9e, 0x33, 0x72, 0x00, 0x27, 0x72,
  0x14, 0x93, 0x57, 0x3c, 0x00, 0x9d, 0x57, 0x3c, 0x05, 0x93, 0x4b, 0x38,
  0x00, 0x9d, 0x4b, 0x38, 0x81, 0x3c, 0x83, 0x4b, 0x40, 0x00, 0x8d, 0x4b,
  0x40, 0x0c, 0x83, 0x57, 0x40, 0x00, 0x8d, 0x57, 0x40, 0x03, 0x83, 0x3f,
  0x40, 0x00, 0x8d, 0x3f, 0x40, 0x11, 0x92, 0x46, 0x58, 0x00, 0x9c, 0x46,
  0x58, 0x0a, 0x92, 0x42, 0x6e, 0x00, 0x9c, 0x42, 0x6e, 0x14, 0x82, 0x46,
  0x40, 0x00, 0x8c, 0x46, 0x40, 0x0d, 0x82, 0x42, 0x40, 0x00, 0x8c, 0x42,
  0x40, 0x09, 0x84, 0x33, 0x40, 0x00, 0x27, 0x40, 0x00, 0x8e, 0x33, 0x40,
  0x00, 0x27, 0x40, 0x1c, 0x92, 0x46, 0x4d, 0x00, 0x9c, 0x46, 0x4d, 0x0a,
  0x92, 0x42, 0x58, 0x00, 0x9c, 0x42, 0x58, 0x12, 0x82, 0x46, 0x40, 0x00,
  0x8c, 0x46, 0x40, 0x02, 0x82, 0x42, 0x40, 0x00, 0x8c, 0x42, 0x40, 0x26,
  0x92, 0x42, 0x58, 0x00, 0x9c, 0x42, 0x58, 0x07, 0x92, 0x46, 0x43, 0x00,
  0x9c, 0x46, 0x43, 0x28, 0x82, 0x46, 0x40, 0x00, 0x8c, 0x46, 0x40, 0x0b,
  0x82, 0x42, 0x40, 0x00, 0x8c, 0x42, 0x40, 0x02, 0x83, 0x33, 0x40, 0x00,
  0x8d, 0x33, 0x40, 0x1b, 0x92, 0x3e, 0x63, 0x00, 0x9c, 0x3e, 0x63, 0x03,
  0x92, 0x47, 0x6e, 0x00, 0x9c, 0x47, 0x6e, 0x23, 0x82, 0x47, 0x40, 0x00,
  0x8c, 0x47, 0x40, 0x0c, 0x82, 0x3e, 0x40, 0x00, 0x8c, 0x3e, 0x40, 0x1e,
  0x92, 0x47, 0x58, 0x00, 0x9c, 0x47, 0x58, 0x0d, 0x92, 0x3e, 0x58, 0x00,
  0x9c, 0x3e, 0x58, 0x11, 0x82, 0x47, 0x40, 0x00, 0x8c, 0x47, 0x40, 0x15,
  0x82, 0x3e, 0x40, 0x00, 0x8c, 0x3e, 0x40, 0x1b, 0x92, 0x47, 0x4d, 0x00,
  0x9c, 0x47, 0x4d, 0x07, 0x92, 0x3e, 0x58, 0x00, 0x9c, 0x3e, 0x58, 0x23,
  0x82, 0x3e, 0x40, 0x00, 0x8c, 0x3e, 0x40, 0x0b, 0x82, 0x47, 0x40, 0x00,
  0x8c, 0x47, 0x40, 0x1b, 0x92, 0x44, 0x58, 0x00, 0x9c, 0x44, 0x58, 0x0a,
  0x92, 0x41, 0x63, 0x00, 0x9c, 0x41, 0x63, 0x21, 0x82, 0x44, 0x40, 0x00,
  0x8c, 0x44, 0x40, 0x0a, 0x82, 0x41, 0x40, 0x00, 0x8c, 0x41, 0x40, 0x1d,
  0x92, 0x44, 0x43, 0x00, 0x9c, 0x44, 0x43, 0x0d, 0x92, 0x41, 0x4d, 0x00,
  0x9c, 0x41, 0x4d, 0x1e, 0x82, 0x44, 0x40, 0x00, 0x8c, 0x44, 0x40, 0x03,
  0x82, 0x41, 0x40, 0x00, 0x8c, 0x41, 0x40, 0x1d, 0x92, 0x44, 0x58, 0x00,
  0x9c, 0x44, 0x58, 0x0a, 0x92, 0x41, 0x48, 0x00, 0x9c, 0x41, 0x48, 0x1e,
  0x82, 0x44, 0x40, 0x00, 0x8c, 0x44, 0x40, 0x19, 0x82, 0x41, 0x40, 0x00,
  0x8c, 0x41, 0x40, 0x14, 0x94, 0x33, 0x72, 0x00, 0x27, 0x72, 0x00, 0x9e,
  0x33, 0x72, 0x00, 0x27, 0x72, 0x00, 0x93, 0x33, 0x4d, 0x00, 0x3f, 0x52,
  0x00, 0x9d, 0x33, 0x4d, 0x00, 0x3f, 0x52, 0x81, 0x48, 0x83, 0x3f, 0x40,
  0x00, 0x8d, 0x3f, 0x40, 0x26, 0x92, 0x46, 0x58, 0x00, 0x9c, 0x46, 0x58,
  0x14, 0x92, 0x4e, 0x6e, 0x00, 0x9c, 0x4e, 0x6e, 0x12, 0x82, 0x46, 0x40,
  0x00, 0x8c, 0x46, 0x40, 0x0f, 0x82, 0x4e, 0x40, 0x00, 0x8c, 0x4e, 0x40,
  0x06, 0x84, 0x33, 0x40, 0x00, 0x27, 0x40, 0x00, 0x8e, 0x33, 0x40, 0x00,
  0x27, 0x40, 0x10, 0x92, 0x46, 0x6e, 0x00, 0x9c, 0x46, 0x6e, 0x16, 0x92,
  0x4e, 0x58, 0x00, 0x9c, 0x4e, 0x58, 0x10, 0x82, 0x46, 0x40, 0x00, 0x8c,
  0x46, 0x40, 0x0c, 0x82, 0x4e, 0x40, 0x00, 0x8c, 0x4e, 0x40, 0x1b, 0x92,
  0x46, 0x63, 0x00, 0x9c, 0x46, 0x63, 0x12, 0x92, 0x4e, 0x58, 0x00, 0x9c,
  0x4e, 0x58, 0x11, 0x83, 0x33, 0x40, 0x00, 0x8d, 0x33, 0x40, 0x0a, 0x82,
  0x46, 0x40, 0x00, 0x8c, 0x46, 0x40, 0x08, 0x82, 0x4e, 0x40, 0x00, 0x8c,
  0x4e, 0x40, 0x23, 0x92, 0x42, 0x63, 0x00, 0x9c, 0x42, 0x63, 0x0a, 0x92,
  0x4d, 0x58, 0x00, 0x9c, 0x4d, 0x58, 0x1c, 0x82, 0x42, 0x40, 0x00, 0x8c,
  0x42, 0x40, 0x07, 0x82, 0x4d, 0x40, 0x00, 0x8c, 0x4d, 0x40, 0x28, 0x92,
  0x42, 0x6e, 0x00, 0x9c, 0x42, 0x6e, 0x02, 0x92, 0x4d, 0x58, 0x00, 0x9c,
  0x4d, 0x58, 0x1f, 0x82, 0x42, 0x40, 0x00, 0x8c, 0x42, 0x40, 0x02, 0x82,
  0x4d, 0x40, 0x00, 0x8c, 0x4d, 0x40, 0x20, 0x92, 0x42, 0x6e, 0x00, 0x9c,
  0x42, 0x6e, 0x0d, 0x92, 0x4d, 0x4d, 0x00, 0x9c, 0x4d, 0x4d, 0x16, 0x82,
  0x42, 0x40, 0x00, 0x8c, 0x42, 0x40, 0x1c, 0x82, 0x4d, 0x40, 0x00, 0x8c,
  0x4d, 0x40, 0x20, 0x92, 0x4a, 0x4d, 0x00, 0x9c, 0x4a, 0x4d, 0x03, 0x92,
  0x45, 0x6e, 0x00, 0x9c, 0x45, 0x6e, 0x23, 0x82, 0x45, 0x40, 0x00, 0x8c,
  0x45, 0x40, 0x05, 0x82, 0x4a, 0x40, 0x00, 0x8c, 0x4a, 0x40, 0x28, 0x92,
  0x4a, 0x58, 0x00, 0x9c, 0x4a, 0x58, 0x02, 0x92, 0x45, 0x4d, 0x00, 0x9c,
  0x45, 0x4d, 0x1e, 0x82, 0x45, 0x40, 0x00, 0x8c, 0x45, 0x40, 0x06, 0x82,
  0x4a, 0x40, 0x00, 0x8c, 0x4a, 0x40, 0x1d, 0x92, 0x45, 0x58, 0x00, 0x9c,
  0x45, 0x58, 0x0d, 0x92, 0x4a, 0x4d, 0x00, 0x9c, 0x4a, 0x4d, 0x16, 0x82,
  0x45, 0x40, 0x00, 0x8c, 0x45, 0x40, 0x0d, 0x82, 0x4a, 0x40, 0x00, 0x8c,
  0x4a, 0x40, 0x1e, 0x94, 0x33, 0x69, 0x00, 0x27, 0x69, 0x00, 0x9e, 0x33,
  0x69, 0x00, 0x27, 0x69, 0x07, 0x93, 0x33, 0x60, 0x00, 0x3f, 0x56, 0x00,
  0x9d, 0x33, 0x60, 0x00, 0x3f, 0x56, 0x81, 0x41, 0x83, 0x3f, 0x40, 0x00,
  0x8d, 0x3f, 0x40, 0x2a, 0x92, 0x52, 0x71, 0x00, 0x9c, 0x52, 0x71, 0x03,
  0x92, 0x4a, 0x71, 0x00, 0x9c, 0x4a, 0x71, 0x20, 0x82, 0x52, 0x40, 0x00,
  0x8c, 0x52, 0x40, 0x01, 0x82, 0x4a, 0x40, 0x00, 0x8c, 0x4a, 0x40, 0x2d,
  0x84, 0x33, 0x40, 0x00, 0x27, 0x40, 0x00, 0x8e, 0x33, 0x40, 0x00, 0x27,
  0x40, 0x02, 0x92, 0x4a, 0x6a, 0x00, 0x9c, 0x4a, 0x6a, 0x02, 0x92, 0x52,
  0x4a, 0x00, 0x9c, 0x52, 0x4a, 0x1c, 0x82, 0x4a, 0x40, 0x00, 0x8c, 0x4a,
  0x40, 0x02, 0x82, 0x52, 0x40, 0x00, 0x8c, 0x52, 0x40, 0x28, 0x92, 0x4a,
  0x4a, 0x00, 0x52, 0x42, 0x00, 0x9c, 0x4a, 0x4a, 0x00, 0x52, 0x42, 0x1c,
  0x83, 0x33, 0x40, 0x00, 0x8d, 0x33, 0x40, 0x05, 0x82, 0x4a, 0x40, 0x00,
  0x8c, 0x4a, 0x40, 0x0f, 0x82, 0x52, 0x40, 0x00, 0x8c, 0x52, 0x40, 0x2d,
  0x92, 0x51, 0x79, 0x00, 0x9c, 0x51, 0x79, 0x0a, 0x92, 0x4b, 0x67, 0x00,
  0x9c, 0x4b, 0x67, 0x1c, 0x82, 0x51, 0x40, 0x00, 0x8c, 0x51, 0x40, 0x05,
  0x82, 0x4b, 0x40, 0x00, 0x8c, 0x4b, 0x40, 0x16, 0x92, 0x4b, 0x51, 0x00,
  0x9c, 0x4b, 0x51, 0x11, 0x92, 0x51, 0x73, 0x00, 0x9c, 0x51, 0x73, 0x15,
  0x82, 0x4b, 0x40, 0x00, 0x8c, 0x4b, 0x40, 0x0c, 0x82, 0x51, 0x40, 0x00,
  0x8c, 0x51, 0x40, 0x1b, 0x92, 0x4b, 0x55, 0x00, 0x9c, 0x4b, 0x55, 0x0a,
  0x92, 0x51, 0x5e, 0x00, 0x9c, 0x51, 0x5e, 0x28, 0x82, 0x4b, 0x40, 0x00,
  0x8c, 0x4b, 0x40, 0x05, 0x82, 0x51, 0x40, 0x00, 0x8c, 0x51, 0x40, 0x23,
  0x92, 0x45, 0x63, 0x00, 0x9c, 0x45, 0x63, 0x0a, 0x92, 0x4d, 0x4f, 0x00,
  0x9c, 0x4d, 0x4f, 0x1c, 0x82, 0x45, 0x40, 0x00, 0x8c, 0x45, 0x40, 0x0f,
  0x82, 0x4d, 0x40, 0x00, 0x8c, 0x4d, 0x40, 0x1e, 0x92, 0x45, 0x4a, 0x00,
  0x9c, 0x45, 0x4a, 0x11, 0x92, 0x4d, 0x4a, 0x00, 0x9c, 0x4d, 0x4a, 0x0d,
  0x82, 0x45, 0x40, 0x00, 0x8c, 0x45, 0x40, 0x1b, 0x82, 0x4d, 0x40, 0x00,
  0x8c, 0x4d, 0x40, 0x0f, 0x92, 0x45, 0x6a, 0x00, 0x9c, 0x45, 0x6a, 0x17,
  0x92, 0x4d, 0x3e, 0x00, 0x9c, 0x4d, 0x3e, 0x0c, 0x82, 0x45, 0x40, 0x00,
  0x8c, 0x45, 0x40, 0x1f, 0x82, 0x4d, 0x40, 0x00, 0x8c, 0x4d, 0x40, 0x0e,
  0xc3, 0x39, 0x00, 0x92, 0x50, 0x71, 0x00, 0xcd, 0x39, 0x00, 0x9c, 0x50,
  0x71, 0x08, 0x92, 0x48, 0x63, 0x00, 0x9c, 0x48, 0x63, 0x1e, 0x82, 0x50,
  0x40, 0x00, 0x8c, 0x50, 0x40, 0x05, 0x82, 0x48, 0x40, 0x00, 0x8c, 0x48,
  0x40, 0x20, 0x92, 0x50, 0x65, 0x00, 0x9c, 0x50, 0x65, 0x05, 0x92, 0x48,
  0x4f, 0x00, 0x9c, 0x48, 0x4f, 0x21, 0x82, 0x50, 0x40, 0x00, 0x8c, 0x50,
  0x40, 0x05, 0x82, 0x48, 0x40, 0x00, 0x8c, 0x48, 0x40, 0x23, 0x92, 0x50,
  0x4f, 0x00, 0x9c, 0x50, 0x4f, 0x07, 0x92, 0x48, 0x55, 0x00, 0x9c, 0x48,
  0x55, 0x1a, 0x82, 0x50, 0x40, 0x00, 0x8c, 0x50, 0x40, 0x1d, 0x82, 0x48,
  0x40, 0x00, 0x8c, 0x48, 0x40, 0x19, 0x92, 0x4e, 0x71, 0x00, 0x9c, 0x4e,
  0x71, 0x03, 0x92, 0x46, 0x5e, 0x00, 0x9c, 0x46, 0x5e, 0x19, 0x82, 0x4e,
  0x40, 0x00, 0x8c, 0x4e, 0x40, 0x0d, 0x82, 0x46, 0x40, 0x00, 0x8c, 0x46,
  0x40, 0x63, 0x92, 0x4e, 0x55, 0x00, 0x9c, 0x4e, 0x55, 0x14, 0x92, 0x46,
  0x71, 0x00, 0x9c, 0x46, 0x71, 0x1e, 0x82, 0x4e, 0x40, 0x00, 0x8c, 0x4e,
  0x40, 0x08, 0x82, 0x46, 0x40, 0x00, 0x8c, 0x46, 0x40, 0x20, 0x92, 0x4a,
  0x65, 0x00, 0x9c, 0x4a, 0x65, 0x0a, 0x92, 0x42, 0x71, 0x00, 0x9c, 0x42,
  0x71, 0x1e, 0x82, 0x4a, 0x40, 0x00, 0x8c, 0x4a, 0x40, 0x05, 0x82, 0x42,
  0x40, 0x00, 0x8c, 0x42, 0x40, 0x23, 0x92, 0x4a, 0x5c, 0x00, 0x9c, 0x4a,
  0x5c, 0x0a, 0x92, 0x42, 0x71, 0x00, 0x9c, 0x42, 0x71, 0x21, 0x82, 0x4a,
  0x40, 0x00, 0x8c, 0x4a, 0x40, 0x02, 0x82, 0x42, 0x40, 0x00, 0x8c, 0x42,
  0x40, 0x23, 0x92, 0x4a, 0x3e, 0x00, 0x9c, 0x4a, 0x3e, 0x05, 0x92, 0x42,
  0x63, 0x00, 0x9c, 0x42, 0x63, 0x23, 0x82, 0x4a, 0x40, 0x00, 0x8c, 0x4a,
  0x40, 0x03, 0x82, 0x42, 0x40, 0x00, 0x8c, 0x42, 0x40, 0x1e, 0x92, 0x47,
  0x46, 0x00, 0x9c, 0x47, 0x46, 0x14, 0x92, 0x3e, 0x65, 0x00, 0x9c, 0x3e,
  0x65, 0x17, 0x82, 0x47, 0x40, 0x00, 0x8c, 0x47, 0x40, 0x0f, 0x82, 0x3e,
  0x40, 0x00, 0x8c, 0x3e, 0x40, 0x22, 0x92, 0x47, 0x55, 0x00, 0x9c, 0x47,
  0x55, 0x08, 0x92, 0x3e, 0x6a, 0x00, 0x9c, 0x3e, 0x6a, 0x11, 0x82, 0x47,
  0x40, 0x00, 0x8c, 0x47, 0x40, 0x12, 0x82, 0x3e, 0x40, 0x00, 0x8c, 0x3e,
  0x40, 0x1e, 0x92, 0x47, 0x5c, 0x00, 0x9c, 0x47, 0x5c, 0x11, 0x92, 0x3e,
  0x75, 0x00, 0x9c, 0x3e, 0x75, 0x12, 0x82, 0x47, 0x40, 0x00, 0x8c, 0x47,
  0x40, 0x16, 0x82, 0x3e, 0x40, 0x00, 0x8c, 0x3e, 0x40, 0x2d, 0x94, 0x34,
  0x72, 0x00, 0x28, 0x72, 0x00, 0x9e, 0x34, 0x72, 0x00, 0x28, 0x72, 0x01,
  0x93, 0x40, 0x64, 0x00, 0x9d, 0x40, 0x64, 0x81, 0x74, 0x92, 0x47, 0x58,
  0x00, 0x9c, 0x47, 0x58, 0x0a, 0x92, 0x43, 0x6e, 0x00, 0x9c, 0x43, 0x6e,
  0x14, 0x82, 0x47, 0x40, 0x00, 0x8c, 0x47, 0x40, 0x0d, 0x82, 0x43, 0x40,
  0x00, 0x8c, 0x43, 0x40, 0x09, 0x84, 0x34, 0x40, 0x00, 0x28, 0x40, 0x00,
  0x8e, 0x34, 0x40, 0x00, 0x28, 0x40, 0x1c, 0x92, 0x47, 0x4d, 0x00, 0x9c,
  0x47, 0x4d, 0x0a, 0x92, 0x43, 0x58, 0x00, 0x9c, 0x43, 0x58, 0x0c, 0x83,
  0x40, 0x40, 0x00, 0x8d, 0x40, 0x40, 0x06, 0x82, 0x47, 0x40, 0x00, 0x8c,
  0x47, 0x40, 0x02, 0x82, 0x43, 0x40, 0x00, 0x8c, 0x43, 0x40, 0x26, 0x92,
  0x43, 0x58, 0x00, 0x9c, 0x43, 0x58, 0x07, 0x92, 0x47, 0x43, 0x00, 0x9c,
  0x47, 0x43, 0x28, 0x82, 0x47, 0x40, 0x00, 0x8c, 0x47, 0x40, 0x0b, 0x82,
  0x43, 0x40, 0x00, 0x8c, 0x43, 0x40, 0x13, 0x93, 0x40, 0x6d, 0x00, 0x9d,
  0x40, 0x6d, 0x0a, 0x92, 0x3f, 0x63, 0x00, 0x9c, 0x3f, 0x63, 0x03, 0x92,
  0x48, 0x6e, 0x00, 0x9c, 0x48, 0x6e, 0x23, 0x82, 0x48, 0x40, 0x00, 0x8c,
  0x48, 0x40, 0x0c, 0x82, 0x3f, 0x40, 0x00, 0x8c, 0x3f, 0x40, 0x1e, 0x92,
  0x48, 0x58, 0x00, 0x9c, 0x48, 0x58, 0x0d, 0x92, 0x3f, 0x58, 0x00, 0x9c,
  0x3f, 0x58, 0x11, 0x82, 0x48, 0x40, 0x00, 0x8c, 0x48, 0x40, 0x15, 0x82,
  0x3f, 0x40, 0x00, 0x8c, 0x3f, 0x40, 0x1b, 0x92, 0x48, 0x4d, 0x00, 0x9c,
  0x48, 0x4d, 0x07, 0x92, 0x3f, 0x58, 0x00, 0x9c, 0x3f, 0x58, 0x23, 0x82,
  0x3f, 0x40, 0x00, 0x8c, 0x3f, 0x40, 0x0b, 0x82, 0x48, 0x40, 0x00, 0x8c,
  0x48, 0x40, 0x1b, 0x92, 0x45, 0x58, 0x00, 0x9c, 0x45, 0x58, 0x0a, 0x92,
  0x42, 0x63, 0x00, 0x9c, 0x42, 0x63, 0x21, 0x82, 0x45, 0x40, 0x00, 0x8c,
  0x45, 0x40, 0x0a, 0x82, 0x42, 0x40, 0x00, 0x8c, 0x42, 0x40, 0x1d, 0x92,
  0x45, 0x43, 0x00, 0x9c, 0x45, 0x43, 0x0d, 0x92, 0x42, 0x4d, 0x00, 0x9c,
  0x42, 0x4d, 0x13, 0x83, 0x40, 0x40, 0x00, 0x8d, 0x40, 0x40, 0x0b, 0x82,
  0x45, 0x40, 0x00, 0x8c, 0x45, 0x40, 0x03, 0x82, 0x42, 0x40, 0x00, 0x8c,
  0x42, 0x40, 0x1d, 0x92, 0x45, 0x58, 0x00, 0x9c, 0x45, 0x58, 0x0a, 0x92,
  0x42, 0x48, 0x00, 0x9c, 0x42, 0x48, 0x1e, 0x82, 0x45, 0x40, 0x00, 0x8c,
  0x45, 0x40, 0x19, 0x82, 0x42, 0x40, 0x00, 0x8c, 0x42, 0x40, 0x12, 0x93,
  0x40, 0x6d, 0x00, 0x9d, 0x40, 0x6d, 0x02, 0x94, 0x34, 0x72, 0x00, 0x28,
  0x72, 0x00, 0x9e, 0x34, 0x72, 0x00, 0x28, 0x72, 0x81, 0x6e, 0x92, 0x47,
  0x58, 0x00, 0x9c, 0x47, 0x58, 0x14, 0x92, 0x4f, 0x6e, 0x00, 0x9c, 0x4f,
  0x6e, 0x12, 0x82, 0x47, 0x40, 0x00, 0x8c, 0x47, 0x40, 0x0f, 0x82, 0x4f,
  0x40, 0x00, 0x8c, 0x4f, 0x40, 0x06, 0x84, 0x34, 0x40, 0x00, 0x28, 0x40,
  0x00, 0x8e, 0x34, 0x40, 0x00, 0x28, 0x40, 0x10, 0x92, 0x47, 0x6e, 0x00,
  0x9c, 0x47, 0x6e, 0x16, 0x92, 0x4f, 0x58, 0x00, 0x9c, 0x4f, 0x58, 0x10,
  0x82, 0x47, 0x40, 0x00, 0x8c, 0x47, 0x40, 0x04, 0x83, 0x40, 0x40, 0x00,
  0x8d, 0x40, 0x40, 0x08, 0x82, 0x4f, 0x40, 0x00, 0x8c, 0x4f, 0x40, 0x1b,
  0x92, 0x47, 0x63, 0x00, 0x9c, 0x47, 0x63, 0x12, 0x92, 0x4f, 0x58, 0x00,
  0x9c, 0x4f, 0x58, 0x1b, 0x82, 0x47, 0x40, 0x00, 0x8c, 0x47, 0x40, 0x08,
  0x82, 0x4f, 0x40, 0x00, 0x8c, 0x4f, 0x40, 0x1b, 0x93, 0x3c, 0x6d, 0x00,
  0x9d, 0x3c, 0x6d, 0x08, 0x92, 0x43, 0x63, 0x00, 0x9c, 0x43, 0x63, 0x0a,
  0x92, 0x4e, 0x58, 0x00, 0x9c, 0x4e, 0x58, 0x1c, 0x82, 0x43, 0x40, 0x00,
  0x8c, 0x43, 0x40, 0x07, 0x82, 0x4e, 0x40, 0x00, 0x8c, 0x4e, 0x40, 0x28,
  0x92, 0x43, 0x6e, 0x00, 0x9c, 0x43, 0x6e, 0x02, 0x92, 0x4e, 0x58, 0x00,
  0x9c, 0x4e, 0x58, 0x1f, 0x82, 0x43, 0x40, 0x00, 0x8c, 0x43, 0x40, 0x02,
  0x82, 0x4e, 0x40, 0x00, 0x8c, 0x4e, 0x40, 0x20, 0x92, 0x43, 0x6e, 0x00,
  0x9c, 0x43, 0x6e, 0x0d, 0x92, 0x4e, 0x4d, 0x00, 0x9c, 0x4e, 0x4d, 0x16,
  0x82, 0x43, 0x40, 0x00, 0x8c, 0x43, 0x40, 0x1c, 0x82, 0x4e, 0x40, 0x00,
  0x8c, 0x4e, 0x40, 0x09, 0x83, 0x3c, 0x40, 0x00, 0x8d, 0x3c, 0x40, 0x17,
  0x92, 0x4b, 0x4d, 0x00, 0x9c, 0x4b, 0x4d, 0x03, 0x92, 0x46, 0x6e, 0x00,
  0x9c, 0x46, 0x6e, 0x23, 0x82, 0x46, 0x40, 0x00, 0x8c, 0x46, 0x40, 0x05,
  0x82, 0x4b, 0x40, 0x00, 0x8c, 0x4b, 0x40, 0x17, 0x93, 0x43, 0x6d, 0x00,
  0x9d, 0x43, 0x6d, 0x11, 0x92, 0x4b, 0x58, 0x00, 0x9c, 0x4b, 0x58, 0x02,
  0x92, 0x46, 0x4d, 0x00, 0x9c, 0x46, 0x4d, 0x1e, 0x82, 0x46, 0x40, 0x00,
  0x8c, 0x46, 0x40, 0x06, 0x82, 0x4b, 0x40, 0x00, 0x8c, 0x4b, 0x40, 0x1d,
  0x92, 0x46, 0x58, 0x00, 0x9c, 0x46, 0x58, 0x0d, 0x92, 0x4b, 0x4d, 0x00,
  0x9c, 0x4b, 0x4d, 0x06, 0x83, 0x43, 0x40, 0x00, 0x8d, 0x43, 0x40, 0x10,
  0x82, 0x46, 0x40, 0x00, 0x8c, 0x46, 0x40, 0x0d, 0x82, 0x4b, 0x40, 0x00,
  0x8c, 0x4b, 0x40, 0x1e, 0x94, 0x34, 0x69, 0x00, 0x28, 0x69, 0x00, 0x9e,
  0x34, 0x69, 0x00, 0x28, 0x69, 0x17, 0x93, 0x40, 0x5b, 0x00, 0x9d, 0x40,
  0x5b, 0x81, 0x5b, 0x92, 0x53, 0x71, 0x00, 0x9c, 0x53, 0x71, 0x03, 0x92,
  0x4b, 0x71, 0x00, 0x9c, 0x4b, 0x71, 0x20, 0x82, 0x53, 0x40, 0x00, 0x8c,
  0x53, 0x40, 0x01, 0x82, 0x4b, 0x40, 0x00, 0x8c, 0x4b, 0x40, 0x2d, 0x84,
  0x34, 0x40, 0x00, 0x28, 0x40, 0x00, 0x8e, 0x34, 0x40, 0x00, 0x28, 0x40,
  0x02, 0x92, 0x4b, 0x6a, 0x00, 0x9c, 0x4b, 0x6a, 0x02, 0x92, 0x53, 0x4a,
  0x00, 0x9c, 0x53, 0x4a, 0x1c, 0x82, 0x4b, 0x40, 0x00, 0x8c, 0x4b, 0x40,
  0x02, 0x82, 0x53, 0x40, 0x00, 0x8c, 0x53, 0x40, 0x05, 0x83, 0x40, 0x40,
  0x00, 0x8d, 0x40, 0x40, 0x23, 0x92, 0x4b, 0x4a, 0x00, 0x53, 0x42, 0x00,
  0x9c, 0x4b, 0x4a, 0x00, 0x53, 0x42, 0x21, 0x82, 0x4b, 0x40, 0x00, 0x8c,
  0x4b, 0x40, 0x0f, 0x82, 0x53, 0x40, 0x00, 0x8c, 0x53, 0x40, 0x20, 0x93,
  0x3c, 0x6d, 0x00, 0x9d, 0x3c, 0x6d, 0x0d, 0x92, 0x52, 0x79, 0x00, 0x9c,
  0x52, 0x79, 0x0a, 0x92, 0x4c, 0x67, 0x00, 0x9c, 0x4c, 0x67, 0x1c, 0x82,
  0x52, 0x40, 0x00, 0x8c, 0x52, 0x40, 0x05, 0x82, 0x4c, 0x40, 0x00, 0x8c,
  0x4c, 0x40, 0x16, 0x92, 0x4c, 0x51, 0x00, 0x9c, 0x4c, 0x51, 0x11, 0x92,
  0x52, 0x73, 0x00, 0x9c, 0x52, 0x73, 0x15, 0x82, 0x4c, 0x40, 0x00, 0x8c,
  0x4c, 0x40, 0x0c, 0x82, 0x52, 0x40, 0x00, 0x8c, 0x52, 0x40, 0x1b, 0x92,
  0x4c, 0x55, 0x00, 0x9c, 0x4c, 0x55, 0x0a, 0x92, 0x52, 0x5e, 0x00, 0x9c,
  0x52, 0x5e, 0x28, 0x82, 0x4c, 0x40, 0x00, 0x8c, 0x4c, 0x40, 0x05, 0x82,
  0x52, 0x40, 0x00, 0x8c, 0x52, 0x40, 0x09, 0x83, 0x3c, 0x40, 0x00, 0x8d,
  0x3c, 0x40, 0x1a, 0x92, 0x46, 0x63, 0x00, 0x9c, 0x46, 0x63, 0x0a, 0x92,
  0x4e, 0x4f, 0x00, 0x9c, 0x4e, 0x4f, 0x1c, 0x82, 0x46, 0x40, 0x00, 0x8c,
  0x46, 0x40, 0x0f, 0x82, 0x4e, 0x40, 0x00, 0x8c, 0x4e, 0x40, 0x1e, 0x92,
  0x46, 0x4a, 0x00, 0x9c, 0x46, 0x4a, 0x01, 0x93, 0x43, 0x64, 0x00, 0x9d,
  0x43, 0x64, 0x10, 0x92, 0x4e, 0x4a, 0x00, 0x9c, 0x4e, 0x4a, 0x0d, 0x82,
  0x46, 0x40, 0x00, 0x8c, 0x46, 0x40, 0x1b, 0x82, 0x4e, 0x40, 0x00, 0x8c,
  0x4e, 0x40, 0x0f, 0x92, 0x46, 0x6a, 0x00, 0x9c, 0x46, 0x6a, 0x0e, 0x83,
  0x43, 0x40, 0x00, 0x8d, 0x43, 0x40, 0x09, 0x92, 0x4e, 0x3e, 0x00, 0x9c,
  0x4e, 0x3e, 0x0c, 0x82, 0x46, 0x40, 0x00, 0x8c, 0x46, 0x40, 0x1f, 0x82,
  0x4e, 0x40, 0x00, 0x8c, 0x4e, 0x40, 0x0d, 0x93, 0x40, 0x6d, 0x00, 0x9d,
  0x40, 0x6d, 0x01, 0x92, 0x51, 0x71, 0x00, 0x9c, 0x51, 0x71, 0x08, 0x92,
  0x49, 0x63, 0x00, 0x9c, 0x49, 0x63, 0x1e, 0x82, 0x51, 0x40, 0x00, 0x8c,
  0x51, 0x40, 0x05, 0x82, 0x49, 0x40, 0x00, 0x8c, 0x49, 0x40, 0x20, 0x92,
  0x51, 0x65, 0x00, 0x9c, 0x51, 0x65, 0x05, 0x92, 0x49, 0x4f, 0x00, 0x9c,
  0x49, 0x4f, 0x21, 0x82, 0x51, 0x40, 0x00, 0x8c, 0x51, 0x40, 0x05, 0x82,
  0x49, 0x40, 0x00, 0x8c, 0x49, 0x40, 0x23, 0x92, 0x51, 0x4f, 0x00, 0x9c,
  0x51, 0x4f, 0x07, 0x92, 0x49, 0x55, 0x00, 0x9c, 0x49, 0x55, 0x1a, 0x82,
  0x51, 0x40, 0x00, 0x8c, 0x51, 0x40, 0x1d, 0x82, 0x49, 0x40, 0x00, 0x8c,
  0x49, 0x40, 0x19, 0x92, 0x4f, 0x71, 0x00, 0x9c, 0x4f, 0x71, 0x03, 0x92,
  0x47, 0x5e, 0x00, 0x9c, 0x47, 0x5e, 0x19, 0x82, 0x4f, 0x40, 0x00, 0x8c,
  0x4f, 0x40, 0x0d, 0x82, 0x47, 0x40, 0x00, 0x8c, 0x47, 0x40, 0x63, 0x92,
  0x4f, 0x55, 0x00, 0x9c, 0x4f, 0x55, 0x14, 0x92, 0x47, 0x71, 0x00, 0x9c,
  0x47, 0x71, 0x1e, 0x82, 0x4f, 0x40, 0x00, 0x8c, 0x4f, 0x40, 0x08, 0x82,
  0x47, 0x40, 0x00, 0x8c, 0x47, 0x40, 0x20, 0x92, 0x4b, 0x65, 0x00, 0x9c,
  0x4b, 0x65, 0x0a, 0x92, 0x43, 0x71, 0x00, 0x9c, 0x43, 0x71, 0x1e, 0x82,
  0x4b, 0x40, 0x00, 0x8c, 0x4b, 0x40, 0x05, 0x82, 0x43, 0x40, 0x00, 0x8c,
  0x43, 0x40, 0x23, 0x92, 0x4b, 0x5c, 0x00, 0x9c, 0x4b, 0x5c, 0x0a, 0x92,
  0x43, 0x71, 0x00, 0x9c, 0x43, 0x71, 0x21, 0x82, 0x4b, 0x40, 0x00, 0x8c,
  0x4b, 0x40, 0x02, 0x82, 0x43, 0x40, 0x00, 0x8c, 0x43, 0x40, 0x23, 0x92,
  0x4b, 0x3e, 0x00, 0x9c, 0x4b, 0x3e, 0x05, 0x92, 0x43, 0x63, 0x00, 0x9c,
  0x43, 0x63, 0x23, 0x82, 0x4b, 0x40, 0x00, 0x8c, 0x4b, 0x40, 0x03, 0x82,
  0x43, 0x40, 0x00, 0x8c, 0x43, 0x40, 0x1e, 0x92, 0x48, 0x46, 0x00, 0x9c,
  0x48, 0x46, 0x14, 0x92, 0x3f, 0x65, 0x00, 0x9c, 0x3f, 0x65, 0x17, 0x82,
  0x48, 0x40, 0x00, 0x8c, 0x48, 0x40, 0x0f, 0x82, 0x3f, 0x40, 0x00, 0x8c,
  0x3f, 0x40, 0x22, 0x92, 0x48, 0x55, 0x00, 0x9c, 0x48, 0x55, 0x08, 0x92,
  0x3f, 0x6a, 0x00, 0x9c, 0x3f, 0x6a, 0x11, 0x82, 0x48, 0x40, 0x00, 0x8c,
  0x48, 0x40, 0x12, 0x82, 0x3f, 0x40, 0x00, 0x8c, 0x3f, 0x40, 0x1e, 0x92,
  0x48, 0x5c, 0x00, 0x9c, 0x48, 0x5c, 0x11, 0x92, 0x3f, 0x75, 0x00, 0x9c,
  0x3f, 0x75, 0x12, 0x82, 0x48, 0x40, 0x00, 0x8c, 0x48, 0x40, 0x16, 0x82,
  0x3f, 0x40, 0x00, 0x8c, 0x3f, 0x40, 0x26, 0x93, 0x34, 0x58, 0x00, 0x40,
  0x52, 0x00, 0x9d, 0x34, 0x58, 0x00, 0x40, 0x52, 0x07, 0x94, 0x34, 0x72,
  0x00, 0x28, 0x72, 0x00, 0x9e, 0x34, 0x72, 0x00, 0x28, 0x72, 0x81, 0x64,
  0x83, 0x40, 0x40, 0x00, 0x8d, 0x40, 0x40, 0x00, 0x83, 0x40, 0x40, 0x00,
  0x8d, 0x40, 0x40, 0x11, 0x92, 0x47, 0x58, 0x00, 0x9c, 0x47, 0x58, 0x0a,
  0x92, 0x43, 0x6e, 0x00, 0x9c, 0x43, 0x6e, 0x14, 0x82, 0x47, 0x40, 0x00,
  0x8c, 0x47, 0x40, 0x0d, 0x82, 0x43, 0x40, 0x00, 0x8c, 0x43, 0x40, 0x09,
  0x84, 0x34, 0x40, 0x00, 0x28, 0x40, 0x00, 0x8e, 0x34, 0x40, 0x00, 0x28,
  0x40, 0x1c, 0x92, 0x47, 0x4d, 0x00, 0x9c, 0x47, 0x4d, 0x0a, 0x92, 0x43,
  0x58, 0x00, 0x9c, 0x43, 0x58, 0x12, 0x82, 0x47, 0x40, 0x00, 0x8c, 0x47,
  0x40, 0x02, 0x82, 0x43, 0x40, 0x00, 0x8c, 0x43, 0x40, 0x26, 0x92, 0x43,
  0x58, 0x00, 0x9c, 0x43, 0x58, 0x07, 0x92, 0x47, 0x43, 0x00, 0x9c, 0x47,
  0x43, 0x28, 0x82, 0x47, 0x40, 0x00, 0x8c, 0x47, 0x40, 0x0b, 0x82, 0x43,
  0x40, 0x00, 0x8c, 0x43, 0x40, 0x1d, 0x92, 0x3f, 0x63, 0x00, 0x9c, 0x3f,
  0x63, 0x01, 0x83, 0x34, 0x40, 0x00, 0x8d, 0x34, 0x40, 0x02, 0x92, 0x48,
  0x6e, 0x00, 0x9c, 0x48, 0x6e, 0x23, 0x82, 0x48, 0x40, 0x00, 0x8c, 0x48,
  0x40, 0x0c, 0x82, 0x3f, 0x40, 0x00, 0x8c, 0x3f, 0x40, 0x1e, 0x92, 0x48,
  0x58, 0x00, 0x9c, 0x48, 0x58, 0x0d, 0x92, 0x3f, 0x58, 0x00, 0x9c, 0x3f,
  0x58, 0x11, 0x82, 0x48, 0x40, 0x00, 0x8c, 0x48, 0x40, 0x15, 0x82, 0x3f,
  0x40, 0x00, 0x8c, 0x3f, 0x40, 0x1b, 0x92, 0x48, 0x4d, 0x00, 0x9c, 0x48,
  0x4d, 0x07, 0x92, 0x3f, 0x58, 0x00, 0x9c, 0x3f, 0x58, 0x23, 0x82, 0x3f,
  0x40, 0x00, 0x8c, 0x3f, 0x40, 0x0b, 0x82, 0x48, 0x40, 0x00, 0x8c, 0x48,
  0x40, 0x1b, 0x92, 0x45, 0x58, 0x00, 0x9c, 0x45, 0x58, 0x0a, 0x92, 0x42,
  0x63, 0x00, 0x9c, 0x42, 0x63, 0x21, 0x82, 0x45, 0x40, 0x00, 0x8c, 0x45,
  0x40, 0x0a, 0x82, 0x42, 0x40, 0x00, 0x8c, 0x42, 0x40, 0x1d, 0x92, 0x45,
  0x43, 0x00, 0x9c, 0x45, 0x43, 0x0d, 0x92, 0x42, 0x4d, 0x00, 0x9c, 0x42,
  0x4d, 0x1e, 0x82, 0x45, 0x40, 0x00, 0x8c, 0x45, 0x40, 0x03, 0x82, 0x42,
  0x40, 0x00, 0x8c, 0x42, 0x40, 0x1d, 0x92, 0x45, 0x58, 0x00, 0x9c, 0x45,
  0x58, 0x0a, 0x92, 0x42, 0x48, 0x00, 0x9c, 0x42, 0x48, 0x1e, 0x82, 0x45,
  0x40, 0x00, 0x8c, 0x45, 0x40, 0x19, 0x82, 0x42, 0x40, 0x00, 0x8c, 0x42,
  0x40, 0x14, 0x93, 0x34, 0x4d, 0x00, 0x40, 0x52, 0x00, 0x9d, 0x34, 0x4d,
  0x00, 0x40, 0x52, 0x00, 0x94, 0x34, 0x72, 0x00, 0x28, 0x72, 0x00, 0x9e,
  0x34, 0x72, 0x00, 0x28, 0x72, 0x81, 0x48, 0x83, 0x40, 0x40, 0x00, 0x8d,
  0x40, 0x40, 0x26, 0x92, 0x47, 0x58, 0x00, 0x9c, 0x47, 0x58, 0x14, 0x92,
  0x4f, 0x6e, 0x00, 0x9c, 0x4f, 0x6e, 0x12, 0x82, 0x47, 0x40, 0x00, 0x8c,
  0x47, 0x40, 0x0f, 0x82, 0x4f, 0x40, 0x00, 0x8c, 0x4f, 0x40, 0x06, 0x84,
  0x34, 0x40, 0x00, 0x28, 0x40, 0x00, 0x8e, 0x34, 0x40, 0x00, 0x28, 0x40,
  0x10, 0x92, 0x47, 0x6e, 0x00, 0x9c, 0x47, 0x6e, 0x16, 0x92, 0x4f, 0x58,
  0x00, 0x9c, 0x4f, 0x58, 0x10, 0x82, 0x47, 0x40, 0x00, 0x8c, 0x47, 0x40,
  0x0c, 0x82, 0x4f, 0x40, 0x00, 0x8c, 0x4f, 0x40, 0x1b, 0x92, 0x47, 0x63,
  0x00, 0x9c, 0x47, 0x63, 0x12, 0x92, 0x4f, 0x58, 0x00, 0x9c, 0x4f, 0x58,
  0x1b, 0x82, 0x47, 0x40, 0x00, 0x8c, 0x47, 0x40, 0x08, 0x82, 0x4f, 0x40,
  0x00, 0x8c, 0x4f, 0x40, 0x0a, 0x83, 0x34, 0x40, 0x00, 0x8d, 0x34, 0x40,
  0x19, 0x92, 0x43, 0x63, 0x00, 0x9c, 0x43, 0x63, 0x0a, 0x92, 0x4e, 0x58,
  0x00, 0x9c, 0x4e, 0x58, 0x1c, 0x82, 0x43, 0x40, 0x00, 0x8c, 0x43, 0x40,
  0x07, 0x82, 0x4e, 0x40, 0x00, 0x8c, 0x4e, 0x40, 0x28, 0x92, 0x43, 0x6e,
  0x00, 0x9c, 0x43, 0x6e, 0x02, 0x92, 0x4e, 0x58, 0x00, 0x9c, 0x4e, 0x58,
  0x1f, 0x82, 0x43, 0x40, 0x00, 0x8c, 0x43, 0x40, 0x02, 0x82, 0x4e, 0x40,
  0x00, 0x8c, 0x4e, 0x40, 0x20, 0x92, 0x43, 0x6e, 0x00, 0x9c, 0x43, 0x6e,
  0x0d, 0x92, 0x4e, 0x4d, 0x00, 0x9c, 0x4e, 0x4d, 0x16, 0x82, 0x43, 0x40,
  0x00, 0x8c, 0x43, 0x40, 0x1c, 0x82, 0x4e, 0x40, 0x00, 0x8c, 0x4e, 0x40,
  0x20, 0x92, 0x4b, 0x4d, 0x00, 0x9c, 0x4b, 0x4d, 0x03, 0x92, 0x46, 0x6e,
  0x00, 0x9c, 0x46, 0x6e, 0x23, 0x82, 0x46, 0x40, 0x00, 0x8c, 0x46, 0x40,
  0x05, 0x82, 0x4b, 0x40, 0x00, 0x8c, 0x4b, 0x40, 0x28, 0x92, 0x4b, 0x58,
  0x00, 0x9c, 0x4b, 0x58, 0x02, 0x92, 0x46, 0x4d, 0x00, 0x9c, 0x46, 0x4d,
  0x1e, 0x82, 0x46, 0x40, 0x00, 0x8c, 0x46, 0x40, 0x06, 0x82, 0x4b, 0x40,
  0x00, 0x8c, 0x4b, 0x40, 0x1d, 0x92, 0x46, 0x58, 0x00, 0x9c, 0x46, 0x58,
  0x0d, 0x92, 0x4b, 0x4d, 0x00, 0x9c, 0x4b, 0x4d, 0x16, 0x82, 0x46, 0x40,
  0x00, 0x8c, 0x46, 0x40, 0x0d, 0x82, 0x4b, 0x40, 0x00, 0x8c, 0x4b, 0x40,
  0x1e, 0x94, 0x34, 0x69, 0x00, 0x28, 0x69, 0x00, 0x9e, 0x34, 0x69, 0x00,
  0x28, 0x69, 0x07, 0x93, 0x34, 0x60, 0x00, 0x40, 0x56, 0x00, 0x9d, 0x34,
  0x60, 0x00, 0x40, 0x56, 0x81, 0x41, 0x83, 0x40, 0x40, 0x00, 0x8d, 0x40,
  0x40, 0x2a, 0x92, 0x53, 0x71, 0x00, 0x9c, 0x53, 0x71, 0x03, 0x92, 0x4b,
  0x71, 0x00, 0x9c, 0x4b, 0x71, 0x20, 0x82, 0x53, 0x40, 0x00, 0x8c, 0x53,
  0x40, 0x01, 0x82, 0x4b, 0x40, 0x00, 0x8c, 0x4b, 0x40, 0x2d, 0x84, 0x34,
  0x40, 0x00, 0x28, 0x40, 0x00, 0x8e, 0x34, 0x40, 0x00, 0x28, 0x40, 0x02,
  0x92, 0x4b, 0x6a, 0x00, 0x9c, 0x4b, 0x6a, 0x02, 0x92, 0x53, 0x4a, 0x00,
  0x9c, 0x53, 0x4a, 0x1c, 0x82, 0x4b, 0x40, 0x00, 0x8c, 0x4b, 0x40, 0x02,
  0x82, 0x53, 0x40, 0x00, 0x8c, 0x53, 0x40, 0x28, 0x92, 0x4b, 0x4a, 0x00,
  0x53, 0x42, 0x00, 0x9c, 0x4b, 0x4a, 0x00, 0x53, 0x42, 0x21, 0x82, 0x4b,
  0x40, 0x00, 0x8c, 0x4b, 0x40, 0x0f, 0x82, 0x53, 0x40, 0x00, 0x8c, 0x53,
  0x40, 0x08, 0x83, 0x34, 0x40, 0x00, 0x8d, 0x34, 0x40, 0x25, 0x92, 0x52,
  0x79, 0x00, 0x9c, 0x52, 0x79, 0x0a, 0x92, 0x4c, 0x67, 0x00, 0x9c, 0x4c,
  0x67, 0x1c, 0x82, 0x52, 0x40, 0x00, 0x8c, 0x52, 0x40, 0x05, 0x82, 0x4c,
  0x40, 0x00, 0x8c, 0x4c, 0x40, 0x16, 0x92, 0x4c, 0x51, 0x00, 0x9c, 0x4c,
  0x51, 0x11, 0x92, 0x52, 0x73, 0x00, 0x9c, 0x52, 0x73, 0x15, 0x82, 0x4c,
  0x40, 0x00, 0x8c, 0x4c, 0x40, 0x0c, 0x82, 0x52, 0x40, 0x00, 0x8c, 0x52,
  0x40, 0x1b, 0x92, 0x4c, 0x55, 0x00, 0x9c, 0x4c, 0x55, 0x0a, 0x92, 0x52,
  0x5e, 0x00, 0x9c, 0x52, 0x5e, 0x28, 0x82, 0x4c, 0x40, 0x00, 0x8c, 0x4c,
  0x40, 0x05, 0x82, 0x52, 0x40, 0x00, 0x8c, 0x52, 0x40, 0x23, 0x92, 0x46,
  0x63, 0x00, 0x9c, 0x46, 0x63, 0x0a, 0x92, 0x4e, 0x4f, 0x00, 0x9c, 0x4e,
  0x4f, 0x1c, 0x82, 0x46, 0x40, 0x00, 0x8c, 0x46, 0x40, 0x0f, 0x82, 0x4e,
  0x40, 0x00, 0x8c, 0x4e, 0x40, 0x1e, 0x92, 0x46, 0x4a, 0x00, 0x9c, 0x46,
  0x4a, 0x11, 0x92, 0x4e, 0x4a, 0x00, 0x9c, 0x4e, 0x4a, 0x0d, 0x82, 0x46,
  0x40, 0x00, 0x8c, 0x46, 0x40, 0x1b, 0x82, 0x4e, 0x40, 0x00, 0x8c, 0x4e,
  0x40, 0x0f, 0x92, 0x46, 0x6a, 0x00, 0x9c, 0x46, 0x6a, 0x17, 0x92, 0x4e,
  0x3e, 0x00, 0x9c, 0x4e, 0x3e, 0x0c, 0x82, 0x46, 0x40, 0x00, 0x8c, 0x46,
  0x40, 0x1f, 0x82, 0x4e, 0x40, 0x00, 0x8c, 0x4e, 0x40, 0x0e, 0x92, 0x51,
  0x71, 0x00, 0x9c, 0x51, 0x71, 0x08, 0x92, 0x49, 0x63, 0x00, 0x9c, 0x49,
  0x63, 0x1e, 0x82, 0x51, 0x40, 0x00, 0x8c, 0x51, 0x40, 0x05, 0x82, 0x49,
  0x40, 0x00, 0x8c, 0x49, 0x40, 0x20, 0x92, 0x51, 0x65, 0x00, 0x9c, 0x51,
  0x65, 0x05, 0x92, 0x49, 0x4f, 0x00, 0x9c, 0x49, 0x4f, 0x21, 0x82, 0x51,
  0x40, 0x00, 0x8c, 0x51, 0x40, 0x05, 0x82, 0x49, 0x40, 0x00, 0x8c, 0x49,
  0x40, 0x23, 0x92, 0x51, 0x4f, 0x00, 0x9c, 0x51, 0x4f, 0x07, 0x92, 0x49,
  0x55, 0x00, 0x9c, 0x49, 0x55, 0x1a, 0x82, 0x51, 0x40, 0x00, 0x8c, 0x51,
  0x40, 0x1d, 0x82, 0x49, 0x40, 0x00, 0x8c, 0x49, 0x40, 0x19, 0x92, 0x4f,
  0x71, 0x00, 0x9c, 0x4f, 0x71, 0x03, 0x92, 0x47, 0x5e, 0x00, 0x9c, 0x47,
  0x5e, 0x19, 0x82, 0x4f, 0x40, 0x00, 0x8c, 0x4f, 0x40, 0x0d, 0x82, 0x47,
  0x40, 0x00, 0x8c, 0x47, 0x40, 0x63, 0x92, 0x4f, 0x55, 0x00, 0x9c, 0x4f,
  0x55, 0x14, 0x92, 0x47, 0x71, 0x00, 0x9c, 0x47, 0x71, 0x1e, 0x82, 0x4f,
  0x40, 0x00, 0x8c, 0x4f, 0x40, 0x08, 0x82, 0x47, 0x40, 0x00, 0x8c, 0x47,
  0x40, 0x20, 0x92, 0x4b, 0x65, 0x00, 0x9c, 0x4b, 0x65, 0x0a, 0x92, 0x43,
  0x71, 0x00, 0x9c, 0x43, 0x71, 0x1e, 0x82, 0x4b, 0x40, 0x00, 0x8c, 0x4b,
  0x40, 0x05, 0x82, 0x43, 0x40, 0x00, 0x8c, 0x43, 0x40, 0x23, 0x92, 0x4b,
  0x5c, 0x00, 0x9c, 0x4b, 0x5c, 0x0a, 0x92, 0x43, 0x71, 0x00, 0x9c, 0x43,
  0x71, 0x21, 0x82, 0x4b, 0x40, 0x00, 0x8c, 0x4b, 0x40, 0x02, 0x82, 0x43,
  0x40, 0x00, 0x8c, 0x43, 0x40, 0x23, 0x92, 0x4b, 0x3e, 0x00, 0x9c, 0x4b,
  0x3e, 0x05, 0x92, 0x43, 0x63, 0x00, 0x9c, 0x43, 0x63, 0x23, 0x82, 0x4b,
  0x40, 0x00, 0x8c, 0x4b, 0x40, 0x03, 0x82, 0x43, 0x40, 0x00, 0x8c, 0x43,
  0x40, 0x1e, 0x92, 0x48, 0x46, 0x00, 0x9c, 0x48, 0x46, 0x14, 0x92, 0x3f,
  0x65, 0x00, 0x9c, 0x3f, 0x65, 0x17, 0x82, 0x48, 0x40, 0x00, 0x8c, 0x48,
  0x40, 0x0f, 0x82, 0x3f, 0x40, 0x00, 0x8c, 0x3f, 0x40, 0x22, 0x92, 0x48,
  0x55, 0x00, 0x9c, 0x48, 0x55, 0x08, 0x92, 0x3f, 0x6a, 0x00, 0x9c, 0x3f,
  0x6a, 0x11, 0x82, 0x48, 0x40, 0x00, 0x8c, 0x48, 0x40, 0x12, 0x82, 0x3f,
  0x40, 0x00, 0x8c, 0x3f, 0x40, 0x1e, 0x92, 0x48, 0x5c, 0x00, 0x9c, 0x48,
  0x5c, 0x11, 0x92, 0x3f, 0x75, 0x00, 0x9c, 0x3f, 0x75, 0x12, 0x82, 0x48,
  0x40, 0x00, 0x8c, 0x48, 0x40, 0x16, 0x82, 0x3f, 0x40, 0x00, 0x8c, 0x3f,
  0x40, 0x11, 0x93, 0x47, 0x6d, 0x00, 0x9d, 0x47, 0x6d, 0x15, 0x93, 0x40,
  0x52, 0x00, 0x9d, 0x40, 0x52, 0x07, 0x94, 0x34, 0x72, 0x00, 0x28, 0x72,
  0x00, 0x9e, 0x34, 0x72, 0x00, 0x28, 0x72, 0x81, 0x64, 0x83, 0x40, 0x40,
  0x00, 0x8d, 0x40, 0x40, 0x11, 0x92, 0x47, 0x58, 0x00, 0x9c, 0x47, 0x58,
  0x0a, 0x92, 0x43, 0x6e, 0x00, 0x9c, 0x43, 0x6e, 0x14, 0x82, 0x47, 0x40,
  0x00, 0x8c, 0x47, 0x40, 0x0d, 0x82, 0x43, 0x40, 0x00, 0x8c, 0x43, 0x40,
  0x09, 0x84, 0x34, 0x40, 0x00, 0x28, 0x40, 0x00, 0x8e, 0x34, 0x40, 0x00,
  0x28, 0x40, 0x1c, 0x92, 0x47, 0x4d, 0x00, 0x9c, 0x47, 0x4d, 0x06, 0x83,
  0x47, 0x40, 0x00, 0x8d, 0x47, 0x40, 0x04, 0x92, 0x43, 0x58, 0x00, 0x9c,
  0x43, 0x58, 0x12, 0x82, 0x47, 0x40, 0x00, 0x8c, 0x47, 0x40, 0x02, 0x82,
  0x43, 0x40, 0x00, 0x8c, 0x43, 0x40, 0x26, 0x92, 0x43, 0x58, 0x00, 0x9c,
  0x43, 0x58, 0x07, 0x92, 0x47, 0x43, 0x00, 0x9c, 0x47, 0x43, 0x28, 0x82,
  0x47, 0x40, 0x00, 0x8c, 0x47, 0x40, 0x0b, 0x82, 0x43, 0x40, 0x00, 0x8c,
  0x43, 0x40, 0x11, 0x93, 0x47, 0x64, 0x00, 0x9d, 0x47, 0x64, 0x0c, 0x92,
  0x3f, 0x63, 0x00, 0x9c, 0x3f, 0x63, 0x03, 0x92, 0x48, 0x6e, 0x00, 0x9c,
  0x48, 0x6e, 0x23, 0x82, 0x48, 0x40, 0x00, 0x8c, 0x48, 0x40, 0x0c, 0x82,
  0x3f, 0x40, 0x00, 0x8c, 0x3f, 0x40, 0x1e, 0x92, 0x48, 0x58, 0x00, 0x9c,
  0x48, 0x58, 0x0d, 0x92, 0x3f, 0x58, 0x00, 0x9c, 0x3f, 0x58, 0x11, 0x82,
  0x48, 0x40, 0x00, 0x8c, 0x48, 0x40, 0x15, 0x82, 0x3f, 0x40, 0x00, 0x8c,
  0x3f, 0x40, 0x1b, 0x92, 0x48, 0x4d, 0x00, 0x9c, 0x48, 0x4d, 0x07, 0x92,
  0x3f, 0x58, 0x00, 0x9c, 0x3f, 0x58, 0x23, 0x82, 0x3f, 0x40, 0x00, 0x8c,
  0x3f, 0x40, 0x0b, 0x82, 0x48, 0x40, 0x00, 0x8c, 0x48, 0x40, 0x1b, 0x92,
  0x45, 0x58, 0x00, 0x9c, 0x45, 0x58, 0x0a, 0x92, 0x42, 0x63, 0x00, 0x9c,
  0x42, 0x63, 0x21, 0x82, 0x45, 0x40, 0x00, 0x8c, 0x45, 0x40, 0x0a, 0x82,
  0x42, 0x40, 0x00, 0x8c, 0x42, 0x40, 0x1d, 0x92, 0x45, 0x43, 0x00, 0x9c,
  0x45, 0x43, 0x08, 0x83, 0x47, 0x40, 0x00, 0x8d, 0x47, 0x40, 0x05, 0x92,
  0x42, 0x4d, 0x00, 0x9c, 0x42, 0x4d, 0x1e, 0x82, 0x45, 0x40, 0x00, 0x8c,
  0x45, 0x40, 0x03, 0x82, 0x42, 0x40, 0x00, 0x8c, 0x42, 0x40, 0x1d, 0x92,
  0x45, 0x58, 0x00, 0x9c, 0x45, 0x58, 0x0a, 0x92, 0x42, 0x48, 0x00, 0x9c,
  0x42, 0x48, 0x1e, 0x82, 0x45, 0x40, 0x00, 0x8c, 0x45, 0x40, 0x19, 0x82,
  0x42, 0x40, 0x00, 0x8c, 0x42, 0x40, 0x02, 0x93, 0x47, 0x6d, 0x00, 0x9d,
  0x47, 0x6d, 0x12, 0x94, 0x34, 0x72, 0x00, 0x28, 0x72, 0x00, 0x9e, 0x34,
  0x72, 0x00, 0x28, 0x72, 0x00, 0x93, 0x40, 0x52, 0x00, 0x9d, 0x40, 0x52,
  0x81, 0x48, 0x83, 0x40, 0x40, 0x00, 0x8d, 0x40, 0x40, 0x26, 0x92, 0x47,
  0x58, 0x00, 0x9c, 0x47, 0x58, 0x14, 0x92, 0x4f, 0x6e, 0x00, 0x9c, 0x4f,
  0x6e, 0x12, 0x82, 0x47, 0x40, 0x00, 0x8c, 0x47, 0x40, 0x0f, 0x82, 0x4f,
  0x40, 0x00, 0x8c, 0x4f, 0x40, 0x06, 0x84, 0x34, 0x40, 0x00, 0x28, 0x40,
  0x00, 0x8e, 0x34, 0x40, 0x00, 0x28, 0x40, 0x10, 0x92, 0x47, 0x6e, 0x00,
  0x9c, 0x47, 0x6e, 0x16, 0x92, 0x4f, 0x58, 0x00, 0x9c, 0x4f, 0x58, 0x10,
  0x82, 0x47, 0x40, 0x00, 0x8c, 0x47, 0x40, 0x0c, 0x82, 0x4f, 0x40, 0x00,
  0x8c, 0x4f, 0x40, 0x1b, 0x92, 0x47, 0x63, 0x00, 0x9c, 0x47, 0x63, 0x02,
  0x83, 0x47, 0x40, 0x00, 0x8d, 0x47, 0x40, 0x10, 0x92, 0x4f, 0x58, 0x00,
  0x9c, 0x4f, 0x58, 0x1b, 0x82, 0x47, 0x40, 0x00, 0x8c, 0x47, 0x40, 0x08,
  0x82, 0x4f, 0x40, 0x00, 0x8c, 0x4f, 0x40, 0x23, 0x92, 0x43, 0x63, 0x00,
  0x9c, 0x43, 0x63, 0x0a, 0x92, 0x4e, 0x58, 0x00, 0x9c, 0x4e, 0x58, 0x06,
  0x93, 0x48, 0x64, 0x00, 0x9d, 0x48, 0x64, 0x16, 0x82, 0x43, 0x40, 0x00,
  0x8c, 0x43, 0x40, 0x07, 0x82, 0x4e, 0x40, 0x00, 0x8c, 0x4e, 0x40, 0x28,
  0x92, 0x43, 0x6e, 0x00, 0x9c, 0x43, 0x6e, 0x02, 0x92, 0x4e, 0x58, 0x00,
  0x9c, 0x4e, 0x58, 0x1f, 0x82, 0x43, 0x40, 0x00, 0x8c, 0x43, 0x40, 0x02,
  0x82, 0x4e, 0x40, 0x00, 0x8c, 0x4e, 0x40, 0x20, 0x92, 0x43, 0x6e, 0x00,
  0x9c, 0x43, 0x6e, 0x0d, 0x92, 0x4e, 0x4d, 0x00, 0x9c, 0x4e, 0x4d, 0x16,
  0x82, 0x43, 0x40, 0x00, 0x8c, 0x43, 0x40, 0x1c, 0x82, 0x4e, 0x40, 0x00,
  0x8c, 0x4e, 0x40, 0x1b, 0x83, 0x48, 0x40, 0x00, 0x8d, 0x48, 0x40, 0x05,
  0x92, 0x4b, 0x4d, 0x00, 0x9c, 0x4b, 0x4d, 0x03, 0x92, 0x46, 0x6e, 0x00,
  0x9c, 0x46, 0x6e, 0x23, 0x82, 0x46, 0x40, 0x00, 0x8c, 0x46, 0x40, 0x05,
  0x82, 0x4b, 0x40, 0x00, 0x8c, 0x4b, 0x40, 0x28, 0x92, 0x4b, 0x58, 0x00,
  0x9c, 0x4b, 0x58, 0x02, 0x92, 0x46, 0x4d, 0x00, 0x9c, 0x46, 0x4d, 0x10,
  0x93, 0x43, 0x64, 0x00, 0x9d, 0x43, 0x64, 0x0e, 0x82, 0x46, 0x40, 0x00,
  0x8c, 0x46, 0x40, 0x06, 0x82, 0x4b, 0x40, 0x00, 0x8c, 0x4b, 0x40, 0x1d,
  0x92, 0x46, 0x58, 0x00, 0x9c, 0x46, 0x58, 0x0d, 0x92, 0x4b, 0x4d, 0x00,
  0x9c, 0x4b, 0x4d, 0x16, 0x82, 0x46, 0x40, 0x00, 0x8c, 0x46, 0x40, 0x0d,
  0x82, 0x4b, 0x40, 0x00, 0x8c, 0x4b, 0x40, 0x14, 0x83, 0x43, 0x40, 0x00,
  0x8d, 0x43, 0x40, 0x0a, 0x94, 0x34, 0x69, 0x00, 0x28, 0x69, 0x00, 0x9e,
  0x34, 0x69, 0x00, 0x28, 0x69, 0x07, 0x93, 0x40, 0x56, 0x00, 0x9d, 0x40,
  0x56, 0x1d, 0x93, 0x3f, 0x64, 0x00, 0x9d, 0x3f, 0x64, 0x81, 0x24, 0x83,
  0x40, 0x40, 0x00, 0x8d, 0x40, 0x40, 0x2a, 0x92, 0x53, 0x71, 0x00, 0x9c,
  0x53, 0x71, 0x03, 0x92, 0x4b, 0x71, 0x00, 0x9c, 0x4b, 0x71, 0x20, 0x82,
  0x53, 0x40, 0x00, 0x8c, 0x53, 0x40, 0x01, 0x82, 0x4b, 0x40, 0x00, 0x8c,
  0x4b, 0x40, 0x2d, 0x84, 0x34, 0x40, 0x00, 0x28, 0x40, 0x00, 0x8e, 0x34,
  0x40, 0x00, 0x28, 0x40, 0x02, 0x92, 0x4b, 0x6a, 0x00, 0x9c, 0x4b, 0x6a,
  0x02, 0x92, 0x53, 0x4a, 0x00, 0x9c, 0x53, 0x4a, 0x1c, 0x82, 0x4b, 0x40,
  0x00, 0x8c, 0x4b, 0x40, 0x02, 0x83, 0x3f, 0x40, 0x00, 0x8d, 0x3f, 0x40,
  0x00, 0x82, 0x53, 0x40, 0x00, 0x8c, 0x53, 0x40, 0x28, 0x92, 0x4b, 0x4a,
  0x00, 0x53, 0x42, 0x00, 0x9c, 0x4b, 0x4a, 0x00, 0x53, 0x42, 0x21, 0x82,
  0x4b, 0x40, 0x00, 0x8c, 0x4b, 0x40, 0x0f, 0x82, 0x53, 0x40, 0x00, 0x8c,
  0x53, 0x40, 0x2d, 0x92, 0x52, 0x79, 0x00, 0x9c, 0x52, 0x79, 0x0a, 0x92,
  0x4c, 0x67, 0x00, 0x9c, 0x4c, 0x67, 0x01, 0x93, 0x3c, 0x6d, 0x00, 0x9d,
  0x3c, 0x6d, 0x1b, 0x82, 0x52, 0x40, 0x00, 0x8c, 0x52, 0x40, 0x05, 0x82,
  0x4c, 0x40, 0x00, 0x8c, 0x4c, 0x40, 0x16, 0x92, 0x4c, 0x51, 0x00, 0x9c,
  0x4c, 0x51, 0x11, 0x92, 0x52, 0x73, 0x00, 0x9c, 0x52, 0x73, 0x15, 0x82,
  0x4c, 0x40, 0x00, 0x8c, 0x4c, 0x40, 0x0c, 0x82, 0x52, 0x40, 0x00, 0x8c,
  0x52, 0x40, 0x1b, 0x92, 0x4c, 0x55, 0x00, 0x9c, 0x4c, 0x55, 0x0a, 0x92,
  0x52, 0x5e, 0x00, 0x9c, 0x52, 0x5e, 0x28, 0x82, 0x4c, 0x40, 0x00, 0x8c,
  0x4c, 0x40, 0x05, 0x82, 0x52, 0x40, 0x00, 0x8c, 0x52, 0x40, 0x11, 0x83,
  0x3c, 0x40, 0x00, 0x8d, 0x3c, 0x40, 0x12, 0x92, 0x46, 0x63, 0x00, 0x9c,
  0x46, 0x63, 0x0a, 0x92, 0x4e, 0x4f, 0x00, 0x9c, 0x4e, 0x4f, 0x1c, 0x82,
  0x46, 0x40, 0x00, 0x8c, 0x46, 0x40, 0x0f, 0x82, 0x4e, 0x40, 0x00, 0x8c,
  0x4e, 0x40, 0x1e, 0x92, 0x46, 0x4a, 0x00, 0x9c, 0x46, 0x4a, 0x05, 0x93,
  0x43, 0x6d, 0x00, 0x9d, 0x43, 0x6d, 0x0c, 0x92, 0x4e, 0x4a, 0x00, 0x9c,
  0x4e, 0x4a, 0x0d, 0x82, 0x46, 0x40, 0x00, 0x8c, 0x46, 0x40, 0x1b, 0x82,
  0x4e, 0x40, 0x00, 0x8c, 0x4e, 0x40, 0x0f, 0x92, 0x46, 0x6a, 0x00, 0x9c,
  0x46, 0x6a, 0x17, 0x92, 0x4e, 0x3e, 0x00, 0x9c, 0x4e, 0x3e, 0x0b, 0x83,
  0x43, 0x40, 0x00, 0x8d, 0x43, 0x40, 0x01, 0x82, 0x46, 0x40, 0x00, 0x8c,
  0x46, 0x40, 0x1f, 0x82, 0x4e, 0x40, 0x00, 0x8c, 0x4e, 0x40, 0x0e, 0x92,
  0x51, 0x71, 0x00, 0x9c, 0x51, 0x71, 0x08, 0x92, 0x49, 0x63, 0x00, 0x9c,
  0x49, 0x63, 0x0b, 0x93, 0x40, 0x6d, 0x00, 0x9d, 0x40, 0x6d, 0x13, 0x82,
  0x51, 0x40, 0x00, 0x8c, 0x51, 0x40, 0x05, 0x82, 0x49, 0x40, 0x00, 0x8c,
  0x49, 0x40, 0x20, 0x92, 0x51, 0x65, 0x00, 0x9c, 0x51, 0x65, 0x05, 0x92,
  0x49, 0x4f, 0x00, 0x9c, 0x49, 0x4f, 0x21, 0x82, 0x51, 0x40, 0x00, 0x8c,
  0x51, 0x40, 0x05, 0x82, 0x49, 0x40, 0x00, 0x8c, 0x49, 0x40, 0x23, 0x92,
  0x51, 0x4f, 0x00, 0x9c, 0x51, 0x4f, 0x07, 0x92, 0x49, 0x55, 0x00, 0x9c,
  0x49, 0x55, 0x1a, 0x82, 0x51, 0x40, 0x00, 0x8c, 0x51, 0x40, 0x1d, 0x82,
  0x49, 0x40, 0x00, 0x8c, 0x49, 0x40, 0x19, 0x92, 0x4f, 0x71, 0x00, 0x9c,
  0x4f, 0x71, 0x03, 0x92, 0x47, 0x5e, 0x00, 0x9c, 0x47, 0x5e, 0x19, 0x82,
  0x4f, 0x40, 0x00, 0x8c, 0x4f, 0x40, 0x0d, 0x82, 0x47, 0x40, 0x00, 0x8c,
  0x47, 0x40, 0x63, 0x92, 0x4f, 0x55, 0x00, 0x9c, 0x4f, 0x55, 0x14, 0x92,
  0x47, 0x71, 0x00, 0x9c, 0x47, 0x71, 0x1e, 0x82, 0x4f, 0x40, 0x00, 0x8c,
  0x4f, 0x40, 0x08, 0x82, 0x47, 0x40, 0x00, 0x8c, 0x47, 0x40, 0x20, 0x92,
  0x4b, 0x65, 0x00, 0x9c, 0x4b, 0x65, 0x0a, 0x92, 0x43, 0x71, 0x00, 0x9c,
  0x43, 0x71, 0x1e, 0x82, 0x4b, 0x40, 0x00, 0x8c, 0x4b, 0x40, 0x05, 0x82,
  0x43, 0x40, 0x00, 0x8c, 0x43, 0x40, 0x23, 0x92, 0x4b, 0x5c, 0x00, 0x9c,
  0x4b, 0x5c, 0x0a, 0x92, 0x43, 0x71, 0x00, 0x9c, 0x43, 0x71, 0x21, 0x82,
  0x4b, 0x40, 0x00, 0x8c, 0x4b, 0x40, 0x02, 0x82, 0x43, 0x40, 0x00, 0x8c,
  0x43, 0x40, 0x23, 0x92, 0x4b, 0x3e, 0x00, 0x9c, 0x4b, 0x3e, 0x05, 0x92,
  0x43, 0x63, 0x00, 0x9c, 0x43, 0x63, 0x23, 0x82, 0x4b, 0x40, 0x00, 0x8c,
  0x4b, 0x40, 0x03, 0x82, 0x43, 0x40, 0x00, 0x8c, 0x43, 0x40, 0x1e, 0x92,
  0x48, 0x46, 0x00, 0x9c, 0x48, 0x46, 0x14, 0x92, 0x3f, 0x65, 0x00, 0x9c,
  0x3f, 0x65, 0x17, 0x82, 0x48, 0x40, 0x00, 0x8c, 0x48, 0x40, 0x0f, 0x82,
  0x3f, 0x40, 0x00, 0x8c, 0x3f, 0x40, 0x22, 0x92, 0x48, 0x55, 0x00, 0x9c,
  0x48, 0x55, 0x08, 0x92, 0x3f, 0x6a, 0x00, 0x9c, 0x3f, 0x6a, 0x11, 0x82,
  0x48, 0x40, 0x00, 0x8c, 0x48, 0x40, 0x12, 0x82, 0x3f, 0x40, 0x00, 0x8c,
  0x3f, 0x40, 0x1e, 0x92, 0x48, 0x5c, 0x00, 0x9c, 0x48, 0x5c, 0x11, 0x92,
  0x3f, 0x75, 0x00, 0x9c, 0x3f, 0x75, 0x12, 0x82, 0x48, 0x40, 0x00, 0x8c,
  0x48, 0x40, 0x03, 0x83, 0x40, 0x40, 0x00, 0x8d, 0x40, 0x40, 0x13, 0x82,
  0x3f, 0x40, 0x00, 0x8c, 0x3f, 0x40, 0x26, 0x93, 0x34, 0x58, 0x00, 0x40,
  0x52, 0x00, 0x9d, 0x34, 0x58, 0x00, 0x40, 0x52, 0x07, 0x94, 0x34, 0x72,
  0x00, 0x28, 0x72, 0x00, 0x9e, 0x34, 0x72, 0x00, 0x28, 0x72, 0x81, 0x64,
  0x83, 0x40, 0x40, 0x00, 0x8d, 0x40, 0x40, 0x11, 0x92, 0x47, 0x58, 0x00,
  0x9c, 0x47, 0x58, 0x0a, 0x92, 0x43, 0x6e, 0x00, 0x9c, 0x43, 0x6e, 0x14,
  0x82, 0x47, 0x40, 0x00, 0x8c, 0x47, 0x40, 0x0d, 0x82, 0x43, 0x40, 0x00,
  0x8c, 0x43, 0x40, 0x09, 0x84, 0x34, 0x40, 0x00, 0x28, 0x40, 0x00, 0x8e,
  0x34, 0x40, 0x00, 0x28, 0x40, 0x1c, 0x92, 0x47, 0x4d, 0x00, 0x9c, 0x47,
  0x4d, 0x0a, 0x92, 0x43, 0x58, 0x00, 0x9c, 0x43, 0x58, 0x12, 0x82, 0x47,
  0x40, 0x00, 0x8c, 0x47, 0x40, 0x02, 0x82, 0x43, 0x40, 0x00, 0x8c, 0x43,
  0x40, 0x26, 0x92, 0x43, 0x58, 0x00, 0x9c, 0x43, 0x58, 0x07, 0x92, 0x47,
  0x43, 0x00, 0x9c, 0x47, 0x43, 0x28, 0x82, 0x47, 0x40, 0x00, 0x8c, 0x47,
  0x40, 0x0b, 0x82, 0x43, 0x40, 0x00, 0x8c, 0x43, 0x40, 0x1d, 0x92, 0x3f,
  0x63, 0x00, 0x9c, 0x3f, 0x63, 0x01, 0x83, 0x34, 0x40, 0x00, 0x8d, 0x34,
  0x40, 0x02, 0x92, 0x48, 0x6e, 0x00, 0x9c, 0x48, 0x6e, 0x23, 0x82, 0x48,
  0x40, 0x00, 0x8c, 0x48, 0x40, 0x0c, 0x82, 0x3f, 0x40, 0x00, 0x8c, 0x3f,
  0x40, 0x1e, 0x92, 0x48, 0x58, 0x00, 0x9c, 0x48, 0x58, 0x0d, 0x92, 0x3f,
  0x58, 0x00, 0x9c, 0x3f, 0x58, 0x11, 0x82, 0x48, 0x40, 0x00, 0x8c, 0x48,
  0x40, 0x15, 0x82, 0x3f, 0x40, 0x00, 0x8c, 0x3f, 0x40, 0x1b, 0x92, 0x48,
  0x4d, 0x00, 0x9c, 0x48, 0x4d, 0x07, 0x92, 0x3f, 0x58, 0x00, 0x9c, 0x3f,
  0x58, 0x23, 0x82, 0x3f, 0x40, 0x00, 0x8c, 0x3f, 0x40, 0x0b, 0x82, 0x48,
  0x40, 0x00, 0x8c, 0x48, 0x40, 0x1b, 0x92, 0x45, 0x58, 0x00, 0x9c, 0x45,
  0x58, 0x0a, 0x92, 0x42, 0x63, 0x00, 0x9c, 0x42, 0x63, 0x21, 0x82, 0x45,
  0x40, 0x00, 0x8c, 0x45, 0x40, 0x0a, 0x82, 0x42, 0x40, 0x00, 0x8c, 0x42,
  0x40, 0x1d, 0x92, 0x45, 0x43, 0x00, 0x9c, 0x45, 0x43, 0x0d, 0x92, 0x42,
  0x4d, 0x00, 0x9c, 0x42, 0x4d, 0x1e, 0x82, 0x45, 0x40, 0x00, 0x8c, 0x45,
  0x40, 0x03, 0x82, 0x42, 0x40, 0x00, 0x8c, 0x42, 0x40, 0x1d, 0x92, 0x45,
  0x58, 0x00, 0x9c, 0x45, 0x58, 0x0a, 0x92, 0x42, 0x48, 0x00, 0x9c, 0x42,
  0x48, 0x1e, 0x82, 0x45, 0x40, 0x00, 0x8c, 0x45, 0x40, 0x19, 0x82, 0x42,
  0x40, 0x00, 0x8c, 0x42, 0x40, 0x14, 0x93, 0x34, 0x4d, 0x00, 0x40, 0x52,
  0x00, 0x9d, 0x34, 0x4d, 0x00, 0x40, 0x52, 0x00, 0x94, 0x34, 0x72, 0x00,
  0x28, 0x72, 0x00, 0x9e, 0x34, 0x72, 0x00, 0x28, 0x72, 0x81, 0x48, 0x83,
  0x40, 0x40, 0x00, 0x8d, 0x40, 0x40, 0x26, 0x92, 0x47, 0x58, 0x00, 0x9c,
  0x47, 0x58, 0x14, 0x92, 0x4f, 0x6e, 0x00, 0x9c, 0x4f, 0x6e, 0x12, 0x82,
  0x47, 0x40, 0x00, 0x8c, 0x47, 0x40, 0x0f, 0x82, 0x4f, 0x40, 0x00, 0x8c,
  0x4f, 0x40, 0x06, 0x84, 0x34, 0x40, 0x00, 0x28, 0x40, 0x00, 0x8e, 0x34,
  0x40, 0x00, 0x28, 0x40, 0x10, 0x92, 0x47, 0x6e, 0x00, 0x9c, 0x47, 0x6e,
  0x16, 0x92, 0x4f, 0x58, 0x00, 0x9c, 0x4f, 0x58, 0x10, 0x82, 0x47, 0x40,
  0x00, 0x8c, 0x47, 0x40, 0x0c, 0x82, 0x4f, 0x40, 0x00, 0x8c, 0x4f, 0x40,
  0x1b, 0x92, 0x47, 0x63, 0x00, 0x9c, 0x47, 0x63, 0x12, 0x92, 0x4f, 0x58,
  0x00, 0x9c, 0x4f, 0x58, 0x1b, 0x82, 0x47, 0x40, 0x00, 0x8c, 0x47, 0x40,
  0x08, 0x82, 0x4f, 0x40, 0x00, 0x8c, 0x4f, 0x40, 0x0a, 0x83, 0x34, 0x40,
  0x00, 0x8d, 0x34, 0x40, 0x19, 0x92, 0x43, 0x63, 0x00, 0x9c, 0x43, 0x63,
  0x0a, 0x92, 0x4e, 0x58, 0x00, 0x9c, 0x4e, 0x58, 0x1c, 0x82, 0x43, 0x40,
  0x00, 0x8c, 0x43, 0x40, 0x07, 0x82, 0x4e, 0x40, 0x00, 0x8c, 0x4e, 0x40,
  0x28, 0x92, 0x43, 0x6e, 0x00, 0x9c, 0x43, 0x6e, 0x02, 0x92, 0x4e, 0x58,
  0x00, 0x9c, 0x4e, 0x58, 0x1f, 0x82, 0x43, 0x40, 0x00, 0x8c, 0x43, 0x40,
  0x02, 0x82, 0x4e, 0x40, 0x00, 0x8c, 0x4e, 0x40, 0x20, 0x92, 0x43, 0x6e,
  0x00, 0x9c, 0x43, 0x6e, 0x0d, 0x92, 0x4e, 0x4d, 0x00, 0x9c, 0x4e, 0x4d,
  0x16, 0x82, 0x43, 0x40, 0x00, 0x8c, 0x43, 0x40, 0x1c, 0x82, 0x4e, 0x40,
  0x00, 0x8c, 0x4e, 0x40, 0x20, 0x92, 0x4b, 0x4d, 0x00, 0x9c, 0x4b, 0x4d,
  0x03, 0x92, 0x46, 0x6e, 0x00, 0x9c, 0x46, 0x6e, 0x23, 0x82, 0x46, 0x40,
  0x00, 0x8c, 0x46, 0x40, 0x05, 0x82, 0x4b, 0x40, 0x00, 0x8c, 0x4b, 0x40,
  0x28, 0x92, 0x4b, 0x58, 0x00, 0x9c, 0x4b, 0x58, 0x02, 0x92, 0x46, 0x4d,
  0x00, 0x9c, 0x46, 0x4d, 0x1e, 0x82, 0x46, 0x40, 0x00, 0x8c, 0x46, 0x40,
  0x06, 0x82, 0x4b, 0x40, 0x00, 0x8c, 0x4b, 0x40, 0x1d, 0x92, 0x46, 0x58,
  0x00, 0x9c, 0x46, 0x58, 0x0d, 0x92, 0x4b, 0x4d, 0x00, 0x9c, 0x4b, 0x4d,
  0x16, 0x82, 0x46, 0x40, 0x00, 0x8c, 0x46, 0x40, 0x0d, 0x82, 0x4b, 0x40,
  0x00, 0x8c, 0x4b, 0x40, 0x1e, 0x94, 0x34, 0x69, 0x00, 0x28, 0x69, 0x00,
  0x9e, 0x34, 0x69, 0x00, 0x28, 0x69, 0x07, 0x93, 0x34, 0x60, 0x00, 0x40,
  0x56, 0x00, 0x9d, 0x34, 0x60, 0x00, 0x40, 0x56, 0x81, 0x41, 0x83, 0x40,
  0x40, 0x00, 0x8d, 0x40, 0x40, 0x2a, 0x92, 0x53, 0x71, 0x00, 0x9c, 0x53,
  0x71, 0x03, 0x92, 0x4b, 0x71, 0x00, 0x9c, 0x4b, 0x71, 0x20, 0x82, 0x53,
  0x40, 0x00, 0x8c, 0x53, 0x40, 0x01, 0x82, 0x4b, 0x40, 0x00, 0x8c, 0x4b,
  0x40, 0x2d, 0x84, 0x34, 0x40, 0x00, 0x28, 0x40, 0x00, 0x8e, 0x34, 0x40,
  0x00, 0x28, 0x40, 0x02, 0x92, 0x4b, 0x6a, 0x00, 0x9c, 0x4b, 0x6a, 0x02,
  0x92, 0x53, 0x4a, 0x00, 0x9c, 0x53, 0x4a, 0x1c, 0x82, 0x4b, 0x40, 0x00,
  0x8c, 0x4b, 0x40, 0x02, 0x82, 0x53, 0x40, 0x00, 0x8c, 0x53, 0x40, 0x28,
  0x92, 0x4b, 0x4a, 0x00, 0x53, 0x42, 0x00, 0x9c, 0x4b, 0x4a, 0x00, 0x53,
  0x42, 0x21, 0x82, 0x4b, 0x40, 0x00, 0x8c, 0x4b, 0x40, 0x0f, 0x82, 0x53,
  0x40, 0x00, 0x8c, 0x53, 0x40, 0x08, 0x83, 0x34, 0x40, 0x00, 0x8d, 0x34,
  0x40, 0x25, 0x92, 0x52, 0x79, 0x00, 0x9c, 0x52, 0x79, 0x0a, 0x92, 0x4c,
  0x67, 0x00, 0x9c, 0x4c, 0x67, 0x1c, 0x82, 0x52, 0x40, 0x00, 0x8c, 0x52,
  0x40, 0x05, 0x82, 0x4c, 0x40, 0x00, 0x8c, 0x4c, 0x40, 0x16, 0x92, 0x4c,
  0x51, 0x00, 0x9c, 0x4c, 0x51, 0x11, 0x92, 0x52, 0x73, 0x00, 0x9c, 0x52,
  0x73, 0x15, 0x82, 0x4c, 0x40, 0x00, 0x8c, 0x4c, 0x40, 0x0c, 0x82, 0x52,
  0x40, 0x00, 0x8c, 0x52, 0x40, 0x1b, 0x92, 0x4c, 0x55, 0x00, 0x9c, 0x4c,
  0x55, 0x0a, 0x92, 0x52, 0x5e, 0x00, 0x9c, 0x52, 0x5e, 0x28, 0x82, 0x4c,
  0x40, 0x00, 0x8c, 0x4c, 0x40, 0x05, 0x82, 0x52, 0x40, 0x00, 0x8c, 0x52,
  0x40, 0x23, 0x92, 0x46, 0x63, 0x00, 0x9c, 0x46, 0x63, 0x0a, 0x92, 0x4e,
  0x4f, 0x00, 0x9c, 0x4e, 0x4f, 0x1c, 0x82, 0x46, 0x40, 0x00, 0x8c, 0x46,
  0x40, 0x0f, 0x82, 0x4e, 0x40, 0x00, 0x8c, 0x4e, 0x40, 0x1e, 0x92, 0x46,
  0x4a, 0x00, 0x9c, 0x46, 0x4a, 0x11, 0x92, 0x4e, 0x4a, 0x00, 0x9c, 0x4e,
  0x4a, 0x0d, 0x82, 0x46, 0x40, 0x00, 0x8c, 0x46, 0x40, 0x1b, 0x82, 0x4e,
  0x40, 0x00, 0x8c, 0x4e, 0x40, 0x0f, 0x92, 0x46, 0x6a, 0x00, 0x9c, 0x46,
  0x6a, 0x17, 0x92, 0x4e, 0x3e, 0x00, 0x9c, 0x4e, 0x3e, 0x0c, 0x82, 0x46,
  0x40, 0x00, 0x8c, 0x46, 0x40, 0x1f, 0x82, 0x4e, 0x40, 0x00, 0x8c, 0x4e,
  0x40, 0x0e, 0x92, 0x51, 0x71, 0x00, 0x9c, 0x51, 0x71, 0x08, 0x92, 0x49,
  0x63, 0x00, 0x9c, 0x49, 0x63, 0x1e, 0x82, 0x51, 0x40, 0x00, 0x8c, 0x51,
  0x40, 0x05, 0x82, 0x49, 0x40, 0x00, 0x8c, 0x49, 0x40, 0x20, 0x92, 0x51,
  0x65, 0x00, 0x9c, 0x51, 0x65, 0x05, 0x92, 0x49, 0x4f, 0x00, 0x9c, 0x49,
  0x4f, 0x21, 0x82, 0x51, 0x40, 0x00, 0x8c, 0x51, 0x40, 0x05, 0x82, 0x49,
  0x40, 0x00, 0x8c, 0x49, 0x40, 0x23, 0x92, 0x51, 0x4f, 0x00, 0x9c, 0x51,
  0x4f, 0x07, 0x92, 0x49, 0x55, 0x00, 0x9c, 0x49, 0x55, 0x1a, 0x82, 0x51,
  0x40, 0x00, 0x8c, 0x51, 0x40, 0x1d, 0x82, 0x49, 0x40, 0x00, 0x8c, 0x49,
  0x40, 0x19, 0x92, 0x4f, 0x71, 0x00, 0x9c, 0x4f, 0x71, 0x03, 0x92, 0x47,
  0x5e, 0x00, 0x9c, 0x47, 0x5e, 0x19, 0x82, 0x4f, 0x40, 0x00, 0x8c, 0x4f,
  0x40, 0x0d, 0x82, 0x47, 0x40, 0x00, 0x8c, 0x47, 0x40, 0x63, 0x92, 0x4f,
  0x55, 0x00, 0x9c, 0x4f, 0x55, 0x14, 0x92, 0x47, 0x71, 0x00, 0x9c, 0x47,
  0x71, 0x1e, 0x82, 0x4f, 0x40, 0x00, 0x8c, 0x4f, 0x40, 0x08, 0x82, 0x47,
  0x40, 0x00, 0x8c, 0x47, 0x40, 0x20, 0x92, 0x4b, 0x65, 0x00, 0x9c, 0x4b,
  0x65, 0x0a, 0x92, 0x43, 0x71, 0x00, 0x9c, 0x43, 0x71, 0x1e, 0x82, 0x4b,
  0x40, 0x00, 0x8c, 0x4b, 0x40, 0x05, 0x82, 0x43, 0x40, 0x00, 0x8c, 0x43,
  0x40, 0x23, 0x92, 0x4b, 0x5c, 0x00, 0x9c, 0x4b, 0x5c, 0x0a, 0x92, 0x43,
  0x71, 0x00, 0x9c, 0x43, 0x71, 0x21, 0x82, 0x4b, 0x40, 0x00, 0x8c, 0x4b,
  0x40, 0x02, 0x82, 0x43, 0x40, 0x00, 0x8c, 0x43, 0x40, 0x23, 0x92, 0x4b,
  0x3e, 0x00, 0x9c, 0x4b, 0x3e, 0x05, 0x92, 0x43, 0x63, 0x00, 0x9c, 0x43,
  0x63, 0x23, 0x82, 0x4b, 0x40, 0x00, 0x8c, 0x4b, 0x40, 0x03, 0x82, 0x43,
  0x40, 0x00, 0x8c, 0x43, 0x40, 0x1e, 0x92, 0x48, 0x46, 0x00, 0x9c, 0x48,
  0x46, 0x14, 0x92, 0x3f, 0x65, 0x00, 0x9c, 0x3f, 0x65, 0x17, 0x82, 0x48,
  0x40, 0x00, 0x8c, 0x48, 0x40, 0x0f, 0x82, 0x3f, 0x40, 0x00, 0x8c, 0x3f,
  0x40, 0x22, 0x92, 0x48, 0x55, 0x00, 0x9c, 0x48, 0x55, 0x08, 0x92, 0x3f,
  0x6a, 0x00, 0x9c, 0x3f, 0x6a, 0x11, 0x82, 0x48, 0x40, 0x00, 0x8c, 0x48,
  0x40, 0x12, 0x82, 0x3f, 0x40, 0x00, 0x8c, 0x3f, 0x40, 0x1e, 0x92, 0x48,
  0x5c, 0x00, 0x9c, 0x48, 0x5c, 0x11, 0x92, 0x3f, 0x75, 0x00, 0x9c, 0x3f,
  0x75, 0x12, 0x82, 0x48, 0x40, 0x00, 0x8c, 0x48, 0x40, 0x16, 0x82, 0x3f,
  0x40, 0x00, 0x8c, 0x3f, 0x40, 0x23, 0x92, 0x53, 0x4d, 0x00, 0x40, 0x58,
  0x00, 0x9c, 0x53, 0x4d, 0x00, 0x40, 0x58, 0x08, 0x92, 0x50, 0x58, 0x00,
  0x9c, 0x50, 0x58, 0x43, 0x92, 0x41, 0x4d, 0x00, 0x3b, 0x4d, 0x00, 0x9c,
  0x41, 0x4d, 0x00, 0x3b, 0x4d, 0x03, 0x92, 0x54, 0x4d, 0x00, 0x9c, 0x54,
  0x4d, 0x0a, 0x82, 0x53, 0x40, 0x00, 0x8c, 0x53, 0x40, 0x07, 0x92, 0x4f,
  0x3e, 0x00, 0x9c, 0x4f, 0x3e, 0x03, 0x82, 0x50, 0x40, 0x00, 0x8c, 0x50,
  0x40, 0x02, 0x82, 0x40, 0x40, 0x00, 0x8c, 0x40, 0x40, 0x32, 0x82, 0x3b,
  0x40, 0x00, 0x8c, 0x3b, 0x40, 0x05, 0x92, 0x56, 0x43, 0x00, 0x43, 0x43,
  0x00, 0x35, 0x48, 0x00, 0x9c, 0x56, 0x43, 0x00, 0x43, 0x43, 0x00, 0x35,
  0x48, 0x0f, 0x82, 0x41, 0x40, 0x00, 0x8c, 0x41, 0x40, 0x01, 0x82, 0x54,
  0x40, 0x00, 0x8c, 0x54, 0x40, 0x02, 0x92, 0x4c, 0x4d, 0x00, 0x9c, 0x4c,
  0x4d, 0x14, 0x82, 0x4f, 0x40, 0x00, 0x8c, 0x4f, 0x40, 0x2a, 0x92, 0x44,
  0x34, 0x00, 0x9c, 0x44, 0x34, 0x05, 0x92, 0x59, 0x39, 0x00, 0x34, 0x63,
  0x00, 0x9c, 0x59, 0x39, 0x00, 0x34, 0x63, 0x03, 0x82, 0x43, 0x40, 0x00,
  0x8c, 0x43, 0x40, 0x05, 0x82, 0x4c, 0x40, 0x00, 0x8c, 0x4c, 0x40, 0x02,
  0x92, 0x48, 0x58, 0x00, 0x9c, 0x48, 0x58, 0x03, 0x82, 0x56, 0x40, 0x00,
  0x8c, 0x56, 0x40, 0x0c, 0x82, 0x35, 0x40, 0x00, 0x8c, 0x35, 0x40, 0x2b,
  0x82, 0x59, 0x40, 0x00, 0x8c, 0x59, 0x40, 0x07, 0x92, 0x43, 0x48, 0x00,
  0x33, 0x4d, 0x00, 0x9c, 0x43, 0x48, 0x00, 0x33, 0x4d, 0x03, 0x92, 0x58,
  0x39, 0x00, 0x9c, 0x58, 0x39, 0x02, 0x82, 0x48, 0x40, 0x00, 0x8c, 0x48,
  0x40, 0x05, 0x82, 0x34, 0x40, 0x00, 0x8c, 0x34, 0x40, 0x05, 0x92, 0x47,
  0x48, 0x00, 0x9c, 0x47, 0x48, 0x03, 0x82, 0x44, 0x40, 0x00, 0x8c, 0x44,
  0x40, 0x39, 0x82, 0x47, 0x40, 0x00, 0x8c, 0x47, 0x40, 0x00, 0x92, 0x48,
  0x3e, 0x00, 0x9c, 0x48, 0x3e, 0x03, 0x82, 0x58, 0x40, 0x00, 0x8c, 0x58,
  0x40, 0x02, 0x82, 0x43, 0x40, 0x00, 0x8c, 0x43, 0x40, 0x00, 0x92, 0x59,
  0x3e, 0x00, 0x44, 0x48, 0x00, 0x34, 0x4d, 0x00, 0x9c, 0x59, 0x3e, 0x00,
  0x44, 0x48, 0x00, 0x34, 0x4d, 0x03, 0x82, 0x33, 0x40, 0x00, 0x8c, 0x33,
  0x40, 0x2e, 0xc3, 0x2e, 0x00, 0xcd, 0x2e, 0x1f, 0x92, 0x4c, 0x4d, 0x00,
  0x9c, 0x4c, 0x4d, 0x03, 0x92, 0x54, 0x4d, 0x00, 0x9c, 0x54, 0x4d, 0x02,
  0x82, 0x48, 0x40, 0x00, 0x8c, 0x48, 0x40, 0x00, 0x92, 0x41, 0x58, 0x00,
  0x38, 0x58, 0x00, 0x9c, 0x41, 0x58, 0x00, 0x38, 0x58, 0x05, 0x82, 0x59,
  0x40, 0x00, 0x34, 0x40, 0x00, 0x8c, 0x59, 0x40, 0x00, 0x34, 0x40, 0x0d,
  0x82, 0x44, 0x40, 0x00, 0x8c, 0x44, 0x40, 0x32, 0x82, 0x41, 0x40, 0x00,
  0x8c, 0x41, 0x40, 0x03, 0x82, 0x54, 0x40, 0x00, 0x8c, 0x54, 0x40, 0x02,
  0x92, 0x4b, 0x43, 0x00, 0x53, 0x48, 0x00, 0x9c, 0x4b, 0x43, 0x00, 0x53,
  0x48, 0x02, 0x82, 0x4c, 0x40, 0x00, 0x8c, 0x4c, 0x40, 0x00, 0x92, 0x40,
  0x48, 0x00, 0x9c, 0x40, 0x48, 0x0f, 0x92, 0x37, 0x4d, 0x00, 0x9c, 0x37,
  0x4d, 0x0a, 0x82, 0x38, 0x40, 0x00, 0x8c, 0x38, 0x40, 0x23, 0x92, 0x4c,
  0x43, 0x00, 0x9c, 0x4c, 0x43, 0x03, 0x82, 0x4b, 0x40, 0x00, 0x8c, 0x4b,
  0x40, 0x11, 0x92, 0x54, 0x4d, 0x00, 0x41, 0x43, 0x00, 0x38, 0x4d, 0x00,
  0x9c, 0x54, 0x4d, 0x00, 0x41, 0x43, 0x00, 0x38, 0x4d, 0x0f, 0x82, 0x40,
  0x40, 0x00, 0x8c, 0x40, 0x40, 0x03, 0x82, 0x53, 0x40, 0x00, 0x8c, 0x53,
  0x40, 0x07, 0x82, 0x37, 0x40, 0x00, 0x8c, 0x37, 0x40, 0x2d, 0x82, 0x4c,
  0x40, 0x00, 0x8c, 0x4c, 0x40, 0x05, 0x92, 0x50, 0x58, 0x00, 0x9c, 0x50,
  0x58, 0x05, 0x92, 0x58, 0x39, 0x00, 0x48, 0x4d, 0x00, 0x9c, 0x58, 0x39,
  0x00, 0x48, 0x4d, 0x03, 0x82, 0x38, 0x40, 0x00, 0x8c, 0x38, 0x40, 0x02,
  0x82, 0x41, 0x40, 0x00, 0x8c, 0x41, 0x40, 0x00, 0x92, 0x3b, 0x4d, 0x00,
  0x9c, 0x3b, 0x4d, 0x0a, 0x82, 0x54, 0x40, 0x00, 0x8c, 0x54, 0x40, 0x2d,
  0x82, 0x58, 0x40, 0x00, 0x8c, 0x58, 0x40, 0x05, 0x92, 0x4f, 0x43, 0x00,
  0x9c, 0x4f, 0x43, 0x0a, 0x82, 0x50, 0x40, 0x00, 0x8c, 0x50, 0x40, 0x05,
  0x82, 0x48, 0x40, 0x00, 0x8c, 0x48, 0x40, 0x00, 0x92, 0x57, 0x12, 0x00,
  0x47, 0x48, 0x00, 0x9c, 0x57, 0x12, 0x00, 0x47, 0x48, 0x05, 0x82, 0x3b,
  0x40, 0x00, 0x8c, 0x3b, 0x40, 0x00, 0x92, 0x3a, 0x63, 0x00, 0x9c, 0x3a,
  0x63, 0x3a, 0x92, 0x50, 0x58, 0x00, 0x9c, 0x50, 0x58, 0x07, 0x82, 0x4f,
  0x40, 0x00, 0x8c, 0x4f, 0x40, 0x05, 0x82, 0x47, 0x40, 0x00, 0x8c, 0x47,
  0x40, 0x03, 0x92, 0x58, 0x48, 0x00, 0x9c, 0x58, 0x48, 0x02, 0x92, 0x48,
  0x4d, 0x00, 0x9c, 0x48, 0x4d, 0x03, 0x82, 0x57, 0x40, 0x00, 0x8c, 0x57,
  0x40, 0x02, 0x82, 0x3a, 0x40, 0x00, 0x8c, 0x3a, 0x40, 0x00, 0x92, 0x3b,
  0x58, 0x00, 0x9c, 0x3b, 0x58, 0x35, 0x82, 0x50, 0x40, 0x00, 0x8c, 0x50,
  0x40, 0x08, 0x82, 0x58, 0x40, 0x00, 0x8c, 0x58, 0x40, 0x04, 0x82, 0x3b,
  0x40, 0x00, 0x8c, 0x3b, 0x40, 0x05, 0x82, 0x48, 0x40, 0x00, 0x8c, 0x48,
  0x40, 0x0d, 0x92, 0x51, 0x63, 0x00, 0x9c, 0x51, 0x63, 0x02, 0x92, 0x59,
  0x4d, 0x00, 0x40, 0x58, 0x00, 0x9c, 0x59, 0x4d, 0x00, 0x40, 0x58, 0x05,
  0x92, 0x48, 0x58, 0x00, 0x9c, 0x48, 0x58, 0x3f, 0x82, 0x51, 0x40, 0x00,
  0x8c, 0x51, 0x40, 0x02, 0x92, 0x50, 0x43, 0x00, 0x58, 0x4d, 0x00, 0x9c,
  0x50, 0x43, 0x00, 0x58, 0x4d, 0x08, 0x82, 0x59, 0x40, 0x00, 0x8c, 0x59,
  0x40, 0x00, 0x92, 0x47, 0x43, 0x00, 0x9c, 0x47, 0x43, 0x02, 0x92, 0x3c,
  0x48, 0x00, 0x9c, 0x3c, 0x48, 0x0a, 0x82, 0x40, 0x40, 0x00, 0x8c, 0x40,
  0x40, 0x0a, 0x82, 0x48, 0x40, 0x00, 0x8c, 0x48, 0x40, 0x2d, 0x92, 0x59,
  0x48, 0x00, 0x9c, 0x59, 0x48, 0x05, 0x92, 0x51, 0x48, 0x00, 0x9c, 0x51,
  0x48, 0x05, 0x82, 0x58, 0x40, 0x00, 0x8c, 0x58, 0x40, 0x00, 0x92, 0x3b,
  0x48, 0x00, 0x9c, 0x3b, 0x48, 0x03, 0x82, 0x3c, 0x40, 0x00, 0x8c, 0x3c,
  0x40, 0x00, 0x92, 0x45, 0x48, 0x00, 0x9c, 0x45, 0x48, 0x03, 0x82, 0x47,
  0x40, 0x00, 0x8c, 0x47, 0x40, 0x04, 0x82, 0x50, 0x40, 0x00, 0x8c, 0x50,
  0x40, 0x46, 0x82, 0x59, 0x40, 0x00, 0x8c, 0x59, 0x40, 0x03, 0x92, 0x5c,
  0x48, 0x00, 0x53, 0x4d, 0x00, 0x9c, 0x5c, 0x48, 0x00, 0x53, 0x4d, 0x02,
  0x92, 0x41, 0x58, 0x00, 0x9c, 0x41, 0x58, 0x0a, 0x82, 0x51, 0x40, 0x00,
  0x8c, 0x51, 0x40, 0x03, 0x82, 0x3b, 0x40, 0x00, 0x8c, 0x3b, 0x40, 0x02,
  0x92, 0x44, 0x43, 0x00, 0x9c, 0x44, 0x43, 0x30, 0x82, 0x45, 0x40, 0x00,
  0x8c, 0x45, 0x40, 0x05, 0x92, 0x51, 0x43, 0x00, 0x9c, 0x51, 0x43, 0x03,
  0x82, 0x53, 0x40, 0x00, 0x8c, 0x53, 0x40, 0x02, 0x92, 0x5b, 0x48, 0x00,
  0x9c, 0x5b, 0x48, 0x05, 0x92, 0x40, 0x3e, 0x00, 0x9c, 0x40, 0x3e, 0x05,
  0x82, 0x5c, 0x40, 0x00, 0x8c, 0x5c, 0x40, 0x05, 0x82, 0x44, 0x40, 0x00,
  0x8c, 0x44, 0x40, 0x05, 0x82, 0x41, 0x40, 0x00, 0x8c, 0x41, 0x40, 0x00,
  0x92, 0x47, 0x48, 0x00, 0x9c, 0x47, 0x48, 0x16, 0x93, 0x4c, 0x53, 0x00,
  0x9d, 0x4c, 0x53, 0x14, 0x93, 0x4d, 0x14, 0x00, 0x9d, 0x4d, 0x14, 0x05,
  0x92, 0x53, 0x4d, 0x00, 0x9c, 0x53, 0x4d, 0x0a, 0x92, 0x5c, 0x43, 0x00,
  0x9c, 0x5c, 0x43, 0x06, 0x82, 0x5b, 0x40, 0x00, 0x8c, 0x5b, 0x40, 0x02,
  0x92, 0x3c, 0x58, 0x00, 0x9c, 0x3c, 0x58, 0x03, 0x82, 0x51, 0x40, 0x00,
  0x8c, 0x51, 0x40, 0x04, 0x92, 0x4c, 0x58, 0x00, 0x9c, 0x4c, 0x58, 0x06,
  0x82, 0x47, 0x40, 0x00, 0x8c, 0x47, 0x40, 0x0f, 0x82, 0x40, 0x40, 0x00,
  0x8c, 0x40, 0x40, 0x16, 0x83, 0x4c, 0x40, 0x00, 0x8d, 0x4c, 0x40, 0x05,
  0x82, 0x4c, 0x40, 0x00, 0x8c, 0x4c, 0x40, 0x02, 0x93, 0x4f, 0x1c, 0x00,
  0x9d, 0x4f, 0x1c, 0x05, 0x82, 0x53, 0x40, 0x00, 0x8c, 0x53, 0x40, 0x01,
  0x82, 0x3c, 0x40, 0x00, 0x8c, 0x3c, 0x40, 0x09, 0x82, 0x5c, 0x40, 0x00,
  0x8c, 0x5c, 0x40, 0x00, 0x92, 0x5f, 0x58, 0x00, 0x9c, 0x5f, 0x58, 0x08,
  0x92, 0x35, 0x48, 0x00, 0x9c, 0x35, 0x48, 0x05, 0x92, 0x47, 0x63, 0x00,
  0x9c, 0x47, 0x63, 0x0a, 0x92, 0x4c, 0x58, 0x00, 0x9c, 0x4c, 0x58, 0x05,
  0x83, 0x4d, 0x40, 0x00, 0x8d, 0x4d, 0x40, 0x0a, 0x93, 0x51, 0x3b, 0x00,
  0x9d, 0x51, 0x3b, 0x20, 0x83, 0x4f, 0x40, 0x00, 0x8d, 0x4f, 0x40, 0x08,
  0x92, 0x5e, 0x43, 0x00, 0x9c, 0x5e, 0x43, 0x05, 0x82, 0x5f, 0x40, 0x00,
  0x8c, 0x5f, 0x40, 0x02, 0x93, 0x53, 0x34, 0x00, 0x9d, 0x53, 0x34, 0x00,
  0x92, 0x38, 0x43, 0x00, 0x9c, 0x38, 0x43, 0x03, 0x92, 0x48, 0x4d, 0x00,
  0x9c, 0x48, 0x4d, 0x08, 0x82, 0x4c, 0x40, 0x00, 0x8c, 0x4c, 0x40, 0x04,
  0x92, 0x48, 0x48, 0x00, 0x9c, 0x48, 0x48, 0x06, 0x82, 0x47, 0x40, 0x00,
  0x8c, 0x47, 0x40, 0x02, 0x83, 0x51, 0x40, 0x00, 0x8d, 0x51, 0x40, 0x08,
  0x82, 0x35, 0x40, 0x00, 0x8c, 0x35, 0x40, 0x13, 0x93, 0x54, 0x3f, 0x00,
  0x9d, 0x54, 0x3f, 0x0f, 0x92, 0x5f, 0x58, 0x00, 0x9c, 0x5f, 0x58, 0x03,
  0x83, 0x53, 0x40, 0x00, 0x8d, 0x53, 0x40, 0x0c, 0x82, 0x48, 0x40, 0x00,
  0x8c, 0x48, 0x40, 0x00, 0x82, 0x48, 0x40, 0x00, 0x8c, 0x48, 0x40, 0x00,
  0x93, 0x56, 0x43, 0x00, 0x9d, 0x56, 0x43, 0x00, 0x92, 0x4c, 0x48, 0x00,
  0x9c, 0x4c, 0x48, 0x01, 0x82, 0x5e, 0x40, 0x00, 0x8c, 0x5e, 0x40, 0x04,
  0x92, 0x3b, 0x48, 0x00, 0x9c, 0x3b, 0x48, 0x03, 0x92, 0x47, 0x4d, 0x00,
  0x9c, 0x47, 0x4d, 0x02, 0x82, 0x38, 0x40, 0x00, 0x8c, 0x38, 0x40, 0x0a,
  0x83, 0x54, 0x40, 0x00, 0x8d, 0x54, 0x40, 0x0f, 0x93, 0x58, 0x47, 0x00,
  0x9d, 0x58, 0x47, 0x14, 0x83, 0x56, 0x40, 0x00, 0x8d, 0x56, 0x40, 0x03,
  0x82, 0x5f, 0x40, 0x00, 0x8c, 0x5f, 0x40, 0x05, 0x82, 0x4c, 0x40, 0x00,
  0x8c, 0x4c, 0x40, 0x07, 0x93, 0x59, 0x4c, 0x00, 0x9d, 0x59, 0x4c, 0x03,
  0x92, 0x4d, 0x48, 0x00, 0x9c, 0x4d, 0x48, 0x05, 0x92, 0x53, 0x63, 0x00,
  0x9c, 0x53, 0x63, 0x07, 0x83, 0x58, 0x40, 0x00, 0x8d, 0x58, 0x40, 0x00,
  0x92, 0x3c, 0x48, 0x00, 0x9c, 0x3c, 0x48, 0x01, 0x82, 0x47, 0x40, 0x00,
  0x8c, 0x47, 0x40, 0x02, 0x82, 0x3b, 0x40, 0x00, 0x8c, 0x3b, 0x40, 0x05,
  0x92, 0x44, 0x48, 0x00, 0x9c, 0x44, 0x48, 0x0c, 0x93, 0x5b, 0x3b, 0x00,
  0x9d, 0x5b, 0x3b, 0x0f, 0x83, 0x59, 0x40, 0x00, 0x8d, 0x59, 0x40, 0x0f,
  0x93, 0x5d, 0x43, 0x00, 0x9d, 0x5d, 0x43, 0x0f, 0x92, 0x54, 0x4d, 0x00,
  0x9c, 0x54, 0x4d, 0x03, 0x92, 0x50, 0x4d, 0x00, 0x9c, 0x50, 0x4d, 0x02,
  0x83, 0x5b, 0x40, 0x00, 0x8d, 0x5b, 0x40, 0x05, 0x82, 0x3c, 0x40, 0x00,
  0x8c, 0x3c, 0x40, 0x03, 0x92, 0x3b, 0x4d, 0x00, 0x9c, 0x3b, 0x4d, 0x05,
  0x82, 0x4d, 0x40, 0x00, 0x8c, 0x4d, 0x40, 0x00, 0x82, 0x53, 0x40, 0x00,
  0x8c, 0x53, 0x40, 0x02, 0x93, 0x5f, 0x37, 0x00, 0x9d, 0x5f, 0x37, 0x05,
  0x92, 0x4c, 0x4d, 0x00, 0x9c, 0x4c, 0x4d, 0x12, 0x82, 0x44, 0x40, 0x00,
  0x8c, 0x44, 0x40, 0x00, 0x83, 0x5d, 0x40, 0x00, 0x8d, 0x5d, 0x40, 0x16,
  0x93, 0x54, 0x37, 0x00, 0x9d, 0x54, 0x37, 0x0d, 0x92, 0x53, 0x4d, 0x00,
  0x9c, 0x53, 0x4d, 0x02, 0x82, 0x54, 0x40, 0x00, 0x8c, 0x54, 0x40, 0x00,
  0x92, 0x58, 0x48, 0x00, 0x9c, 0x58, 0x48, 0x01, 0x82, 0x50, 0x40, 0x00,
  0x8c, 0x50, 0x40, 0x04, 0x83, 0x5f, 0x40, 0x00, 0x8d, 0x5f, 0x40, 0x08,
  0x92, 0x3c, 0x4d, 0x00, 0x9c, 0x3c, 0x4d, 0x02, 0x92, 0x50, 0x4d, 0x00,
  0x9c, 0x50, 0x4d, 0x05, 0x82, 0x4c, 0x40, 0x00, 0x8c, 0x4c, 0x40, 0x01,
  0x82, 0x3b, 0x40, 0x00, 0x8c, 0x3b, 0x40, 0x09, 0x93, 0x56, 0x3f, 0x00,
  0x9d, 0x56, 0x3f, 0x0f, 0x83, 0x54, 0x40, 0x00, 0x8d, 0x54, 0x40, 0x0f,
  0x82, 0x50, 0x40, 0x00, 0x8c, 0x50, 0x40, 0x10, 0x82, 0x53, 0x40, 0x00,
  0x8c, 0x53, 0x40, 0x04, 0x82, 0x58, 0x40, 0x00, 0x8c, 0x58, 0x40, 0x00,
  0x93, 0x58, 0x60, 0x00, 0x9d, 0x58, 0x60, 0x0a, 0x94, 0x28, 0x78, 0x00,
  0x9e, 0x28, 0x78, 0x05, 0x83, 0x56, 0x40, 0x00, 0x8d, 0x56, 0x40, 0x01,
  0x82, 0x3c, 0x40, 0x00, 0x8c, 0x3c, 0x40, 0x54, 0x83, 0x58, 0x40, 0x00,
  0x8d, 0x58, 0x40, 0x0a, 0xc3, 0x39, 0x00, 0xcd, 0x39, 0x55, 0x84, 0x28,
  0x40, 0x00, 0x8e, 0x28, 0x40, 0x37, 0x94, 0x22, 0x78, 0x00, 0x9e, 0x22,
  0x78, 0x05, 0x93, 0x40, 0x68, 0x00, 0x3c, 0x6a, 0x00, 0x9d, 0x40, 0x68,
  0x00, 0x3c, 0x6a, 0x03, 0x93, 0x44, 0x6e, 0x00, 0x9d, 0x44, 0x6e, 0x23,
  0x83, 0x44, 0x40, 0x00, 0x8d, 0x44, 0x40, 0x05, 0x83, 0x40, 0x40, 0x00,
  0x8d, 0x40, 0x40, 0x02, 0x83, 0x3c, 0x40, 0x00, 0x8d, 0x3c, 0x40, 0x2d,
  0x93, 0x40, 0x55, 0x00, 0x44, 0x6e, 0x00, 0x3c, 0x63, 0x00, 0x9d, 0x40,
  0x55, 0x00, 0x44, 0x6e, 0x00, 0x3c, 0x63, 0x1e, 0x83, 0x44, 0x40, 0x00,
  0x8d, 0x44, 0x40, 0x05, 0x83, 0x40, 0x40, 0x00, 0x8d, 0x40, 0x40, 0x05,
  0x83, 0x3c, 0x40, 0x00, 0x8d, 0x3c, 0x40, 0x1e, 0x93, 0x44, 0x55, 0x00,
  0x40, 0x59, 0x00, 0x9d, 0x44, 0x55, 0x00, 0x40, 0x59, 0x05, 0x93, 0x3c,
  0x59, 0x00, 0x9d, 0x3c, 0x59, 0x08, 0x84, 0x22, 0x40, 0x00, 0x8e, 0x22,
  0x40, 0x19, 0x83, 0x44, 0x40, 0x00, 0x8d, 0x44, 0x40, 0x05, 0x83, 0x40,
  0x40, 0x00, 0x8d, 0x40, 0x40, 0x05, 0x83, 0x3c, 0x40, 0x00, 0x8d, 0x3c,
  0x40, 0x1b, 0x94, 0x28, 0x78, 0x00, 0x9e, 0x28, 0x78, 0x08, 0x93, 0x41,
  0x44, 0x00, 0x9d, 0x41, 0x44, 0x02, 0x93, 0x45, 0x4c, 0x00, 0x9d, 0x45,
  0x4c, 0x03, 0x93, 0x3d, 0x6e, 0x00, 0x9d, 0x3d, 0x6e, 0x21, 0x83, 0x41,
  0x40, 0x00, 0x8d, 0x41, 0x40, 0x04, 0x83, 0x45, 0x40, 0x00, 0x8d, 0x45,
  0x40, 0x01, 0x83, 0x3d, 0x40, 0x00, 0x8d, 0x3d, 0x40, 0x22, 0x93, 0x41,
  0x4a, 0x00, 0x45, 0x4a, 0x00, 0x9d, 0x41, 0x4a, 0x00, 0x45, 0x4a, 0x08,
  0x93, 0x3d, 0x6a, 0x00, 0x9d, 0x3d, 0x6a, 0x1b, 0x83, 0x45, 0x40, 0x00,
  0x8d, 0x45, 0x40, 0x03, 0x83, 0x3d, 0x40, 0x00, 0x8d, 0x3d, 0x40, 0x02,
  0x83, 0x41, 0x40, 0x00, 0x8d, 0x41, 0x40, 0x21, 0x84, 0x28, 0x40, 0x00,
  0x8e, 0x28, 0x40, 0x05, 0x93, 0x3d, 0x76, 0x00, 0x41, 0x4c, 0x00, 0x45,
  0x4c, 0x00, 0x9d, 0x3d, 0x76, 0x00, 0x41, 0x4c, 0x00, 0x45, 0x4c, 0x23,
  0x83, 0x45, 0x40, 0x00, 0x8d, 0x45, 0x40, 0x03, 0x83, 0x41, 0x40, 0x00,
  0x8d, 0x41, 0x40, 0x02, 0x83, 0x3d, 0x40, 0x00, 0x8d, 0x3d, 0x40, 0x25,
  0x94, 0x22, 0x78, 0x00, 0x9e, 0x22, 0x78, 0x0f, 0x93, 0x3a, 0x63, 0x00,
  0x9d, 0x3a, 0x63, 0x03, 0x93, 0x42, 0x78, 0x00, 0x9d, 0x42, 0x78, 0x02,
  0x93, 0x3e, 0x61, 0x00, 0x9d, 0x3e, 0x61, 0x1f, 0x83, 0x42, 0x40, 0x00,
  0x8d, 0x42, 0x40, 0x04, 0x83, 0x3a, 0x40, 0x00, 0x8d, 0x3a, 0x40, 0x05,
  0x83, 0x3e, 0x40, 0x00, 0x8d, 0x3e, 0x40, 0x21, 0x93, 0x42, 0x68, 0x00,
  0x3e, 0x40, 0x00, 0x9d, 0x42, 0x68, 0x00, 0x3e, 0x40, 0x05, 0x93, 0x3a,
  0x76, 0x00, 0x9d, 0x3a, 0x76, 0x19, 0x83, 0x42, 0x40, 0x00, 0x8d, 0x42,
  0x40, 0x03, 0x83, 0x3e, 0x40, 0x00, 0x8d, 0x3e, 0x40, 0x05, 0x83, 0x3a,
  0x40, 0x00, 0x8d, 0x3a, 0x40, 0x18, 0x84, 0x22, 0x40, 0x00, 0x8e, 0x22,
  0x40, 0x08, 0x93, 0x3e, 0x4a, 0x00, 0x9d, 0x3e, 0x4a, 0x02, 0x93, 0x42,
  0x74, 0x00, 0x9d, 0x42, 0x74, 0x05, 0x93, 0x3a, 0x66, 0x00, 0x9d, 0x3a,
  0x66, 0x2b, 0x83, 0x42, 0x40, 0x00, 0x8d, 0x42, 0x40, 0x02, 0x83, 0x3a,
  0x40, 0x00, 0x8d, 0x3a, 0x40, 0x01, 0x83, 0x3e, 0x40, 0x00, 0x8d, 0x3e,
  0x40, 0x18, 0x94, 0x28, 0x78, 0x00, 0x9e, 0x28, 0x78, 0x0b, 0x92, 0x45,
  0x58, 0x00, 0x9c, 0x45, 0x58, 0x0a, 0x92, 0x4d, 0x62, 0x00, 0x9c, 0x4d,
  0x62, 0x12, 0x92, 0x32, 0x6d, 0x00, 0x9c, 0x32, 0x6d, 0x69, 0x82, 0x45,
  0x40, 0x00, 0x8c, 0x45, 0x40, 0x01, 0x84, 0x28, 0x40, 0x00, 0x8e, 0x28,
  0x40, 0x01, 0x82, 0x4d, 0x40, 0x00, 0x8c, 0x4d, 0x40, 0x0b, 0x82, 0x32,
  0x40, 0x00, 0x8c, 0x32, 0x40, 0x53, 0x94, 0x22, 0x5b, 0x00, 0x9e, 0x22,
  0x5b, 0x0a, 0x93, 0x44, 0x78, 0x00, 0x40, 0x5f, 0x00, 0x9d, 0x44, 0x78,
  0x00, 0x40, 0x5f, 0x03, 0x93, 0x3c, 0x5f, 0x00, 0x9d, 0x3c, 0x5f, 0x23,
  0x83, 0x44, 0x40, 0x00, 0x8d, 0x44, 0x40, 0x02, 0x83, 0x40, 0x40, 0x00,
  0x8d, 0x40, 0x40, 0x06, 0x83, 0x3c, 0x40, 0x00, 0x8d, 0x3c, 0x40, 0x27,
  0x93, 0x40, 0x5f, 0x00, 0x44, 0x5d, 0x00, 0x9d, 0x40, 0x5f, 0x00, 0x44,
  0x5d, 0x03, 0x93, 0x3c, 0x63, 0x00, 0x9d, 0x3c, 0x63, 0x1b, 0x83, 0x44,
  0x40, 0x00, 0x8d, 0x44, 0x40, 0x06, 0x83, 0x3c, 0x40, 0x00, 0x8d, 0x3c,
  0x40, 0x02, 0x83, 0x40, 0x40, 0x00, 0x8d, 0x40, 0x40, 0x1e, 0x84, 0x22,
  0x40, 0x00, 0x8e, 0x22, 0x40, 0x00, 0x93, 0x44, 0x5f, 0x00, 0x40, 0x5f,
  0x00, 0x9d, 0x44, 0x5f, 0x00, 0x40, 0x5f, 0x05, 0x93, 0x3c, 0x4e, 0x00,
  0x9d, 0x3c, 0x4e, 0x1e, 0x83, 0x44, 0x40, 0x00, 0x8d, 0x44, 0x40, 0x05,
  0x83, 0x40, 0x40, 0x00, 0x8d, 0x40, 0x40, 0x05, 0x83, 0x3c, 0x40, 0x00,
  0x8d, 0x3c, 0x40, 0x20, 0x94, 0x28, 0x78, 0x00, 0x9e, 0x28, 0x78, 0x0d,
  0x93, 0x3d, 0x78, 0x00, 0x41, 0x59, 0x00, 0x9d, 0x3d, 0x78, 0x00, 0x41,
  0x59, 0x02, 0x93, 0x45, 0x5b, 0x00, 0x9d, 0x45, 0x5b, 0x21, 0x83, 0x45,
  0x40, 0x00, 0x8d, 0x45, 0x40, 0x03, 0x83, 0x41, 0x40, 0x00, 0x8d, 0x41,
  0x40, 0x05, 0x83, 0x3d, 0x40, 0x00, 0x8d, 0x3d, 0x40, 0x22, 0x93, 0x41,
  0x4e, 0x00, 0x45, 0x55, 0x00, 0x9d, 0x41, 0x4e, 0x00, 0x45, 0x55, 0x08,
  0x93, 0x3d, 0x6a, 0x00, 0x9d, 0x3d, 0x6a, 0x19, 0x83, 0x45, 0x40, 0x00,
  0x8d, 0x45, 0x40, 0x02, 0x83, 0x41, 0x40, 0x00, 0x8d, 0x41, 0x40, 0x03,
  0x83, 0x3d, 0x40, 0x00, 0x8d, 0x3d, 0x40, 0x16, 0x84, 0x28, 0x40, 0x00,
  0x8e, 0x28, 0x40, 0x0f, 0x93, 0x41, 0x4e, 0x00, 0x9d, 0x41, 0x4e, 0x03,
  0x93, 0x3d, 0x76, 0x00, 0x45, 0x5f, 0x00, 0x9d, 0x3d, 0x76, 0x00, 0x45,
  0x5f, 0x21, 0x83, 0x45, 0x40, 0x00, 0x8d, 0x45, 0x40, 0x04, 0x83, 0x41,
  0x40, 0x00, 0x8d, 0x41, 0x40, 0x03, 0x83, 0x3d, 0x40, 0x00, 0x8d, 0x3d,
  0x40, 0x20, 0x94, 0x22, 0x78, 0x00, 0x9e, 0x22, 0x78, 0x17, 0x93, 0x42,
  0x78, 0x00, 0x3e, 0x63, 0x00, 0x9d, 0x42, 0x78, 0x00, 0x3e, 0x63, 0x05,
  0x93, 0x3a, 0x78, 0x00, 0x9d, 0x3a, 0x78, 0x21, 0x83, 0x42, 0x40, 0x00,
  0x8d, 0x42, 0x40, 0x07, 0x83, 0x3e, 0x40, 0x00, 0x8d, 0x3e, 0x40, 0x03,
  0x83, 0x3a, 0x40, 0x00, 0x8d, 0x3a, 0x40, 0x1d, 0x93, 0x42, 0x78, 0x00,
  0x9d, 0x42, 0x78, 0x03, 0x93, 0x3e, 0x4e, 0x00, 0x9d, 0x3e, 0x4e, 0x02,
  0x93, 0x3a, 0x63, 0x00, 0x9d, 0x3a, 0x63, 0x1c, 0x83, 0x42, 0x40, 0x00,
  0x8d, 0x42, 0x40, 0x05, 0x83, 0x3e, 0x40, 0x00, 0x8d, 0x3e, 0x40, 0x0c,
  0x83, 0x3a, 0x40, 0x00, 0x8d, 0x3a, 0x40, 0x14, 0x84, 0x22, 0x40, 0x00,
  0x8e, 0x22, 0x40, 0x00, 0x93, 0x42, 0x70, 0x00, 0x3e, 0x5f, 0x00, 0x9d,
  0x42, 0x70, 0x00, 0x3e, 0x5f, 0x03, 0x93, 0x3a, 0x78, 0x00, 0x9d, 0x3a,
  0x78, 0x28, 0x83, 0x42, 0x40, 0x00, 0x8d, 0x42, 0x40, 0x03, 0x83, 0x3a,
  0x40, 0x00, 0x8d, 0x3a, 0x40, 0x04, 0x83, 0x3e, 0x40, 0x00, 0x8d, 0x3e,
  0x40, 0x14, 0x94, 0x28, 0x78, 0x00, 0x9e, 0x28, 0x78, 0x1d, 0x92, 0x45,
  0x62, 0x00, 0x9c, 0x45, 0x62, 0x02, 0x92, 0x4d, 0x62, 0x00, 0x9c, 0x4d,
  0x62, 0x0f, 0x92, 0x32, 0x6d, 0x00, 0x9c, 0x32, 0x6d, 0x5a, 0x82, 0x32,
  0x40, 0x00, 0x8c, 0x32, 0x40, 0x10, 0x82, 0x45, 0x40, 0x00, 0x8c, 0x45,
  0x40, 0x1d, 0x82, 0x4d, 0x40, 0x00, 0x8c, 0x4d, 0x40, 0x04, 0x84, 0x28,
  0x40, 0x00, 0x8e, 0x28, 0x40, 0x37, 0x94, 0x22, 0x78, 0x00, 0x9e, 0x22,
  0x78, 0x05, 0x93, 0x40, 0x68, 0x00, 0x3c, 0x6a, 0x00, 0x9d, 0x40, 0x68,
  0x00, 0x3c, 0x6a, 0x03, 0x93, 0x44, 0x6e, 0x00, 0x9d, 0x44, 0x6e, 0x23,
  0x83, 0x44, 0x40, 0x00, 0x8d, 0x44, 0x40, 0x05, 0x83, 0x40, 0x40, 0x00,
  0x8d, 0x40, 0x40, 0x02, 0x83, 0x3c, 0x40, 0x00, 0x8d, 0x3c, 0x40, 0x2d,
  0x93, 0x40, 0x55, 0x00, 0x44, 0x6e, 0x00, 0x3c, 0x63, 0x00, 0x9d, 0x40,
  0x55, 0x00, 0x44, 0x6e, 0x00, 0x3c, 0x63, 0x1e, 0x83, 0x44, 0x40, 0x00,
  0x8d, 0x44, 0x40, 0x05, 0x83, 0x40, 0x40, 0x00, 0x8d, 0x40, 0x40, 0x05,
  0x83, 0x3c, 0x40, 0x00, 0x8d, 0x3c, 0x40, 0x1e, 0x93, 0x44, 0x55, 0x00,
  0x40, 0x59, 0x00, 0x9d, 0x44, 0x55, 0x00, 0x40, 0x59, 0x05, 0x93, 0x3c,
  0x59, 0x00, 0x9d, 0x3c, 0x59, 0x08, 0x84, 0x22, 0x40, 0x00, 0x8e, 0x22,
  0x40, 0x19, 0x83, 0x44, 0x40, 0x00, 0x8d, 0x44, 0x40, 0x05, 0x83, 0x40,
  0x40, 0x00, 0x8d, 0x40, 0x40, 0x05, 0x83, 0x3c, 0x40, 0x00, 0x8d, 0x3c,
  0x40, 0x1b, 0x94, 0x28, 0x78, 0x00, 0x9e, 0x28, 0x78, 0x08, 0x93, 0x41,
  0x44, 0x00, 0x9d, 0x41, 0x44, 0x02, 0x93, 0x45, 0x4c, 0x00, 0x9d, 0x45,
  0x4c, 0x03, 0x93, 0x3d, 0x6e, 0x00, 0x9d, 0x3d, 0x6e, 0x21, 0x83, 0x41,
  0x40, 0x00, 0x8d, 0x41, 0x40, 0x04, 0x83, 0x45, 0x40, 0x00, 0x8d, 0x45,
  0x40, 0x01, 0x83, 0x3d, 0x40, 0x00, 0x8d, 0x3d, 0x40, 0x22, 0x93, 0x41,
  0x4a, 0x00, 0x45, 0x4a, 0x00, 0x9d, 0x41, 0x4a, 0x00, 0x45, 0x4a, 0x08,
  0x93, 0x3d, 0x6a, 0x00, 0x9d, 0x3d, 0x6a, 0x1b, 0x83, 0x45, 0x40, 0x00,
  0x8d, 0x45, 0x40, 0x03, 0x83, 0x3d, 0x40, 0x00, 0x8d, 0x3d, 0x40, 0x02,
  0x83, 0x41, 0x40, 0x00, 0x8d, 0x41, 0x40, 0x21, 0x84, 0x28, 0x40, 0x00,
  0x8e, 0x28, 0x40, 0x05, 0x93, 0x3d, 0x76, 0x00, 0x41, 0x4c, 0x00, 0x45,
  0x4c, 0x00, 0x9d, 0x3d, 0x76, 0x00, 0x41, 0x4c, 0x00, 0x45, 0x4c, 0x23,
  0x83, 0x45, 0x40, 0x00, 0x8d, 0x45, 0x40, 0x03, 0x83, 0x41, 0x40, 0x00,
  0x8d, 0x41, 0x40, 0x02, 0x83, 0x3d, 0x40, 0x00, 0x8d, 0x3d, 0x40, 0x25,
  0x94, 0x22, 0x78, 0x00, 0x9e, 0x22, 0x78, 0x0f, 0x93, 0x3a, 0x63, 0x00,
  0x9d, 0x3a, 0x63, 0x03, 0x93, 0x42, 0x78, 0x00, 0x9d, 0x42, 0x78, 0x02,
  0x93, 0x3e, 0x61, 0x00, 0x9d, 0x3e, 0x61, 0x1f, 0x83, 0x42, 0x40, 0x00,
  0x8d, 0x42, 0x40, 0x04, 0x83, 0x3a, 0x40, 0x00, 0x8d, 0x3a, 0x40, 0x05,
  0x83, 0x3e, 0x40, 0x00, 0x8d, 0x3e, 0x40, 0x21, 0x93, 0x42, 0x68, 0x00,
  0x3e, 0x40, 0x00, 0x9d, 0x42, 0x68, 0x00, 0x3e, 0x40, 0x05, 0x93, 0x3a,
  0x76, 0x00, 0x9d, 0x3a, 0x76, 0x19, 0x83, 0x42, 0x40, 0x00, 0x8d, 0x42,
  0x40, 0x03, 0x83, 0x3e, 0x40, 0x00, 0x8d, 0x3e, 0x40, 0x05, 0x83, 0x3a,
  0x40, 0x00, 0x8d, 0x3a, 0x40, 0x18, 0x84, 0x22, 0x40, 0x00, 0x8e, 0x22,
  0x40, 0x08, 0x93, 0x3e, 0x4a, 0x00, 0x9d, 0x3e, 0x4a, 0x02, 0x93, 0x42,
  0x74, 0x00, 0x9d, 0x42, 0x74, 0x05, 0x93, 0x3a, 0x66, 0x00, 0x9d, 0x3a,
  0x66, 0x2b, 0x83, 0x42, 0x40, 0x00, 0x8d, 0x42, 0x40, 0x02, 0x83, 0x3a,
  0x40, 0x00, 0x8d, 0x3a, 0x40, 0x01, 0x83, 0x3e, 0x40, 0x00, 0x8d, 0x3e,
  0x40, 0x18, 0x94, 0x28, 0x78, 0x00, 0x9e, 0x28, 0x78, 0x0b, 0x92, 0x45,
  0x6d, 0x00, 0x9c, 0x45, 0x6d, 0x05, 0x92, 0x4d, 0x6d, 0x00, 0x9c, 0x4d,
  0x6d, 0x1c, 0x92, 0x32, 0x78, 0x00, 0x9c, 0x32, 0x78, 0x64, 0x82, 0x45,
  0x40, 0x00, 0x8c, 0x45, 0x40, 0x00, 0x82, 0x32, 0x40, 0x00, 0x8c, 0x32,
  0x40, 0x01, 0x84, 0x28, 0x40, 0x00, 0x8e, 0x28, 0x40, 0x0b, 0x82, 0x4d,
  0x40, 0x00, 0x8c, 0x4d, 0x40, 0x54, 0x94, 0x22, 0x5b, 0x00, 0x9e, 0x22,
  0x5b, 0x0a, 0x93, 0x44, 0x78, 0x00, 0x40, 0x5f, 0x00, 0x9d, 0x44, 0x78,
  0x00, 0x40, 0x5f, 0x03, 0x93, 0x3c, 0x5f, 0x00, 0x9d, 0x3c, 0x5f, 0x23,
  0x83, 0x44, 0x40, 0x00, 0x8d, 0x44, 0x40, 0x02, 0x83, 0x40, 0x40, 0x00,
  0x8d, 0x40, 0x40, 0x06, 0x83, 0x3c, 0x40, 0x00, 0x8d, 0x3c, 0x40, 0x27,
  0x93, 0x40, 0x5f, 0x00, 0x44, 0x5d, 0x00, 0x9d, 0x40, 0x5f, 0x00, 0x44,
  0x5d, 0x03, 0x93, 0x3c, 0x63, 0x00, 0x9d, 0x3c, 0x63, 0x1b, 0x83, 0x44,
  0x40, 0x00, 0x8d, 0x44, 0x40, 0x06, 0x83, 0x3c, 0x40, 0x00, 0x8d, 0x3c,
  0x40, 0x02, 0x83, 0x40, 0x40, 0x00, 0x8d, 0x40, 0x40, 0x1e, 0x84, 0x22,
  0x40, 0x00, 0x8e, 0x22, 0x40, 0x00, 0x93, 0x44, 0x5f, 0x00, 0x40, 0x5f,
  0x00, 0x9d, 0x44, 0x5f, 0x00, 0x40, 0x5f, 0x05, 0x93, 0x3c, 0x4e, 0x00,
  0x9d, 0x3c, 0x4e, 0x1e, 0x83, 0x44, 0x40, 0x00, 0x8d, 0x44, 0x40, 0x05,
  0x83, 0x40, 0x40, 0x00, 0x8d, 0x40, 0x40, 0x05, 0x83, 0x3c, 0x40, 0x00,
  0x8d, 0x3c, 0x40, 0x20, 0x94, 0x28, 0x78, 0x00, 0x9e, 0x28, 0x78, 0x0d,
  0x93, 0x3d, 0x78, 0x00, 0x41, 0x59, 0x00, 0x9d, 0x3d, 0x78, 0x00, 0x41,
  0x59, 0x02, 0x93, 0x45, 0x5b, 0x00, 0x9d, 0x45, 0x5b, 0x21, 0x83, 0x45,
  0x40, 0x00, 0x8d, 0x45, 0x40, 0x03, 0x83, 0x41, 0x40, 0x00, 0x8d, 0x41,
  0x40, 0x05, 0x83, 0x3d, 0x40, 0x00, 0x8d, 0x3d, 0x40, 0x22, 0x93, 0x41,
  0x4e, 0x00, 0x45, 0x55, 0x00, 0x9d, 0x41, 0x4e, 0x00, 0x45, 0x55, 0x08,
  0x93, 0x3d, 0x6a, 0x00, 0x9d, 0x3d, 0x6a, 0x19, 0x83, 0x45, 0x40, 0x00,
  0x8d, 0x45, 0x40, 0x02, 0x83, 0x41, 0x40, 0x00, 0x8d, 0x41, 0x40, 0x03,
  0x83, 0x3d, 0x40, 0x00, 0x8d, 0x3d, 0x40, 0x16, 0x84, 0x28, 0x40, 0x00,
  0x8e, 0x28, 0x40, 0x0f, 0x93, 0x41, 0x4e, 0x00, 0x9d, 0x41, 0x4e, 0x03,
  0x93, 0x3d, 0x76, 0x00, 0x45, 0x5f, 0x00, 0x9d, 0x3d, 0x76, 0x00, 0x45,
  0x5f, 0x21, 0x83, 0x45, 0x40, 0x00, 0x8d, 0x45, 0x40, 0x04, 0x83, 0x41,
  0x40, 0x00, 0x8d, 0x41, 0x40, 0x03, 0x83, 0x3d, 0x40, 0x00, 0x8d, 0x3d,
  0x40, 0x20, 0x94, 0x22, 0x78, 0x00, 0x9e, 0x22, 0x78, 0x17, 0x93, 0x42,
  0x78, 0x00, 0x3e, 0x63, 0x00, 0x9d, 0x42, 0x78, 0x00, 0x3e, 0x63, 0x05,
  0x93, 0x3a, 0x78, 0x00, 0x9d, 0x3a, 0x78, 0x21, 0x83, 0x42, 0x40, 0x00,
  0x8d, 0x42, 0x40, 0x07, 0x83, 0x3e, 0x40, 0x00, 0x8d, 0x3e, 0x40, 0x03,
  0x83, 0x3a, 0x40, 0x00, 0x8d, 0x3a, 0x40, 0x1d, 0x93, 0x42, 0x78, 0x00,
  0x9d, 0x42, 0x78, 0x03, 0x93, 0x3e, 0x4e, 0x00, 0x9d, 0x3e, 0x4e, 0x02,
  0x93, 0x3a, 0x63, 0x00, 0x9d, 0x3a, 0x63, 0x1c, 0x83, 0x42, 0x40, 0x00,
  0x8d, 0x42, 0x40, 0x05, 0x83, 0x3e, 0x40, 0x00, 0x8d, 0x3e, 0x40, 0x0c,
  0x83, 0x3a, 0x40, 0x00, 0x8d, 0x3a, 0x40, 0x14, 0x84, 0x22, 0x40, 0x00,
  0x8e, 0x22, 0x40, 0x00, 0x93, 0x42, 0x70, 0x00, 0x3e, 0x5f, 0x00, 0x9d,
  0x42, 0x70, 0x00, 0x3e, 0x5f, 0x03, 0x93, 0x3a, 0x78, 0x00, 0x9d, 0x3a,
  0x78, 0x28, 0x83, 0x42, 0x40, 0x00, 0x8d, 0x42, 0x40, 0x03, 0x83, 0x3a,
  0x40, 0x00, 0x8d, 0x3a, 0x40, 0x04, 0x83, 0x3e, 0x40, 0x00, 0x8d, 0x3e,
  0x40, 0x14, 0x94, 0x2a, 0x78, 0x00, 0x9e, 0x2a, 0x78, 0x23, 0x93, 0x2a,
  0x50, 0x00, 0x36, 0x5c, 0x00, 0x31, 0x78, 0x00, 0x9d, 0x2a, 0x50, 0x00,
  0x36, 0x5c, 0x00, 0x31, 0x78, 0x67, 0x84, 0x2a, 0x40, 0x00, 0x8e, 0x2a,
  0x40, 0x66, 0x94, 0x2a, 0x78, 0x00, 0x9e, 0x2a, 0x78, 0x49, 0x83, 0x31,
  0x40, 0x00, 0x8d, 0x31, 0x40, 0x1c, 0x83, 0x2a, 0x40, 0x00, 0x8d, 0x2a,
  0x40, 0x39, 0x84, 0x2a, 0x40, 0x00, 0x8e, 0x2a, 0x40, 0x2f, 0x83, 0x36,
  0x40, 0x00, 0x8d, 0x36, 0x40, 0x23, 0x94, 0x2a, 0x78, 0x00, 0x9e, 0x2a,
  0x78, 0x28, 0x93, 0x31, 0x78, 0x00, 0x9d, 0x31, 0x78, 0x03, 0x93, 0x2a,
  0x40, 0x00, 0x36, 0x5c, 0x00, 0x9d, 0x2a, 0x40, 0x00, 0x36, 0x5c, 0x68,
  0x83, 0x31, 0x40, 0x00, 0x8d, 0x31, 0x40, 0x01, 0x84, 0x2a, 0x40, 0x00,
  0x8e, 0x2a, 0x40, 0x1d, 0x83, 0x2a, 0x40, 0x00, 0x8d, 0x2a, 0x40, 0x24,
  0x83, 0x36, 0x40, 0x00, 0x8d, 0x36, 0x40, 0x1b, 0x94, 0x2a, 0x78, 0x00,
  0x9e, 0x2a, 0x78, 0x17, 0x93, 0x31, 0x78, 0x00, 0x9d, 0x31, 0x78, 0x02,
  0x93, 0x2a, 0x53, 0x00, 0x36, 0x5c, 0x00, 0x9d, 0x2a, 0x53, 0x00, 0x36,
  0x5c, 0x81, 0x05, 0x84, 0x2a, 0x40, 0x00, 0x8e, 0x2a, 0x40, 0x52, 0x94,
  0x2a, 0x78, 0x00, 0x9e, 0x2a, 0x78, 0x13, 0x83, 0x31, 0x40, 0x00, 0x8d,
  0x31, 0x40, 0x2c, 0x83, 0x2a, 0x40, 0x00, 0x8d, 0x2a, 0x40, 0x55, 0x84,
  0x2a, 0x40, 0x00, 0x8e, 0x2a, 0x40, 0x3d, 0x83, 0x36, 0x40, 0x00, 0x8d,
  0x36, 0x40, 0x1f, 0x94, 0x2a, 0x78, 0x00, 0x9e, 0x2a, 0x78, 0x21, 0x93,
  0x31, 0x78, 0x00, 0x9d, 0x31, 0x78, 0x05, 0x93, 0x2a, 0x53, 0x00, 0x36,
  0x5c, 0x00, 0x9d, 0x2a, 0x53, 0x00, 0x36, 0x5c, 0x78, 0x84, 0x2a, 0x40,
  0x00, 0x8e, 0x2a, 0x40, 0x52, 0x94, 0x2a, 0x78, 0x00, 0x9e, 0x2a, 0x78,
  0x2b, 0x83, 0x31, 0x40, 0x00, 0x8d, 0x31, 0x40, 0x13, 0x83, 0x2a, 0x40,
  0x00, 0x8d, 0x2a, 0x40, 0x58, 0x84, 0x2a, 0x40, 0x00, 0x8e, 0x2a, 0x40,
  0x3a, 0x83, 0x36, 0x40, 0x00, 0x8d, 0x36, 0x40, 0x20, 0x94, 0x2a, 0x78,
  0x00, 0x9e, 0x2a, 0x78, 0x0f, 0x93, 0x31, 0x78, 0x00, 0x9d, 0x31, 0x78,
  0x08, 0x93, 0x2a, 0x60, 0x00, 0x36, 0x60, 0x00, 0x9d, 0x2a, 0x60, 0x00,
  0x36, 0x60, 0x70, 0x84, 0x2a, 0x40, 0x00, 0x8e, 0x2a, 0x40, 0x66, 0x83,
  0x31, 0x40, 0x00, 0x8d, 0x31, 0x40, 0x03, 0xff, 0x58, 0x04, 0x03, 0x03,
  0x0c, 0x08, 0x00, 0x94, 0x2a, 0x78, 0x00, 0xc2, 0x2e, 0x00, 0x9e, 0x2a,
  0x78, 0x00, 0xcc, 0x2e, 0x4b, 0x83, 0x2a, 0x40, 0x00, 0x8d, 0x2a, 0x40,
  0x3f, 0x84, 0x2a, 0x40, 0x00, 0x8e, 0x2a, 0x40, 0x53, 0x83, 0x36, 0x40,
  0x00, 0x8d, 0x36, 0x40, 0x13, 0x94, 0x2a, 0x78, 0x00, 0x9e, 0x2a, 0x78,
  0x17, 0x93, 0x31, 0x78, 0x00, 0x2a, 0x60, 0x00, 0x36, 0x60, 0x00, 0x9d,
  0x31, 0x78, 0x00, 0x2a, 0x60, 0x00, 0x36, 0x60, 0x28, 0x92, 0x56, 0x4c,
  0x00, 0x9c, 0x56, 0x4c, 0x21, 0x82, 0x56, 0x40, 0x00, 0x8c, 0x56, 0x40,
  0x09, 0x92, 0x58, 0x0b, 0x00, 0x9c, 0x58, 0x0b, 0x35, 0x84, 0x2a, 0x40,
  0x00, 0x8e, 0x2a, 0x40, 0x02, 0x82, 0x58, 0x40, 0x00, 0x8c, 0x58, 0x40,
  0x08, 0x92, 0x59, 0x24, 0x00, 0x9c, 0x59, 0x24, 0x1c, 0x82, 0x59, 0x40,
  0x00, 0x8c, 0x59, 0x40, 0x0e, 0x92, 0x5b, 0x34, 0x00, 0x9c, 0x5b, 0x34,
  0x1e, 0x82, 0x5b, 0x40, 0x00, 0x8c, 0x5b, 0x40, 0x00, 0x94, 0x2a, 0x78,
  0x00, 0x9e, 0x2a, 0x78, 0x0a, 0x92, 0x5d, 0x34, 0x00, 0x9c, 0x5d, 0x34,
  0x1e, 0x82, 0x5d, 0x40, 0x00, 0x8c, 0x5d, 0x40, 0x05, 0x92, 0x5f, 0x47,
  0x00, 0x9c, 0x5f, 0x47, 0x10, 0x83, 0x31, 0x40, 0x00, 0x2a, 0x40, 0x00,
  0x8d, 0x31, 0x40, 0x00, 0x2a, 0x40, 0x0e, 0x82, 0x5f, 0x40, 0x00, 0x8c,
  0x5f, 0x40, 0x0a, 0x92, 0x54, 0x3e, 0x00, 0x9c, 0x54, 0x3e, 0x21, 0x82,
  0x54, 0x40, 0x00, 0x8c, 0x54, 0x40, 0x1b, 0x84, 0x2a, 0x40, 0x00, 0x8e,
  0x2a, 0x40, 0x05, 0xc2, 0x2a, 0x00, 0xcc, 0x2a, 0x39, 0x83, 0x36, 0x40,
  0x00, 0x8d, 0x36, 0x40, 0x21, 0x94, 0x2a, 0x78, 0x00, 0xff, 0x58, 0x04,
  0x04, 0x02, 0x18, 0x08, 0x00, 0x9e, 0x2a, 0x78, 0x21, 0x93, 0x31, 0x78,
  0x00, 0x9d, 0x31, 0x78, 0x05, 0x93, 0x2a, 0x53, 0x00, 0x36, 0x5c, 0x00,
  0x9d, 0x2a, 0x53, 0x00, 0x36, 0x5c, 0x78, 0x84, 0x2a, 0x40, 0x00, 0x8e,
  0x2a, 0x40, 0x52, 0x94, 0x2a, 0x78, 0x00, 0x9e, 0x2a, 0x78, 0x2b, 0x83,
  0x31, 0x40, 0x00, 0x8d, 0x31, 0x40, 0x4b, 0x83, 0x2a, 0x40, 0x00, 0x8d,
  0x2a, 0x40, 0x20, 0x84, 0x2a, 0x40, 0x00, 0x8e, 0x2a, 0x40, 0x5a, 0x94,
  0x2a, 0x78, 0x00, 0x9e, 0x2a, 0x78, 0x0a, 0x83, 0x36, 0x40, 0x00, 0x8d,
  0x36, 0x40, 0x1e, 0x93, 0x31, 0x78, 0x00, 0x9d, 0x31, 0x78, 0x03, 0x93,
  0x2a, 0x53, 0x00, 0x36, 0x5c, 0x00, 0x9d, 0x2a, 0x53, 0x00, 0x36, 0x5c,
  0x68, 0x83, 0x31, 0x40, 0x00, 0x8d, 0x31, 0x40, 0x01, 0x84, 0x2a, 0x40,
  0x00, 0x8e, 0x2a, 0x40, 0x01, 0x83, 0x2a, 0x40, 0x00, 0x8d, 0x2a, 0x40,
  0x4e, 0x83, 0x36, 0x40, 0x00, 0x8d, 0x36, 0x40, 0x0d, 0x94, 0x2a, 0x78,
  0x00, 0x9e, 0x2a, 0x78, 0x17, 0x93, 0x31, 0x78, 0x00, 0x9d, 0x31, 0x78,
  0x02, 0x93, 0x2a, 0x53, 0x00, 0x36, 0x5c, 0x00, 0x9d, 0x2a, 0x53, 0x00,
  0x36, 0x5c, 0x81, 0x05, 0x84, 0x2a, 0x40, 0x00, 0x8e, 0x2a, 0x40, 0x52,
  0x94, 0x2a, 0x78, 0x00, 0x9e, 0x2a, 0x78, 0x15, 0x83, 0x2a, 0x40, 0x00,
  0x8d, 0x2a, 0x40, 0x1a, 0x83, 0x31, 0x40, 0x00, 0x8d, 0x31, 0x40, 0x65,
  0x84, 0x2a, 0x40, 0x00, 0x8e, 0x2a, 0x40, 0x5c, 0x92, 0x2a, 0x4a, 0x00,
  0x36, 0x4a, 0x00, 0x9c, 0x2a, 0x4a, 0x00, 0x36, 0x4a, 0x00, 0x94, 0x1e,
  0x4a, 0x00, 0x9e, 0x1e, 0x4a, 0x35, 0x83, 0x36, 0x40, 0x00, 0x8d, 0x36,
  0x40, 0x8e, 0x27, 0x82, 0x2a, 0x40, 0x00, 0x36, 0x40, 0x00, 0x8c, 0x2a,
  0x40, 0x00, 0x36, 0x40, 0x75, 0x84, 0x1e, 0x40, 0x00, 0x8e, 0x1e, 0x40,
  0x84, 0x7f, 0xff, 0x2f, 0x00
};
unsigned int song_mid_len = 34949;
