const unsigned char song_mid[] = {
  0x4d, 0x54, 0x68, 0x64, 0x00, 0x00, 0x00, 0x06, 0x00, 0x00, 0x00, 0x01,
  0x01, 0xe0, 0x4d, 0x54, 0x72, 0x6b, 0x00, 0x00, 0x97, 0x20, 0x00, 0xff,
  0x03, 0x10, 0x82, 0xbb, 0x82, 0xea, 0x8c, 0xa9, 0x82, 0xe6, 0x89, 0xe4,
  0x82, 0xaa, 0x8c, 0xb3, 0x8b, 0x43, 0x00, 0xff, 0x01, 0x0d, 0x47, 0x4d,
  0x94, 0xc5, 0x81, 0x40, 0x2f, 0x81, 0x40, 0x4c, 0x4f, 0x4e, 0x47, 0x00,
  0xff, 0x54, 0x05, 0x60, 0x00, 0x00, 0x00, 0x00, 0x00, 0xff, 0x58, 0x04,
  0x01, 0x02, 0x18, 0x08, 0x00, 0xff, 0x51, 0x03, 0x16, 0xe3, 0x60, 0x00,
  0xf0, 0x05, 0x7e, 0x7f, 0x09, 0x01, 0xf7, 0x81, 0x70, 0xb0, 0x79, 0x00,
  0x00, 0xb2, 0x79, 0x00, 0x00, 0xb1, 0x79, 0x00, 0x00, 0xb4, 0x79, 0x00,
  0x00, 0xb3, 0x79, 0x00, 0x00, 0xb9, 0x79, 0x00, 0x00, 0xb7, 0x79, 0x00,
  0x00, 0xb6, 0x79, 0x00, 0x00, 0xb5, 0x79, 0x00, 0x0f, 0xb5, 0x00, 0x00,
  0x00, 0xb6, 0x00, 0x00, 0x00, 0xb7, 0x00, 0x00, 0x00, 0xb9, 0x00, 0x00,
  0x00, 0xb9, 0x20, 0x00, 0x00, 0xc9, 0x00, 0x00, 0xb2, 0x00, 0x00, 0x00,
  0xb4, 0x00, 0x00, 0x00, 0xb3, 0x00, 0x00, 0x00, 0xb1, 0x00, 0x00, 0x00,
  0xb0, 0x00, 0x00, 0x0f, 0xc0, 0x19, 0x00, 0xb1, 0x00, 0x00, 0x00, 0xc1,
  0x20, 0x00, 0xc4, 0x12, 0x00, 0xb2, 0x00, 0x00, 0x00, 0xb2, 0x20, 0x01,
  0x00, 0xc2, 0x28, 0x00, 0xc3, 0x1b, 0x00, 0xb9, 0x07, 0x69, 0x00, 0xc7,
  0x73, 0x00, 0xb6, 0x00, 0x00, 0x00, 0xc6, 0x69, 0x00, 0xc5, 0x30, 0x0f,
  0xb5, 0x07, 0x46, 0x00, 0xb6, 0x07, 0x55, 0x00, 0xb7, 0x07, 0x69, 0x00,
  0xb9, 0x0b, 0x7f, 0x00, 0xb3, 0x07, 0x5f, 0x00, 0xb2, 0x07, 0x69, 0x00,
  0xb4, 0x07, 0x50, 0x00, 0xb1, 0x07, 0x64, 0x00, 0xb0, 0x07, 0x73, 0x0f,
  0xb0, 0x0b, 0x7f, 0x00, 0xb1, 0x0b, 0x7f, 0x00, 0xb2, 0x0b, 0x7f, 0x00,
  0xb4, 0x0b, 0x7f, 0x00, 0xb3, 0x0b, 0x7f, 0x00, 0xb7, 0x0b, 0x7f, 0x00,
  0xb9, 0x0a, 0x40, 0x00, 0xb6, 0x0b, 0x7f, 0x00, 0xb5, 0x0b, 0x7f, 0x0f,
  0xb4, 0x0a, 0x30, 0x00, 0xb5, 0x0a, 0x40, 0x00, 0xb6, 0x0a, 0x50, 0x00,
  0xb9, 0x5d, 0x00, 0x00, 0xb7, 0x0a, 0x40, 0x00, 0xb2, 0x0a, 0x40, 0x00,
  0xb3, 0x0a, 0x20, 0x00, 0xb1, 0x0a, 0x40, 0x00, 0xb0, 0x0a, 0x50, 0x0f,
  0xb0, 0x5d, 0x08, 0x00, 0xb1, 0x5d, 0x00, 0x00, 0xb3, 0x5d, 0x10, 0x00,
  0xb2, 0x5d, 0x10, 0x00, 0xb7, 0x5d, 0x10, 0x00, 0xb9, 0x5b, 0x7f, 0x00,
  0xb6, 0x5d, 0x08, 0x00, 0xb5, 0x5d, 0x10, 0x00, 0xb4, 0x5d, 0x20, 0x0f,
  0xb4, 0x5b, 0x64, 0x00, 0xb5, 0x5b, 0x64, 0x00, 0xb6, 0x5b, 0x50, 0x00,
  0xb9, 0x65, 0x00, 0x00, 0xb7, 0x5b, 0x64, 0x00, 0xb2, 0x5b, 0x64, 0x00,
  0xb3, 0x5b, 0x50, 0x00, 0xb1, 0x5b, 0x0a, 0x00, 0xb0, 0x5b, 0x64, 0x0f,
  0xb0, 0x65, 0x00, 0x00, 0xb1, 0x65, 0x00, 0x00, 0xb3, 0x65, 0x00, 0x00,
  0xb2, 0x65, 0x00, 0x00, 0xb7, 0x65, 0x00, 0x00, 0xb9, 0x64, 0x00, 0x00,
  0xb6, 0x65, 0x00, 0x00, 0xb5, 0x65, 0x00, 0x00, 0xb4, 0x65, 0x00, 0x0f,
  0xb5, 0x64, 0x00, 0x00, 0xb6, 0x64, 0x00, 0x00, 0xb9, 0x06, 0x0c, 0x00,
  0xb7, 0x64, 0x00, 0x00, 0xb2, 0x64, 0x00, 0x00, 0xb3, 0x64, 0x00, 0x00,
  0xb4, 0x64, 0x00, 0x00, 0xb1, 0x64, 0x00, 0x00, 0xb0, 0x64, 0x00, 0x0f,
  0xb0, 0x06, 0x02, 0x00, 0xb1, 0x06, 0x0c, 0x00, 0xb4, 0x06, 0x0c, 0x00,
  0xb3, 0x06, 0x0c, 0x00, 0xb2, 0x06, 0x0c, 0x00, 0xb7, 0x06, 0x0c, 0x00,
  0xb9, 0x65, 0x7f, 0x00, 0xb6, 0x06, 0x0c, 0x00, 0xb5, 0x06, 0x0c, 0x0f,
  0xb5, 0x65, 0x7f, 0x00, 0xb4, 0x65, 0x7f, 0x00, 0xb6, 0x65, 0x7f, 0x00,
  0xb9, 0x64, 0x7f, 0x00, 0xb7, 0x65, 0x7f, 0x00, 0xb2, 0x65, 0x7f, 0x00,
  0xb3, 0x65, 0x7f, 0x00, 0xb1, 0x65, 0x7f, 0x00, 0xb0, 0x65, 0x7f, 0x0f,
  0xb0, 0x64, 0x7f, 0x00, 0xb1, 0x64, 0x7f, 0x00, 0xb3, 0x64, 0x7f, 0x00,
  0xb4, 0x64, 0x7f, 0x00, 0xb2, 0x64, 0x7f, 0x00, 0xb7, 0x64, 0x7f, 0x00,
  0xb9, 0x06, 0x00, 0x00, 0xb6, 0x64, 0x7f, 0x00, 0xb5, 0x64, 0x7f, 0x0f,
  0xb5, 0x06, 0x00, 0x00, 0xb6, 0x06, 0x00, 0x00, 0xe9, 0x00, 0x40, 0x00,
  0xb7, 0x06, 0x00, 0x00, 0xb2, 0x06, 0x00, 0x00, 0xb4, 0x06, 0x00, 0x00,
  0xb3, 0x06, 0x00, 0x00, 0xb1, 0x06, 0x00, 0x00, 0xb0, 0x06, 0x00, 0x0f,
  0xe0, 0x00, 0x40, 0x00, 0xe1, 0x00, 0x40, 0x00, 0xe3, 0x00, 0x40, 0x00,
  0xe2, 0x00, 0x40, 0x00, 0xe7, 0x00, 0x40, 0x00, 0xe6, 0x00, 0x40, 0x00,
  0xe5, 0x00, 0x40, 0x00, 0xe4, 0x00, 0x40, 0x1d, 0x90, 0x30, 0x72, 0x01,
  0xff, 0x51, 0x03, 0x0d, 0x76, 0xb1, 0x00, 0xff, 0x58, 0x04, 0x04, 0x02,
  0x18, 0x08, 0x44, 0x90, 0x37, 0x5a, 0x14, 0x90, 0x3c, 0x5d, 0x19, 0x90,
  0x40, 0x68, 0x86, 0x4e, 0x80, 0x30, 0x40, 0x01, 0xff, 0x51, 0x03, 0x06,
  0x50, 0x61, 0x44, 0x80, 0x37, 0x40, 0x14, 0x80, 0x3c, 0x40, 0x19, 0x80,
  0x40, 0x40, 0x7a, 0x90, 0x3e, 0x5f, 0x0e, 0x90, 0x39, 0x59, 0x0c, 0x90,
  0x35, 0x5b, 0x4a, 0x80, 0x3e, 0x40, 0x0e, 0x80, 0x39, 0x40, 0x0c, 0x80,
  0x35, 0x40, 0x73, 0x90, 0x37, 0x5f, 0x15, 0x90, 0x3b, 0x5b, 0x0f, 0x90,
  0x40, 0x5a, 0x40, 0x80, 0x37, 0x40, 0x15, 0x80, 0x3b, 0x40, 0x0f, 0x80,
  0x40, 0x40, 0x6f, 0x90, 0x39, 0x6f, 0x11, 0x90, 0x41, 0x5b, 0x07, 0x90,
  0x3c, 0x4b, 0x4c, 0x80, 0x39, 0x40, 0x11, 0x80, 0x41, 0x40, 0x07, 0x80,
  0x3c, 0x40, 0x73, 0x90, 0x3b, 0x63, 0x01, 0x90, 0x3e, 0x5a, 0x02, 0x90,
  0x43, 0x5a, 0x74, 0x90, 0x41, 0x62, 0x29, 0x80, 0x3b, 0x40, 0x01, 0x80,
  0x3e, 0x40, 0x02, 0x80, 0x43, 0x40, 0x38, 0x80, 0x41, 0x40, 0x16, 0x90,
  0x40, 0x62, 0x64, 0x80, 0x40, 0x40, 0x0f, 0x90, 0x3e, 0x5c, 0x64, 0x80,
  0x3e, 0x40, 0x16, 0x90, 0x39, 0x64, 0x00, 0x90, 0x3c, 0x58, 0x0e, 0x90,
  0x41, 0x63, 0x69, 0x90, 0x40, 0x63, 0x29, 0x80, 0x39, 0x40, 0x00, 0x80,
  0x3c, 0x40, 0x0e, 0x80, 0x41, 0x40, 0x2d, 0x80, 0x40, 0x40, 0x18, 0x90,
  0x3e, 0x5e, 0x64, 0x80, 0x3e, 0x40, 0x11, 0x90, 0x3c, 0x60, 0x64, 0x80,
  0x3c, 0x40, 0x15, 0x90, 0x37, 0x67, 0x05, 0x90, 0x3b, 0x59, 0x0d, 0x90,
  0x40, 0x63, 0x62, 0x90, 0x3e, 0x5a, 0x2c, 0x80, 0x37, 0x40, 0x05, 0x80,
  0x3b, 0x40, 0x0d, 0x80, 0x40, 0x40, 0x26, 0x80, 0x3e, 0x40, 0x12, 0x90,
  0x3c, 0x62, 0x64, 0x80, 0x3c, 0x40, 0x1c, 0x90, 0x3b, 0x63, 0x64, 0x80,
  0x3b, 0x40, 0x13, 0x90, 0x39, 0x50, 0x02, 0x90, 0x35, 0x69, 0x06, 0x90,
  0x3e, 0x66, 0x70, 0x90, 0x3c, 0x5a, 0x28, 0x80, 0x39, 0x40, 0x02, 0x80,
  0x35, 0x40, 0x06, 0x80, 0x3e, 0x40, 0x34, 0x80, 0x3c, 0x40, 0x14, 0x90,
  0x3b, 0x5d, 0x64, 0x80, 0x3b, 0x40, 0x14, 0x90, 0x39, 0x5f, 0x64, 0x80,
  0x39, 0x40, 0x12, 0x90, 0x2f, 0x55, 0x12, 0x90, 0x37, 0x52, 0x0f, 0x90,
  0x32, 0x4c, 0x83, 0x17, 0x80, 0x2f, 0x40, 0x12, 0x80, 0x37, 0x40, 0x0f,
  0x80, 0x32, 0x40, 0x08, 0x90, 0x32, 0x69, 0x13, 0x90, 0x37, 0x4d, 0x0d,
  0x90, 0x3b, 0x53, 0x83, 0x18, 0x80, 0x32, 0x40, 0x13, 0x80, 0x37, 0x40,
  0x0d, 0x80, 0x3b, 0x40, 0x07, 0x90, 0x37, 0x5d, 0x13, 0x90, 0x3e, 0x58,
  0x0f, 0x90, 0x3b, 0x68, 0x83, 0x16, 0x80, 0x37, 0x40, 0x13, 0x80, 0x3e,
  0x40, 0x0f, 0x80, 0x3b, 0x40, 0x04, 0x90, 0x3b, 0x60, 0x02, 0xff, 0x51,
  0x03, 0x0c, 0x8a, 0x9f, 0x13, 0x90, 0x3e, 0x5f, 0x0c, 0x90, 0x43, 0x61,
  0x83, 0x17, 0x80, 0x3b, 0x40, 0x15, 0x80, 0x3e, 0x40, 0x0c, 0x80, 0x43,
  0x40, 0x09, 0xff, 0x51, 0x03, 0x06, 0xae, 0xc4, 0x01, 0x96, 0x3c, 0x51,
  0x03, 0x90, 0x43, 0x69, 0x05, 0x91, 0x24, 0x64, 0x5f, 0x80, 0x43, 0x40,
  0x75, 0x86, 0x3c, 0x40, 0x0e, 0x96, 0x40, 0x52, 0x03, 0x97, 0x54, 0x62,
  0x04, 0x90, 0x43, 0x6e, 0x02, 0x93, 0x3c, 0x5f, 0x09, 0x93, 0x40, 0x61,
  0x03, 0x93, 0x43, 0x60, 0x35, 0x81, 0x24, 0x40, 0x0f, 0x83, 0x3c, 0x40,
  0x09, 0x83, 0x40, 0x40, 0x02, 0x86, 0x40, 0x40, 0x01, 0x83, 0x43, 0x40,
  0x02, 0x87, 0x54, 0x40, 0x04, 0x80, 0x43, 0x40, 0x16, 0x96, 0x43, 0x4d,
  0x64, 0x86, 0x43, 0x40, 0x0f, 0x90, 0x45, 0x6a, 0x02, 0x96, 0x37, 0x50,
  0x08, 0x91, 0x1f, 0x64, 0x5a, 0x80, 0x45, 0x40, 0x7a, 0x86, 0x37, 0x40,
  0x0e, 0x96, 0x40, 0x4c, 0x01, 0x93, 0x3c, 0x66, 0x02, 0x90, 0x43, 0x6e,
  0x00, 0x97, 0x48, 0x64, 0x0e, 0x93, 0x40, 0x67, 0x0a, 0x93, 0x43, 0x67,
  0x2f, 0x81, 0x1f, 0x40, 0x07, 0x83, 0x3c, 0x40, 0x10, 0x83, 0x40, 0x40,
  0x03, 0x86, 0x40, 0x40, 0x03, 0x80, 0x43, 0x40, 0x00, 0x87, 0x48, 0x40,
  0x04, 0x83, 0x43, 0x40, 0x15, 0x96, 0x43, 0x4d, 0x64, 0x86, 0x43, 0x40,
  0x0d, 0x90, 0x40, 0x6d, 0x02, 0x96, 0x3c, 0x52, 0x0b, 0x91, 0x24, 0x64,
  0x57, 0x80, 0x40, 0x40, 0x7a, 0x86, 0x3c, 0x40, 0x16, 0x90, 0x3e, 0x69,
  0x02, 0x96, 0x40, 0x53, 0x01, 0x93, 0x3c, 0x5f, 0x01, 0x97, 0x54, 0x60,
  0x03, 0x93, 0x40, 0x5f, 0x0c, 0x93, 0x40, 0x66, 0x32, 0x81, 0x24, 0x40,
  0x0e, 0x83, 0x3c, 0x40, 0x04, 0x83, 0x40, 0x40, 0x0c, 0x83, 0x40, 0x40,
  0x01, 0x80, 0x3e, 0x40, 0x02, 0x86, 0x40, 0x40, 0x02, 0x87, 0x54, 0x40,
  0x10, 0x96, 0x43, 0x52, 0x64, 0x86, 0x43, 0x40, 0x15, 0x96, 0x37, 0x52,
  0x03, 0x90, 0x3c, 0x6f, 0x05, 0x91, 0x1f, 0x64, 0x5c, 0x86, 0x37, 0x40,
  0x03, 0x80, 0x3c, 0x40, 0x12, 0x96, 0x3c, 0x54, 0x64, 0x86, 0x3c, 0x40,
  0x0d, 0x90, 0x40, 0x6e, 0x03, 0x97, 0x48, 0x68, 0x03, 0x96, 0x40, 0x53,
  0x03, 0x93, 0x3c, 0x66, 0x03, 0x93, 0x40, 0x62, 0x0b, 0x93, 0x43, 0x61,
  0x33, 0x81, 0x1f, 0x40, 0x0f, 0x83, 0x3c, 0x40, 0x03, 0x83, 0x40, 0x40,
  0x08, 0x80, 0x40, 0x40, 0x03, 0x83, 0x43, 0x40, 0x00, 0x87, 0x48, 0x40,
  0x03, 0x86, 0x40, 0x40, 0x13, 0x96, 0x43, 0x50, 0x64, 0x86, 0x43, 0x40,
  0x12, 0x90, 0x3e, 0x6c, 0x05, 0x96, 0x3e, 0x4f, 0x05, 0x91, 0x26, 0x64,
  0x5a, 0x80, 0x3e, 0x40, 0x7d, 0x86, 0x3e, 0x40, 0x0e, 0x97, 0x54, 0x62,
  0x05, 0x96, 0x41, 0x50, 0x01, 0x93, 0x3e, 0x66, 0x01, 0x90, 0x3e, 0x6a,
  0x03, 0x93, 0x41, 0x63, 0x11, 0x93, 0x45, 0x5f, 0x2c, 0x81, 0x26, 0x40,
  0x0f, 0x83, 0x3e, 0x40, 0x04, 0x83, 0x41, 0x40, 0x0a, 0x87, 0x54, 0x40,
  0x05, 0x86, 0x41, 0x40, 0x02, 0x83, 0x45, 0x40, 0x00, 0x80, 0x3e, 0x40,
  0x12, 0x96, 0x45, 0x4e, 0x64, 0x86, 0x45, 0x40, 0x11, 0x90, 0x41, 0x69,
  0x05, 0x96, 0x39, 0x52, 0x02, 0x91, 0x21, 0x64, 0x5d, 0x80, 0x41, 0x40,
  0x7d, 0x86, 0x39, 0x40, 0x0d, 0x90, 0x40, 0x68, 0x03, 0x96, 0x3e, 0x53,
  0x04, 0x97, 0x48, 0x65, 0x00, 0x93, 0x3e, 0x5f, 0x09, 0x93, 0x41, 0x63,
  0x06, 0x93, 0x45, 0x62, 0x2f, 0x81, 0x21, 0x40, 0x12, 0x83, 0x3e, 0x40,
  0x09, 0x83, 0x41, 0x40, 0x04, 0x80, 0x40, 0x40, 0x02, 0x83, 0x45, 0x40,
  0x01, 0x86, 0x3e, 0x40, 0x04, 0x87, 0x48, 0x40, 0x12, 0x96, 0x41, 0x50,
  0x64, 0x86, 0x41, 0x40, 0x15, 0x90, 0x3e, 0x6b, 0x00, 0x91, 0x26, 0x64,
  0x01, 0x96, 0x3e, 0x54, 0x81, 0x5c, 0x86, 0x3e, 0x40, 0x0b, 0x96, 0x41,
  0x54, 0x03, 0x97, 0x54, 0x64, 0x00, 0x93, 0x3e, 0x61, 0x02, 0x94, 0x59,
  0x69, 0x00, 0x94, 0x56, 0x69, 0x0a, 0x93, 0x41, 0x60, 0x07, 0x93, 0x45,
  0x64, 0x2b, 0x84, 0x59, 0x40, 0x00, 0x84, 0x56, 0x40, 0x03, 0x81, 0x26,
  0x40, 0x0f, 0x83, 0x3e, 0x40, 0x0c, 0x83, 0x41, 0x40, 0x05, 0x86, 0x41,
  0x40, 0x02, 0x83, 0x45, 0x40, 0x01, 0x87, 0x54, 0x40, 0x1a, 0x96, 0x45,
  0x4e, 0x64, 0x86, 0x45, 0x40, 0x0f, 0x96, 0x39, 0x50, 0x01, 0x94, 0x51,
  0x69, 0x00, 0x94, 0x56, 0x69, 0x03, 0x80, 0x3e, 0x40, 0x06, 0x91, 0x21,
  0x64, 0x5a, 0x86, 0x39, 0x40, 0x16, 0x96, 0x3e, 0x50, 0x64, 0x86, 0x3e,
  0x40, 0x0e, 0x97, 0x48, 0x67, 0x03, 0x90, 0x41, 0x6e, 0x06, 0x93, 0x3e,
  0x61, 0x00, 0x96, 0x41, 0x4c, 0x07, 0x93, 0x41, 0x65, 0x0c, 0x93, 0x45,
  0x64, 0x2e, 0x81, 0x21, 0x40, 0x0f, 0x83, 0x3e, 0x40, 0x07, 0x83, 0x41,
  0x40, 0x04, 0x87, 0x48, 0x40, 0x08, 0x83, 0x45, 0x40, 0x01, 0x86, 0x41,
  0x40, 0x11, 0x96, 0x45, 0x4c, 0x27, 0x84, 0x56, 0x40, 0x00, 0x84, 0x51,
  0x40, 0x12, 0x80, 0x41, 0x40, 0x2b, 0x86, 0x45, 0x40, 0x0e, 0x96, 0x3c,
  0x50, 0x02, 0x90, 0x43, 0x6f, 0x0c, 0x91, 0x24, 0x64, 0x58, 0x80, 0x43,
  0x40, 0x76, 0x86, 0x3c, 0x40, 0x19, 0x96, 0x40, 0x52, 0x01, 0x90, 0x43,
  0x6d, 0x00, 0x93, 0x3c, 0x66, 0x01, 0x97, 0x54, 0x67, 0x03, 0x93, 0x40,
  0x65, 0x10, 0x93, 0x43, 0x64, 0x30, 0x81, 0x24, 0x40, 0x0c, 0x83, 0x3c,
  0x40, 0x04, 0x83, 0x40, 0x40, 0x0f, 0x86, 0x40, 0x40, 0x01, 0x83, 0x43,
  0x40, 0x00, 0x80, 0x43, 0x40, 0x01, 0x87, 0x54, 0x40, 0x15, 0x96, 0x43,
  0x4e, 0x64, 0x86, 0x43, 0x40, 0x0d, 0x96, 0x37, 0x4d, 0x04, 0x90, 0x45,
  0x69, 0x09, 0x91, 0x1f, 0x64, 0x5b, 0x80, 0x45, 0x40, 0x74, 0x86, 0x37,
  0x40, 0x13, 0x90, 0x43, 0x6a, 0x06, 0x93, 0x3c, 0x60, 0x02, 0x97, 0x48,
  0x63, 0x01, 0x96, 0x40, 0x54, 0x0a, 0x93, 0x40, 0x61, 0x02, 0x93, 0x43,
  0x65, 0x35, 0x81, 0x1f, 0x40, 0x0c, 0x83, 0x3c, 0x40, 0x0d, 0x83, 0x40,
  0x40, 0x01, 0x80, 0x43, 0x40, 0x01, 0x83, 0x43, 0x40, 0x07, 0x87, 0x48,
  0x40, 0x01, 0x86, 0x40, 0x40, 0x0c, 0x96, 0x43, 0x4e, 0x64, 0x86, 0x43,
  0x40, 0x15, 0x96, 0x3c, 0x50, 0x06, 0x90, 0x40, 0x6f, 0x02, 0x91, 0x24,
  0x64, 0x62, 0x80, 0x40, 0x40, 0x72, 0x86, 0x3c, 0x40, 0x13, 0x97, 0x54,
  0x66, 0x01, 0x90, 0x3e, 0x67, 0x04, 0x93, 0x3c, 0x62, 0x00, 0x96, 0x40,
  0x4d, 0x0d, 0x93, 0x40, 0x5f, 0x09, 0x93, 0x43, 0x68, 0x2a, 0x81, 0x24,
  0x40, 0x10, 0x83, 0x3c, 0x40, 0x0d, 0x83, 0x40, 0x40, 0x02, 0x87, 0x54,
  0x40, 0x01, 0x80, 0x3e, 0x40, 0x04, 0x86, 0x40, 0x40, 0x02, 0x83, 0x43,
  0x40, 0x13, 0x96, 0x43, 0x53, 0x64, 0x86, 0x43, 0x40, 0x10, 0x90, 0x3c,
  0x6a, 0x01, 0x96, 0x37, 0x4e, 0x01, 0x91, 0x1f, 0x64, 0x62, 0x80, 0x3c,
  0x40, 0x01, 0x86, 0x37, 0x40, 0x11, 0x96, 0x3c, 0x54, 0x64, 0x86, 0x3c,
  0x40, 0x15, 0x96, 0x40, 0x54, 0x02, 0x97, 0x48, 0x66, 0x00, 0x90, 0x40,
  0x71, 0x04, 0x93, 0x3c, 0x66, 0x07, 0x93, 0x40, 0x63, 0x0a, 0x93, 0x43,
  0x65, 0x28, 0x81, 0x1f, 0x40, 0x17, 0x83, 0x3c, 0x40, 0x07, 0x83, 0x40,
  0x40, 0x07, 0x86, 0x40, 0x40, 0x02, 0x80, 0x40, 0x40, 0x00, 0x87, 0x48,
  0x40, 0x01, 0x83, 0x43, 0x40, 0x11, 0x96, 0x43, 0x4e, 0x64, 0x86, 0x43,
  0x40, 0x15, 0x91, 0x2b, 0x64, 0x04, 0x90, 0x3e, 0x69, 0x00, 0x96, 0x3b,
  0x50, 0x64, 0x80, 0x3e, 0x40, 0x78, 0x86, 0x3b, 0x40, 0x0f, 0x90, 0x41,
  0x6c, 0x05, 0x97, 0x54, 0x60, 0x01, 0x96, 0x3e, 0x4f, 0x00, 0x93, 0x3b,
  0x68, 0x07, 0x93, 0x3e, 0x60, 0x0c, 0x93, 0x41, 0x65, 0x24, 0x81, 0x2b,
  0x40, 0x19, 0x83, 0x3b, 0x40, 0x07, 0x83, 0x3e, 0x40, 0x07, 0x80, 0x41,
  0x40, 0x05, 0x83, 0x41, 0x40, 0x00, 0x87, 0x54, 0x40, 0x01, 0x86, 0x3e,
  0x40, 0x10, 0x96, 0x41, 0x4d, 0x64, 0x86, 0x41, 0x40, 0x14, 0x90, 0x40,
  0x6c, 0x00, 0x96, 0x37, 0x4d, 0x08, 0x91, 0x26, 0x64, 0x5c, 0x80, 0x40,
  0x40, 0x00, 0x86, 0x37, 0x40, 0x12, 0x96, 0x3b, 0x4b, 0x64, 0x86, 0x3b,
  0x40, 0x16, 0x93, 0x3b, 0x63, 0x03, 0x90, 0x3e, 0x6a, 0x02, 0x96, 0x3e,
  0x54, 0x00, 0x97, 0x48, 0x67, 0x04, 0x93, 0x3e, 0x63, 0x08, 0x93, 0x41,
  0x62, 0x33, 0x81, 0x26, 0x40, 0x0c, 0x83, 0x3b, 0x40, 0x09, 0x83, 0x3e,
  0x40, 0x08, 0x83, 0x41, 0x40, 0x06, 0x80, 0x3e, 0x40, 0x02, 0x86, 0x3e,
  0x40, 0x00, 0x87, 0x48, 0x40, 0x12, 0x96, 0x41, 0x4c, 0x64, 0x86, 0x41,
  0x40, 0x12, 0x96, 0x3c, 0x4f, 0x03, 0x91, 0x24, 0x64, 0x01, 0x90, 0x3c,
  0x6b, 0x81, 0x58, 0x86, 0x3c, 0x40, 0x10, 0x93, 0x3c, 0x64, 0x04, 0x94,
  0x54, 0x69, 0x00, 0x94, 0x58, 0x69, 0x02, 0x97, 0x54, 0x67, 0x02, 0x96,
  0x40, 0x54, 0x01, 0x93, 0x40, 0x63, 0x0c, 0x93, 0x43, 0x5f, 0x2b, 0x84,
  0x54, 0x40, 0x00, 0x84, 0x58, 0x40, 0x03, 0x81, 0x24, 0x40, 0x0d, 0x83,
  0x3c, 0x40, 0x09, 0x83, 0x40, 0x40, 0x0c, 0x83, 0x43, 0x40, 0x05, 0x87,
  0x54, 0x40, 0x02, 0x86, 0x40, 0x40, 0x13, 0x96, 0x43, 0x4c, 0x64, 0x86,
  0x43, 0x40, 0x0c, 0x96, 0x37, 0x4e, 0x05, 0x94, 0x4f, 0x69, 0x00, 0x94,
  0x54, 0x69, 0x04, 0x80, 0x3c, 0x40, 0x04, 0x91, 0x1f, 0x64, 0x57, 0x86,
  0x37, 0x40, 0x15, 0x96, 0x3c, 0x51, 0x64, 0x86, 0x3c, 0x40, 0x14, 0x90,
  0x43, 0x68, 0x03, 0x97, 0x48, 0x65, 0x01, 0x96, 0x40, 0x4b, 0x00, 0x93,
  0x3c, 0x64, 0x08, 0x93, 0x40, 0x64, 0x08, 0x93, 0x43, 0x5f, 0x34, 0x81,
  0x1f, 0x40, 0x0c, 0x83, 0x3c, 0x40, 0x08, 0x83, 0x40, 0x40, 0x08, 0x83,
  0x43, 0x40, 0x03, 0x87, 0x48, 0x40, 0x01, 0x86, 0x40, 0x40, 0x16, 0x96,
  0x43, 0x4c, 0x26, 0x84, 0x54, 0x40, 0x00, 0x84, 0x4f, 0x40, 0x10, 0x80,
  0x43, 0x40, 0x2e, 0x86, 0x43, 0x40, 0x0e, 0x96, 0x3c, 0x52, 0x01, 0x90,
  0x45, 0x6f, 0x06, 0x91, 0x29, 0x64, 0x5e, 0x80, 0x45, 0x40, 0x77, 0x86,
  0x3c, 0x40, 0x16, 0x96, 0x41, 0x4c, 0x01, 0x90, 0x45, 0x6c, 0x01, 0x93,
  0x41, 0x5f, 0x00, 0x97, 0x54, 0x67, 0x0b, 0x93, 0x45, 0x66, 0x0c, 0x93,
  0x48, 0x64, 0x28, 0x81, 0x29, 0x40, 0x11, 0x83, 0x41, 0x40, 0x0b, 0x83,
  0x45, 0x40, 0x07, 0x86, 0x41, 0x40, 0x01, 0x80, 0x45, 0x40, 0x01, 0x87,
  0x54, 0x40, 0x03, 0x83, 0x48, 0x40, 0x10, 0x96, 0x45, 0x4e, 0x64, 0x86,
  0x45, 0x40, 0x10, 0x90, 0x41, 0x6b, 0x03, 0x96, 0x39, 0x53, 0x08, 0x91,
  0x24, 0x64, 0x59, 0x80, 0x41, 0x40, 0x7b, 0x86, 0x39, 0x40, 0x11, 0x97,
  0x48, 0x65, 0x03, 0x90, 0x45, 0x67, 0x03, 0x93, 0x41, 0x68, 0x00, 0x96,
  0x41, 0x4c, 0x09, 0x93, 0x45, 0x66, 0x0b, 0x93, 0x48, 0x62, 0x2d, 0x81,
  0x24, 0x40, 0x0f, 0x83, 0x41, 0x40, 0x09, 0x83, 0x45, 0x40, 0x05, 0x87,
  0x48, 0x40, 0x03, 0x80, 0x45, 0x40, 0x03, 0x83, 0x48, 0x40, 0x00, 0x86,
  0x41, 0x40, 0x15, 0x96, 0x45, 0x4e, 0x64, 0x86, 0x45, 0x40, 0x13, 0x90,
  0x48, 0x6b, 0x01, 0x96, 0x3c, 0x50, 0x02, 0x91, 0x29, 0x64, 0x61, 0x80,
  0x48, 0x40, 0x79, 0x86, 0x3c, 0x40, 0x0e, 0x97, 0x54, 0x68, 0x03, 0x90,
  0x48, 0x6c, 0x04, 0x93, 0x41, 0x67, 0x00, 0x96, 0x41, 0x4b, 0x0a, 0x93,
  0x45, 0x65, 0x0a, 0x93, 0x48, 0x67, 0x29, 0x81, 0x29, 0x40, 0x13, 0x83,
  0x41, 0x40, 0x0a, 0x83, 0x45, 0x40, 0x03, 0x87, 0x54, 0x40, 0x03, 0x80,
  0x48, 0x40, 0x04, 0x83, 0x48, 0x40, 0x00, 0x86, 0x41, 0x40, 0x12, 0x96,
  0x45, 0x52, 0x64, 0x86, 0x45, 0x40, 0x0e, 0x96, 0x39, 0x4c, 0x05, 0x90,
  0x47, 0x6b, 0x07, 0x91, 0x24, 0x64, 0x58, 0x86, 0x39, 0x40, 0x05, 0x80,
  0x47, 0x40, 0x16, 0x96, 0x3c, 0x4d, 0x64, 0x86, 0x3c, 0x40, 0x0d, 0x96,
  0x41, 0x52, 0x01, 0x97, 0x48, 0x63, 0x02, 0x93, 0x41, 0x62, 0x02, 0x90,
  0x45, 0x6d, 0x08, 0x93, 0x45, 0x61, 0x0d, 0x93, 0x48, 0x62, 0x2e, 0x81,
  0x24, 0x40, 0x0b, 0x83, 0x41, 0x40, 0x0a, 0x83, 0x45, 0x40, 0x07, 0x86,
  0x41, 0x40, 0x01, 0x87, 0x48, 0x40, 0x04, 0x80, 0x45, 0x40, 0x01, 0x83,
  0x48, 0x40, 0x13, 0x96, 0x45, 0x4d, 0x64, 0x86, 0x45, 0x40, 0x0f, 0x96,
  0x3c, 0x4f, 0x03, 0x90, 0x43, 0x6d, 0x07, 0x91, 0x24, 0x64, 0x5d, 0x80,
  0x43, 0x40, 0x75, 0x86, 0x3c, 0x40, 0x18, 0x93, 0x3c, 0x63, 0x01, 0x90,
  0x43, 0x69, 0x02, 0x97, 0x54, 0x61, 0x02, 0x96, 0x40, 0x4d, 0x02, 0x93,
  0x40, 0x63, 0x11, 0x93, 0x43, 0x68, 0x2a, 0x81, 0x24, 0x40, 0x0e, 0x83,
  0x3c, 0x40, 0x07, 0x83, 0x40, 0x40, 0x0e, 0x80, 0x43, 0x40, 0x02, 0x87,
  0x54, 0x40, 0x01, 0x83, 0x43, 0x40, 0x01, 0x86, 0x40, 0x40, 0x0e, 0x96,
  0x43, 0x53, 0x64, 0x86, 0x43, 0x40, 0x11, 0x90, 0x43, 0x70, 0x02, 0x96,
  0x37, 0x51, 0x0c, 0x91, 0x1f, 0x64, 0x56, 0x80, 0x43, 0x40, 0x7a, 0x86,
  0x37, 0x40, 0x14, 0x93, 0x3c, 0x61, 0x00, 0x96, 0x40, 0x50, 0x01, 0x97,
  0x48, 0x66, 0x04, 0x90, 0x41, 0x70, 0x03, 0x93, 0x40, 0x65, 0x0e, 0x93,
  0x43, 0x67, 0x32, 0x81, 0x1f, 0x40, 0x08, 0x83, 0x3c, 0x40, 0x08, 0x83,
  0x40, 0x40, 0x0c, 0x86, 0x40, 0x40, 0x01, 0x87, 0x48, 0x40, 0x01, 0x83,
  0x43, 0x40, 0x03, 0x80, 0x41, 0x40, 0x14, 0x96, 0x43, 0x4c, 0x64, 0x86,
  0x43, 0x40, 0x11, 0x96, 0x3c, 0x54, 0x04, 0x90, 0x40, 0x6c, 0x01, 0x91,
  0x24, 0x64, 0x81, 0x57, 0x86, 0x3c, 0x40, 0x13, 0x97, 0x54, 0x62, 0x02,
  0x96, 0x40, 0x4b, 0x00, 0x94, 0x4c, 0x69, 0x00, 0x94, 0x5b, 0x69, 0x01,
  0x93, 0x3c, 0x66, 0x0b, 0x93, 0x40, 0x61, 0x05, 0x93, 0x43, 0x60, 0x2f,
  0x81, 0x24, 0x40, 0x10, 0x84, 0x4c, 0x40, 0x00, 0x84, 0x5b, 0x40, 0x01,
  0x83, 0x3c, 0x40, 0x0b, 0x83, 0x40, 0x40, 0x05, 0x83, 0x43, 0x40, 0x01,
  0x87, 0x54, 0x40, 0x02, 0x86, 0x40, 0x40, 0x18, 0x96, 0x43, 0x53, 0x64,
  0x86, 0x43, 0x40, 0x10, 0x94, 0x58, 0x69, 0x00, 0x94, 0x54, 0x69, 0x03,
  0x80, 0x40, 0x40, 0x00, 0x96, 0x37, 0x54, 0x03, 0x91, 0x1f, 0x64, 0x4a,
  0x84, 0x54, 0x40, 0x00, 0x84, 0x58, 0x40, 0x17, 0x86, 0x37, 0x40, 0x0d,
  0x96, 0x3c, 0x4d, 0x64, 0x86, 0x3c, 0x40, 0x14, 0x96, 0x40, 0x50, 0x00,
  0x97, 0x48, 0x64, 0x04, 0x94, 0x58, 0x69, 0x00, 0x94, 0x5b, 0x69, 0x01,
  0x93, 0x3c, 0x62, 0x03, 0x90, 0x43, 0x6a, 0x04, 0x93, 0x40, 0x63, 0x10,
  0x93, 0x43, 0x64, 0x2a, 0x81, 0x1f, 0x40, 0x0f, 0x83, 0x3c, 0x40, 0x07,
  0x83, 0x40, 0x40, 0x08, 0x86, 0x40, 0x40, 0x00, 0x87, 0x48, 0x40, 0x08,
  0x83, 0x43, 0x40, 0x0b, 0x96, 0x43, 0x4c, 0x41, 0x84, 0x58, 0x40, 0x00,
  0x84, 0x5b, 0x40, 0x04, 0x80, 0x43, 0x40, 0x1f, 0x86, 0x43, 0x40, 0x17,
  0x96, 0x3c, 0x52, 0x01, 0x90, 0x45, 0x6c, 0x01, 0x94, 0x59, 0x69, 0x00,
  0x94, 0x5d, 0x69, 0x05, 0x91, 0x29, 0x64, 0x5e, 0x80, 0x45, 0x40, 0x01,
  0x84, 0x5d, 0x40, 0x00, 0x84, 0x59, 0x40, 0x76, 0x86, 0x3c, 0x40, 0x11,
  0x90, 0x45, 0x6b, 0x00, 0x97, 0x54, 0x64, 0x01, 0x96, 0x41, 0x4d, 0x06,
  0x93, 0x41, 0x61, 0x05, 0x93, 0x45, 0x68, 0x0d, 0x93, 0x48, 0x64, 0x2d,
  0x81, 0x29, 0x40, 0x11, 0x83, 0x41, 0x40, 0x05, 0x83, 0x45, 0x40, 0x08,
  0x80, 0x45, 0x40, 0x00, 0x87, 0x54, 0x40, 0x01, 0x86, 0x41, 0x40, 0x04,
  0x83, 0x48, 0x40, 0x16, 0x96, 0x45, 0x53, 0x64, 0x86, 0x45, 0x40, 0x10,
  0x90, 0x41, 0x6b, 0x05, 0x96, 0x39, 0x4f, 0x04, 0x91, 0x24, 0x64, 0x5b,
  0x80, 0x41, 0x40, 0x7d, 0x86, 0x39, 0x40, 0x0c, 0x96, 0x41, 0x4b, 0x01,
  0x97, 0x48, 0x60, 0x01, 0x90, 0x45, 0x6a, 0x00, 0x93, 0x41, 0x66, 0x0d,
  0x93, 0x45, 0x66, 0x05, 0x93, 0x48, 0x62, 0x34, 0x81, 0x24, 0x40, 0x0a,
  0x83, 0x41, 0x40, 0x0d, 0x83, 0x45, 0x40, 0x05, 0x86, 0x41, 0x40, 0x00,
  0x83, 0x48, 0x40, 0x01, 0x87, 0x48, 0x40, 0x01, 0x80, 0x45, 0x40, 0x13,
  0x96, 0x45, 0x54, 0x64, 0x86, 0x45, 0x40, 0x15, 0x90, 0x48, 0x6f, 0x06,
  0x96, 0x3c, 0x53, 0x04, 0x91, 0x29, 0x64, 0x5a, 0x80, 0x48, 0x40, 0x7e,
  0x86, 0x3c, 0x40, 0x10, 0x90, 0x48, 0x6c, 0x03, 0x97, 0x54, 0x61, 0x01,
  0x96, 0x41, 0x54, 0x00, 0x93, 0x41, 0x67, 0x03, 0x93, 0x45, 0x65, 0x0a,
  0x93, 0x48, 0x66, 0x33, 0x81, 0x29, 0x40, 0x10, 0x83, 0x41, 0x40, 0x03,
  0x83, 0x45, 0x40, 0x0a, 0x83, 0x48, 0x40, 0x03, 0x80, 0x48, 0x40, 0x03,
  0x87, 0x54, 0x40, 0x01, 0x86, 0x41, 0x40, 0x11, 0x96, 0x45, 0x54, 0x64,
  0x86, 0x45, 0x40, 0x13, 0x90, 0x47, 0x70, 0x01, 0x91, 0x24, 0x64, 0x00,
  0x96, 0x39, 0x53, 0x63, 0x80, 0x47, 0x40, 0x01, 0x86, 0x39, 0x40, 0x13,
  0x96, 0x3c, 0x51, 0x64, 0x86, 0x3c, 0x40, 0x11, 0x93, 0x41, 0x5f, 0x00,
  0x97, 0x48, 0x5f, 0x03, 0x90, 0x48, 0x6c, 0x05, 0x96, 0x41, 0x52, 0x09,
  0x93, 0x45, 0x62, 0x07, 0x93, 0x48, 0x5f, 0x28, 0x81, 0x24, 0x40, 0x10,
  0x83, 0x41, 0x40, 0x11, 0x83, 0x45, 0x40, 0x03, 0x87, 0x48, 0x40, 0x03,
  0x80, 0x48, 0x40, 0x01, 0x83, 0x48, 0x40, 0x04, 0x86, 0x41, 0x40, 0x14,
  0x96, 0x45, 0x53, 0x64, 0x86, 0x45, 0x40, 0x10, 0x90, 0x4a, 0x6d, 0x00,
  0x96, 0x3e, 0x5e, 0x08, 0x96, 0x43, 0x58, 0x01, 0x91, 0x2b, 0x64, 0x13,
  0x96, 0x47, 0x63, 0x48, 0x80, 0x4a, 0x40, 0x81, 0x0d, 0x93, 0x43, 0x65,
  0x02, 0x97, 0x54, 0x64, 0x01, 0x90, 0x4a, 0x69, 0x01, 0x93, 0x47, 0x68,
  0x11, 0x93, 0x4a, 0x63, 0x26, 0x86, 0x3e, 0x40, 0x08, 0x86, 0x43, 0x40,
  0x01, 0x81, 0x2b, 0x40, 0x0c, 0x83, 0x43, 0x40, 0x04, 0x83, 0x47, 0x40,
  0x03, 0x86, 0x47, 0x40, 0x0e, 0x83, 0x4a, 0x40, 0x01, 0x87, 0x54, 0x40,
  0x01, 0x80, 0x4a, 0x40, 0x81, 0x08, 0x96, 0x3b, 0x4c, 0x01, 0x90, 0x47,
  0x6b, 0x08, 0x91, 0x26, 0x64, 0x0c, 0x96, 0x3e, 0x59, 0x0d, 0x96, 0x43,
  0x4e, 0x43, 0x80, 0x47, 0x40, 0x81, 0x08, 0x93, 0x43, 0x62, 0x00, 0x97,
  0x54, 0x63, 0x04, 0x90, 0x45, 0x69, 0x0b, 0x93, 0x47, 0x5f, 0x0a, 0x93,
  0x4a, 0x63, 0x26, 0x86, 0x3b, 0x40, 0x09, 0x81, 0x26, 0x40, 0x08, 0x83,
  0x43, 0x40, 0x04, 0x86, 0x3e, 0x40, 0x0b, 0x83, 0x47, 0x40, 0x02, 0x86,
  0x43, 0x40, 0x03, 0x87, 0x54, 0x40, 0x04, 0x80, 0x45, 0x40, 0x01, 0x83,
  0x4a, 0x40, 0x81, 0x05, 0x90, 0x43, 0x6e, 0x08, 0x93, 0x3e, 0x60, 0x00,
  0x96, 0x3b, 0x58, 0x04, 0x91, 0x2b, 0x64, 0x03, 0x93, 0x43, 0x63, 0x07,
  0x96, 0x3e, 0x53, 0x02, 0x93, 0x47, 0x63, 0x0d, 0x96, 0x41, 0x5f, 0x33,
  0x83, 0x3e, 0x40, 0x07, 0x83, 0x43, 0x40, 0x05, 0x80, 0x43, 0x40, 0x04,
  0x83, 0x47, 0x40, 0x30, 0x81, 0x2b, 0x40, 0x58, 0x97, 0x54, 0x5f, 0x01,
  0x93, 0x45, 0x63, 0x04, 0x94, 0x56, 0x69, 0x00, 0x94, 0x59, 0x69, 0x03,
  0x90, 0x41, 0x6e, 0x02, 0x93, 0x41, 0x66, 0x04, 0x91, 0x29, 0x64, 0x07,
  0x93, 0x3c, 0x60, 0x0a, 0x83, 0x45, 0x40, 0x09, 0x83, 0x41, 0x40, 0x0b,
  0x83, 0x3c, 0x40, 0x11, 0x86, 0x3b, 0x40, 0x0e, 0x86, 0x3e, 0x40, 0x03,
  0x84, 0x59, 0x40, 0x00, 0x84, 0x56, 0x40, 0x0c, 0x86, 0x41, 0x40, 0x03,
  0x87, 0x54, 0x40, 0x08, 0x80, 0x41, 0x40, 0x2e, 0x81, 0x29, 0x40, 0x59,
  0x96, 0x37, 0x56, 0x00, 0x97, 0x48, 0x66, 0x01, 0x90, 0x3e, 0x6a, 0x01,
  0x93, 0x3b, 0x68, 0x00, 0x94, 0x53, 0x69, 0x00, 0x94, 0x56, 0x69, 0x05,
  0x93, 0x3e, 0x65, 0x01, 0x91, 0x26, 0x64, 0x10, 0x93, 0x43, 0x67, 0x00,
  0x96, 0x3b, 0x48, 0x00, 0x96, 0x3e, 0x4d, 0x4c, 0x87, 0x48, 0x40, 0x79,
  0x80, 0x3e, 0x40, 0x15, 0x90, 0x40, 0x6f, 0x3a, 0x86, 0x37, 0x40, 0x08,
  0x81, 0x26, 0x40, 0x10, 0x86, 0x3b, 0x40, 0x00, 0x86, 0x3e, 0x40, 0x12,
  0xe0, 0x38, 0x57, 0x14, 0xe0, 0x68, 0x60, 0x28, 0x84, 0x53, 0x40, 0x00,
  0x83, 0x3b, 0x40, 0x00, 0x84, 0x56, 0x40, 0x05, 0x83, 0x3e, 0x40, 0x11,
  0x83, 0x43, 0x40, 0x26, 0x80, 0x40, 0x40, 0x0a, 0xe0, 0x00, 0x40, 0x0a,
  0x90, 0x43, 0x6d, 0x04, 0x91, 0x24, 0x64, 0x00, 0x96, 0x3c, 0x53, 0x60,
  0x80, 0x43, 0x40, 0x7c, 0x86, 0x3c, 0x40, 0x0d, 0x96, 0x40, 0x50, 0x04,
  0x90, 0x43, 0x6a, 0x01, 0x97, 0x54, 0x61, 0x01, 0x93, 0x3c, 0x64, 0x04,
  0x93, 0x40, 0x68, 0x10, 0x93, 0x43, 0x64, 0x29, 0x81, 0x24, 0x40, 0x13,
  0x83, 0x3c, 0x40, 0x04, 0x83, 0x40, 0x40, 0x0a, 0x86, 0x40, 0x40, 0x04,
  0x80, 0x43, 0x40, 0x01, 0x87, 0x54, 0x40, 0x01, 0x83, 0x43, 0x40, 0x10,
  0x96, 0x43, 0x4c, 0x64, 0x86, 0x43, 0x40, 0x17, 0x96, 0x37, 0x50, 0x01,
  0x90, 0x45, 0x69, 0x04, 0x91, 0x1f, 0x64, 0x60, 0x80, 0x45, 0x40, 0x77,
  0x86, 0x37, 0x40, 0x0d, 0x90, 0x43, 0x6d, 0x00, 0x93, 0x3c, 0x65, 0x07,
  0x96, 0x40, 0x54, 0x02, 0x97, 0x48, 0x63, 0x02, 0x93, 0x40, 0x66, 0x0c,
  0x93, 0x43, 0x66, 0x31, 0x81, 0x1f, 0x40, 0x08, 0x83, 0x3c, 0x40, 0x0b,
  0x83, 0x40, 0x40, 0x09, 0x80, 0x43, 0x40, 0x03, 0x83, 0x43, 0x40, 0x04,
  0x86, 0x40, 0x40, 0x02, 0x87, 0x48, 0x40, 0x0b, 0x96, 0x43, 0x4e, 0x64,
  0x86, 0x43, 0x40, 0x19, 0x90, 0x40, 0x6a, 0x04, 0x91, 0x24, 0x64, 0x00,
  0x96, 0x3c, 0x4e, 0x60, 0x80, 0x40, 0x40, 0x7c, 0x86, 0x3c, 0x40, 0x0b,
  0x90, 0x3e, 0x6b, 0x01, 0x93, 0x3c, 0x66, 0x00, 0x96, 0x40, 0x50, 0x06,
  0x97, 0x54, 0x5f, 0x04, 0x93, 0x40, 0x62, 0x11, 0x93, 0x40, 0x66, 0x29,
  0x81, 0x24, 0x40, 0x0c, 0x83, 0x3c, 0x40, 0x0a, 0x83, 0x40, 0x40, 0x09,
  0x80, 0x3e, 0x40, 0x01, 0x86, 0x40, 0x40, 0x06, 0x87, 0x54, 0x40, 0x01,
  0x83, 0x40, 0x40, 0x15, 0x96, 0x43, 0x4b, 0x64, 0x86, 0x43, 0x40, 0x0b,
  0x90, 0x3c, 0x69, 0x05, 0x96, 0x37, 0x4d, 0x05, 0x91, 0x1f, 0x64, 0x5a,
  0x80, 0x3c, 0x40, 0x05, 0x86, 0x37, 0x40, 0x15, 0x96, 0x3c, 0x4f, 0x64,
  0x86, 0x3c, 0x40, 0x13, 0x96, 0x40, 0x4d, 0x02, 0x97, 0x48, 0x61, 0x01,
  0x93, 0x3c, 0x61, 0x01, 0x90, 0x40, 0x6a, 0x05, 0x93, 0x40, 0x65, 0x0c,
  0x93, 0x43, 0x64, 0x2c, 0x81, 0x1f, 0x40, 0x12, 0x83, 0x3c, 0x40, 0x06,
  0x83, 0x40, 0x40, 0x0b, 0x86, 0x40, 0x40, 0x01, 0x83, 0x43, 0x40, 0x01,
  0x87, 0x48, 0x40, 0x02, 0x80, 0x40, 0x40, 0x14, 0x96, 0x43, 0x4c, 0x64,
  0x86, 0x43, 0x40, 0x0e, 0x90, 0x3e, 0x6d, 0x02, 0x96, 0x3e, 0x53, 0x07,
  0x91, 0x26, 0x64, 0x5b, 0x80, 0x3e, 0x40, 0x7a, 0x86, 0x3e, 0x40, 0x12,
  0x93, 0x3e, 0x66, 0x03, 0x90, 0x3e, 0x6c, 0x02, 0x96, 0x41, 0x4b, 0x00,
  0x97, 0x54, 0x63, 0x0b, 0x93, 0x41, 0x67, 0x09, 0x93, 0x45, 0x66, 0x2c,
  0x81, 0x26, 0x40, 0x0b, 0x83, 0x3e, 0x40, 0x10, 0x83, 0x41, 0x40, 0x07,
  0x80, 0x3e, 0x40, 0x02, 0x86, 0x41, 0x40, 0x00, 0x87, 0x54, 0x40, 0x00,
  0x83, 0x45, 0x40, 0x15, 0x96, 0x45, 0x4e, 0x64, 0x86, 0x45, 0x40, 0x11,
  0x96, 0x39, 0x53, 0x01, 0x90, 0x41, 0x69, 0x06, 0x91, 0x21, 0x64, 0x5e,
  0x80, 0x41, 0x40, 0x77, 0x86, 0x39, 0x40, 0x10, 0x97, 0x48, 0x60, 0x04,
  0x90, 0x40, 0x6d, 0x01, 0x96, 0x3e, 0x4c, 0x01, 0x93, 0x3e, 0x65, 0x06,
  0x93, 0x41, 0x65, 0x0b, 0x93, 0x45, 0x62, 0x30, 0x81, 0x21, 0x40, 0x0f,
  0x83, 0x3e, 0x40, 0x06, 0x83, 0x41, 0x40, 0x08, 0x87, 0x48, 0x40, 0x03,
  0x83, 0x45, 0x40, 0x01, 0x80, 0x40, 0x40, 0x01, 0x86, 0x3e, 0x40, 0x10,
  0x96, 0x41, 0x4d, 0x64, 0x86, 0x41, 0x40, 0x14, 0x90, 0x3e, 0x68, 0x06,
  0x96, 0x3e, 0x4b, 0x05, 0x91, 0x26, 0x64, 0x81, 0x57, 0x86, 0x3e, 0x40,
  0x0b, 0x93, 0x3e, 0x64, 0x04, 0x96, 0x41, 0x50, 0x01, 0x94, 0x59, 0x69,
  0x00, 0x94, 0x56, 0x69, 0x03, 0x97, 0x54, 0x5f, 0x06, 0x93, 0x41, 0x5f,
  0x0a, 0x93, 0x45, 0x68, 0x29, 0x84, 0x59, 0x40, 0x00, 0x84, 0x56, 0x40,
  0x09, 0x81, 0x26, 0x40, 0x06, 0x83, 0x3e, 0x40, 0x0e, 0x83, 0x41, 0x40,
  0x0a, 0x86, 0x41, 0x40, 0x00, 0x83, 0x45, 0x40, 0x04, 0x87, 0x54, 0x40,
  0x0d, 0x96, 0x45, 0x4d, 0x64, 0x86, 0x45, 0x40, 0x16, 0x80, 0x3e, 0x40,
  0x01, 0x91, 0x21, 0x64, 0x01, 0x94, 0x56, 0x69, 0x00, 0x94, 0x51, 0x69,
  0x01, 0x96, 0x39, 0x4c, 0x64, 0x86, 0x39, 0x40, 0x14, 0x96, 0x3e, 0x4f,
  0x64, 0x86, 0x3e, 0x40, 0x12, 0x97, 0x48, 0x64, 0x02, 0x96, 0x41, 0x4d,
  0x00, 0x90, 0x41, 0x70, 0x03, 0x93, 0x3e, 0x62, 0x01, 0x93, 0x41, 0x61,
  0x0f, 0x93, 0x45, 0x60, 0x27, 0x81, 0x21, 0x40, 0x19, 0x83, 0x3e, 0x40,
  0x01, 0x83, 0x41, 0x40, 0x0e, 0x87, 0x48, 0x40, 0x01, 0x83, 0x45, 0x40,
  0x01, 0x86, 0x41, 0x40, 0x16, 0x96, 0x45, 0x4b, 0x25, 0x84, 0x56, 0x40,
  0x00, 0x84, 0x51, 0x40, 0x15, 0x80, 0x41, 0x40, 0x2a, 0x86, 0x45, 0x40,
  0x10, 0x96, 0x3c, 0x52, 0x03, 0x90, 0x43, 0x6e, 0x02, 0x91, 0x24, 0x64,
  0x62, 0x80, 0x43, 0x40, 0x75, 0x86, 0x3c, 0x40, 0x11, 0x97, 0x54, 0x68,
  0x06, 0x96, 0x40, 0x4f, 0x00, 0x90, 0x43, 0x6a, 0x02, 0x93, 0x3c, 0x63,
  0x01, 0x93, 0x40, 0x62, 0x11, 0x93, 0x43, 0x67, 0x2a, 0x81, 0x24, 0x40,
  0x14, 0x83, 0x3c, 0x40, 0x01, 0x83, 0x40, 0x40, 0x0b, 0x87, 0x54, 0x40,
  0x06, 0x80, 0x43, 0x40, 0x00, 0x86, 0x40, 0x40, 0x00, 0x83, 0x43, 0x40,
  0x12, 0x96, 0x43, 0x4d, 0x64, 0x86, 0x43, 0x40, 0x15, 0x90, 0x45, 0x6c,
  0x01, 0x96, 0x37, 0x51, 0x06, 0x91, 0x1f, 0x64, 0x5d, 0x80, 0x45, 0x40,
  0x79, 0x86, 0x37, 0x40, 0x0f, 0x90, 0x43, 0x69, 0x00, 0x97, 0x48, 0x63,
  0x03, 0x93, 0x3c, 0x60, 0x01, 0x96, 0x40, 0x53, 0x04, 0x93, 0x40, 0x68,
  0x0a, 0x93, 0x43, 0x65, 0x35, 0x81, 0x1f, 0x40, 0x0c, 0x83, 0x3c, 0x40,
  0x05, 0x83, 0x40, 0x40, 0x0a, 0x83, 0x43, 0x40, 0x02, 0x80, 0x43, 0x40,
  0x00, 0x87, 0x48, 0x40, 0x04, 0x86, 0x40, 0x40, 0x0e, 0x96, 0x43, 0x4d,
  0x64, 0x86, 0x43, 0x40, 0x15, 0x90, 0x40, 0x71, 0x00, 0x96, 0x3c, 0x4b,
  0x0c, 0x91, 0x24, 0x64, 0x58, 0x80, 0x40, 0x40, 0x78, 0x86, 0x3c, 0x40,
  0x13, 0x90, 0x3e, 0x6c, 0x03, 0x96, 0x40, 0x54, 0x02, 0x93, 0x3c, 0x63,
  0x01, 0x97, 0x54, 0x68, 0x08, 0x93, 0x40, 0x68, 0x0b, 0x93, 0x43, 0x5f,
  0x30, 0x81, 0x24, 0x40, 0x0c, 0x83, 0x3c, 0x40, 0x09, 0x83, 0x40, 0x40,
  0x06, 0x80, 0x3e, 0x40, 0x03, 0x86, 0x40, 0x40, 0x02, 0x83, 0x43, 0x40,
  0x01, 0x87, 0x54, 0x40, 0x11, 0x96, 0x43, 0x54, 0x64, 0x86, 0x43, 0x40,
  0x13, 0x90, 0x3c, 0x6e, 0x00, 0x96, 0x37, 0x4b, 0x08, 0x91, 0x1f, 0x64,
  0x5c, 0x80, 0x3c, 0x40, 0x00, 0x86, 0x37, 0x40, 0x13, 0x96, 0x3c, 0x4d,
  0x64, 0x86, 0x3c, 0x40, 0x13, 0x93, 0x3c, 0x68, 0x04, 0x96, 0x40, 0x4e,
  0x01, 0x90, 0x40, 0x6d, 0x04, 0x97, 0x48, 0x5f, 0x03, 0x93, 0x40, 0x66,
  0x11, 0x93, 0x43, 0x66, 0x29, 0x81, 0x1f, 0x40, 0x0a, 0x83, 0x3c, 0x40,
  0x0c, 0x83, 0x40, 0x40, 0x0c, 0x86, 0x40, 0x40, 0x01, 0x80, 0x40, 0x40,
  0x04, 0x87, 0x48, 0x40, 0x00, 0x83, 0x43, 0x40, 0x0f, 0x96, 0x43, 0x4e,
  0x64, 0x86, 0x43, 0x40, 0x14, 0x90, 0x3e, 0x6d, 0x01, 0x94, 0x53, 0x69,
  0x00, 0x94, 0x56, 0x69, 0x00, 0x99, 0x36, 0x46, 0x01, 0x99, 0x2a, 0x3d,
  0x00, 0x93, 0x3e, 0x62, 0x02, 0x96, 0x3b, 0x57, 0x01, 0x93, 0x3b, 0x66,
  0x05, 0x91, 0x1f, 0x64, 0x01, 0x89, 0x36, 0x40, 0x01, 0x89, 0x2a, 0x40,
  0x01, 0x93, 0x41, 0x64, 0x1d, 0x96, 0x3e, 0x5d, 0x17, 0x96, 0x41, 0x57,
  0x07, 0x83, 0x3e, 0x40, 0x03, 0x83, 0x3b, 0x40, 0x08, 0x83, 0x41, 0x40,
  0x01, 0x86, 0x3b, 0x40, 0x25, 0x84, 0x53, 0x40, 0x00, 0x84, 0x56, 0x40,
  0x01, 0x86, 0x3e, 0x40, 0x17, 0x86, 0x41, 0x40, 0x4b, 0x80, 0x3e, 0x40,
  0x17, 0x97, 0x54, 0x62, 0x01, 0x90, 0x41, 0x6d, 0x42, 0x81, 0x1f, 0x40,
  0x15, 0xe0, 0x20, 0x5f, 0x0c, 0x87, 0x54, 0x40, 0x12, 0xe0, 0x6c, 0x7f,
  0x67, 0x80, 0x41, 0x40, 0x11, 0xe0, 0x00, 0x40, 0x04, 0x90, 0x40, 0x6f,
  0x81, 0x34, 0x80, 0x40, 0x40, 0x34, 0x90, 0x3e, 0x6e, 0x01, 0x97, 0x48,
  0x66, 0x64, 0x87, 0x48, 0x40, 0x4f, 0x80, 0x3e, 0x40, 0x43, 0x90, 0x3c,
  0x6e, 0x50, 0x80, 0x3c, 0x40, 0x81, 0x19, 0x97, 0x48, 0x68, 0x04, 0x99,
  0x36, 0x3c, 0x00, 0x90, 0x3e, 0x73, 0x02, 0x96, 0x37, 0x5a, 0x02, 0x99,
  0x2e, 0x31, 0x04, 0x91, 0x29, 0x64, 0x02, 0x89, 0x36, 0x40, 0x04, 0x89,
  0x2e, 0x40, 0x01, 0x96, 0x3b, 0x50, 0x31, 0x96, 0x3e, 0x55, 0x20, 0x87,
  0x48, 0x40, 0x04, 0x80, 0x3e, 0x40, 0x02, 0x86, 0x37, 0x40, 0x0d, 0x86,
  0x3b, 0x40, 0x05, 0x99, 0x2a, 0x37, 0x08, 0x81, 0x29, 0x40, 0x02, 0x89,
  0x2a, 0x40, 0x22, 0x86, 0x3e, 0x40, 0x45, 0x90, 0x40, 0x78, 0x07, 0x99,
  0x36, 0x64, 0x01, 0x96, 0x37, 0x5e, 0x01, 0x99, 0x2a, 0x3b, 0x07, 0x91,
  0x28, 0x64, 0x01, 0x89, 0x36, 0x40, 0x02, 0x89, 0x2a, 0x40, 0x13, 0x96,
  0x3c, 0x61, 0x22, 0x96, 0x40, 0x55, 0x1c, 0x80, 0x40, 0x40, 0x08, 0x86,
  0x37, 0x40, 0x0e, 0x99, 0x2a, 0x34, 0x0a, 0x89, 0x2a, 0x40, 0x04, 0x81,
  0x28, 0x40, 0x02, 0x86, 0x3c, 0x40, 0x22, 0x86, 0x40, 0x40, 0x46, 0x99,
  0x2a, 0x30, 0x01, 0x97, 0x48, 0x5f, 0x00, 0x90, 0x41, 0x7c, 0x02, 0x96,
  0x37, 0x5c, 0x02, 0x99, 0x36, 0x3c, 0x05, 0x89, 0x2a, 0x40, 0x00, 0x91,
  0x26, 0x64, 0x05, 0x89, 0x36, 0x40, 0x17, 0x96, 0x3e, 0x58, 0x21, 0x96,
  0x41, 0x63, 0x1e, 0x87, 0x48, 0x40, 0x00, 0x80, 0x41, 0x40, 0x02, 0x86,
  0x37, 0x40, 0x02, 0xe0, 0x38, 0x57, 0x14, 0xe0, 0x68, 0x60, 0x01, 0x99,
  0x2a, 0x34, 0x04, 0x81, 0x26, 0x40, 0x06, 0x89, 0x2a, 0x40, 0x02, 0x86,
  0x3e, 0x40, 0x21, 0x86, 0x41, 0x40, 0x40, 0xe0, 0x00, 0x40, 0x0a, 0x91,
  0x24, 0x64, 0x00, 0x90, 0x43, 0x69, 0x00, 0x99, 0x36, 0x46, 0x00, 0x96,
  0x3c, 0x51, 0x01, 0x99, 0x2a, 0x3d, 0x08, 0x91, 0x24, 0x64, 0x01, 0x89,
  0x36, 0x40, 0x01, 0x89, 0x2a, 0x40, 0x59, 0x80, 0x43, 0x40, 0x18, 0x99,
  0x2a, 0x32, 0x0a, 0x89, 0x2a, 0x40, 0x56, 0x86, 0x3c, 0x40, 0x0f, 0x96,
  0x40, 0x52, 0x03, 0x99, 0x2e, 0x35, 0x00, 0x97, 0x54, 0x62, 0x02, 0x99,
  0x36, 0x3c, 0x02, 0x90, 0x43, 0x6e, 0x02, 0x93, 0x3c, 0x5f, 0x04, 0x89,
  0x2e, 0x40, 0x02, 0x89, 0x36, 0x40, 0x03, 0x93, 0x40, 0x61, 0x03, 0x93,
  0x43, 0x60, 0x2c, 0x81, 0x24, 0x40, 0x09, 0x81, 0x24, 0x40, 0x0f, 0x83,
  0x3c, 0x40, 0x09, 0x83, 0x40, 0x40, 0x02, 0x86, 0x40, 0x40, 0x01, 0x83,
  0x43, 0x40, 0x02, 0x87, 0x54, 0x40, 0x04, 0x80, 0x43, 0x40, 0x16, 0x96,
  0x43, 0x4d, 0x64, 0x86, 0x43, 0x40, 0x0f, 0x90, 0x45, 0x6a, 0x01, 0x99,
  0x36, 0x64, 0x01, 0x96, 0x37, 0x50, 0x03, 0x99, 0x2a, 0x3c, 0x05, 0x91,
  0x1f, 0x64, 0x01, 0x89, 0x36, 0x40, 0x04, 0x89, 0x2a, 0x40, 0x55, 0x80,
  0x45, 0x40, 0x10, 0x99, 0x2a, 0x35, 0x0a, 0x89, 0x2a, 0x40, 0x60, 0x86,
  0x37, 0x40, 0x0e, 0x96, 0x40, 0x4c, 0x01, 0x99, 0x2e, 0x2e, 0x00, 0x93,
  0x3c, 0x66, 0x02, 0x90, 0x43, 0x6e, 0x00, 0x97, 0x48, 0x64, 0x02, 0x99,
  0x36, 0x3c, 0x06, 0x89, 0x2e, 0x40, 0x04, 0x89, 0x36, 0x40, 0x02, 0x93,
  0x40, 0x67, 0x0a, 0x93, 0x43, 0x67, 0x2f, 0x81, 0x1f, 0x40, 0x07, 0x83,
  0x3c, 0x40, 0x10, 0x83, 0x40, 0x40, 0x03, 0x86, 0x40, 0x40, 0x03, 0x80,
  0x43, 0x40, 0x00, 0x87, 0x48, 0x40, 0x04, 0x83, 0x43, 0x40, 0x15, 0x96,
  0x43, 0x4d, 0x64, 0x86, 0x43, 0x40, 0x0d, 0x90, 0x40, 0x6d, 0x02, 0x96,
  0x3c, 0x52, 0x02, 0x99, 0x36, 0x46, 0x00, 0x99, 0x2a, 0x3b, 0x09, 0x91,
  0x24, 0x64, 0x01, 0x89, 0x36, 0x40, 0x00, 0x89, 0x2a, 0x40, 0x56, 0x80,
  0x40, 0x40, 0x1c, 0x99, 0x2a, 0x2e, 0x0a, 0x89, 0x2a, 0x40, 0x54, 0x86,
  0x3c, 0x40, 0x16, 0x90, 0x3e, 0x69, 0x00, 0x99, 0x36, 0x3c, 0x02, 0x96,
  0x40, 0x53, 0x01, 0x93, 0x3c, 0x5f, 0x01, 0x97, 0x54, 0x60, 0x00, 0x99,
  0x2e, 0x31, 0x03, 0x93, 0x40, 0x5f, 0x03, 0x89, 0x36, 0x40, 0x04, 0x89,
  0x2e, 0x40, 0x05, 0x93, 0x40, 0x66, 0x32, 0x81, 0x24, 0x40, 0x0e, 0x83,
  0x3c, 0x40, 0x04, 0x83, 0x40, 0x40, 0x0c, 0x83, 0x40, 0x40, 0x01, 0x80,
  0x3e, 0x40, 0x02, 0x86, 0x40, 0x40, 0x02, 0x87, 0x54, 0x40, 0x10, 0x99,
  0x2a, 0x37, 0x00, 0x96, 0x43, 0x52, 0x0a, 0x89, 0x2a, 0x40, 0x5a, 0x86,
  0x43, 0x40, 0x14, 0x99, 0x36, 0x64, 0x01, 0x96, 0x37, 0x52, 0x01, 0x99,
  0x2a, 0x3b, 0x02, 0x90, 0x3c, 0x6f, 0x05, 0x91, 0x1f, 0x64, 0x01, 0x89,
  0x36, 0x40, 0x02, 0x89, 0x2a, 0x40, 0x59, 0x86, 0x37, 0x40, 0x03, 0x80,
  0x3c, 0x40, 0x0b, 0x99, 0x2a, 0x34, 0x07, 0x96, 0x3c, 0x54, 0x03, 0x89,
  0x2a, 0x40, 0x61, 0x86, 0x3c, 0x40, 0x0d, 0x90, 0x40, 0x6e, 0x00, 0x99,
  0x2a, 0x30, 0x03, 0x97, 0x48, 0x68, 0x02, 0x99, 0x36, 0x3c, 0x01, 0x96,
  0x40, 0x53, 0x03, 0x93, 0x3c, 0x66, 0x01, 0x89, 0x2a, 0x40, 0x02, 0x93,
  0x40, 0x62, 0x03, 0x89, 0x36, 0x40, 0x08, 0x93, 0x43, 0x61, 0x33, 0x81,
  0x1f, 0x40, 0x0f, 0x83, 0x3c, 0x40, 0x03, 0x83, 0x40, 0x40, 0x08, 0x80,
  0x40, 0x40, 0x03, 0x87, 0x48, 0x40, 0x00, 0x83, 0x43, 0x40, 0x03, 0x86,
  0x40, 0x40, 0x13, 0x96, 0x43, 0x50, 0x01, 0x99, 0x2a, 0x34, 0x0a, 0x89,
  0x2a, 0x40, 0x59, 0x86, 0x43, 0x40, 0x12, 0x90, 0x3e, 0x6c, 0x02, 0x99,
  0x36, 0x46, 0x01, 0x99, 0x2a, 0x3e, 0x02, 0x96, 0x3e, 0x4f, 0x05, 0x91,
  0x26, 0x64, 0x02, 0x89, 0x36, 0x40, 0x01, 0x89, 0x2a, 0x40, 0x57, 0x80,
  0x3e, 0x40, 0x17, 0x99, 0x2a, 0x30, 0x0a, 0x89, 0x2a, 0x40, 0x5c, 0x86,
  0x3e, 0x40, 0x0c, 0x99, 0x2e, 0x35, 0x02, 0x97, 0x54, 0x62, 0x03, 0x99,
  0x36, 0x3c, 0x02, 0x96, 0x41, 0x50, 0x01, 0x93, 0x3e, 0x66, 0x01, 0x90,
  0x3e, 0x6a, 0x01, 0x89, 0x2e, 0x40, 0x02, 0x93, 0x41, 0x63, 0x03, 0x89,
  0x36, 0x40, 0x0e, 0x93, 0x45, 0x5f, 0x2c, 0x81, 0x26, 0x40, 0x0f, 0x83,
  0x3e, 0x40, 0x04, 0x83, 0x41, 0x40, 0x0a, 0x87, 0x54, 0x40, 0x05, 0x86,
  0x41, 0x40, 0x02, 0x83, 0x45, 0x40, 0x00, 0x80, 0x3e, 0x40, 0x12, 0x96,
  0x45, 0x4e, 0x64, 0x86, 0x45, 0x40, 0x11, 0x90, 0x41, 0x69, 0x01, 0x99,
  0x36, 0x64, 0x02, 0x99, 0x2a, 0x3d, 0x02, 0x96, 0x39, 0x52, 0x02, 0x91,
  0x21, 0x64, 0x04, 0x89, 0x36, 0x40, 0x02, 0x89, 0x2a, 0x40, 0x57, 0x80,
  0x41, 0x40, 0x12, 0x99, 0x2a, 0x30, 0x0a, 0x89, 0x2a, 0x40, 0x61, 0x86,
  0x39, 0x40, 0x0d, 0x90, 0x40, 0x68, 0x03, 0x99, 0x36, 0x3c, 0x00, 0x96,
  0x3e, 0x53, 0x01, 0x99, 0x2e, 0x2e, 0x03, 0x97, 0x48, 0x65, 0x00, 0x93,
  0x3e, 0x5f, 0x06, 0x89, 0x36, 0x40, 0x01, 0x89, 0x2e, 0x40, 0x02, 0x93,
  0x41, 0x63, 0x06, 0x93, 0x45, 0x62, 0x2f, 0x81, 0x21, 0x40, 0x12, 0x83,
  0x3e, 0x40, 0x09, 0x83, 0x41, 0x40, 0x04, 0x80, 0x40, 0x40, 0x02, 0x83,
  0x45, 0x40, 0x01, 0x86, 0x3e, 0x40, 0x04, 0x87, 0x48, 0x40, 0x12, 0x96,
  0x41, 0x50, 0x64, 0x86, 0x41, 0x40, 0x10, 0x99, 0x2a, 0x3b, 0x02, 0x99,
  0x36, 0x46, 0x03, 0x90, 0x3e, 0x6b, 0x00, 0x91, 0x26, 0x64, 0x01, 0x96,
  0x3e, 0x54, 0x04, 0x89, 0x2a, 0x40, 0x02, 0x89, 0x36, 0x40, 0x6f, 0x99,
  0x2a, 0x2f, 0x0a, 0x89, 0x2a, 0x40, 0x5d, 0x86, 0x3e, 0x40, 0x0b, 0x96,
  0x41, 0x54, 0x03, 0x97, 0x54, 0x64, 0x00, 0x93, 0x3e, 0x61, 0x02, 0x99,
  0x36, 0x3c, 0x00, 0x99, 0x2e, 0x33, 0x00, 0x94, 0x59, 0x69, 0x00, 0x94,
  0x56, 0x69, 0x0a, 0x89, 0x36, 0x40, 0x00, 0x89, 0x2e, 0x40, 0x00, 0x93,
  0x41, 0x60, 0x07, 0x93, 0x45, 0x64, 0x2b, 0x84, 0x59, 0x40, 0x00, 0x84,
  0x56, 0x40, 0x03, 0x81, 0x26, 0x40, 0x0f, 0x83, 0x3e, 0x40, 0x0c, 0x83,
  0x41, 0x40, 0x05, 0x86, 0x41, 0x40, 0x02, 0x83, 0x45, 0x40, 0x01, 0x87,
  0x54, 0x40, 0x16, 0x99, 0x2a, 0x37, 0x04, 0x96, 0x45, 0x4e, 0x06, 0x89,
  0x2a, 0x40, 0x5e, 0x86, 0x45, 0x40, 0x0f, 0x96, 0x39, 0x50, 0x01, 0x94,
  0x51, 0x69, 0x00, 0x94, 0x56, 0x69, 0x00, 0x99, 0x2a, 0x39, 0x00, 0x99,
  0x36, 0x64, 0x03, 0x80, 0x3e, 0x40, 0x06, 0x91, 0x21, 0x64, 0x01, 0x89,
  0x2a, 0x40, 0x00, 0x89, 0x36, 0x40, 0x59, 0x86, 0x39, 0x40, 0x16, 0x99,
  0x2a, 0x2e, 0x00, 0x96, 0x3e, 0x50, 0x0a, 0x89, 0x2a, 0x40, 0x5a, 0x86,
  0x3e, 0x40, 0x0e, 0x97, 0x48, 0x67, 0x03, 0x90, 0x41, 0x6e, 0x02, 0x99,
  0x36, 0x3c, 0x01, 0x99, 0x2e, 0x32, 0x03, 0x96, 0x41, 0x4c, 0x00, 0x93,
  0x3e, 0x61, 0x06, 0x89, 0x36, 0x40, 0x01, 0x89, 0x2e, 0x40, 0x00, 0x93,
  0x41, 0x65, 0x0c, 0x93, 0x45, 0x64, 0x2e, 0x81, 0x21, 0x40, 0x0f, 0x83,
  0x3e, 0x40, 0x07, 0x83, 0x41, 0x40, 0x04, 0x87, 0x48, 0x40, 0x08, 0x83,
  0x45, 0x40, 0x01, 0x86, 0x41, 0x40, 0x11, 0x96, 0x45, 0x4c, 0x27, 0x84,
  0x51, 0x40, 0x00, 0x84, 0x56, 0x40, 0x12, 0x80, 0x41, 0x40, 0x2b, 0x86,
  0x45, 0x40, 0x0e, 0x96, 0x3c, 0x50, 0x02, 0x90, 0x43, 0x6f, 0x03, 0x99,
  0x36, 0x46, 0x01, 0x99, 0x2a, 0x3d, 0x08, 0x91, 0x24, 0x64, 0x01, 0x89,
  0x36, 0x40, 0x01, 0x89, 0x2a, 0x40, 0x56, 0x80, 0x43, 0x40, 0x1b, 0x99,
  0x2a, 0x32, 0x0a, 0x89, 0x2a, 0x40, 0x51, 0x86, 0x3c, 0x40, 0x17, 0x99,
  0x2e, 0x35, 0x02, 0x99, 0x36, 0x3c, 0x00, 0x96, 0x40, 0x52, 0x01, 0x90,
  0x43, 0x6d, 0x00, 0x93, 0x3c, 0x66, 0x01, 0x97, 0x54, 0x67, 0x03, 0x93,
  0x40, 0x65, 0x03, 0x89, 0x2e, 0x40, 0x02, 0x89, 0x36, 0x40, 0x0b, 0x93,
  0x43, 0x64, 0x30, 0x81, 0x24, 0x40, 0x0c, 0x83, 0x3c, 0x40, 0x04, 0x83,
  0x40, 0x40, 0x0f, 0x86, 0x40, 0x40, 0x01, 0x83, 0x43, 0x40, 0x00, 0x80,
  0x43, 0x40, 0x01, 0x87, 0x54, 0x40, 0x15, 0x96, 0x43, 0x4e, 0x64, 0x86,
  0x43, 0x40, 0x0d, 0x96, 0x37, 0x4d, 0x04, 0x99, 0x36, 0x64, 0x00, 0x90,
  0x45, 0x69, 0x04, 0x99, 0x2a, 0x3c, 0x05, 0x91, 0x1f, 0x64, 0x01, 0x89,
  0x36, 0x40, 0x04, 0x89, 0x2a, 0x40, 0x56, 0x80, 0x45, 0x40, 0x0f, 0x99,
  0x2a, 0x35, 0x0a, 0x89, 0x2a, 0x40, 0x5b, 0x86, 0x37, 0x40, 0x13, 0x90,
  0x43, 0x6a, 0x01, 0x99, 0x2e, 0x2e, 0x04, 0x99, 0x36, 0x3c, 0x01, 0x93,
  0x3c, 0x60, 0x02, 0x97, 0x48, 0x63, 0x01, 0x96, 0x40, 0x54, 0x02, 0x89,
  0x2e, 0x40, 0x04, 0x89, 0x36, 0x40, 0x04, 0x93, 0x40, 0x61, 0x02, 0x93,
  0x43, 0x65, 0x35, 0x81, 0x1f, 0x40, 0x0c, 0x83, 0x3c, 0x40, 0x0d, 0x83,
  0x40, 0x40, 0x01, 0x80, 0x43, 0x40, 0x01, 0x83, 0x43, 0x40, 0x07, 0x87,
  0x48, 0x40, 0x01, 0x86, 0x40, 0x40, 0x0c, 0x96, 0x43, 0x4e, 0x64, 0x86,
  0x43, 0x40, 0x15, 0x96, 0x3c, 0x50, 0x03, 0x99, 0x36, 0x46, 0x00, 0x99,
  0x2a, 0x3b, 0x03, 0x90, 0x40, 0x6f, 0x02, 0x91, 0x24, 0x64, 0x05, 0x89,
  0x36, 0x40, 0x00, 0x89, 0x2a, 0x40, 0x5d, 0x80, 0x40, 0x40, 0x15, 0x99,
  0x2a, 0x2e, 0x0a, 0x89, 0x2a, 0x40, 0x53, 0x86, 0x3c, 0x40, 0x13, 0x97,
  0x54, 0x66, 0x01, 0x90, 0x3e, 0x67, 0x03, 0x99, 0x36, 0x3c, 0x01, 0x96,
  0x40, 0x4d, 0x00, 0x93, 0x3c, 0x62, 0x03, 0x99, 0x2e, 0x31, 0x06, 0x89,
  0x36, 0x40, 0x04, 0x89, 0x2e, 0x40, 0x00, 0x93, 0x40, 0x5f, 0x09, 0x93,
  0x43, 0x68, 0x2a, 0x81, 0x24, 0x40, 0x10, 0x83, 0x3c, 0x40, 0x0d, 0x83,
  0x40, 0x40, 0x02, 0x87, 0x54, 0x40, 0x01, 0x80, 0x3e, 0x40, 0x04, 0x86,
  0x40, 0x40, 0x02, 0x83, 0x43, 0x40, 0x11, 0x99, 0x2a, 0x37, 0x02, 0x96,
  0x43, 0x53, 0x08, 0x89, 0x2a, 0x40, 0x5c, 0x86, 0x43, 0x40, 0x10, 0x90,
  0x3c, 0x6a, 0x01, 0x96, 0x37, 0x4e, 0x01, 0x99, 0x36, 0x64, 0x00, 0x91,
  0x1f, 0x64, 0x02, 0x99, 0x2a, 0x3b, 0x08, 0x89, 0x36, 0x40, 0x02, 0x89,
  0x2a, 0x40, 0x56, 0x80, 0x3c, 0x40, 0x01, 0x86, 0x37, 0x40, 0x10, 0x99,
  0x2a, 0x34, 0x01, 0x96, 0x3c, 0x54, 0x09, 0x89, 0x2a, 0x40, 0x5b, 0x86,
  0x3c, 0x40, 0x13, 0x99, 0x2a, 0x30, 0x02, 0x96, 0x40, 0x54, 0x02, 0x97,
  0x48, 0x66, 0x00, 0x90, 0x40, 0x71, 0x01, 0x99, 0x36, 0x3c, 0x03, 0x93,
  0x3c, 0x66, 0x02, 0x89, 0x2a, 0x40, 0x05, 0x89, 0x36, 0x40, 0x00, 0x93,
  0x40, 0x63, 0x0a, 0x93, 0x43, 0x65, 0x28, 0x81, 0x1f, 0x40, 0x17, 0x83,
  0x3c, 0x40, 0x07, 0x83, 0x40, 0x40, 0x07, 0x86, 0x40, 0x40, 0x02, 0x87,
  0x48, 0x40, 0x00, 0x80, 0x40, 0x40, 0x01, 0x83, 0x43, 0x40, 0x11, 0x96,
  0x43, 0x4e, 0x04, 0x99, 0x2a, 0x34, 0x0a, 0x89, 0x2a, 0x40, 0x56, 0x86,
  0x43, 0x40, 0x15, 0x91, 0x2b, 0x64, 0x02, 0x99, 0x36, 0x46, 0x01, 0x99,
  0x2a, 0x3e, 0x01, 0x96, 0x3b, 0x50, 0x00, 0x90, 0x3e, 0x69, 0x08, 0x89,
  0x36, 0x40, 0x01, 0x89, 0x2a, 0x40, 0x5b, 0x80, 0x3e, 0x40, 0x13, 0x99,
  0x2a, 0x30, 0x0a, 0x89, 0x2a, 0x40, 0x5b, 0x86, 0x3b, 0x40, 0x0d, 0x99,
  0x2e, 0x35, 0x02, 0x90, 0x41, 0x6c, 0x03, 0x99, 0x36, 0x3c, 0x02, 0x97,
  0x54, 0x60, 0x01, 0x96, 0x3e, 0x4f, 0x00, 0x93, 0x3b, 0x68, 0x02, 0x89,
  0x2e, 0x40, 0x05, 0x89, 0x36, 0x40, 0x00, 0x93, 0x3e, 0x60, 0x0c, 0x93,
  0x41, 0x65, 0x24, 0x81, 0x2b, 0x40, 0x19, 0x83, 0x3b, 0x40, 0x07, 0x83,
  0x3e, 0x40, 0x07, 0x80, 0x41, 0x40, 0x05, 0x87, 0x54, 0x40, 0x00, 0x83,
  0x41, 0x40, 0x01, 0x86, 0x3e, 0x40, 0x10, 0x96, 0x41, 0x4d, 0x64, 0x86,
  0x41, 0x40, 0x14, 0x90, 0x40, 0x6c, 0x00, 0x96, 0x37, 0x4d, 0x01, 0x99,
  0x36, 0x64, 0x02, 0x99, 0x2a, 0x3d, 0x05, 0x91, 0x26, 0x64, 0x03, 0x89,
  0x36, 0x40, 0x02, 0x89, 0x2a, 0x40, 0x57, 0x86, 0x37, 0x40, 0x00, 0x80,
  0x40, 0x40, 0x12, 0x99, 0x2a, 0x30, 0x00, 0x96, 0x3b, 0x4b, 0x0a, 0x89,
  0x2a, 0x40, 0x5a, 0x86, 0x3b, 0x40, 0x16, 0x93, 0x3b, 0x63, 0x01, 0x99,
  0x36, 0x3c, 0x01, 0x99, 0x2e, 0x2e, 0x01, 0x90, 0x3e, 0x6a, 0x02, 0x97,
  0x48, 0x67, 0x00, 0x96, 0x3e, 0x54, 0x04, 0x93, 0x3e, 0x63, 0x02, 0x89,
  0x36, 0x40, 0x01, 0x89, 0x2e, 0x40, 0x05, 0x93, 0x41, 0x62, 0x33, 0x81,
  0x26, 0x40, 0x0c, 0x83, 0x3b, 0x40, 0x09, 0x83, 0x3e, 0x40, 0x08, 0x83,
  0x41, 0x40, 0x06, 0x80, 0x3e, 0x40, 0x02, 0x87, 0x48, 0x40, 0x00, 0x86,
  0x3e, 0x40, 0x12, 0x96, 0x41, 0x4c, 0x64, 0x86, 0x41, 0x40, 0x10, 0x99,
  0x2a, 0x3b, 0x02, 0x99, 0x36, 0x46, 0x00, 0x96, 0x3c, 0x4f, 0x03, 0x91,
  0x24, 0x64, 0x01, 0x90, 0x3c, 0x6b, 0x04, 0x89, 0x2a, 0x40, 0x02, 0x89,
  0x36, 0x40, 0x6f, 0x99, 0x2a, 0x2f, 0x0a, 0x89, 0x2a, 0x40, 0x59, 0x86,
  0x3c, 0x40, 0x10, 0x93, 0x3c, 0x64, 0x04, 0x99, 0x2e, 0x33, 0x00, 0x99,
  0x36, 0x3c, 0x00, 0x94, 0x54, 0x69, 0x00, 0x94, 0x58, 0x69, 0x02, 0x97,
  0x54, 0x67, 0x02, 0x96, 0x40, 0x54, 0x01, 0x93, 0x40, 0x63, 0x05, 0x89,
  0x2e, 0x40, 0x00, 0x89, 0x36, 0x40, 0x07, 0x93, 0x43, 0x5f, 0x2b, 0x84,
  0x54, 0x40, 0x00, 0x84, 0x58, 0x40, 0x03, 0x81, 0x24, 0x40, 0x0d, 0x83,
  0x3c, 0x40, 0x09, 0x83, 0x40, 0x40, 0x0c, 0x83, 0x43, 0x40, 0x05, 0x87,
  0x54, 0x40, 0x02, 0x86, 0x40, 0x40, 0x10, 0x99, 0x2a, 0x37, 0x03, 0x96,
  0x43, 0x4c, 0x07, 0x89, 0x2a, 0x40, 0x5d, 0x86, 0x43, 0x40, 0x0c, 0x96,
  0x37, 0x4e, 0x05, 0x94, 0x4f, 0x69, 0x00, 0x94, 0x54, 0x69, 0x00, 0x99,
  0x2a, 0x39, 0x00, 0x99, 0x36, 0x64, 0x04, 0x80, 0x3c, 0x40, 0x04, 0x91,
  0x1f, 0x64, 0x02, 0x89, 0x2a, 0x40, 0x00, 0x89, 0x36, 0x40, 0x55, 0x86,
  0x37, 0x40, 0x15, 0x96, 0x3c, 0x51, 0x05, 0x99, 0x2a, 0x2e, 0x0a, 0x89,
  0x2a, 0x40, 0x55, 0x86, 0x3c, 0x40, 0x14, 0x90, 0x43, 0x68, 0x03, 0x97,
  0x48, 0x65, 0x01, 0x99, 0x36, 0x3c, 0x00, 0x96, 0x40, 0x4b, 0x00, 0x93,
  0x3c, 0x64, 0x01, 0x99, 0x2e, 0x32, 0x07, 0x93, 0x40, 0x64, 0x02, 0x89,
  0x36, 0x40, 0x01, 0x89, 0x2e, 0x40, 0x05, 0x93, 0x43, 0x5f, 0x34, 0x81,
  0x1f, 0x40, 0x0c, 0x83, 0x3c, 0x40, 0x08, 0x83, 0x40, 0x40, 0x08, 0x83,
  0x43, 0x40, 0x03, 0x87, 0x48, 0x40, 0x01, 0x86, 0x40, 0x40, 0x16, 0x96,
  0x43, 0x4c, 0x26, 0x84, 0x54, 0x40, 0x00, 0x84, 0x4f, 0x40, 0x10, 0x80,
  0x43, 0x40, 0x2e, 0x86, 0x43, 0x40, 0x0e, 0x96, 0x3c, 0x52, 0x01, 0x90,
  0x45, 0x6f, 0x03, 0x99, 0x36, 0x46, 0x01, 0x99, 0x2a, 0x3d, 0x02, 0x91,
  0x29, 0x64, 0x07, 0x89, 0x36, 0x40, 0x01, 0x89, 0x2a, 0x40, 0x56, 0x80,
  0x45, 0x40, 0x1b, 0x99, 0x2a, 0x32, 0x0a, 0x89, 0x2a, 0x40, 0x52, 0x86,
  0x3c, 0x40, 0x16, 0x99, 0x2e, 0x35, 0x00, 0x96, 0x41, 0x4c, 0x01, 0x90,
  0x45, 0x6c, 0x01, 0x93, 0x41, 0x5f, 0x00, 0x99, 0x36, 0x3c, 0x00, 0x97,
  0x54, 0x67, 0x08, 0x89, 0x2e, 0x40, 0x02, 0x89, 0x36, 0x40, 0x01, 0x93,
  0x45, 0x66, 0x0c, 0x93, 0x48, 0x64, 0x28, 0x81, 0x29, 0x40, 0x11, 0x83,
  0x41, 0x40, 0x0b, 0x83, 0x45, 0x40, 0x07, 0x86, 0x41, 0x40, 0x01, 0x80,
  0x45, 0x40, 0x01, 0x87, 0x54, 0x40, 0x03, 0x83, 0x48, 0x40, 0x10, 0x96,
  0x45, 0x4e, 0x64, 0x86, 0x45, 0x40, 0x10, 0x90, 0x41, 0x6b, 0x03, 0x96,
  0x39, 0x53, 0x02, 0x99, 0x36, 0x64, 0x04, 0x99, 0x2a, 0x3c, 0x02, 0x91,
  0x24, 0x64, 0x04, 0x89, 0x36, 0x40, 0x04, 0x89, 0x2a, 0x40, 0x51, 0x80,
  0x41, 0x40, 0x14, 0x99, 0x2a, 0x35, 0x0a, 0x89, 0x2a, 0x40, 0x5d, 0x86,
  0x39, 0x40, 0x11, 0x97, 0x48, 0x65, 0x01, 0x99, 0x2e, 0x2e, 0x02, 0x90,
  0x45, 0x67, 0x02, 0x99, 0x36, 0x3c, 0x01, 0x96, 0x41, 0x4c, 0x00, 0x93,
  0x41, 0x68, 0x05, 0x89, 0x2e, 0x40, 0x04, 0x89, 0x36, 0x40, 0x00, 0x93,
  0x45, 0x66, 0x0b, 0x93, 0x48, 0x62, 0x2d, 0x81, 0x24, 0x40, 0x0f, 0x83,
  0x41, 0x40, 0x09, 0x83, 0x45, 0x40, 0x05, 0x87, 0x48, 0x40, 0x03, 0x80,
  0x45, 0x40, 0x03, 0x86, 0x41, 0x40, 0x00, 0x83, 0x48, 0x40, 0x15, 0x96,
  0x45, 0x4e, 0x64, 0x86, 0x45, 0x40, 0x12, 0x99, 0x36, 0x46, 0x00, 0x99,
  0x2a, 0x3b, 0x01, 0x90, 0x48, 0x6b, 0x01, 0x96, 0x3c, 0x50, 0x02, 0x91,
  0x29, 0x64, 0x06, 0x89, 0x36, 0x40, 0x00, 0x89, 0x2a, 0x40, 0x5b, 0x80,
  0x48, 0x40, 0x17, 0x99, 0x2a, 0x2e, 0x0a, 0x89, 0x2a, 0x40, 0x58, 0x86,
  0x3c, 0x40, 0x0e, 0x97, 0x54, 0x68, 0x03, 0x90, 0x48, 0x6c, 0x01, 0x99,
  0x36, 0x3c, 0x03, 0x96, 0x41, 0x4b, 0x00, 0x93, 0x41, 0x67, 0x01, 0x99,
  0x2e, 0x31, 0x06, 0x89, 0x36, 0x40, 0x03, 0x93, 0x45, 0x65, 0x01, 0x89,
  0x2e, 0x40, 0x09, 0x93, 0x48, 0x67, 0x29, 0x81, 0x29, 0x40, 0x13, 0x83,
  0x41, 0x40, 0x0a, 0x83, 0x45, 0x40, 0x03, 0x87, 0x54, 0x40, 0x03, 0x80,
  0x48, 0x40, 0x04, 0x83, 0x48, 0x40, 0x00, 0x86, 0x41, 0x40, 0x11, 0x99,
  0x2a, 0x37, 0x01, 0x96, 0x45, 0x52, 0x09, 0x89, 0x2a, 0x40, 0x5b, 0x86,
  0x45, 0x40, 0x0e, 0x96, 0x39, 0x4c, 0x05, 0x99, 0x36, 0x64, 0x00, 0x90,
  0x47, 0x6b, 0x02, 0x99, 0x2a, 0x3b, 0x05, 0x91, 0x24, 0x64, 0x03, 0x89,
  0x36, 0x40, 0x02, 0x89, 0x2a, 0x40, 0x53, 0x86, 0x39, 0x40, 0x05, 0x80,
  0x47, 0x40, 0x0f, 0x99, 0x2a, 0x34, 0x07, 0x96, 0x3c, 0x4d, 0x03, 0x89,
  0x2a, 0x40, 0x61, 0x86, 0x3c, 0x40, 0x0d, 0x96, 0x41, 0x52, 0x00, 0x99,
  0x2a, 0x30, 0x01, 0x97, 0x48, 0x63, 0x02, 0x93, 0x41, 0x62, 0x02, 0x90,
  0x45, 0x6d, 0x00, 0x99, 0x36, 0x3c, 0x05, 0x89, 0x2a, 0x40, 0x03, 0x93,
  0x45, 0x61, 0x02, 0x89, 0x36, 0x40, 0x0b, 0x93, 0x48, 0x62, 0x2e, 0x81,
  0x24, 0x40, 0x0b, 0x83, 0x41, 0x40, 0x0a, 0x83, 0x45, 0x40, 0x07, 0x86,
  0x41, 0x40, 0x01, 0x87, 0x48, 0x40, 0x04, 0x80, 0x45, 0x40, 0x01, 0x83,
  0x48, 0x40, 0x13, 0x96, 0x45, 0x4d, 0x01, 0x99, 0x2a, 0x34, 0x0a, 0x89,
  0x2a, 0x40, 0x59, 0x86, 0x45, 0x40, 0x0f, 0x96, 0x3c, 0x4f, 0x03, 0x90,
  0x43, 0x6d, 0x02, 0x99, 0x36, 0x46, 0x01, 0x99, 0x2a, 0x3e, 0x04, 0x91,
  0x24, 0x64, 0x05, 0x89, 0x36, 0x40, 0x01, 0x89, 0x2a, 0x40, 0x57, 0x80,
  0x43, 0x40, 0x17, 0x99, 0x2a, 0x30, 0x0a, 0x89, 0x2a, 0x40, 0x54, 0x86,
  0x3c, 0x40, 0x14, 0x99, 0x2e, 0x35, 0x04, 0x93, 0x3c, 0x63, 0x01, 0x90,
  0x43, 0x69, 0x00, 0x99, 0x36, 0x3c, 0x02, 0x97, 0x54, 0x61, 0x02, 0x96,
  0x40, 0x4d, 0x01, 0x89, 0x2e, 0x40, 0x01, 0x93, 0x40, 0x63, 0x04, 0x89,
  0x36, 0x40, 0x0d, 0x93, 0x43, 0x68, 0x2a, 0x81, 0x24, 0x40, 0x0e, 0x83,
  0x3c, 0x40, 0x07, 0x83, 0x40, 0x40, 0x0e, 0x80, 0x43, 0x40, 0x02, 0x87,
  0x54, 0x40, 0x01, 0x83, 0x43, 0x40, 0x01, 0x86, 0x40, 0x40, 0x0e, 0x96,
  0x43, 0x53, 0x64, 0x86, 0x43, 0x40, 0x11, 0x90, 0x43, 0x70, 0x02, 0x96,
  0x37, 0x51, 0x03, 0x99, 0x36, 0x64, 0x02, 0x99, 0x2a, 0x3d, 0x07, 0x91,
  0x1f, 0x64, 0x01, 0x89, 0x36, 0x40, 0x02, 0x89, 0x2a, 0x40, 0x53, 0x80,
  0x43, 0x40, 0x16, 0x99, 0x2a, 0x30, 0x0a, 0x89, 0x2a, 0x40, 0x5a, 0x86,
  0x37, 0x40, 0x14, 0x93, 0x3c, 0x61, 0x00, 0x96, 0x40, 0x50, 0x01, 0x97,
  0x48, 0x66, 0x02, 0x99, 0x36, 0x3c, 0x01, 0x99, 0x2e, 0x2e, 0x01, 0x90,
  0x41, 0x70, 0x03, 0x93, 0x40, 0x65, 0x05, 0x89, 0x36, 0x40, 0x01, 0x89,
  0x2e, 0x40, 0x08, 0x93, 0x43, 0x67, 0x32, 0x81, 0x1f, 0x40, 0x08, 0x83,
  0x3c, 0x40, 0x08, 0x83, 0x40, 0x40, 0x0c, 0x86, 0x40, 0x40, 0x01, 0x87,
  0x48, 0x40, 0x01, 0x83, 0x43, 0x40, 0x03, 0x80, 0x41, 0x40, 0x14, 0x96,
  0x43, 0x4c, 0x64, 0x86, 0x43, 0x40, 0x10, 0x99, 0x2a, 0x3b, 0x01, 0x96,
  0x3c, 0x54, 0x01, 0x99, 0x36, 0x46, 0x03, 0x90, 0x40, 0x6c, 0x01, 0x91,
  0x24, 0x64, 0x04, 0x89, 0x2a, 0x40, 0x02, 0x89, 0x36, 0x40, 0x6f, 0x99,
  0x2a, 0x2f, 0x0a, 0x89, 0x2a, 0x40, 0x58, 0x86, 0x3c, 0x40, 0x13, 0x97,
  0x54, 0x62, 0x02, 0x99, 0x36, 0x3c, 0x00, 0x99, 0x2e, 0x33, 0x00, 0x96,
  0x40, 0x4b, 0x00, 0x94, 0x4c, 0x69, 0x00, 0x94, 0x5b, 0x69, 0x01, 0x93,
  0x3c, 0x66, 0x09, 0x89, 0x36, 0x40, 0x00, 0x89, 0x2e, 0x40, 0x02, 0x93,
  0x40, 0x61, 0x05, 0x93, 0x43, 0x60, 0x2f, 0x81, 0x24, 0x40, 0x10, 0x84,
  0x5b, 0x40, 0x00, 0x84, 0x4c, 0x40, 0x01, 0x83, 0x3c, 0x40, 0x0b, 0x83,
  0x40, 0x40, 0x05, 0x83, 0x43, 0x40, 0x01, 0x87, 0x54, 0x40, 0x02, 0x86,
  0x40, 0x40, 0x14, 0x99, 0x2a, 0x37, 0x04, 0x96, 0x43, 0x53, 0x06, 0x89,
  0x2a, 0x40, 0x5e, 0x86, 0x43, 0x40, 0x10, 0x94, 0x58, 0x69, 0x00, 0x94,
  0x54, 0x69, 0x00, 0x99, 0x2a, 0x39, 0x00, 0x99, 0x36, 0x64, 0x03, 0x80,
  0x40, 0x40, 0x00, 0x96, 0x37, 0x54, 0x03, 0x91, 0x1f, 0x64, 0x04, 0x89,
  0x36, 0x40, 0x00, 0x89, 0x2a, 0x40, 0x46, 0x84, 0x58, 0x40, 0x00, 0x84,
  0x54, 0x40, 0x17, 0x86, 0x37, 0x40, 0x0d, 0x96, 0x3c, 0x4d, 0x05, 0x99,
  0x2a, 0x2e, 0x0a, 0x89, 0x2a, 0x40, 0x55, 0x86, 0x3c, 0x40, 0x14, 0x97,
  0x48, 0x64, 0x00, 0x96, 0x40, 0x50, 0x04, 0x94, 0x58, 0x69, 0x00, 0x94,
  0x5b, 0x69, 0x00, 0x99, 0x36, 0x3c, 0x01, 0x99, 0x2e, 0x32, 0x00, 0x93,
  0x3c, 0x62, 0x03, 0x90, 0x43, 0x6a, 0x04, 0x93, 0x40, 0x63, 0x02, 0x89,
  0x36, 0x40, 0x01, 0x89, 0x2e, 0x40, 0x0d, 0x93, 0x43, 0x64, 0x2a, 0x81,
  0x1f, 0x40, 0x0f, 0x83, 0x3c, 0x40, 0x07, 0x83, 0x40, 0x40, 0x08, 0x87,
  0x48, 0x40, 0x00, 0x86, 0x40, 0x40, 0x08, 0x83, 0x43, 0x40, 0x0b, 0x96,
  0x43, 0x4c, 0x41, 0x84, 0x58, 0x40, 0x00, 0x84, 0x5b, 0x40, 0x04, 0x80,
  0x43, 0x40, 0x1f, 0x86, 0x43, 0x40, 0x17, 0x96, 0x3c, 0x52, 0x01, 0x90,
  0x45, 0x6c, 0x01, 0x94, 0x59, 0x69, 0x00, 0x94, 0x5d, 0x69, 0x00, 0x99,
  0x36, 0x46, 0x01, 0x99, 0x2a, 0x3d, 0x04, 0x91, 0x29, 0x64, 0x05, 0x89,
  0x36, 0x40, 0x01, 0x89, 0x2a, 0x40, 0x58, 0x80, 0x45, 0x40, 0x01, 0x84,
  0x5d, 0x40, 0x00, 0x84, 0x59, 0x40, 0x18, 0x99, 0x2a, 0x32, 0x0a, 0x89,
  0x2a, 0x40, 0x54, 0x86, 0x3c, 0x40, 0x11, 0x90, 0x45, 0x6b, 0x00, 0x97,
  0x54, 0x64, 0x01, 0x96, 0x41, 0x4d, 0x02, 0x99, 0x2e, 0x35, 0x02, 0x99,
  0x36, 0x3c, 0x02, 0x93, 0x41, 0x61, 0x05, 0x93, 0x45, 0x68, 0x01, 0x89,
  0x2e, 0x40, 0x02, 0x89, 0x36, 0x40, 0x0a, 0x93, 0x48, 0x64, 0x2d, 0x81,
  0x29, 0x40, 0x11, 0x83, 0x41, 0x40, 0x05, 0x83, 0x45, 0x40, 0x08, 0x80,
  0x45, 0x40, 0x00, 0x87, 0x54, 0x40, 0x01, 0x86, 0x41, 0x40, 0x04, 0x83,
  0x48, 0x40, 0x16, 0x96, 0x45, 0x53, 0x64, 0x86, 0x45, 0x40, 0x10, 0x90,
  0x41, 0x6b, 0x02, 0x99, 0x36, 0x64, 0x03, 0x96, 0x39, 0x4f, 0x01, 0x99,
  0x2a, 0x3c, 0x03, 0x91, 0x24, 0x64, 0x03, 0x89, 0x36, 0x40, 0x04, 0x89,
  0x2a, 0x40, 0x54, 0x80, 0x41, 0x40, 0x11, 0x99, 0x2a, 0x35, 0x0a, 0x89,
  0x2a, 0x40, 0x62, 0x86, 0x39, 0x40, 0x0c, 0x96, 0x41, 0x4b, 0x01, 0x99,
  0x2e, 0x2e, 0x00, 0x97, 0x48, 0x60, 0x01, 0x90, 0x45, 0x6a, 0x00, 0x93,
  0x41, 0x66, 0x03, 0x99, 0x36, 0x3c, 0x06, 0x89, 0x2e, 0x40, 0x04, 0x89,
  0x36, 0x40, 0x00, 0x93, 0x45, 0x66, 0x05, 0x93, 0x48, 0x62, 0x34, 0x81,
  0x24, 0x40, 0x0a, 0x83, 0x41, 0x40, 0x0d, 0x83, 0x45, 0x40, 0x05, 0x86,
  0x41, 0x40, 0x00, 0x83, 0x48, 0x40, 0x01, 0x87, 0x48, 0x40, 0x01, 0x80,
  0x45, 0x40, 0x13, 0x96, 0x45, 0x54, 0x64, 0x86, 0x45, 0x40, 0x15, 0x90,
  0x48, 0x6f, 0x03, 0x99, 0x36, 0x46, 0x00, 0x99, 0x2a, 0x3b, 0x03, 0x96,
  0x3c, 0x53, 0x04, 0x91, 0x29, 0x64, 0x03, 0x89, 0x36, 0x40, 0x00, 0x89,
  0x2a, 0x40, 0x57, 0x80, 0x48, 0x40, 0x1b, 0x99, 0x2a, 0x2e, 0x0a, 0x89,
  0x2a, 0x40, 0x59, 0x86, 0x3c, 0x40, 0x10, 0x90, 0x48, 0x6c, 0x01, 0x99,
  0x36, 0x3c, 0x02, 0x97, 0x54, 0x61, 0x01, 0x96, 0x41, 0x54, 0x00, 0x93,
  0x41, 0x67, 0x01, 0x99, 0x2e, 0x31, 0x02, 0x93, 0x45, 0x65, 0x04, 0x89,
  0x36, 0x40, 0x04, 0x89, 0x2e, 0x40, 0x02, 0x93, 0x48, 0x66, 0x33, 0x81,
  0x29, 0x40, 0x10, 0x83, 0x41, 0x40, 0x03, 0x83, 0x45, 0x40, 0x0a, 0x83,
  0x48, 0x40, 0x03, 0x80, 0x48, 0x40, 0x03, 0x87, 0x54, 0x40, 0x01, 0x86,
  0x41, 0x40, 0x11, 0x99, 0x2a, 0x37, 0x00, 0x96, 0x45, 0x54, 0x0a, 0x89,
  0x2a, 0x40, 0x5a, 0x86, 0x45, 0x40, 0x13, 0x90, 0x47, 0x70, 0x01, 0x91,
  0x24, 0x64, 0x00, 0x96, 0x39, 0x53, 0x00, 0x99, 0x36, 0x64, 0x02, 0x99,
  0x2a, 0x3b, 0x08, 0x89, 0x36, 0x40, 0x02, 0x89, 0x2a, 0x40, 0x57, 0x80,
  0x47, 0x40, 0x01, 0x86, 0x39, 0x40, 0x0f, 0x99, 0x2a, 0x34, 0x04, 0x96,
  0x3c, 0x51, 0x06, 0x89, 0x2a, 0x40, 0x5e, 0x86, 0x3c, 0x40, 0x10, 0x99,
  0x2a, 0x30, 0x01, 0x97, 0x48, 0x5f, 0x00, 0x93, 0x41, 0x5f, 0x03, 0x90,
  0x48, 0x6c, 0x01, 0x99, 0x36, 0x3c, 0x04, 0x96, 0x41, 0x52, 0x01, 0x89,
  0x2a, 0x40, 0x05, 0x89, 0x36, 0x40, 0x03, 0x93, 0x45, 0x62, 0x07, 0x93,
  0x48, 0x5f, 0x28, 0x81, 0x24, 0x40, 0x10, 0x83, 0x41, 0x40, 0x11, 0x83,
  0x45, 0x40, 0x03, 0x87, 0x48, 0x40, 0x03, 0x80, 0x48, 0x40, 0x01, 0x83,
  0x48, 0x40, 0x04, 0x86, 0x41, 0x40, 0x11, 0x99, 0x2a, 0x34, 0x03, 0x96,
  0x45, 0x53, 0x07, 0x89, 0x2a, 0x40, 0x5d, 0x86, 0x45, 0x40, 0x10, 0x90,
  0x4a, 0x6d, 0x00, 0x96, 0x3e, 0x5e, 0x00, 0x99, 0x36, 0x46, 0x01, 0x99,
  0x2a, 0x3e, 0x07, 0x96, 0x43, 0x58, 0x01, 0x91, 0x2b, 0x64, 0x01, 0x89,
  0x36, 0x40, 0x01, 0x89, 0x2a, 0x40, 0x11, 0x96, 0x47, 0x63, 0x48, 0x80,
  0x4a, 0x40, 0x15, 0x99, 0x2a, 0x30, 0x0a, 0x89, 0x2a, 0x40, 0x68, 0x99,
  0x2e, 0x35, 0x05, 0x99, 0x36, 0x3c, 0x01, 0x93, 0x43, 0x65, 0x02, 0x97,
  0x54, 0x64, 0x01, 0x90, 0x4a, 0x69, 0x01, 0x89, 0x2e, 0x40, 0x00, 0x93,
  0x47, 0x68, 0x05, 0x89, 0x36, 0x40, 0x0c, 0x93, 0x4a, 0x63, 0x26, 0x86,
  0x3e, 0x40, 0x08, 0x86, 0x43, 0x40, 0x01, 0x81, 0x2b, 0x40, 0x0c, 0x83,
  0x43, 0x40, 0x04, 0x83, 0x47, 0x40, 0x03, 0x86, 0x47, 0x40, 0x0e, 0x83,
  0x4a, 0x40, 0x01, 0x87, 0x54, 0x40, 0x01, 0x80, 0x4a, 0x40, 0x81, 0x08,
  0x99, 0x36, 0x64, 0x00, 0x96, 0x3b, 0x4c, 0x01, 0x90, 0x47, 0x6b, 0x01,
  0x99, 0x2a, 0x3d, 0x07, 0x91, 0x26, 0x64, 0x01, 0x89, 0x36, 0x40, 0x02,
  0x89, 0x2a, 0x40, 0x09, 0x96, 0x3e, 0x59, 0x0d, 0x96, 0x43, 0x4e, 0x43,
  0x80, 0x47, 0x40, 0x10, 0x99, 0x2a, 0x30, 0x0a, 0x89, 0x2a, 0x40, 0x6e,
  0x93, 0x43, 0x62, 0x00, 0x97, 0x54, 0x63, 0x03, 0x99, 0x36, 0x3c, 0x01,
  0x99, 0x2e, 0x2e, 0x00, 0x90, 0x45, 0x69, 0x09, 0x89, 0x36, 0x40, 0x01,
  0x89, 0x2e, 0x40, 0x01, 0x93, 0x47, 0x5f, 0x0a, 0x93, 0x4a, 0x63, 0x26,
  0x86, 0x3b, 0x40, 0x09, 0x81, 0x26, 0x40, 0x08, 0x83, 0x43, 0x40, 0x04,
  0x86, 0x3e, 0x40, 0x0b, 0x83, 0x47, 0x40, 0x02, 0x86, 0x43, 0x40, 0x03,
  0x87, 0x54, 0x40, 0x04, 0x80, 0x45, 0x40, 0x01, 0x83, 0x4a, 0x40, 0x81,
  0x05, 0x90, 0x43, 0x6e, 0x03, 0x99, 0x2a, 0x3b, 0x02, 0x99, 0x36, 0x46,
  0x03, 0x96, 0x3b, 0x58, 0x00, 0x93, 0x3e, 0x60, 0x04, 0x91, 0x2b, 0x64,
  0x01, 0x89, 0x2a, 0x40, 0x02, 0x89, 0x36, 0x40, 0x00, 0x93, 0x43, 0x63,
  0x07, 0x96, 0x3e, 0x53, 0x02, 0x93, 0x47, 0x63, 0x0d, 0x96, 0x41, 0x5f,
  0x33, 0x83, 0x3e, 0x40, 0x07, 0x83, 0x43, 0x40, 0x05, 0x80, 0x43, 0x40,
  0x04, 0x83, 0x47, 0x40, 0x16, 0x99, 0x2a, 0x2f, 0x0a, 0x89, 0x2a, 0x40,
  0x10, 0x81, 0x2b, 0x40, 0x58, 0x97, 0x54, 0x5f, 0x01, 0x93, 0x45, 0x63,
  0x04, 0x99, 0x36, 0x3c, 0x00, 0x99, 0x2e, 0x33, 0x00, 0x94, 0x56, 0x69,
  0x00, 0x94, 0x59, 0x69, 0x03, 0x90, 0x41, 0x6e, 0x02, 0x93, 0x41, 0x66,
  0x04, 0x91, 0x29, 0x64, 0x01, 0x89, 0x36, 0x40, 0x00, 0x89, 0x2e, 0x40,
  0x06, 0x93, 0x3c, 0x60, 0x0a, 0x83, 0x45, 0x40, 0x09, 0x83, 0x41, 0x40,
  0x0b, 0x83, 0x3c, 0x40, 0x11, 0x86, 0x3b, 0x40, 0x0e, 0x86, 0x3e, 0x40,
  0x03, 0x84, 0x59, 0x40, 0x00, 0x84, 0x56, 0x40, 0x0c, 0x86, 0x41, 0x40,
  0x03, 0x87, 0x54, 0x40, 0x08, 0x80, 0x41, 0x40, 0x11, 0x99, 0x2a, 0x37,
  0x0a, 0x89, 0x2a, 0x40, 0x13, 0x81, 0x29, 0x40, 0x59, 0x97, 0x48, 0x66,
  0x00, 0x96, 0x37, 0x56, 0x01, 0x90, 0x3e, 0x6a, 0x01, 0x93, 0x3b, 0x68,
  0x00, 0x94, 0x53, 0x69, 0x00, 0x94, 0x56, 0x69, 0x00, 0x99, 0x36, 0x64,
  0x00, 0x99, 0x2a, 0x39, 0x05, 0x93, 0x3e, 0x65, 0x01, 0x91, 0x26, 0x64,
  0x04, 0x89, 0x36, 0x40, 0x00, 0x89, 0x2a, 0x40, 0x0c, 0x93, 0x43, 0x67,
  0x00, 0x96, 0x3b, 0x48, 0x00, 0x96, 0x3e, 0x4d, 0x4c, 0x87, 0x48, 0x40,
  0x17, 0x99, 0x2a, 0x2e, 0x0a, 0x89, 0x2a, 0x40, 0x58, 0x80, 0x3e, 0x40,
  0x12, 0x90, 0x40, 0x6f, 0x03, 0x99, 0x36, 0x3c, 0x01, 0x99, 0x2e, 0x32,
  0x09, 0x89, 0x36, 0x40, 0x01, 0x89, 0x2e, 0x40, 0x2f, 0x86, 0x37, 0x40,
  0x08, 0x81, 0x26, 0x40, 0x10, 0x86, 0x3b, 0x40, 0x00, 0x86, 0x3e, 0x40,
  0x12, 0xe0, 0x38, 0x57, 0x14, 0xe0, 0x68, 0x60, 0x28, 0x84, 0x53, 0x40,
  0x00, 0x83, 0x3b, 0x40, 0x00, 0x84, 0x56, 0x40, 0x05, 0x83, 0x3e, 0x40,
  0x11, 0x83, 0x43, 0x40, 0x23, 0x80, 0x40, 0x40, 0x0d, 0xe0, 0x00, 0x40,
  0x0a, 0x90, 0x43, 0x6d, 0x00, 0x99, 0x36, 0x46, 0x01, 0x99, 0x2a, 0x3d,
  0x03, 0x96, 0x3c, 0x53, 0x00, 0x91, 0x24, 0x64, 0x06, 0x89, 0x36, 0x40,
  0x01, 0x89, 0x2a, 0x40, 0x59, 0x80, 0x43, 0x40, 0x18, 0x99, 0x2a, 0x32,
  0x0a, 0x89, 0x2a, 0x40, 0x5a, 0x86, 0x3c, 0x40, 0x0d, 0x96, 0x40, 0x50,
  0x01, 0x99, 0x2e, 0x35, 0x02, 0x99, 0x36, 0x3c, 0x01, 0x90, 0x43, 0x6a,
  0x01, 0x97, 0x54, 0x61, 0x01, 0x93, 0x3c, 0x64, 0x04, 0x93, 0x40, 0x68,
  0x01, 0x89, 0x2e, 0x40, 0x02, 0x89, 0x36, 0x40, 0x0d, 0x93, 0x43, 0x64,
  0x29, 0x81, 0x24, 0x40, 0x13, 0x83, 0x3c, 0x40, 0x04, 0x83, 0x40, 0x40,
  0x0a, 0x86, 0x40, 0x40, 0x04, 0x80, 0x43, 0x40, 0x01, 0x87, 0x54, 0x40,
  0x01, 0x83, 0x43, 0x40, 0x10, 0x96, 0x43, 0x4c, 0x64, 0x86, 0x43, 0x40,
  0x15, 0x99, 0x36, 0x64, 0x02, 0x96, 0x37, 0x50, 0x01, 0x90, 0x45, 0x69,
  0x01, 0x99, 0x2a, 0x3c, 0x03, 0x91, 0x1f, 0x64, 0x03, 0x89, 0x36, 0x40,
  0x04, 0x89, 0x2a, 0x40, 0x59, 0x80, 0x45, 0x40, 0x0c, 0x99, 0x2a, 0x35,
  0x0a, 0x89, 0x2a, 0x40, 0x61, 0x86, 0x37, 0x40, 0x0d, 0x90, 0x43, 0x6d,
  0x00, 0x93, 0x3c, 0x65, 0x01, 0x99, 0x2e, 0x2e, 0x04, 0x99, 0x36, 0x3c,
  0x02, 0x96, 0x40, 0x54, 0x02, 0x97, 0x48, 0x63, 0x02, 0x89, 0x2e, 0x40,
  0x00, 0x93, 0x40, 0x66, 0x04, 0x89, 0x36, 0x40, 0x08, 0x93, 0x43, 0x66,
  0x31, 0x81, 0x1f, 0x40, 0x08, 0x83, 0x3c, 0x40, 0x0b, 0x83, 0x40, 0x40,
  0x09, 0x80, 0x43, 0x40, 0x03, 0x83, 0x43, 0x40, 0x04, 0x86, 0x40, 0x40,
  0x02, 0x87, 0x48, 0x40, 0x0b, 0x96, 0x43, 0x4e, 0x64, 0x86, 0x43, 0x40,
  0x19, 0x90, 0x40, 0x6a, 0x00, 0x99, 0x36, 0x46, 0x00, 0x99, 0x2a, 0x3b,
  0x04, 0x96, 0x3c, 0x4e, 0x00, 0x91, 0x24, 0x64, 0x06, 0x89, 0x36, 0x40,
  0x00, 0x89, 0x2a, 0x40, 0x5a, 0x80, 0x40, 0x40, 0x18, 0x99, 0x2a, 0x2e,
  0x0a, 0x89, 0x2a, 0x40, 0x5a, 0x86, 0x3c, 0x40, 0x0b, 0x90, 0x3e, 0x6b,
  0x01, 0x93, 0x3c, 0x66, 0x00, 0x96, 0x40, 0x50, 0x04, 0x99, 0x36, 0x3c,
  0x02, 0x97, 0x54, 0x5f, 0x02, 0x99, 0x2e, 0x31, 0x02, 0x93, 0x40, 0x62,
  0x04, 0x89, 0x36, 0x40, 0x04, 0x89, 0x2e, 0x40, 0x09, 0x93, 0x40, 0x66,
  0x29, 0x81, 0x24, 0x40, 0x0c, 0x83, 0x3c, 0x40, 0x0a, 0x83, 0x40, 0x40,
  0x09, 0x80, 0x3e, 0x40, 0x01, 0x86, 0x40, 0x40, 0x06, 0x87, 0x54, 0x40,
  0x01, 0x83, 0x40, 0x40, 0x11, 0x99, 0x2a, 0x37, 0x04, 0x96, 0x43, 0x4b,
  0x06, 0x89, 0x2a, 0x40, 0x5e, 0x86, 0x43, 0x40, 0x0b, 0x90, 0x3c, 0x69,
  0x05, 0x96, 0x37, 0x4d, 0x00, 0x99, 0x36, 0x64, 0x02, 0x99, 0x2a, 0x3b,
  0x03, 0x91, 0x1f, 0x64, 0x05, 0x89, 0x36, 0x40, 0x02, 0x89, 0x2a, 0x40,
  0x53, 0x80, 0x3c, 0x40, 0x05, 0x86, 0x37, 0x40, 0x0f, 0x99, 0x2a, 0x34,
  0x06, 0x96, 0x3c, 0x4f, 0x04, 0x89, 0x2a, 0x40, 0x60, 0x86, 0x3c, 0x40,
  0x0e, 0x99, 0x2a, 0x30, 0x05, 0x99, 0x36, 0x3c, 0x00, 0x96, 0x40, 0x4d,
  0x02, 0x97, 0x48, 0x61, 0x01, 0x93, 0x3c, 0x61, 0x01, 0x90, 0x40, 0x6a,
  0x01, 0x89, 0x2a, 0x40, 0x04, 0x93, 0x40, 0x65, 0x01, 0x89, 0x36, 0x40,
  0x0b, 0x93, 0x43, 0x64, 0x2c, 0x81, 0x1f, 0x40, 0x12, 0x83, 0x3c, 0x40,
  0x06, 0x83, 0x40, 0x40, 0x0b, 0x86, 0x40, 0x40, 0x01, 0x83, 0x43, 0x40,
  0x01, 0x87, 0x48, 0x40, 0x02, 0x80, 0x40, 0x40, 0x11, 0x99, 0x2a, 0x34,
  0x03, 0x96, 0x43, 0x4c, 0x07, 0x89, 0x2a, 0x40, 0x5d, 0x86, 0x43, 0x40,
  0x0e, 0x90, 0x3e, 0x6d, 0x02, 0x96, 0x3e, 0x53, 0x00, 0x99, 0x36, 0x46,
  0x01, 0x99, 0x2a, 0x3e, 0x06, 0x91, 0x26, 0x64, 0x03, 0x89, 0x36, 0x40,
  0x01, 0x89, 0x2a, 0x40, 0x57, 0x80, 0x3e, 0x40, 0x17, 0x99, 0x2a, 0x30,
  0x0a, 0x89, 0x2a, 0x40, 0x59, 0x86, 0x3e, 0x40, 0x0f, 0x99, 0x2e, 0x35,
  0x03, 0x93, 0x3e, 0x66, 0x02, 0x99, 0x36, 0x3c, 0x01, 0x90, 0x3e, 0x6c,
  0x02, 0x97, 0x54, 0x63, 0x00, 0x96, 0x41, 0x4b, 0x02, 0x89, 0x2e, 0x40,
  0x05, 0x89, 0x36, 0x40, 0x04, 0x93, 0x41, 0x67, 0x09, 0x93, 0x45, 0x66,
  0x2c, 0x81, 0x26, 0x40, 0x0b, 0x83, 0x3e, 0x40, 0x10, 0x83, 0x41, 0x40,
  0x07, 0x80, 0x3e, 0x40, 0x02, 0x86, 0x41, 0x40, 0x00, 0x83, 0x45, 0x40,
  0x00, 0x87, 0x54, 0x40, 0x15, 0x96, 0x45, 0x4e, 0x64, 0x86, 0x45, 0x40,
  0x10, 0x99, 0x36, 0x64, 0x01, 0x96, 0x39, 0x53, 0x01, 0x99, 0x2a, 0x3d,
  0x00, 0x90, 0x41, 0x69, 0x06, 0x91, 0x21, 0x64, 0x02, 0x89, 0x36, 0x40,
  0x02, 0x89, 0x2a, 0x40, 0x5a, 0x80, 0x41, 0x40, 0x0f, 0x99, 0x2a, 0x30,
  0x0a, 0x89, 0x2a, 0x40, 0x5e, 0x86, 0x39, 0x40, 0x10, 0x97, 0x48, 0x60,
  0x03, 0x99, 0x36, 0x3c, 0x01, 0x99, 0x2e, 0x2e, 0x00, 0x90, 0x40, 0x6d,
  0x01, 0x96, 0x3e, 0x4c, 0x01, 0x93, 0x3e, 0x65, 0x06, 0x93, 0x41, 0x65,
  0x01, 0x89, 0x36, 0x40, 0x01, 0x89, 0x2e, 0x40, 0x09, 0x93, 0x45, 0x62,
  0x30, 0x81, 0x21, 0x40, 0x0f, 0x83, 0x3e, 0x40, 0x06, 0x83, 0x41, 0x40,
  0x08, 0x87, 0x48, 0x40, 0x03, 0x83, 0x45, 0x40, 0x01, 0x80, 0x40, 0x40,
  0x01, 0x86, 0x3e, 0x40, 0x10, 0x96, 0x41, 0x4d, 0x64, 0x86, 0x41, 0x40,
  0x14, 0x90, 0x3e, 0x68, 0x00, 0x99, 0x2a, 0x3b, 0x02, 0x99, 0x36, 0x46,
  0x04, 0x96, 0x3e, 0x4b, 0x04, 0x89, 0x2a, 0x40, 0x01, 0x91, 0x26, 0x64,
  0x01, 0x89, 0x36, 0x40, 0x6f, 0x99, 0x2a, 0x2f, 0x0a, 0x89, 0x2a, 0x40,
  0x5d, 0x86, 0x3e, 0x40, 0x0b, 0x93, 0x3e, 0x64, 0x04, 0x96, 0x41, 0x50,
  0x01, 0x94, 0x59, 0x69, 0x00, 0x94, 0x56, 0x69, 0x00, 0x99, 0x2e, 0x33,
  0x00, 0x99, 0x36, 0x3c, 0x03, 0x97, 0x54, 0x5f, 0x06, 0x93, 0x41, 0x5f,
  0x01, 0x89, 0x2e, 0x40, 0x00, 0x89, 0x36, 0x40, 0x09, 0x93, 0x45, 0x68,
  0x29, 0x84, 0x59, 0x40, 0x00, 0x84, 0x56, 0x40, 0x09, 0x81, 0x26, 0x40,
  0x06, 0x83, 0x3e, 0x40, 0x0e, 0x83, 0x41, 0x40, 0x0a, 0x86, 0x41, 0x40,
  0x00, 0x83, 0x45, 0x40, 0x04, 0x87, 0x54, 0x40, 0x0d, 0x96, 0x45, 0x4d,
  0x04, 0x99, 0x2a, 0x37, 0x0a, 0x89, 0x2a, 0x40, 0x56, 0x86, 0x45, 0x40,
  0x16, 0x80, 0x3e, 0x40, 0x01, 0x91, 0x21, 0x64, 0x01, 0x99, 0x2a, 0x39,
  0x00, 0x99, 0x36, 0x64, 0x00, 0x94, 0x56, 0x69, 0x00, 0x94, 0x51, 0x69,
  0x01, 0x96, 0x39, 0x4c, 0x09, 0x89, 0x2a, 0x40, 0x00, 0x89, 0x36, 0x40,
  0x5b, 0x86, 0x39, 0x40, 0x14, 0x96, 0x3e, 0x4f, 0x00, 0x99, 0x2a, 0x2e,
  0x0a, 0x89, 0x2a, 0x40, 0x5a, 0x86, 0x3e, 0x40, 0x12, 0x97, 0x48, 0x64,
  0x01, 0x99, 0x36, 0x3c, 0x01, 0x99, 0x2e, 0x32, 0x00, 0x96, 0x41, 0x4d,
  0x00, 0x90, 0x41, 0x70, 0x03, 0x93, 0x3e, 0x62, 0x01, 0x93, 0x41, 0x61,
  0x05, 0x89, 0x36, 0x40, 0x01, 0x89, 0x2e, 0x40, 0x09, 0x93, 0x45, 0x60,
  0x27, 0x81, 0x21, 0x40, 0x19, 0x83, 0x3e, 0x40, 0x01, 0x83, 0x41, 0x40,
  0x0e, 0x87, 0x48, 0x40, 0x01, 0x83, 0x45, 0x40, 0x01, 0x86, 0x41, 0x40,
  0x16, 0x96, 0x45, 0x4b, 0x25, 0x84, 0x51, 0x40, 0x00, 0x84, 0x56, 0x40,
  0x15, 0x80, 0x41, 0x40, 0x2a, 0x86, 0x45, 0x40, 0x10, 0x96, 0x3c, 0x52,
  0x01, 0x99, 0x36, 0x46, 0x01, 0x99, 0x2a, 0x3d, 0x01, 0x90, 0x43, 0x6e,
  0x02, 0x91, 0x24, 0x64, 0x06, 0x89, 0x36, 0x40, 0x01, 0x89, 0x2a, 0x40,
  0x5b, 0x80, 0x43, 0x40, 0x16, 0x99, 0x2a, 0x32, 0x0a, 0x89, 0x2a, 0x40,
  0x55, 0x86, 0x3c, 0x40, 0x11, 0x97, 0x54, 0x68, 0x02, 0x99, 0x2e, 0x35,
  0x02, 0x99, 0x36, 0x3c, 0x02, 0x96, 0x40, 0x4f, 0x00, 0x90, 0x43, 0x6a,
  0x02, 0x93, 0x3c, 0x63, 0x01, 0x93, 0x40, 0x62, 0x03, 0x89, 0x2e, 0x40,
  0x02, 0x89, 0x36, 0x40, 0x0c, 0x93, 0x43, 0x67, 0x2a, 0x81, 0x24, 0x40,
  0x14, 0x83, 0x3c, 0x40, 0x01, 0x83, 0x40, 0x40, 0x0b, 0x87, 0x54, 0x40,
  0x06, 0x80, 0x43, 0x40, 0x00, 0x83, 0x43, 0x40, 0x00, 0x86, 0x40, 0x40,
  0x12, 0x96, 0x43, 0x4d, 0x64, 0x86, 0x43, 0x40, 0x14, 0x99, 0x36, 0x64,
  0x01, 0x90, 0x45, 0x6c, 0x01, 0x96, 0x37, 0x51, 0x02, 0x99, 0x2a, 0x3c,
  0x04, 0x91, 0x1f, 0x64, 0x02, 0x89, 0x36, 0x40, 0x04, 0x89, 0x2a, 0x40,
  0x57, 0x80, 0x45, 0x40, 0x0e, 0x99, 0x2a, 0x35, 0x0a, 0x89, 0x2a, 0x40,
  0x61, 0x86, 0x37, 0x40, 0x0e, 0x99, 0x2e, 0x2e, 0x01, 0x97, 0x48, 0x63,
  0x00, 0x90, 0x43, 0x69, 0x03, 0x93, 0x3c, 0x60, 0x00, 0x99, 0x36, 0x3c,
  0x01, 0x96, 0x40, 0x53, 0x04, 0x93, 0x40, 0x68, 0x01, 0x89, 0x2e, 0x40,
  0x04, 0x89, 0x36, 0x40, 0x05, 0x93, 0x43, 0x65, 0x35, 0x81, 0x1f, 0x40,
  0x0c, 0x83, 0x3c, 0x40, 0x05, 0x83, 0x40, 0x40, 0x0a, 0x83, 0x43, 0x40,
  0x02, 0x80, 0x43, 0x40, 0x00, 0x87, 0x48, 0x40, 0x04, 0x86, 0x40, 0x40,
  0x0e, 0x96, 0x43, 0x4d, 0x64, 0x86, 0x43, 0x40, 0x15, 0x90, 0x40, 0x71,
  0x00, 0x96, 0x3c, 0x4b, 0x04, 0x99, 0x36, 0x46, 0x00, 0x99, 0x2a, 0x3b,
  0x08, 0x91, 0x24, 0x64, 0x02, 0x89, 0x36, 0x40, 0x00, 0x89, 0x2a, 0x40,
  0x56, 0x80, 0x40, 0x40, 0x1c, 0x99, 0x2a, 0x2e, 0x0a, 0x89, 0x2a, 0x40,
  0x52, 0x86, 0x3c, 0x40, 0x13, 0x90, 0x3e, 0x6c, 0x03, 0x96, 0x40, 0x54,
  0x02, 0x99, 0x36, 0x3c, 0x00, 0x93, 0x3c, 0x63, 0x01, 0x97, 0x54, 0x68,
  0x03, 0x99, 0x2e, 0x31, 0x05, 0x93, 0x40, 0x68, 0x01, 0x89, 0x36, 0x40,
  0x04, 0x89, 0x2e, 0x40, 0x06, 0x93, 0x43, 0x5f, 0x30, 0x81, 0x24, 0x40,
  0x0c, 0x83, 0x3c, 0x40, 0x09, 0x83, 0x40, 0x40, 0x06, 0x80, 0x3e, 0x40,
  0x03, 0x86, 0x40, 0x40, 0x02, 0x83, 0x43, 0x40, 0x01, 0x87, 0x54, 0x40,
  0x11, 0x96, 0x43, 0x54, 0x02, 0x99, 0x2a, 0x37, 0x0a, 0x89, 0x2a, 0x40,
  0x58, 0x86, 0x43, 0x40, 0x13, 0x90, 0x3c, 0x6e, 0x00, 0x96, 0x37, 0x4b,
  0x03, 0x99, 0x36, 0x64, 0x02, 0x99, 0x2a, 0x3b, 0x03, 0x91, 0x1f, 0x64,
  0x05, 0x89, 0x36, 0x40, 0x02, 0x89, 0x2a, 0x40, 0x55, 0x86, 0x37, 0x40,
  0x00, 0x80, 0x3c, 0x40, 0x12, 0x99, 0x2a, 0x34, 0x01, 0x96, 0x3c, 0x4d,
  0x09, 0x89, 0x2a, 0x40, 0x5b, 0x86, 0x3c, 0x40, 0x13, 0x93, 0x3c, 0x68,
  0x00, 0x99, 0x2a, 0x30, 0x04, 0x96, 0x40, 0x4e, 0x01, 0x99, 0x36, 0x3c,
  0x00, 0x90, 0x40, 0x6d, 0x04, 0x97, 0x48, 0x5f, 0x01, 0x89, 0x2a, 0x40,
  0x02, 0x93, 0x40, 0x66, 0x03, 0x89, 0x36, 0x40, 0x0e, 0x93, 0x43, 0x66,
  0x29, 0x81, 0x1f, 0x40, 0x0a, 0x83, 0x3c, 0x40, 0x0c, 0x83, 0x40, 0x40,
  0x0c, 0x86, 0x40, 0x40, 0x01, 0x80, 0x40, 0x40, 0x04, 0x83, 0x43, 0x40,
  0x00, 0x87, 0x48, 0x40, 0x0f, 0x96, 0x43, 0x4e, 0x02, 0x99, 0x2a, 0x34,
  0x0a, 0x89, 0x2a, 0x40, 0x58, 0x86, 0x43, 0x40, 0x14, 0x90, 0x3e, 0x6d,
  0x01, 0x99, 0x36, 0x50, 0x00, 0x94, 0x53, 0x69, 0x00, 0x94, 0x56, 0x69,
  0x01, 0x93, 0x3e, 0x62, 0x02, 0x96, 0x3b, 0x57, 0x01, 0x93, 0x3b, 0x66,
  0x05, 0x91, 0x1f, 0x64, 0x01, 0x89, 0x36, 0x40, 0x02, 0x93, 0x41, 0x64,
  0x1d, 0x96, 0x3e, 0x5d, 0x17, 0x96, 0x41, 0x57, 0x07, 0x83, 0x3e, 0x40,
  0x03, 0x83, 0x3b, 0x40, 0x08, 0x83, 0x41, 0x40, 0x01, 0x86, 0x3b, 0x40,
  0x25, 0x84, 0x56, 0x40, 0x00, 0x84, 0x53, 0x40, 0x01, 0x86, 0x3e, 0x40,
  0x17, 0x86, 0x41, 0x40, 0x4b, 0x80, 0x3e, 0x40, 0x17, 0x97, 0x54, 0x62,
  0x01, 0x90, 0x41, 0x6d, 0x42, 0x81, 0x1f, 0x40, 0x15, 0xe0, 0x20, 0x5f,
  0x0c, 0x87, 0x54, 0x40, 0x12, 0xe0, 0x6c, 0x7f, 0x67, 0x80, 0x41, 0x40,
  0x11, 0xe0, 0x00, 0x40, 0x00, 0x99, 0x36, 0x50, 0x02, 0x99, 0x2a, 0x3f,
  0x02, 0x90, 0x40, 0x6f, 0x06, 0x89, 0x36, 0x40, 0x02, 0x89, 0x2a, 0x40,
  0x81, 0x2c, 0x80, 0x40, 0x40, 0x34, 0x90, 0x3e, 0x6e, 0x01, 0x97, 0x48,
  0x66, 0x64, 0x87, 0x48, 0x40, 0x4f, 0x80, 0x3e, 0x40, 0x3c, 0x99, 0x2a,
  0x39, 0x04, 0x99, 0x36, 0x50, 0x03, 0x90, 0x3c, 0x6e, 0x03, 0x89, 0x2a,
  0x40, 0x04, 0x89, 0x36, 0x40, 0x49, 0x80, 0x3c, 0x40, 0x81, 0x19, 0x97,
  0x48, 0x68, 0x04, 0x90, 0x3e, 0x73, 0x02, 0x99, 0x2a, 0x31, 0x00, 0x96,
  0x37, 0x50, 0x06, 0x91, 0x29, 0x64, 0x04, 0x89, 0x2a, 0x40, 0x03, 0x96,
  0x3b, 0x46, 0x31, 0x96, 0x3e, 0x4b, 0x20, 0x87, 0x48, 0x40, 0x04, 0x80,
  0x3e, 0x40, 0x02, 0x86, 0x37, 0x40, 0x0d, 0x86, 0x3b, 0x40, 0x0d, 0x81,
  0x29, 0x40, 0x24, 0x86, 0x3e, 0x40, 0x45, 0x90, 0x40, 0x78, 0x04, 0x99,
  0x2a, 0x3e, 0x03, 0x99, 0x36, 0x5a, 0x01, 0x96, 0x37, 0x54, 0x06, 0x89,
  0x2a, 0x40, 0x02, 0x91, 0x28, 0x64, 0x01, 0x89, 0x36, 0x40, 0x15, 0x96,
  0x3c, 0x57, 0x22, 0x96, 0x40, 0x4b, 0x1c, 0x80, 0x40, 0x40, 0x08, 0x86,
  0x37, 0x40, 0x1c, 0x81, 0x28, 0x40, 0x02, 0x86, 0x3c, 0x40, 0x22, 0x86,
  0x40, 0x40, 0x47, 0x90, 0x41, 0x7c, 0x00, 0x97, 0x48, 0x5f, 0x02, 0x96,
  0x37, 0x52, 0x07, 0x91, 0x26, 0x64, 0x1c, 0x96, 0x3e, 0x4e, 0x21, 0x96,
  0x41, 0x59, 0x1e, 0x80, 0x41, 0x40, 0x00, 0x87, 0x48, 0x40, 0x02, 0x86,
  0x37, 0x40, 0x02, 0xe0, 0x38, 0x57, 0x14, 0xe0, 0x68, 0x60, 0x05, 0x81,
  0x26, 0x40, 0x08, 0x86, 0x3e, 0x40, 0x21, 0x86, 0x41, 0x40, 0x40, 0xe0,
  0x00, 0x40, 0x0a, 0x91, 0x24, 0x64, 0x00, 0x90, 0x43, 0x69, 0x00, 0x96,
  0x3c, 0x51, 0x00, 0x99, 0x36, 0x46, 0x01, 0x99, 0x2a, 0x3d, 0x08, 0x91,
  0x24, 0x64, 0x01, 0x89, 0x36, 0x40, 0x01, 0x89, 0x2a, 0x40, 0x59, 0x80,
  0x43, 0x40, 0x18, 0x99, 0x2a, 0x32, 0x0a, 0x89, 0x2a, 0x40, 0x56, 0x86,
  0x3c, 0x40, 0x0f, 0x96, 0x40, 0x52, 0x03, 0x99, 0x2e, 0x35, 0x00, 0x97,
  0x54, 0x62, 0x02, 0x99, 0x36, 0x3c, 0x02, 0x90, 0x43, 0x6e, 0x02, 0x93,
  0x3c, 0x5f, 0x04, 0x89, 0x2e, 0x40, 0x02, 0x89, 0x36, 0x40, 0x03, 0x93,
  0x40, 0x61, 0x03, 0x93, 0x43, 0x60, 0x2c, 0x81, 0x24, 0x40, 0x09, 0x81,
  0x24, 0x40, 0x0f, 0x83, 0x3c, 0x40, 0x09, 0x83, 0x40, 0x40, 0x02, 0x86,
  0x40, 0x40, 0x01, 0x83, 0x43, 0x40, 0x02, 0x87, 0x54, 0x40, 0x04, 0x80,
  0x43, 0x40, 0x16, 0x96, 0x43, 0x4d, 0x64, 0x86, 0x43, 0x40, 0x0f, 0x90,
  0x45, 0x6a, 0x01, 0x99, 0x36, 0x64, 0x01, 0x96, 0x37, 0x50, 0x03, 0x99,
  0x2a, 0x3c, 0x05, 0x91, 0x1f, 0x64, 0x01, 0x89, 0x36, 0x40, 0x04, 0x89,
  0x2a, 0x40, 0x55, 0x80, 0x45, 0x40, 0x10, 0x99, 0x2a, 0x35, 0x0a, 0x89,
  0x2a, 0x40, 0x60, 0x86, 0x37, 0x40, 0x0e, 0x96, 0x40, 0x4c, 0x01, 0x99,
  0x2e, 0x2e, 0x00, 0x93, 0x3c, 0x66, 0x02, 0x90, 0x43, 0x6e, 0x00, 0x97,
  0x48, 0x64, 0x02, 0x99, 0x36, 0x3c, 0x06, 0x89, 0x2e, 0x40, 0x04, 0x89,
  0x36, 0x40, 0x02, 0x93, 0x40, 0x67, 0x0a, 0x93, 0x43, 0x67, 0x2f, 0x81,
  0x1f, 0x40, 0x07, 0x83, 0x3c, 0x40, 0x10, 0x83, 0x40, 0x40, 0x03, 0x86,
  0x40, 0x40, 0x03, 0x80, 0x43, 0x40, 0x00, 0x87, 0x48, 0x40, 0x04, 0x83,
  0x43, 0x40, 0x15, 0x96, 0x43, 0x4d, 0x64, 0x86, 0x43, 0x40, 0x0d, 0x90,
  0x40, 0x6d, 0x02, 0x96, 0x3c, 0x52, 0x02, 0x99, 0x36, 0x46, 0x00, 0x99,
  0x2a, 0x3b, 0x09, 0x91, 0x24, 0x64, 0x01, 0x89, 0x36, 0x40, 0x00, 0x89,
  0x2a, 0x40, 0x56, 0x80, 0x40, 0x40, 0x1c, 0x99, 0x2a, 0x2e, 0x0a, 0x89,
  0x2a, 0x40, 0x54, 0x86, 0x3c, 0x40, 0x16, 0x90, 0x3e, 0x69, 0x00, 0x99,
  0x36, 0x3c, 0x02, 0x96, 0x40, 0x53, 0x01, 0x93, 0x3c, 0x5f, 0x01, 0x97,
  0x54, 0x60, 0x00, 0x99, 0x2e, 0x31, 0x03, 0x93, 0x40, 0x5f, 0x03, 0x89,
  0x36, 0x40, 0x04, 0x89, 0x2e, 0x40, 0x05, 0x93, 0x40, 0x66, 0x32, 0x81,
  0x24, 0x40, 0x0e, 0x83, 0x3c, 0x40, 0x04, 0x83, 0x40, 0x40, 0x0c, 0x83,
  0x40, 0x40, 0x01, 0x80, 0x3e, 0x40, 0x02, 0x86, 0x40, 0x40, 0x02, 0x87,
  0x54, 0x40, 0x10, 0x99, 0x2a, 0x37, 0x00, 0x96, 0x43, 0x52, 0x0a, 0x89,
  0x2a, 0x40, 0x5a, 0x86, 0x43, 0x40, 0x14, 0x99, 0x36, 0x64, 0x01, 0x96,
  0x37, 0x52, 0x01, 0x99, 0x2a, 0x3b, 0x02, 0x90, 0x3c, 0x6f, 0x05, 0x91,
  0x1f, 0x64, 0x01, 0x89, 0x36, 0x40, 0x02, 0x89, 0x2a, 0x40, 0x59, 0x86,
  0x37, 0x40, 0x03, 0x80, 0x3c, 0x40, 0x0b, 0x99, 0x2a, 0x34, 0x07, 0x96,
  0x3c, 0x54, 0x03, 0x89, 0x2a, 0x40, 0x61, 0x86, 0x3c, 0x40, 0x0d, 0x90,
  0x40, 0x6e, 0x00, 0x99, 0x2a, 0x30, 0x03, 0x97, 0x48, 0x68, 0x02, 0x99,
  0x36, 0x3c, 0x01, 0x96, 0x40, 0x53, 0x03, 0x93, 0x3c, 0x66, 0x01, 0x89,
  0x2a, 0x40, 0x02, 0x93, 0x40, 0x62, 0x03, 0x89, 0x36, 0x40, 0x08, 0x93,
  0x43, 0x61, 0x33, 0x81, 0x1f, 0x40, 0x0f, 0x83, 0x3c, 0x40, 0x03, 0x83,
  0x40, 0x40, 0x08, 0x80, 0x40, 0x40, 0x03, 0x87, 0x48, 0x40, 0x00, 0x83,
  0x43, 0x40, 0x03, 0x86, 0x40, 0x40, 0x13, 0x96, 0x43, 0x50, 0x01, 0x99,
  0x2a, 0x34, 0x0a, 0x89, 0x2a, 0x40, 0x59, 0x86, 0x43, 0x40, 0x12, 0x90,
  0x3e, 0x6c, 0x02, 0x99, 0x36, 0x46, 0x01, 0x99, 0x2a, 0x3e, 0x02, 0x96,
  0x3e, 0x4f, 0x05, 0x91, 0x26, 0x64, 0x02, 0x89, 0x36, 0x40, 0x01, 0x89,
  0x2a, 0x40, 0x57, 0x80, 0x3e, 0x40, 0x17, 0x99, 0x2a, 0x30, 0x0a, 0x89,
  0x2a, 0x40, 0x5c, 0x86, 0x3e, 0x40, 0x0c, 0x99, 0x2e, 0x35, 0x02, 0x97,
  0x54, 0x62, 0x03, 0x99, 0x36, 0x3c, 0x02, 0x96, 0x41, 0x50, 0x01, 0x93,
  0x3e, 0x66, 0x01, 0x90, 0x3e, 0x6a, 0x01, 0x89, 0x2e, 0x40, 0x02, 0x93,
  0x41, 0x63, 0x03, 0x89, 0x36, 0x40, 0x0e, 0x93, 0x45, 0x5f, 0x2c, 0x81,
  0x26, 0x40, 0x0f, 0x83, 0x3e, 0x40, 0x04, 0x83, 0x41, 0x40, 0x0a, 0x87,
  0x54, 0x40, 0x05, 0x86, 0x41, 0x40, 0x02, 0x83, 0x45, 0x40, 0x00, 0x80,
  0x3e, 0x40, 0x12, 0x96, 0x45, 0x4e, 0x64, 0x86, 0x45, 0x40, 0x11, 0x90,
  0x41, 0x69, 0x01, 0x99, 0x36, 0x64, 0x02, 0x99, 0x2a, 0x3d, 0x02, 0x96,
  0x39, 0x52, 0x02, 0x91, 0x21, 0x64, 0x04, 0x89, 0x36, 0x40, 0x02, 0x89,
  0x2a, 0x40, 0x57, 0x80, 0x41, 0x40, 0x12, 0x99, 0x2a, 0x30, 0x0a, 0x89,
  0x2a, 0x40, 0x61, 0x86, 0x39, 0x40, 0x0d, 0x90, 0x40, 0x68, 0x03, 0x99,
  0x36, 0x3c, 0x00, 0x96, 0x3e, 0x53, 0x01, 0x99, 0x2e, 0x2e, 0x03, 0x97,
  0x48, 0x65, 0x00, 0x93, 0x3e, 0x5f, 0x06, 0x89, 0x36, 0x40, 0x01, 0x89,
  0x2e, 0x40, 0x02, 0x93, 0x41, 0x63, 0x06, 0x93, 0x45, 0x62, 0x2f, 0x81,
  0x21, 0x40, 0x12, 0x83, 0x3e, 0x40, 0x09, 0x83, 0x41, 0x40, 0x04, 0x80,
  0x40, 0x40, 0x02, 0x83, 0x45, 0x40, 0x01, 0x86, 0x3e, 0x40, 0x04, 0x87,
  0x48, 0x40, 0x12, 0x96, 0x41, 0x50, 0x64, 0x86, 0x41, 0x40, 0x10, 0x99,
  0x2a, 0x3b, 0x02, 0x99, 0x36, 0x46, 0x03, 0x90, 0x3e, 0x6b, 0x00, 0x91,
  0x26, 0x64, 0x01, 0x96, 0x3e, 0x54, 0x04, 0x89, 0x2a, 0x40, 0x02, 0x89,
  0x36, 0x40, 0x6f, 0x99, 0x2a, 0x2f, 0x0a, 0x89, 0x2a, 0x40, 0x5d, 0x86,
  0x3e, 0x40, 0x0b, 0x96, 0x41, 0x54, 0x03, 0x97, 0x54, 0x64, 0x00, 0x93,
  0x3e, 0x61, 0x02, 0x99, 0x36, 0x3c, 0x00, 0x99, 0x2e, 0x33, 0x00, 0x94,
  0x59, 0x69, 0x00, 0x94, 0x56, 0x69, 0x0a, 0x89, 0x36, 0x40, 0x00, 0x89,
  0x2e, 0x40, 0x00, 0x93, 0x41, 0x60, 0x07, 0x93, 0x45, 0x64, 0x2b, 0x84,
  0x59, 0x40, 0x00, 0x84, 0x56, 0x40, 0x03, 0x81, 0x26, 0x40, 0x0f, 0x83,
  0x3e, 0x40, 0x0c, 0x83, 0x41, 0x40, 0x05, 0x86, 0x41, 0x40, 0x02, 0x83,
  0x45, 0x40, 0x01, 0x87, 0x54, 0x40, 0x16, 0x99, 0x2a, 0x37, 0x04, 0x96,
  0x45, 0x4e, 0x06, 0x89, 0x2a, 0x40, 0x5e, 0x86, 0x45, 0x40, 0x0f, 0x96,
  0x39, 0x50, 0x01, 0x94, 0x51, 0x69, 0x00, 0x94, 0x56, 0x69, 0x00, 0x99,
  0x2a, 0x39, 0x00, 0x99, 0x36, 0x64, 0x03, 0x80, 0x3e, 0x40, 0x06, 0x91,
  0x21, 0x64, 0x01, 0x89, 0x2a, 0x40, 0x00, 0x89, 0x36, 0x40, 0x59, 0x86,
  0x39, 0x40, 0x16, 0x99, 0x2a, 0x2e, 0x00, 0x96, 0x3e, 0x50, 0x0a, 0x89,
  0x2a, 0x40, 0x5a, 0x86, 0x3e, 0x40, 0x0e, 0x97, 0x48, 0x67, 0x03, 0x90,
  0x41, 0x6e, 0x02, 0x99, 0x36, 0x3c, 0x01, 0x99, 0x2e, 0x32, 0x03, 0x96,
  0x41, 0x4c, 0x00, 0x93, 0x3e, 0x61, 0x06, 0x89, 0x36, 0x40, 0x01, 0x89,
  0x2e, 0x40, 0x00, 0x93, 0x41, 0x65, 0x0c, 0x93, 0x45, 0x64, 0x2e, 0x81,
  0x21, 0x40, 0x0f, 0x83, 0x3e, 0x40, 0x07, 0x83, 0x41, 0x40, 0x04, 0x87,
  0x48, 0x40, 0x08, 0x83, 0x45, 0x40, 0x01, 0x86, 0x41, 0x40, 0x11, 0x96,
  0x45, 0x4c, 0x27, 0x84, 0x51, 0x40, 0x00, 0x84, 0x56, 0x40, 0x12, 0x80,
  0x41, 0x40, 0x2b, 0x86, 0x45, 0x40, 0x0e, 0x96, 0x3c, 0x50, 0x02, 0x90,
  0x43, 0x6f, 0x03, 0x99, 0x36, 0x46, 0x01, 0x99, 0x2a, 0x3d, 0x08, 0x91,
  0x24, 0x64, 0x01, 0x89, 0x36, 0x40, 0x01, 0x89, 0x2a, 0x40, 0x56, 0x80,
  0x43, 0x40, 0x1b, 0x99, 0x2a, 0x32, 0x0a, 0x89, 0x2a, 0x40, 0x51, 0x86,
  0x3c, 0x40, 0x17, 0x99, 0x2e, 0x35, 0x02, 0x99, 0x36, 0x3c, 0x00, 0x96,
  0x40, 0x52, 0x01, 0x90, 0x43, 0x6d, 0x00, 0x93, 0x3c, 0x66, 0x01, 0x97,
  0x54, 0x67, 0x03, 0x93, 0x40, 0x65, 0x03, 0x89, 0x2e, 0x40, 0x02, 0x89,
  0x36, 0x40, 0x0b, 0x93, 0x43, 0x64, 0x30, 0x81, 0x24, 0x40, 0x0c, 0x83,
  0x3c, 0x40, 0x04, 0x83, 0x40, 0x40, 0x0f, 0x86, 0x40, 0x40, 0x01, 0x83,
  0x43, 0x40, 0x00, 0x80, 0x43, 0x40, 0x01, 0x87, 0x54, 0x40, 0x15, 0x96,
  0x43, 0x4e, 0x64, 0x86, 0x43, 0x40, 0x0d, 0x96, 0x37, 0x4d, 0x04, 0x99,
  0x36, 0x64, 0x00, 0x90, 0x45, 0x69, 0x04, 0x99, 0x2a, 0x3c, 0x05, 0x91,
  0x1f, 0x64, 0x01, 0x89, 0x36, 0x40, 0x04, 0x89, 0x2a, 0x40, 0x56, 0x80,
  0x45, 0x40, 0x0f, 0x99, 0x2a, 0x35, 0x0a, 0x89, 0x2a, 0x40, 0x5b, 0x86,
  0x37, 0x40, 0x13, 0x90, 0x43, 0x6a, 0x01, 0x99, 0x2e, 0x2e, 0x04, 0x99,
  0x36, 0x3c, 0x01, 0x93, 0x3c, 0x60, 0x02, 0x97, 0x48, 0x63, 0x01, 0x96,
  0x40, 0x54, 0x02, 0x89, 0x2e, 0x40, 0x04, 0x89, 0x36, 0x40, 0x04, 0x93,
  0x40, 0x61, 0x02, 0x93, 0x43, 0x65, 0x35, 0x81, 0x1f, 0x40, 0x0c, 0x83,
  0x3c, 0x40, 0x0d, 0x83, 0x40, 0x40, 0x01, 0x80, 0x43, 0x40, 0x01, 0x83,
  0x43, 0x40, 0x07, 0x87, 0x48, 0x40, 0x01, 0x86, 0x40, 0x40, 0x0c, 0x96,
  0x43, 0x4e, 0x64, 0x86, 0x43, 0x40, 0x15, 0x96, 0x3c, 0x50, 0x03, 0x99,
  0x36, 0x46, 0x00, 0x99, 0x2a, 0x3b, 0x03, 0x90, 0x40, 0x6f, 0x02, 0x91,
  0x24, 0x64, 0x05, 0x89, 0x36, 0x40, 0x00, 0x89, 0x2a, 0x40, 0x5d, 0x80,
  0x40, 0x40, 0x15, 0x99, 0x2a, 0x2e, 0x0a, 0x89, 0x2a, 0x40, 0x53, 0x86,
  0x3c, 0x40, 0x13, 0x97, 0x54, 0x66, 0x01, 0x90, 0x3e, 0x67, 0x03, 0x99,
  0x36, 0x3c, 0x01, 0x96, 0x40, 0x4d, 0x00, 0x93, 0x3c, 0x62, 0x03, 0x99,
  0x2e, 0x31, 0x06, 0x89, 0x36, 0x40, 0x04, 0x89, 0x2e, 0x40, 0x00, 0x93,
  0x40, 0x5f, 0x09, 0x93, 0x43, 0x68, 0x2a, 0x81, 0x24, 0x40, 0x10, 0x83,
  0x3c, 0x40, 0x0d, 0x83, 0x40, 0x40, 0x02, 0x87, 0x54, 0x40, 0x01, 0x80,
  0x3e, 0x40, 0x04, 0x86, 0x40, 0x40, 0x02, 0x83, 0x43, 0x40, 0x11, 0x99,
  0x2a, 0x37, 0x02, 0x96, 0x43, 0x53, 0x08, 0x89, 0x2a, 0x40, 0x5c, 0x86,
  0x43, 0x40, 0x10, 0x90, 0x3c, 0x6a, 0x01, 0x96, 0x37, 0x4e, 0x01, 0x99,
  0x36, 0x64, 0x00, 0x91, 0x1f, 0x64, 0x02, 0x99, 0x2a, 0x3b, 0x08, 0x89,
  0x36, 0x40, 0x02, 0x89, 0x2a, 0x40, 0x56, 0x80, 0x3c, 0x40, 0x01, 0x86,
  0x37, 0x40, 0x10, 0x99, 0x2a, 0x34, 0x01, 0x96, 0x3c, 0x54, 0x09, 0x89,
  0x2a, 0x40, 0x5b, 0x86, 0x3c, 0x40, 0x13, 0x99, 0x2a, 0x30, 0x02, 0x96,
  0x40, 0x54, 0x02, 0x97, 0x48, 0x66, 0x00, 0x90, 0x40, 0x71, 0x01, 0x99,
  0x36, 0x3c, 0x03, 0x93, 0x3c, 0x66, 0x02, 0x89, 0x2a, 0x40, 0x05, 0x89,
  0x36, 0x40, 0x00, 0x93, 0x40, 0x63, 0x0a, 0x93, 0x43, 0x65, 0x28, 0x81,
  0x1f, 0x40, 0x17, 0x83, 0x3c, 0x40, 0x07, 0x83, 0x40, 0x40, 0x07, 0x86,
  0x40, 0x40, 0x02, 0x87, 0x48, 0x40, 0x00, 0x80, 0x40, 0x40, 0x01, 0x83,
  0x43, 0x40, 0x11, 0x96, 0x43, 0x4e, 0x04, 0x99, 0x2a, 0x34, 0x0a, 0x89,
  0x2a, 0x40, 0x56, 0x86, 0x43, 0x40, 0x15, 0x91, 0x2b, 0x64, 0x02, 0x99,
  0x36, 0x46, 0x01, 0x99, 0x2a, 0x3e, 0x01, 0x96, 0x3b, 0x50, 0x00, 0x90,
  0x3e, 0x69, 0x08, 0x89, 0x36, 0x40, 0x01, 0x89, 0x2a, 0x40, 0x5b, 0x80,
  0x3e, 0x40, 0x13, 0x99, 0x2a, 0x30, 0x0a, 0x89, 0x2a, 0x40, 0x5b, 0x86,
  0x3b, 0x40, 0x0d, 0x99, 0x2e, 0x35, 0x02, 0x90, 0x41, 0x6c, 0x03, 0x99,
  0x36, 0x3c, 0x02, 0x97, 0x54, 0x60, 0x01, 0x96, 0x3e, 0x4f, 0x00, 0x93,
  0x3b, 0x68, 0x02, 0x89, 0x2e, 0x40, 0x05, 0x89, 0x36, 0x40, 0x00, 0x93,
  0x3e, 0x60, 0x0c, 0x93, 0x41, 0x65, 0x24, 0x81, 0x2b, 0x40, 0x19, 0x83,
  0x3b, 0x40, 0x07, 0x83, 0x3e, 0x40, 0x07, 0x80, 0x41, 0x40, 0x05, 0x87,
  0x54, 0x40, 0x00, 0x83, 0x41, 0x40, 0x01, 0x86, 0x3e, 0x40, 0x10, 0x96,
  0x41, 0x4d, 0x64, 0x86, 0x41, 0x40, 0x14, 0x90, 0x40, 0x6c, 0x00, 0x96,
  0x37, 0x4d, 0x01, 0x99, 0x36, 0x64, 0x02, 0x99, 0x2a, 0x3d, 0x05, 0x91,
  0x26, 0x64, 0x03, 0x89, 0x36, 0x40, 0x02, 0x89, 0x2a, 0x40, 0x57, 0x86,
  0x37, 0x40, 0x00, 0x80, 0x40, 0x40, 0x12, 0x99, 0x2a, 0x30, 0x00, 0x96,
  0x3b, 0x4b, 0x0a, 0x89, 0x2a, 0x40, 0x5a, 0x86, 0x3b, 0x40, 0x16, 0x93,
  0x3b, 0x63, 0x01, 0x99, 0x36, 0x3c, 0x01, 0x99, 0x2e, 0x2e, 0x01, 0x90,
  0x3e, 0x6a, 0x02, 0x97, 0x48, 0x67, 0x00, 0x96, 0x3e, 0x54, 0x04, 0x93,
  0x3e, 0x63, 0x02, 0x89, 0x36, 0x40, 0x01, 0x89, 0x2e, 0x40, 0x05, 0x93,
  0x41, 0x62, 0x33, 0x81, 0x26, 0x40, 0x0c, 0x83, 0x3b, 0x40, 0x09, 0x83,
  0x3e, 0x40, 0x08, 0x83, 0x41, 0x40, 0x06, 0x80, 0x3e, 0x40, 0x02, 0x87,
  0x48, 0x40, 0x00, 0x86, 0x3e, 0x40, 0x12, 0x96, 0x41, 0x4c, 0x64, 0x86,
  0x41, 0x40, 0x10, 0x99, 0x2a, 0x3b, 0x02, 0x99, 0x36, 0x46, 0x00, 0x96,
  0x3c, 0x4f, 0x03, 0x91, 0x24, 0x64, 0x01, 0x90, 0x3c, 0x6b, 0x04, 0x89,
  0x2a, 0x40, 0x02, 0x89, 0x36, 0x40, 0x6f, 0x99, 0x2a, 0x2f, 0x0a, 0x89,
  0x2a, 0x40, 0x59, 0x86, 0x3c, 0x40, 0x10, 0x93, 0x3c, 0x64, 0x04, 0x99,
  0x2e, 0x33, 0x00, 0x99, 0x36, 0x3c, 0x00, 0x94, 0x54, 0x69, 0x00, 0x94,
  0x58, 0x69, 0x02, 0x97, 0x54, 0x67, 0x02, 0x96, 0x40, 0x54, 0x01, 0x93,
  0x40, 0x63, 0x05, 0x89, 0x2e, 0x40, 0x00, 0x89, 0x36, 0x40, 0x07, 0x93,
  0x43, 0x5f, 0x2b, 0x84, 0x54, 0x40, 0x00, 0x84, 0x58, 0x40, 0x03, 0x81,
  0x24, 0x40, 0x0d, 0x83, 0x3c, 0x40, 0x09, 0x83, 0x40, 0x40, 0x0c, 0x83,
  0x43, 0x40, 0x05, 0x87, 0x54, 0x40, 0x02, 0x86, 0x40, 0x40, 0x10, 0x99,
  0x2a, 0x37, 0x03, 0x96, 0x43, 0x4c, 0x07, 0x89, 0x2a, 0x40, 0x5d, 0x86,
  0x43, 0x40, 0x0c, 0x96, 0x37, 0x4e, 0x05, 0x94, 0x4f, 0x69, 0x00, 0x94,
  0x54, 0x69, 0x00, 0x99, 0x2a, 0x39, 0x00, 0x99, 0x36, 0x64, 0x04, 0x80,
  0x3c, 0x40, 0x04, 0x91, 0x1f, 0x64, 0x02, 0x89, 0x2a, 0x40, 0x00, 0x89,
  0x36, 0x40, 0x55, 0x86, 0x37, 0x40, 0x15, 0x96, 0x3c, 0x51, 0x05, 0x99,
  0x2a, 0x2e, 0x0a, 0x89, 0x2a, 0x40, 0x55, 0x86, 0x3c, 0x40, 0x14, 0x90,
  0x43, 0x68, 0x03, 0x97, 0x48, 0x65, 0x01, 0x99, 0x36, 0x3c, 0x00, 0x96,
  0x40, 0x4b, 0x00, 0x93, 0x3c, 0x64, 0x01, 0x99, 0x2e, 0x32, 0x07, 0x93,
  0x40, 0x64, 0x02, 0x89, 0x36, 0x40, 0x01, 0x89, 0x2e, 0x40, 0x05, 0x93,
  0x43, 0x5f, 0x34, 0x81, 0x1f, 0x40, 0x0c, 0x83, 0x3c, 0x40, 0x08, 0x83,
  0x40, 0x40, 0x08, 0x83, 0x43, 0x40, 0x03, 0x87, 0x48, 0x40, 0x01, 0x86,
  0x40, 0x40, 0x16, 0x96, 0x43, 0x4c, 0x26, 0x84, 0x54, 0x40, 0x00, 0x84,
  0x4f, 0x40, 0x10, 0x80, 0x43, 0x40, 0x2e, 0x86, 0x43, 0x40, 0x0e, 0x96,
  0x3c, 0x52, 0x01, 0x90, 0x45, 0x6f, 0x03, 0x99, 0x36, 0x46, 0x01, 0x99,
  0x2a, 0x3d, 0x02, 0x91, 0x29, 0x64, 0x07, 0x89, 0x36, 0x40, 0x01, 0x89,
  0x2a, 0x40, 0x56, 0x80, 0x45, 0x40, 0x1b, 0x99, 0x2a, 0x32, 0x0a, 0x89,
  0x2a, 0x40, 0x52, 0x86, 0x3c, 0x40, 0x16, 0x99, 0x2e, 0x35, 0x00, 0x96,
  0x41, 0x4c, 0x01, 0x90, 0x45, 0x6c, 0x01, 0x93, 0x41, 0x5f, 0x00, 0x99,
  0x36, 0x3c, 0x00, 0x97, 0x54, 0x67, 0x08, 0x89, 0x2e, 0x40, 0x02, 0x89,
  0x36, 0x40, 0x01, 0x93, 0x45, 0x66, 0x0c, 0x93, 0x48, 0x64, 0x28, 0x81,
  0x29, 0x40, 0x11, 0x83, 0x41, 0x40, 0x0b, 0x83, 0x45, 0x40, 0x07, 0x86,
  0x41, 0x40, 0x01, 0x80, 0x45, 0x40, 0x01, 0x87, 0x54, 0x40, 0x03, 0x83,
  0x48, 0x40, 0x10, 0x96, 0x45, 0x4e, 0x64, 0x86, 0x45, 0x40, 0x10, 0x90,
  0x41, 0x6b, 0x03, 0x96, 0x39, 0x53, 0x02, 0x99, 0x36, 0x64, 0x04, 0x99,
  0x2a, 0x3c, 0x02, 0x91, 0x24, 0x64, 0x04, 0x89, 0x36, 0x40, 0x04, 0x89,
  0x2a, 0x40, 0x51, 0x80, 0x41, 0x40, 0x14, 0x99, 0x2a, 0x35, 0x0a, 0x89,
  0x2a, 0x40, 0x5d, 0x86, 0x39, 0x40, 0x11, 0x97, 0x48, 0x65, 0x01, 0x99,
  0x2e, 0x2e, 0x02, 0x90, 0x45, 0x67, 0x02, 0x99, 0x36, 0x3c, 0x01, 0x96,
  0x41, 0x4c, 0x00, 0x93, 0x41, 0x68, 0x05, 0x89, 0x2e, 0x40, 0x04, 0x89,
  0x36, 0x40, 0x00, 0x93, 0x45, 0x66, 0x0b, 0x93, 0x48, 0x62, 0x2d, 0x81,
  0x24, 0x40, 0x0f, 0x83, 0x41, 0x40, 0x09, 0x83, 0x45, 0x40, 0x05, 0x87,
  0x48, 0x40, 0x03, 0x80, 0x45, 0x40, 0x03, 0x86, 0x41, 0x40, 0x00, 0x83,
  0x48, 0x40, 0x15, 0x96, 0x45, 0x4e, 0x64, 0x86, 0x45, 0x40, 0x12, 0x99,
  0x36, 0x46, 0x00, 0x99, 0x2a, 0x3b, 0x01, 0x90, 0x48, 0x6b, 0x01, 0x96,
  0x3c, 0x50, 0x02, 0x91, 0x29, 0x64, 0x06, 0x89, 0x36, 0x40, 0x00, 0x89,
  0x2a, 0x40, 0x5b, 0x80, 0x48, 0x40, 0x17, 0x99, 0x2a, 0x2e, 0x0a, 0x89,
  0x2a, 0x40, 0x58, 0x86, 0x3c, 0x40, 0x0e, 0x97, 0x54, 0x68, 0x03, 0x90,
  0x48, 0x6c, 0x01, 0x99, 0x36, 0x3c, 0x03, 0x96, 0x41, 0x4b, 0x00, 0x93,
  0x41, 0x67, 0x01, 0x99, 0x2e, 0x31, 0x06, 0x89, 0x36, 0x40, 0x03, 0x93,
  0x45, 0x65, 0x01, 0x89, 0x2e, 0x40, 0x09, 0x93, 0x48, 0x67, 0x29, 0x81,
  0x29, 0x40, 0x13, 0x83, 0x41, 0x40, 0x0a, 0x83, 0x45, 0x40, 0x03, 0x87,
  0x54, 0x40, 0x03, 0x80, 0x48, 0x40, 0x04, 0x83, 0x48, 0x40, 0x00, 0x86,
  0x41, 0x40, 0x11, 0x99, 0x2a, 0x37, 0x01, 0x96, 0x45, 0x52, 0x09, 0x89,
  0x2a, 0x40, 0x5b, 0x86, 0x45, 0x40, 0x0e, 0x96, 0x39, 0x4c, 0x05, 0x99,
  0x36, 0x64, 0x00, 0x90, 0x47, 0x6b, 0x02, 0x99, 0x2a, 0x3b, 0x05, 0x91,
  0x24, 0x64, 0x03, 0x89, 0x36, 0x40, 0x02, 0x89, 0x2a, 0x40, 0x53, 0x86,
  0x39, 0x40, 0x05, 0x80, 0x47, 0x40, 0x0f, 0x99, 0x2a, 0x34, 0x07, 0x96,
  0x3c, 0x4d, 0x03, 0x89, 0x2a, 0x40, 0x61, 0x86, 0x3c, 0x40, 0x0d, 0x96,
  0x41, 0x52, 0x00, 0x99, 0x2a, 0x30, 0x01, 0x97, 0x48, 0x63, 0x02, 0x93,
  0x41, 0x62, 0x02, 0x90, 0x45, 0x6d, 0x00, 0x99, 0x36, 0x3c, 0x05, 0x89,
  0x2a, 0x40, 0x03, 0x93, 0x45, 0x61, 0x02, 0x89, 0x36, 0x40, 0x0b, 0x93,
  0x48, 0x62, 0x2e, 0x81, 0x24, 0x40, 0x0b, 0x83, 0x41, 0x40, 0x0a, 0x83,
  0x45, 0x40, 0x07, 0x86, 0x41, 0x40, 0x01, 0x87, 0x48, 0x40, 0x04, 0x80,
  0x45, 0x40, 0x01, 0x83, 0x48, 0x40, 0x13, 0x96, 0x45, 0x4d, 0x01, 0x99,
  0x2a, 0x34, 0x0a, 0x89, 0x2a, 0x40, 0x59, 0x86, 0x45, 0x40, 0x0f, 0x96,
  0x3c, 0x4f, 0x03, 0x90, 0x43, 0x6d, 0x02, 0x99, 0x36, 0x46, 0x01, 0x99,
  0x2a, 0x3e, 0x04, 0x91, 0x24, 0x64, 0x05, 0x89, 0x36, 0x40, 0x01, 0x89,
  0x2a, 0x40, 0x57, 0x80, 0x43, 0x40, 0x17, 0x99, 0x2a, 0x30, 0x0a, 0x89,
  0x2a, 0x40, 0x54, 0x86, 0x3c, 0x40, 0x14, 0x99, 0x2e, 0x35, 0x04, 0x93,
  0x3c, 0x63, 0x01, 0x90, 0x43, 0x69, 0x00, 0x99, 0x36, 0x3c, 0x02, 0x97,
  0x54, 0x61, 0x02, 0x96, 0x40, 0x4d, 0x01, 0x89, 0x2e, 0x40, 0x01, 0x93,
  0x40, 0x63, 0x04, 0x89, 0x36, 0x40, 0x0d, 0x93, 0x43, 0x68, 0x2a, 0x81,
  0x24, 0x40, 0x0e, 0x83, 0x3c, 0x40, 0x07, 0x83, 0x40, 0x40, 0x0e, 0x80,
  0x43, 0x40, 0x02, 0x87, 0x54, 0x40, 0x01, 0x83, 0x43, 0x40, 0x01, 0x86,
  0x40, 0x40, 0x0e, 0x96, 0x43, 0x53, 0x64, 0x86, 0x43, 0x40, 0x11, 0x90,
  0x43, 0x70, 0x02, 0x96, 0x37, 0x51, 0x03, 0x99, 0x36, 0x64, 0x02, 0x99,
  0x2a, 0x3d, 0x07, 0x91, 0x1f, 0x64, 0x01, 0x89, 0x36, 0x40, 0x02, 0x89,
  0x2a, 0x40, 0x53, 0x80, 0x43, 0x40, 0x16, 0x99, 0x2a, 0x30, 0x0a, 0x89,
  0x2a, 0x40, 0x5a, 0x86, 0x37, 0x40, 0x14, 0x93, 0x3c, 0x61, 0x00, 0x96,
  0x40, 0x50, 0x01, 0x97, 0x48, 0x66, 0x02, 0x99, 0x36, 0x3c, 0x01, 0x99,
  0x2e, 0x2e, 0x01, 0x90, 0x41, 0x70, 0x03, 0x93, 0x40, 0x65, 0x05, 0x89,
  0x36, 0x40, 0x01, 0x89, 0x2e, 0x40, 0x08, 0x93, 0x43, 0x67, 0x32, 0x81,
  0x1f, 0x40, 0x08, 0x83, 0x3c, 0x40, 0x08, 0x83, 0x40, 0x40, 0x0c, 0x86,
  0x40, 0x40, 0x01, 0x87, 0x48, 0x40, 0x01, 0x83, 0x43, 0x40, 0x03, 0x80,
  0x41, 0x40, 0x14, 0x96, 0x43, 0x4c, 0x64, 0x86, 0x43, 0x40, 0x10, 0x99,
  0x2a, 0x3b, 0x01, 0x96, 0x3c, 0x54, 0x01, 0x99, 0x36, 0x46, 0x03, 0x90,
  0x40, 0x6c, 0x01, 0x91, 0x24, 0x64, 0x04, 0x89, 0x2a, 0x40, 0x02, 0x89,
  0x36, 0x40, 0x6f, 0x99, 0x2a, 0x2f, 0x0a, 0x89, 0x2a, 0x40, 0x58, 0x86,
  0x3c, 0x40, 0x13, 0x97, 0x54, 0x62, 0x02, 0x99, 0x36, 0x3c, 0x00, 0x99,
  0x2e, 0x33, 0x00, 0x96, 0x40, 0x4b, 0x00, 0x94, 0x4c, 0x69, 0x00, 0x94,
  0x5b, 0x69, 0x01, 0x93, 0x3c, 0x66, 0x09, 0x89, 0x36, 0x40, 0x00, 0x89,
  0x2e, 0x40, 0x02, 0x93, 0x40, 0x61, 0x05, 0x93, 0x43, 0x60, 0x2f, 0x81,
  0x24, 0x40, 0x10, 0x84, 0x5b, 0x40, 0x00, 0x84, 0x4c, 0x40, 0x01, 0x83,
  0x3c, 0x40, 0x0b, 0x83, 0x40, 0x40, 0x05, 0x83, 0x43, 0x40, 0x01, 0x87,
  0x54, 0x40, 0x02, 0x86, 0x40, 0x40, 0x14, 0x99, 0x2a, 0x37, 0x04, 0x96,
  0x43, 0x53, 0x06, 0x89, 0x2a, 0x40, 0x5e, 0x86, 0x43, 0x40, 0x10, 0x94,
  0x58, 0x69, 0x00, 0x94, 0x54, 0x69, 0x00, 0x99, 0x2a, 0x39, 0x00, 0x99,
  0x36, 0x64, 0x03, 0x80, 0x40, 0x40, 0x00, 0x96, 0x37, 0x54, 0x03, 0x91,
  0x1f, 0x64, 0x04, 0x89, 0x36, 0x40, 0x00, 0x89, 0x2a, 0x40, 0x46, 0x84,
  0x58, 0x40, 0x00, 0x84, 0x54, 0x40, 0x17, 0x86, 0x37, 0x40, 0x0d, 0x96,
  0x3c, 0x4d, 0x05, 0x99, 0x2a, 0x2e, 0x0a, 0x89, 0x2a, 0x40, 0x55, 0x86,
  0x3c, 0x40, 0x14, 0x97, 0x48, 0x64, 0x00, 0x96, 0x40, 0x50, 0x04, 0x94,
  0x58, 0x69, 0x00, 0x94, 0x5b, 0x69, 0x00, 0x99, 0x36, 0x3c, 0x01, 0x99,
  0x2e, 0x32, 0x00, 0x93, 0x3c, 0x62, 0x03, 0x90, 0x43, 0x6a, 0x04, 0x93,
  0x40, 0x63, 0x02, 0x89, 0x36, 0x40, 0x01, 0x89, 0x2e, 0x40, 0x0d, 0x93,
  0x43, 0x64, 0x2a, 0x81, 0x1f, 0x40, 0x0f, 0x83, 0x3c, 0x40, 0x07, 0x83,
  0x40, 0x40, 0x08, 0x87, 0x48, 0x40, 0x00, 0x86, 0x40, 0x40, 0x08, 0x83,
  0x43, 0x40, 0x0b, 0x96, 0x43, 0x4c, 0x41, 0x84, 0x58, 0x40, 0x00, 0x84,
  0x5b, 0x40, 0x04, 0x80, 0x43, 0x40, 0x1f, 0x86, 0x43, 0x40, 0x17, 0x96,
  0x3c, 0x52, 0x01, 0x90, 0x45, 0x6c, 0x01, 0x94, 0x59, 0x69, 0x00, 0x94,
  0x5d, 0x69, 0x00, 0x99, 0x36, 0x46, 0x01, 0x99, 0x2a, 0x3d, 0x04, 0x91,
  0x29, 0x64, 0x05, 0x89, 0x36, 0x40, 0x01, 0x89, 0x2a, 0x40, 0x58, 0x80,
  0x45, 0x40, 0x01, 0x84, 0x5d, 0x40, 0x00, 0x84, 0x59, 0x40, 0x18, 0x99,
  0x2a, 0x32, 0x0a, 0x89, 0x2a, 0x40, 0x54, 0x86, 0x3c, 0x40, 0x11, 0x90,
  0x45, 0x6b, 0x00, 0x97, 0x54, 0x64, 0x01, 0x96, 0x41, 0x4d, 0x02, 0x99,
  0x2e, 0x35, 0x02, 0x99, 0x36, 0x3c, 0x02, 0x93, 0x41, 0x61, 0x05, 0x93,
  0x45, 0x68, 0x01, 0x89, 0x2e, 0x40, 0x02, 0x89, 0x36, 0x40, 0x0a, 0x93,
  0x48, 0x64, 0x2d, 0x81, 0x29, 0x40, 0x11, 0x83, 0x41, 0x40, 0x05, 0x83,
  0x45, 0x40, 0x08, 0x80, 0x45, 0x40, 0x00, 0x87, 0x54, 0x40, 0x01, 0x86,
  0x41, 0x40, 0x04, 0x83, 0x48, 0x40, 0x16, 0x96, 0x45, 0x53, 0x64, 0x86,
  0x45, 0x40, 0x10, 0x90, 0x41, 0x6b, 0x02, 0x99, 0x36, 0x64, 0x03, 0x96,
  0x39, 0x4f, 0x01, 0x99, 0x2a, 0x3c, 0x03, 0x91, 0x24, 0x64, 0x03, 0x89,
  0x36, 0x40, 0x04, 0x89, 0x2a, 0x40, 0x54, 0x80, 0x41, 0x40, 0x11, 0x99,
  0x2a, 0x35, 0x0a, 0x89, 0x2a, 0x40, 0x62, 0x86, 0x39, 0x40, 0x0c, 0x96,
  0x41, 0x4b, 0x01, 0x99, 0x2e, 0x2e, 0x00, 0x97, 0x48, 0x60, 0x01, 0x90,
  0x45, 0x6a, 0x00, 0x93, 0x41, 0x66, 0x03, 0x99, 0x36, 0x3c, 0x06, 0x89,
  0x2e, 0x40, 0x04, 0x89, 0x36, 0x40, 0x00, 0x93, 0x45, 0x66, 0x05, 0x93,
  0x48, 0x62, 0x34, 0x81, 0x24, 0x40, 0x0a, 0x83, 0x41, 0x40, 0x0d, 0x83,
  0x45, 0x40, 0x05, 0x86, 0x41, 0x40, 0x00, 0x83, 0x48, 0x40, 0x01, 0x87,
  0x48, 0x40, 0x01, 0x80, 0x45, 0x40, 0x13, 0x96, 0x45, 0x54, 0x64, 0x86,
  0x45, 0x40, 0x15, 0x90, 0x48, 0x6f, 0x03, 0x99, 0x36, 0x46, 0x00, 0x99,
  0x2a, 0x3b, 0x03, 0x96, 0x3c, 0x53, 0x04, 0x91, 0x29, 0x64, 0x03, 0x89,
  0x36, 0x40, 0x00, 0x89, 0x2a, 0x40, 0x57, 0x80, 0x48, 0x40, 0x1b, 0x99,
  0x2a, 0x2e, 0x0a, 0x89, 0x2a, 0x40, 0x59, 0x86, 0x3c, 0x40, 0x10, 0x90,
  0x48, 0x6c, 0x01, 0x99, 0x36, 0x3c, 0x02, 0x97, 0x54, 0x61, 0x01, 0x96,
  0x41, 0x54, 0x00, 0x93, 0x41, 0x67, 0x01, 0x99, 0x2e, 0x31, 0x02, 0x93,
  0x45, 0x65, 0x04, 0x89, 0x36, 0x40, 0x04, 0x89, 0x2e, 0x40, 0x02, 0x93,
  0x48, 0x66, 0x33, 0x81, 0x29, 0x40, 0x10, 0x83, 0x41, 0x40, 0x03, 0x83,
  0x45, 0x40, 0x0a, 0x83, 0x48, 0x40, 0x03, 0x80, 0x48, 0x40, 0x03, 0x87,
  0x54, 0x40, 0x01, 0x86, 0x41, 0x40, 0x11, 0x99, 0x2a, 0x37, 0x00, 0x96,
  0x45, 0x54, 0x0a, 0x89, 0x2a, 0x40, 0x5a, 0x86, 0x45, 0x40, 0x13, 0x90,
  0x47, 0x70, 0x01, 0x91, 0x24, 0x64, 0x00, 0x96, 0x39, 0x53, 0x00, 0x99,
  0x36, 0x64, 0x02, 0x99, 0x2a, 0x3b, 0x08, 0x89, 0x36, 0x40, 0x02, 0x89,
  0x2a, 0x40, 0x57, 0x80, 0x47, 0x40, 0x01, 0x86, 0x39, 0x40, 0x0f, 0x99,
  0x2a, 0x34, 0x04, 0x96, 0x3c, 0x51, 0x06, 0x89, 0x2a, 0x40, 0x5e, 0x86,
  0x3c, 0x40, 0x10, 0x99, 0x2a, 0x30, 0x01, 0x97, 0x48, 0x5f, 0x00, 0x93,
  0x41, 0x5f, 0x03, 0x90, 0x48, 0x6c, 0x01, 0x99, 0x36, 0x3c, 0x04, 0x96,
  0x41, 0x52, 0x01, 0x89, 0x2a, 0x40, 0x05, 0x89, 0x36, 0x40, 0x03, 0x93,
  0x45, 0x62, 0x07, 0x93, 0x48, 0x5f, 0x28, 0x81, 0x24, 0x40, 0x10, 0x83,
  0x41, 0x40, 0x11, 0x83, 0x45, 0x40, 0x03, 0x87, 0x48, 0x40, 0x03, 0x80,
  0x48, 0x40, 0x01, 0x83, 0x48, 0x40, 0x04, 0x86, 0x41, 0x40, 0x11, 0x99,
  0x2a, 0x34, 0x03, 0x96, 0x45, 0x53, 0x07, 0x89, 0x2a, 0x40, 0x5d, 0x86,
  0x45, 0x40, 0x10, 0x90, 0x4a, 0x6d, 0x00, 0x96, 0x3e, 0x5e, 0x00, 0x99,
  0x36, 0x46, 0x01, 0x99, 0x2a, 0x3e, 0x07, 0x96, 0x43, 0x58, 0x01, 0x91,
  0x2b, 0x64, 0x01, 0x89, 0x36, 0x40, 0x01, 0x89, 0x2a, 0x40, 0x11, 0x96,
  0x47, 0x63, 0x48, 0x80, 0x4a, 0x40, 0x15, 0x99, 0x2a, 0x30, 0x0a, 0x89,
  0x2a, 0x40, 0x68, 0x99, 0x2e, 0x35, 0x05, 0x99, 0x36, 0x3c, 0x01, 0x93,
  0x43, 0x65, 0x02, 0x97, 0x54, 0x64, 0x01, 0x90, 0x4a, 0x69, 0x01, 0x89,
  0x2e, 0x40, 0x00, 0x93, 0x47, 0x68, 0x05, 0x89, 0x36, 0x40, 0x0c, 0x93,
  0x4a, 0x63, 0x26, 0x86, 0x3e, 0x40, 0x08, 0x86, 0x43, 0x40, 0x01, 0x81,
  0x2b, 0x40, 0x0c, 0x83, 0x43, 0x40, 0x04, 0x83, 0x47, 0x40, 0x03, 0x86,
  0x47, 0x40, 0x0e, 0x83, 0x4a, 0x40, 0x01, 0x87, 0x54, 0x40, 0x01, 0x80,
  0x4a, 0x40, 0x81, 0x08, 0x99, 0x36, 0x64, 0x00, 0x96, 0x3b, 0x4c, 0x01,
  0x90, 0x47, 0x6b, 0x01, 0x99, 0x2a, 0x3d, 0x07, 0x91, 0x26, 0x64, 0x01,
  0x89, 0x36, 0x40, 0x02, 0x89, 0x2a, 0x40, 0x09, 0x96, 0x3e, 0x59, 0x0d,
  0x96, 0x43, 0x4e, 0x43, 0x80, 0x47, 0x40, 0x10, 0x99, 0x2a, 0x30, 0x0a,
  0x89, 0x2a, 0x40, 0x6e, 0x93, 0x43, 0x62, 0x00, 0x97, 0x54, 0x63, 0x03,
  0x99, 0x36, 0x3c, 0x01, 0x99, 0x2e, 0x2e, 0x00, 0x90, 0x45, 0x69, 0x09,
  0x89, 0x36, 0x40, 0x01, 0x89, 0x2e, 0x40, 0x01, 0x93, 0x47, 0x5f, 0x0a,
  0x93, 0x4a, 0x63, 0x26, 0x86, 0x3b, 0x40, 0x09, 0x81, 0x26, 0x40, 0x08,
  0x83, 0x43, 0x40, 0x04, 0x86, 0x3e, 0x40, 0x0b, 0x83, 0x47, 0x40, 0x02,
  0x86, 0x43, 0x40, 0x03, 0x87, 0x54, 0x40, 0x04, 0x80, 0x45, 0x40, 0x01,
  0x83, 0x4a, 0x40, 0x81, 0x05, 0x90, 0x43, 0x6e, 0x03, 0x99, 0x2a, 0x3b,
  0x02, 0x99, 0x36, 0x46, 0x03, 0x96, 0x3b, 0x58, 0x00, 0x93, 0x3e, 0x60,
  0x04, 0x91, 0x2b, 0x64, 0x01, 0x89, 0x2a, 0x40, 0x02, 0x89, 0x36, 0x40,
  0x00, 0x93, 0x43, 0x63, 0x07, 0x96, 0x3e, 0x53, 0x02, 0x93, 0x47, 0x63,
  0x0d, 0x96, 0x41, 0x5f, 0x33, 0x83, 0x3e, 0x40, 0x07, 0x83, 0x43, 0x40,
  0x05, 0x80, 0x43, 0x40, 0x04, 0x83, 0x47, 0x40, 0x16, 0x99, 0x2a, 0x2f,
  0x0a, 0x89, 0x2a, 0x40, 0x10, 0x81, 0x2b, 0x40, 0x58, 0x97, 0x54, 0x5f,
  0x01, 0x93, 0x45, 0x63, 0x04, 0x99, 0x36, 0x3c, 0x00, 0x99, 0x2e, 0x33,
  0x00, 0x94, 0x56, 0x69, 0x00, 0x94, 0x59, 0x69, 0x03, 0x90, 0x41, 0x6e,
  0x02, 0x93, 0x41, 0x66, 0x04, 0x91, 0x29, 0x64, 0x01, 0x89, 0x36, 0x40,
  0x00, 0x89, 0x2e, 0x40, 0x06, 0x93, 0x3c, 0x60, 0x0a, 0x83, 0x45, 0x40,
  0x09, 0x83, 0x41, 0x40, 0x0b, 0x83, 0x3c, 0x40, 0x11, 0x86, 0x3b, 0x40,
  0x0e, 0x86, 0x3e, 0x40, 0x03, 0x84, 0x59, 0x40, 0x00, 0x84, 0x56, 0x40,
  0x0c, 0x86, 0x41, 0x40, 0x03, 0x87, 0x54, 0x40, 0x08, 0x80, 0x41, 0x40,
  0x11, 0x99, 0x2a, 0x37, 0x0a, 0x89, 0x2a, 0x40, 0x13, 0x81, 0x29, 0x40,
  0x59, 0x97, 0x48, 0x66, 0x00, 0x96, 0x37, 0x56, 0x01, 0x90, 0x3e, 0x6a,
  0x01, 0x93, 0x3b, 0x68, 0x00, 0x94, 0x53, 0x69, 0x00, 0x94, 0x56, 0x69,
  0x00, 0x99, 0x36, 0x64, 0x00, 0x99, 0x2a, 0x39, 0x05, 0x93, 0x3e, 0x65,
  0x01, 0x91, 0x26, 0x64, 0x04, 0x89, 0x36, 0x40, 0x00, 0x89, 0x2a, 0x40,
  0x0c, 0x93, 0x43, 0x67, 0x00, 0x96, 0x3b, 0x48, 0x00, 0x96, 0x3e, 0x4d,
  0x4c, 0x87, 0x48, 0x40, 0x17, 0x99, 0x2a, 0x2e, 0x0a, 0x89, 0x2a, 0x40,
  0x58, 0x80, 0x3e, 0x40, 0x12, 0x90, 0x40, 0x6f, 0x03, 0x99, 0x36, 0x3c,
  0x01, 0x99, 0x2e, 0x32, 0x09, 0x89, 0x36, 0x40, 0x01, 0x89, 0x2e, 0x40,
  0x2f, 0x86, 0x37, 0x40, 0x08, 0x81, 0x26, 0x40, 0x10, 0x86, 0x3b, 0x40,
  0x00, 0x86, 0x3e, 0x40, 0x12, 0xe0, 0x38, 0x57, 0x14, 0xe0, 0x68, 0x60,
  0x28, 0x84, 0x53, 0x40, 0x00, 0x83, 0x3b, 0x40, 0x00, 0x84, 0x56, 0x40,
  0x05, 0x83, 0x3e, 0x40, 0x11, 0x83, 0x43, 0x40, 0x23, 0x80, 0x40, 0x40,
  0x0d, 0xe0, 0x00, 0x40, 0x0a, 0x90, 0x43, 0x6d, 0x00, 0x99, 0x36, 0x46,
  0x01, 0x99, 0x2a, 0x3d, 0x03, 0x96, 0x3c, 0x53, 0x00, 0x91, 0x24, 0x64,
  0x06, 0x89, 0x36, 0x40, 0x01, 0x89, 0x2a, 0x40, 0x59, 0x80, 0x43, 0x40,
  0x18, 0x99, 0x2a, 0x32, 0x0a, 0x89, 0x2a, 0x40, 0x5a, 0x86, 0x3c, 0x40,
  0x0d, 0x96, 0x40, 0x50, 0x01, 0x99, 0x2e, 0x35, 0x02, 0x99, 0x36, 0x3c,
  0x01, 0x90, 0x43, 0x6a, 0x01, 0x97, 0x54, 0x61, 0x01, 0x93, 0x3c, 0x64,
  0x04, 0x93, 0x40, 0x68, 0x01, 0x89, 0x2e, 0x40, 0x02, 0x89, 0x36, 0x40,
  0x0d, 0x93, 0x43, 0x64, 0x29, 0x81, 0x24, 0x40, 0x13, 0x83, 0x3c, 0x40,
  0x04, 0x83, 0x40, 0x40, 0x0a, 0x86, 0x40, 0x40, 0x04, 0x80, 0x43, 0x40,
  0x01, 0x87, 0x54, 0x40, 0x01, 0x83, 0x43, 0x40, 0x10, 0x96, 0x43, 0x4c,
  0x64, 0x86, 0x43, 0x40, 0x15, 0x99, 0x36, 0x64, 0x02, 0x96, 0x37, 0x50,
  0x01, 0x90, 0x45, 0x69, 0x01, 0x99, 0x2a, 0x3c, 0x03, 0x91, 0x1f, 0x64,
  0x03, 0x89, 0x36, 0x40, 0x04, 0x89, 0x2a, 0x40, 0x59, 0x80, 0x45, 0x40,
  0x0c, 0x99, 0x2a, 0x35, 0x0a, 0x89, 0x2a, 0x40, 0x61, 0x86, 0x37, 0x40,
  0x0d, 0x90, 0x43, 0x6d, 0x00, 0x93, 0x3c, 0x65, 0x01, 0x99, 0x2e, 0x2e,
  0x04, 0x99, 0x36, 0x3c, 0x02, 0x96, 0x40, 0x54, 0x02, 0x97, 0x48, 0x63,
  0x02, 0x89, 0x2e, 0x40, 0x00, 0x93, 0x40, 0x66, 0x04, 0x89, 0x36, 0x40,
  0x08, 0x93, 0x43, 0x66, 0x31, 0x81, 0x1f, 0x40, 0x08, 0x83, 0x3c, 0x40,
  0x0b, 0x83, 0x40, 0x40, 0x09, 0x80, 0x43, 0x40, 0x03, 0x83, 0x43, 0x40,
  0x04, 0x86, 0x40, 0x40, 0x02, 0x87, 0x48, 0x40, 0x0b, 0x96, 0x43, 0x4e,
  0x64, 0x86, 0x43, 0x40, 0x19, 0x90, 0x40, 0x6a, 0x00, 0x99, 0x36, 0x46,
  0x00, 0x99, 0x2a, 0x3b, 0x04, 0x96, 0x3c, 0x4e, 0x00, 0x91, 0x24, 0x64,
  0x06, 0x89, 0x36, 0x40, 0x00, 0x89, 0x2a, 0x40, 0x5a, 0x80, 0x40, 0x40,
  0x18, 0x99, 0x2a, 0x2e, 0x0a, 0x89, 0x2a, 0x40, 0x5a, 0x86, 0x3c, 0x40,
  0x0b, 0x90, 0x3e, 0x6b, 0x01, 0x93, 0x3c, 0x66, 0x00, 0x96, 0x40, 0x50,
  0x04, 0x99, 0x36, 0x3c, 0x02, 0x97, 0x54, 0x5f, 0x02, 0x99, 0x2e, 0x31,
  0x02, 0x93, 0x40, 0x62, 0x04, 0x89, 0x36, 0x40, 0x04, 0x89, 0x2e, 0x40,
  0x09, 0x93, 0x40, 0x66, 0x29, 0x81, 0x24, 0x40, 0x0c, 0x83, 0x3c, 0x40,
  0x0a, 0x83, 0x40, 0x40, 0x09, 0x80, 0x3e, 0x40, 0x01, 0x86, 0x40, 0x40,
  0x06, 0x87, 0x54, 0x40, 0x01, 0x83, 0x40, 0x40, 0x11, 0x99, 0x2a, 0x37,
  0x04, 0x96, 0x43, 0x4b, 0x06, 0x89, 0x2a, 0x40, 0x5e, 0x86, 0x43, 0x40,
  0x0b, 0x90, 0x3c, 0x69, 0x05, 0x96, 0x37, 0x4d, 0x00, 0x99, 0x36, 0x64,
  0x02, 0x99, 0x2a, 0x3b, 0x03, 0x91, 0x1f, 0x64, 0x05, 0x89, 0x36, 0x40,
  0x02, 0x89, 0x2a, 0x40, 0x53, 0x80, 0x3c, 0x40, 0x05, 0x86, 0x37, 0x40,
  0x0f, 0x99, 0x2a, 0x34, 0x06, 0x96, 0x3c, 0x4f, 0x04, 0x89, 0x2a, 0x40,
  0x60, 0x86, 0x3c, 0x40, 0x0e, 0x99, 0x2a, 0x30, 0x05, 0x99, 0x36, 0x3c,
  0x00, 0x96, 0x40, 0x4d, 0x02, 0x97, 0x48, 0x61, 0x01, 0x93, 0x3c, 0x61,
  0x01, 0x90, 0x40, 0x6a, 0x01, 0x89, 0x2a, 0x40, 0x04, 0x93, 0x40, 0x65,
  0x01, 0x89, 0x36, 0x40, 0x0b, 0x93, 0x43, 0x64, 0x2c, 0x81, 0x1f, 0x40,
  0x12, 0x83, 0x3c, 0x40, 0x06, 0x83, 0x40, 0x40, 0x0b, 0x86, 0x40, 0x40,
  0x01, 0x83, 0x43, 0x40, 0x01, 0x87, 0x48, 0x40, 0x02, 0x80, 0x40, 0x40,
  0x11, 0x99, 0x2a, 0x34, 0x03, 0x96, 0x43, 0x4c, 0x07, 0x89, 0x2a, 0x40,
  0x5d, 0x86, 0x43, 0x40, 0x0e, 0x90, 0x3e, 0x6d, 0x02, 0x96, 0x3e, 0x53,
  0x00, 0x99, 0x36, 0x46, 0x01, 0x99, 0x2a, 0x3e, 0x06, 0x91, 0x26, 0x64,
  0x03, 0x89, 0x36, 0x40, 0x01, 0x89, 0x2a, 0x40, 0x57, 0x80, 0x3e, 0x40,
  0x17, 0x99, 0x2a, 0x30, 0x0a, 0x89, 0x2a, 0x40, 0x59, 0x86, 0x3e, 0x40,
  0x0f, 0x99, 0x2e, 0x35, 0x03, 0x93, 0x3e, 0x66, 0x02, 0x99, 0x36, 0x3c,
  0x01, 0x90, 0x3e, 0x6c, 0x02, 0x97, 0x54, 0x63, 0x00, 0x96, 0x41, 0x4b,
  0x02, 0x89, 0x2e, 0x40, 0x05, 0x89, 0x36, 0x40, 0x04, 0x93, 0x41, 0x67,
  0x09, 0x93, 0x45, 0x66, 0x2c, 0x81, 0x26, 0x40, 0x0b, 0x83, 0x3e, 0x40,
  0x10, 0x83, 0x41, 0x40, 0x07, 0x80, 0x3e, 0x40, 0x02, 0x86, 0x41, 0x40,
  0x00, 0x83, 0x45, 0x40, 0x00, 0x87, 0x54, 0x40, 0x15, 0x96, 0x45, 0x4e,
  0x64, 0x86, 0x45, 0x40, 0x10, 0x99, 0x36, 0x64, 0x01, 0x96, 0x39, 0x53,
  0x01, 0x99, 0x2a, 0x3d, 0x00, 0x90, 0x41, 0x69, 0x06, 0x91, 0x21, 0x64,
  0x02, 0x89, 0x36, 0x40, 0x02, 0x89, 0x2a, 0x40, 0x5a, 0x80, 0x41, 0x40,
  0x0f, 0x99, 0x2a, 0x30, 0x0a, 0x89, 0x2a, 0x40, 0x5e, 0x86, 0x39, 0x40,
  0x10, 0x97, 0x48, 0x60, 0x03, 0x99, 0x36, 0x3c, 0x01, 0x99, 0x2e, 0x2e,
  0x00, 0x90, 0x40, 0x6d, 0x01, 0x96, 0x3e, 0x4c, 0x01, 0x93, 0x3e, 0x65,
  0x06, 0x93, 0x41, 0x65, 0x01, 0x89, 0x36, 0x40, 0x01, 0x89, 0x2e, 0x40,
  0x09, 0x93, 0x45, 0x62, 0x30, 0x81, 0x21, 0x40, 0x0f, 0x83, 0x3e, 0x40,
  0x06, 0x83, 0x41, 0x40, 0x08, 0x87, 0x48, 0x40, 0x03, 0x83, 0x45, 0x40,
  0x01, 0x80, 0x40, 0x40, 0x01, 0x86, 0x3e, 0x40, 0x10, 0x96, 0x41, 0x4d,
  0x64, 0x86, 0x41, 0x40, 0x14, 0x90, 0x3e, 0x68, 0x00, 0x99, 0x2a, 0x3b,
  0x02, 0x99, 0x36, 0x46, 0x04, 0x96, 0x3e, 0x4b, 0x04, 0x89, 0x2a, 0x40,
  0x01, 0x91, 0x26, 0x64, 0x01, 0x89, 0x36, 0x40, 0x6f, 0x99, 0x2a, 0x2f,
  0x0a, 0x89, 0x2a, 0x40, 0x5d, 0x86, 0x3e, 0x40, 0x0b, 0x93, 0x3e, 0x64,
  0x04, 0x96, 0x41, 0x50, 0x01, 0x94, 0x59, 0x69, 0x00, 0x94, 0x56, 0x69,
  0x00, 0x99, 0x2e, 0x33, 0x00, 0x99, 0x36, 0x3c, 0x03, 0x97, 0x54, 0x5f,
  0x06, 0x93, 0x41, 0x5f, 0x01, 0x89, 0x2e, 0x40, 0x00, 0x89, 0x36, 0x40,
  0x09, 0x93, 0x45, 0x68, 0x29, 0x84, 0x59, 0x40, 0x00, 0x84, 0x56, 0x40,
  0x09, 0x81, 0x26, 0x40, 0x06, 0x83, 0x3e, 0x40, 0x0e, 0x83, 0x41, 0x40,
  0x0a, 0x86, 0x41, 0x40, 0x00, 0x83, 0x45, 0x40, 0x04, 0x87, 0x54, 0x40,
  0x0d, 0x96, 0x45, 0x4d, 0x04, 0x99, 0x2a, 0x37, 0x0a, 0x89, 0x2a, 0x40,
  0x56, 0x86, 0x45, 0x40, 0x16, 0x80, 0x3e, 0x40, 0x01, 0x91, 0x21, 0x64,
  0x01, 0x99, 0x2a, 0x39, 0x00, 0x99, 0x36, 0x64, 0x00, 0x94, 0x56, 0x69,
  0x00, 0x94, 0x51, 0x69, 0x01, 0x96, 0x39, 0x4c, 0x09, 0x89, 0x2a, 0x40,
  0x00, 0x89, 0x36, 0x40, 0x5b, 0x86, 0x39, 0x40, 0x14, 0x96, 0x3e, 0x4f,
  0x00, 0x99, 0x2a, 0x2e, 0x0a, 0x89, 0x2a, 0x40, 0x5a, 0x86, 0x3e, 0x40,
  0x12, 0x97, 0x48, 0x64, 0x01, 0x99, 0x36, 0x3c, 0x01, 0x99, 0x2e, 0x32,
  0x00, 0x96, 0x41, 0x4d, 0x00, 0x90, 0x41, 0x70, 0x03, 0x93, 0x3e, 0x62,
  0x01, 0x93, 0x41, 0x61, 0x05, 0x89, 0x36, 0x40, 0x01, 0x89, 0x2e, 0x40,
  0x09, 0x93, 0x45, 0x60, 0x27, 0x81, 0x21, 0x40, 0x19, 0x83, 0x3e, 0x40,
  0x01, 0x83, 0x41, 0x40, 0x0e, 0x87, 0x48, 0x40, 0x01, 0x83, 0x45, 0x40,
  0x01, 0x86, 0x41, 0x40, 0x16, 0x96, 0x45, 0x4b, 0x25, 0x84, 0x51, 0x40,
  0x00, 0x84, 0x56, 0x40, 0x15, 0x80, 0x41, 0x40, 0x2a, 0x86, 0x45, 0x40,
  0x10, 0x96, 0x3c, 0x52, 0x01, 0x99, 0x36, 0x46, 0x01, 0x99, 0x2a, 0x3d,
  0x01, 0x90, 0x43, 0x6e, 0x02, 0x91, 0x24, 0x64, 0x06, 0x89, 0x36, 0x40,
  0x01, 0x89, 0x2a, 0x40, 0x5b, 0x80, 0x43, 0x40, 0x16, 0x99, 0x2a, 0x32,
  0x0a, 0x89, 0x2a, 0x40, 0x55, 0x86, 0x3c, 0x40, 0x11, 0x97, 0x54, 0x68,
  0x02, 0x99, 0x2e, 0x35, 0x02, 0x99, 0x36, 0x3c, 0x02, 0x96, 0x40, 0x4f,
  0x00, 0x90, 0x43, 0x6a, 0x02, 0x93, 0x3c, 0x63, 0x01, 0x93, 0x40, 0x62,
  0x03, 0x89, 0x2e, 0x40, 0x02, 0x89, 0x36, 0x40, 0x0c, 0x93, 0x43, 0x67,
  0x2a, 0x81, 0x24, 0x40, 0x14, 0x83, 0x3c, 0x40, 0x01, 0x83, 0x40, 0x40,
  0x0b, 0x87, 0x54, 0x40, 0x06, 0x80, 0x43, 0x40, 0x00, 0x83, 0x43, 0x40,
  0x00, 0x86, 0x40, 0x40, 0x12, 0x96, 0x43, 0x4d, 0x64, 0x86, 0x43, 0x40,
  0x14, 0x99, 0x36, 0x64, 0x01, 0x90, 0x45, 0x6c, 0x01, 0x96, 0x37, 0x51,
  0x02, 0x99, 0x2a, 0x3c, 0x04, 0x91, 0x1f, 0x64, 0x02, 0x89, 0x36, 0x40,
  0x04, 0x89, 0x2a, 0x40, 0x57, 0x80, 0x45, 0x40, 0x0e, 0x99, 0x2a, 0x35,
  0x0a, 0x89, 0x2a, 0x40, 0x61, 0x86, 0x37, 0x40, 0x0e, 0x99, 0x2e, 0x2e,
  0x01, 0x97, 0x48, 0x63, 0x00, 0x90, 0x43, 0x69, 0x03, 0x93, 0x3c, 0x60,
  0x00, 0x99, 0x36, 0x3c, 0x01, 0x96, 0x40, 0x53, 0x04, 0x93, 0x40, 0x68,
  0x01, 0x89, 0x2e, 0x40, 0x04, 0x89, 0x36, 0x40, 0x05, 0x93, 0x43, 0x65,
  0x35, 0x81, 0x1f, 0x40, 0x0c, 0x83, 0x3c, 0x40, 0x05, 0x83, 0x40, 0x40,
  0x0a, 0x83, 0x43, 0x40, 0x02, 0x80, 0x43, 0x40, 0x00, 0x87, 0x48, 0x40,
  0x04, 0x86, 0x40, 0x40, 0x0e, 0x96, 0x43, 0x4d, 0x64, 0x86, 0x43, 0x40,
  0x15, 0x90, 0x40, 0x71, 0x00, 0x96, 0x3c, 0x4b, 0x04, 0x99, 0x36, 0x46,
  0x00, 0x99, 0x2a, 0x3b, 0x08, 0x91, 0x24, 0x64, 0x02, 0x89, 0x36, 0x40,
  0x00, 0x89, 0x2a, 0x40, 0x56, 0x80, 0x40, 0x40, 0x1c, 0x99, 0x2a, 0x2e,
  0x0a, 0x89, 0x2a, 0x40, 0x52, 0x86, 0x3c, 0x40, 0x13, 0x90, 0x3e, 0x6c,
  0x03, 0x96, 0x40, 0x54, 0x02, 0x99, 0x36, 0x3c, 0x00, 0x93, 0x3c, 0x63,
  0x01, 0x97, 0x54, 0x68, 0x03, 0x99, 0x2e, 0x31, 0x05, 0x93, 0x40, 0x68,
  0x01, 0x89, 0x36, 0x40, 0x04, 0x89, 0x2e, 0x40, 0x06, 0x93, 0x43, 0x5f,
  0x30, 0x81, 0x24, 0x40, 0x0c, 0x83, 0x3c, 0x40, 0x09, 0x83, 0x40, 0x40,
  0x06, 0x80, 0x3e, 0x40, 0x03, 0x86, 0x40, 0x40, 0x02, 0x83, 0x43, 0x40,
  0x01, 0x87, 0x54, 0x40, 0x11, 0x96, 0x43, 0x54, 0x02, 0x99, 0x2a, 0x37,
  0x0a, 0x89, 0x2a, 0x40, 0x58, 0x86, 0x43, 0x40, 0x13, 0x90, 0x3c, 0x6e,
  0x00, 0x96, 0x37, 0x4b, 0x03, 0x99, 0x36, 0x64, 0x02, 0x99, 0x2a, 0x3b,
  0x03, 0x91, 0x1f, 0x64, 0x05, 0x89, 0x36, 0x40, 0x02, 0x89, 0x2a, 0x40,
  0x55, 0x86, 0x37, 0x40, 0x00, 0x80, 0x3c, 0x40, 0x12, 0x99, 0x2a, 0x34,
  0x01, 0x96, 0x3c, 0x4d, 0x09, 0x89, 0x2a, 0x40, 0x5b, 0x86, 0x3c, 0x40,
  0x13, 0x93, 0x3c, 0x68, 0x00, 0x99, 0x2a, 0x30, 0x04, 0x96, 0x40, 0x4e,
  0x01, 0x99, 0x36, 0x3c, 0x00, 0x90, 0x40, 0x6d, 0x04, 0x97, 0x48, 0x5f,
  0x01, 0x89, 0x2a, 0x40, 0x02, 0x93, 0x40, 0x66, 0x03, 0x89, 0x36, 0x40,
  0x0e, 0x93, 0x43, 0x66, 0x29, 0x81, 0x1f, 0x40, 0x0a, 0x83, 0x3c, 0x40,
  0x0c, 0x83, 0x40, 0x40, 0x0c, 0x86, 0x40, 0x40, 0x01, 0x80, 0x40, 0x40,
  0x04, 0x83, 0x43, 0x40, 0x00, 0x87, 0x48, 0x40, 0x0f, 0x96, 0x43, 0x4e,
  0x02, 0x99, 0x2a, 0x34, 0x0a, 0x89, 0x2a, 0x40, 0x58, 0x86, 0x43, 0x40,
  0x14, 0x90, 0x3e, 0x6d, 0x01, 0x91, 0x1f, 0x64, 0x00, 0x94, 0x53, 0x69,
  0x00, 0x94, 0x56, 0x69, 0x01, 0x93, 0x3e, 0x62, 0x02, 0x96, 0x3b, 0x57,
  0x01, 0x93, 0x3b, 0x66, 0x08, 0x93, 0x41, 0x64, 0x1d, 0x96, 0x3e, 0x5d,
  0x17, 0x96, 0x41, 0x57, 0x07, 0x83, 0x3e, 0x40, 0x03, 0x83, 0x3b, 0x40,
  0x08, 0x83, 0x41, 0x40, 0x01, 0x86, 0x3b, 0x40, 0x25, 0x84, 0x53, 0x40,
  0x00, 0x84, 0x56, 0x40, 0x01, 0x86, 0x3e, 0x40, 0x17, 0x86, 0x41, 0x40,
  0x4b, 0x80, 0x3e, 0x40, 0x17, 0x97, 0x54, 0x62, 0x01, 0x90, 0x41, 0x6d,
  0x39, 0x81, 0x1f, 0x40, 0x1e, 0xe0, 0x20, 0x5f, 0x0c, 0x87, 0x54, 0x40,
  0x12, 0xe0, 0x6c, 0x7f, 0x67, 0x80, 0x41, 0x40, 0x11, 0xe0, 0x00, 0x40,
  0x04, 0x90, 0x40, 0x6f, 0x81, 0x34, 0x80, 0x40, 0x40, 0x34, 0x90, 0x3e,
  0x6e, 0x01, 0x97, 0x48, 0x66, 0x64, 0x87, 0x48, 0x40, 0x4f, 0x80, 0x3e,
  0x40, 0x43, 0x90, 0x3c, 0x6e, 0x50, 0x80, 0x3c, 0x40, 0x81, 0x19, 0x97,
  0x48, 0x68, 0x04, 0x92, 0x43, 0x73, 0x02, 0x96, 0x37, 0x50, 0x06, 0x91,
  0x29, 0x64, 0x07, 0x96, 0x3b, 0x46, 0x31, 0x96, 0x3e, 0x4b, 0x10, 0x82,
  0x43, 0x40, 0x10, 0x87, 0x48, 0x40, 0x06, 0x86, 0x37, 0x40, 0x0d, 0x86,
  0x3b, 0x40, 0x0d, 0x81, 0x29, 0x40, 0x24, 0x86, 0x3e, 0x40, 0x4c, 0x92,
  0x45, 0x73, 0x01, 0x96, 0x37, 0x54, 0x08, 0x91, 0x28, 0x64, 0x16, 0x96,
  0x3c, 0x57, 0x22, 0x96, 0x40, 0x4b, 0x0f, 0x82, 0x45, 0x40, 0x15, 0x86,
  0x37, 0x40, 0x1c, 0x81, 0x28, 0x40, 0x02, 0x86, 0x3c, 0x40, 0x22, 0x86,
  0x40, 0x40, 0x47, 0x97, 0x48, 0x5f, 0x02, 0x96, 0x37, 0x52, 0x02, 0x92,
  0x47, 0x73, 0x05, 0x91, 0x26, 0x64, 0x1c, 0x96, 0x3e, 0x4e, 0x21, 0x96,
  0x41, 0x59, 0x0e, 0x82, 0x47, 0x40, 0x10, 0x87, 0x48, 0x40, 0x02, 0x86,
  0x37, 0x40, 0x1b, 0x81, 0x26, 0x40, 0x08, 0x86, 0x3e, 0x40, 0x21, 0x86,
  0x41, 0x40, 0x40, 0xe2, 0x1c, 0x3b, 0x07, 0x91, 0x24, 0x64, 0x01, 0x96,
  0x30, 0x65, 0x02, 0xff, 0x51, 0x03, 0x06, 0xe2, 0x38, 0x00, 0x92, 0x40,
  0x68, 0x00, 0x92, 0x48, 0x73, 0x64, 0xe2, 0x00, 0x40, 0x81, 0x02, 0x82,
  0x40, 0x40, 0x00, 0x82, 0x48, 0x40, 0x07, 0x92, 0x40, 0x66, 0x00, 0x93,
  0x3c, 0x65, 0x02, 0x92, 0x48, 0x5e, 0x01, 0x96, 0x37, 0x57, 0x02, 0x97,
  0x54, 0x61, 0x05, 0x93, 0x40, 0x5e, 0x0f, 0x93, 0x43, 0x63, 0x00, 0x96,
  0x3c, 0x52, 0x08, 0x86, 0x37, 0x40, 0x02, 0x96, 0x40, 0x61, 0x14, 0x86,
  0x3c, 0x40, 0x05, 0x81, 0x24, 0x40, 0x05, 0x86, 0x40, 0x40, 0x0f, 0x83,
  0x3c, 0x40, 0x00, 0x82, 0x40, 0x40, 0x02, 0x82, 0x48, 0x40, 0x08, 0x83,
  0x40, 0x40, 0x0f, 0x83, 0x43, 0x40, 0x00, 0x87, 0x54, 0x40, 0x0f, 0x92,
  0x48, 0x6a, 0x02, 0x96, 0x40, 0x52, 0x02, 0x92, 0x40, 0x51, 0x14, 0x96,
  0x3c, 0x5e, 0x08, 0x86, 0x40, 0x40, 0x09, 0x96, 0x37, 0x52, 0x0d, 0x86,
  0x3c, 0x40, 0x10, 0x82, 0x48, 0x40, 0x01, 0x86, 0x37, 0x40, 0x0d, 0x82,
  0x40, 0x40, 0x11, 0x86, 0x30, 0x40, 0x14, 0x91, 0x1f, 0x64, 0x00, 0x92,
  0x40, 0x66, 0x00, 0x92, 0x48, 0x6a, 0x01, 0x96, 0x2b, 0x65, 0x81, 0x65,
  0x82, 0x40, 0x40, 0x00, 0x82, 0x48, 0x40, 0x0a, 0x92, 0x48, 0x6a, 0x00,
  0x93, 0x3c, 0x59, 0x01, 0x96, 0x37, 0x49, 0x02, 0x92, 0x40, 0x62, 0x05,
  0x97, 0x48, 0x62, 0x02, 0x93, 0x40, 0x5a, 0x09, 0x96, 0x3c, 0x51, 0x05,
  0x93, 0x43, 0x5b, 0x07, 0x96, 0x40, 0x59, 0x1d, 0x81, 0x1f, 0x40, 0x14,
  0x83, 0x3c, 0x40, 0x00, 0x82, 0x48, 0x40, 0x03, 0x82, 0x40, 0x40, 0x07,
  0x83, 0x40, 0x40, 0x0b, 0x86, 0x37, 0x40, 0x03, 0x83, 0x43, 0x40, 0x04,
  0x87, 0x48, 0x40, 0x0b, 0x86, 0x3c, 0x40, 0x00, 0x92, 0x48, 0x60, 0x03,
  0x92, 0x40, 0x58, 0x09, 0x86, 0x40, 0x40, 0x3a, 0x82, 0x48, 0x40, 0x0d,
  0x82, 0x40, 0x40, 0x13, 0x86, 0x2b, 0x40, 0x13, 0x96, 0x30, 0x65, 0x03,
  0x91, 0x24, 0x64, 0x01, 0x92, 0x40, 0x66, 0x00, 0x92, 0x48, 0x73, 0x81,
  0x66, 0x82, 0x40, 0x40, 0x00, 0x82, 0x48, 0x40, 0x05, 0x92, 0x40, 0x5e,
  0x01, 0x96, 0x37, 0x4b, 0x01, 0x93, 0x3c, 0x67, 0x02, 0x97, 0x54, 0x62,
  0x01, 0x92, 0x48, 0x61, 0x05, 0x93, 0x40, 0x61, 0x0e, 0x96, 0x3c, 0x56,
  0x01, 0x93, 0x43, 0x62, 0x17, 0x96, 0x40, 0x58, 0x10, 0x81, 0x24, 0x40,
  0x10, 0x82, 0x40, 0x40, 0x02, 0x83, 0x3c, 0x40, 0x03, 0x82, 0x48, 0x40,
  0x05, 0x83, 0x40, 0x40, 0x0e, 0x87, 0x54, 0x40, 0x01, 0x83, 0x43, 0x40,
  0x12, 0x92, 0x40, 0x57, 0x02, 0x92, 0x48, 0x62, 0x24, 0x86, 0x37, 0x40,
  0x17, 0x86, 0x3c, 0x40, 0x0b, 0x82, 0x48, 0x40, 0x08, 0x82, 0x40, 0x40,
  0x05, 0x86, 0x40, 0x40, 0x0d, 0x86, 0x30, 0x40, 0x14, 0x91, 0x1f, 0x64,
  0x00, 0x96, 0x2b, 0x62, 0x02, 0x92, 0x40, 0x6b, 0x02, 0x92, 0x48, 0x70,
  0x81, 0x64, 0x82, 0x40, 0x40, 0x02, 0x82, 0x48, 0x40, 0x05, 0x92, 0x40,
  0x62, 0x01, 0x96, 0x37, 0x4b, 0x03, 0x92, 0x48, 0x60, 0x00, 0x93, 0x3c,
  0x5b, 0x02, 0x97, 0x48, 0x63, 0x09, 0x93, 0x40, 0x63, 0x08, 0x93, 0x43,
  0x57, 0x03, 0x96, 0x3c, 0x54, 0x0e, 0x96, 0x40, 0x5b, 0x15, 0x81, 0x1f,
  0x40, 0x13, 0x82, 0x40, 0x40, 0x04, 0x82, 0x48, 0x40, 0x00, 0x83, 0x3c,
  0x40, 0x0b, 0x83, 0x40, 0x40, 0x08, 0x83, 0x43, 0x40, 0x03, 0x87, 0x48,
  0x40, 0x13, 0x92, 0x40, 0x5e, 0x00, 0x92, 0x48, 0x65, 0x24, 0x86, 0x37,
  0x40, 0x19, 0x86, 0x3c, 0x40, 0x09, 0x82, 0x48, 0x40, 0x05, 0x86, 0x40,
  0x40, 0x05, 0x82, 0x40, 0x40, 0x10, 0x86, 0x2b, 0x40, 0x0c, 0xe2, 0x1c,
  0x3b, 0x0a, 0x92, 0x48, 0x75, 0x00, 0x96, 0x2d, 0x65, 0x01, 0x91, 0x21,
  0x64, 0x01, 0x92, 0x40, 0x68, 0x62, 0xe2, 0x00, 0x40, 0x81, 0x02, 0x82,
  0x48, 0x40, 0x02, 0x82, 0x40, 0x40, 0x06, 0x92, 0x40, 0x69, 0x01, 0x92,
  0x48, 0x61, 0x00, 0x97, 0x54, 0x64, 0x02, 0x96, 0x39, 0x5a, 0x01, 0x93,
  0x3c, 0x64, 0x06, 0x93, 0x40, 0x5b, 0x09, 0x96, 0x3c, 0x55, 0x01, 0x93,
  0x45, 0x66, 0x0d, 0x86, 0x39, 0x40, 0x0b, 0x96, 0x40, 0x5f, 0x05, 0x86,
  0x3c, 0x40, 0x0e, 0x81, 0x21, 0x40, 0x0b, 0x86, 0x40, 0x40, 0x06, 0x82,
  0x40, 0x40, 0x01, 0x82, 0x48, 0x40, 0x03, 0x83, 0x3c, 0x40, 0x06, 0x83,
  0x40, 0x40, 0x0a, 0x83, 0x45, 0x40, 0x01, 0x87, 0x54, 0x40, 0x12, 0x92,
  0x48, 0x70, 0x01, 0x96, 0x40, 0x50, 0x02, 0x92, 0x40, 0x51, 0x12, 0x96,
  0x3c, 0x61, 0x0a, 0x86, 0x40, 0x40, 0x01, 0x96, 0x39, 0x52, 0x13, 0x86,
  0x3c, 0x40, 0x0b, 0x86, 0x39, 0x40, 0x08, 0x82, 0x48, 0x40, 0x0d, 0x82,
  0x40, 0x40, 0x14, 0x86, 0x2d, 0x40, 0x11, 0x92, 0x40, 0x6b, 0x03, 0x92,
  0x48, 0x70, 0x02, 0x91, 0x1c, 0x64, 0x00, 0x96, 0x28, 0x65, 0x81, 0x61,
  0x82, 0x40, 0x40, 0x03, 0x82, 0x48, 0x40, 0x08, 0x92, 0x48, 0x68, 0x03,
  0x92, 0x40, 0x5b, 0x00, 0x93, 0x3c, 0x57, 0x00, 0x96, 0x39, 0x4c, 0x05,
  0x97, 0x48, 0x62, 0x06, 0x93, 0x40, 0x56, 0x06, 0x93, 0x45, 0x5d, 0x03,
  0x96, 0x3c, 0x58, 0x0f, 0x96, 0x40, 0x5c, 0x1a, 0x81, 0x1c, 0x40, 0x10,
  0x82, 0x48, 0x40, 0x03, 0x82, 0x40, 0x40, 0x00, 0x83, 0x3c, 0x40, 0x0b,
  0x83, 0x40, 0x40, 0x06, 0x83, 0x45, 0x40, 0x03, 0x86, 0x39, 0x40, 0x05,
  0x87, 0x48, 0x40, 0x0d, 0x92, 0x40, 0x52, 0x00, 0x92, 0x48, 0x61, 0x02,
  0x86, 0x3c, 0x40, 0x0f, 0x86, 0x40, 0x40, 0x35, 0x82, 0x48, 0x40, 0x0a,
  0x82, 0x40, 0x40, 0x17, 0x86, 0x28, 0x40, 0x11, 0x92, 0x48, 0x6f, 0x02,
  0x91, 0x21, 0x64, 0x01, 0x92, 0x40, 0x68, 0x00, 0x96, 0x2d, 0x60, 0x81,
  0x63, 0x82, 0x48, 0x40, 0x03, 0x82, 0x40, 0x40, 0x05, 0x93, 0x3c, 0x66,
  0x00, 0x96, 0x39, 0x4d, 0x03, 0x92, 0x40, 0x5f, 0x01, 0x92, 0x48, 0x66,
  0x01, 0x97, 0x54, 0x5e, 0x08, 0x93, 0x40, 0x60, 0x0b, 0x93, 0x45, 0x60,
  0x05, 0x96, 0x3c, 0x54, 0x0e, 0x96, 0x40, 0x56, 0x15, 0x81, 0x21, 0x40,
  0x10, 0x83, 0x3c, 0x40, 0x03, 0x82, 0x40, 0x40, 0x01, 0x82, 0x48, 0x40,
  0x09, 0x83, 0x40, 0x40, 0x0b, 0x83, 0x45, 0x40, 0x01, 0x87, 0x54, 0x40,
  0x10, 0x92, 0x48, 0x61, 0x03, 0x92, 0x40, 0x54, 0x24, 0x86, 0x39, 0x40,
  0x1d, 0x86, 0x3c, 0x40, 0x02, 0x82, 0x48, 0x40, 0x0c, 0x86, 0x40, 0x40,
  0x01, 0x82, 0x40, 0x40, 0x15, 0x86, 0x2d, 0x40, 0x10, 0x92, 0x48, 0x6c,
  0x00, 0x96, 0x28, 0x63, 0x01, 0x92, 0x40, 0x6b, 0x00, 0x91, 0x1c, 0x64,
  0x81, 0x65, 0x82, 0x48, 0x40, 0x01, 0x82, 0x40, 0x40, 0x0a, 0x92, 0x40,
  0x5b, 0x00, 0x92, 0x48, 0x60, 0x00, 0x93, 0x3c, 0x5c, 0x02, 0x96, 0x39,
  0x4c, 0x02, 0x97, 0x48, 0x64, 0x06, 0x93, 0x40, 0x61, 0x0d, 0x93, 0x45,
  0x5c, 0x0a, 0x96, 0x3c, 0x58, 0x06, 0x96, 0x40, 0x56, 0x15, 0x81, 0x1c,
  0x40, 0x14, 0x82, 0x48, 0x40, 0x00, 0x83, 0x3c, 0x40, 0x00, 0x82, 0x40,
  0x40, 0x0a, 0x83, 0x40, 0x40, 0x0d, 0x83, 0x45, 0x40, 0x01, 0x87, 0x48,
  0x40, 0x11, 0x92, 0x40, 0x60, 0x00, 0x92, 0x48, 0x67, 0x29, 0x86, 0x39,
  0x40, 0x1d, 0x82, 0x48, 0x40, 0x02, 0x86, 0x3c, 0x40, 0x06, 0x86, 0x40,
  0x40, 0x02, 0x82, 0x40, 0x40, 0x12, 0x86, 0x28, 0x40, 0x0c, 0xe2, 0x1c,
  0x3b, 0x09, 0x91, 0x1d, 0x64, 0x00, 0x96, 0x29, 0x61, 0x01, 0x92, 0x48,
  0x72, 0x02, 0x92, 0x41, 0x68, 0x62, 0xe2, 0x00, 0x40, 0x81, 0x02, 0x82,
  0x48, 0x40, 0x02, 0x82, 0x41, 0x40, 0x06, 0x92, 0x41, 0x6c, 0x00, 0x92,
  0x48, 0x5c, 0x00, 0x93, 0x3c, 0x66, 0x02, 0x96, 0x39, 0x5d, 0x03, 0x97,
  0x54, 0x5e, 0x04, 0x93, 0x41, 0x5f, 0x0b, 0x93, 0x45, 0x61, 0x00, 0x96,
  0x3c, 0x52, 0x0c, 0x86, 0x39, 0x40, 0x0d, 0x96, 0x41, 0x5f, 0x05, 0x86,
  0x3c, 0x40, 0x0b, 0x81, 0x1d, 0x40, 0x0e, 0x86, 0x41, 0x40, 0x05, 0x83,
  0x3c, 0x40, 0x00, 0x82, 0x48, 0x40, 0x00, 0x82, 0x41, 0x40, 0x09, 0x83,
  0x41, 0x40, 0x0b, 0x83, 0x45, 0x40, 0x05, 0x87, 0x54, 0x40, 0x0f, 0x96,
  0x41, 0x4e, 0x03, 0x92, 0x41, 0x58, 0x01, 0x92, 0x48, 0x6b, 0x10, 0x96,
  0x3c, 0x5b, 0x0a, 0x86, 0x41, 0x40, 0x08, 0x96, 0x39, 0x53, 0x0c, 0x86,
  0x3c, 0x40, 0x12, 0x86, 0x39, 0x40, 0x06, 0x82, 0x48, 0x40, 0x09, 0x82,
  0x41, 0x40, 0x12, 0x86, 0x29, 0x40, 0x12, 0x92, 0x41, 0x6b, 0x00, 0x96,
  0x30, 0x60, 0x01, 0x92, 0x48, 0x70, 0x01, 0x91, 0x24, 0x64, 0x81, 0x64,
  0x82, 0x41, 0x40, 0x01, 0x82, 0x48, 0x40, 0x09, 0x92, 0x48, 0x69, 0x04,
  0x93, 0x3c, 0x57, 0x00, 0x96, 0x39, 0x4c, 0x00, 0x97, 0x48, 0x61, 0x01,
  0x92, 0x41, 0x60, 0x06, 0x93, 0x41, 0x58, 0x09, 0x93, 0x45, 0x5f, 0x0d,
  0x96, 0x3c, 0x54, 0x07, 0x96, 0x41, 0x5a, 0x16, 0x81, 0x24, 0x40, 0x12,
  0x82, 0x48, 0x40, 0x04, 0x83, 0x3c, 0x40, 0x01, 0x82, 0x41, 0x40, 0x06,
  0x83, 0x41, 0x40, 0x09, 0x83, 0x45, 0x40, 0x04, 0x86, 0x39, 0x40, 0x00,
  0x87, 0x48, 0x40, 0x13, 0x92, 0x48, 0x67, 0x01, 0x92, 0x41, 0x51, 0x09,
  0x86, 0x3c, 0x40, 0x07, 0x86, 0x41, 0x40, 0x35, 0x82, 0x48, 0x40, 0x0b,
  0x82, 0x41, 0x40, 0x10, 0x86, 0x30, 0x40, 0x17, 0x91, 0x1d, 0x64, 0x00,
  0x92, 0x48, 0x76, 0x00, 0x96, 0x29, 0x60, 0x01, 0x92, 0x41, 0x6b, 0x81,
  0x65, 0x82, 0x48, 0x40, 0x01, 0x82, 0x41, 0x40, 0x06, 0x92, 0x41, 0x5b,
  0x02, 0x93, 0x3c, 0x63, 0x02, 0x92, 0x48, 0x62, 0x00, 0x96, 0x39, 0x47,
  0x01, 0x97, 0x54, 0x61, 0x08, 0x93, 0x41, 0x60, 0x08, 0x93, 0x45, 0x64,
  0x01, 0x96, 0x3c, 0x58, 0x11, 0x96, 0x41, 0x57, 0x18, 0x81, 0x1d, 0x40,
  0x11, 0x82, 0x41, 0x40, 0x02, 0x83, 0x3c, 0x40, 0x02, 0x82, 0x48, 0x40,
  0x09, 0x83, 0x41, 0x40, 0x08, 0x83, 0x45, 0x40, 0x04, 0x87, 0x54, 0x40,
  0x0f, 0x92, 0x41, 0x54, 0x04, 0x92, 0x48, 0x5f, 0x28, 0x86, 0x39, 0x40,
  0x12, 0x86, 0x3c, 0x40, 0x0c, 0x82, 0x48, 0x40, 0x05, 0x86, 0x41, 0x40,
  0x01, 0x82, 0x41, 0x40, 0x17, 0x86, 0x29, 0x40, 0x11, 0x92, 0x41, 0x6c,
  0x00, 0x92, 0x48, 0x6b, 0x04, 0x96, 0x30, 0x65, 0x01, 0x91, 0x24, 0x64,
  0x81, 0x61, 0x82, 0x41, 0x40, 0x00, 0x82, 0x48, 0x40, 0x0a, 0x93, 0x3c,
  0x5f, 0x02, 0x92, 0x41, 0x61, 0x00, 0x92, 0x48, 0x63, 0x01, 0x96, 0x39,
  0x49, 0x04, 0x97, 0x48, 0x5d, 0x05, 0x93, 0x41, 0x64, 0x0a, 0x93, 0x45,
  0x5d, 0x03, 0x96, 0x3c, 0x54, 0x05, 0x96, 0x41, 0x5a, 0x23, 0x81, 0x24,
  0x40, 0x0f, 0x83, 0x3c, 0x40, 0x02, 0x82, 0x41, 0x40, 0x00, 0x82, 0x48,
  0x40, 0x0a, 0x83, 0x41, 0x40, 0x0a, 0x83, 0x45, 0x40, 0x05, 0x87, 0x48,
  0x40, 0x0d, 0x92, 0x41, 0x5e, 0x03, 0x92, 0x48, 0x67, 0x28, 0x86, 0x39,
  0x40, 0x16, 0x86, 0x3c, 0x40, 0x05, 0x86, 0x41, 0x40, 0x03, 0x82, 0x48,
  0x40, 0x07, 0x82, 0x41, 0x40, 0x18, 0x86, 0x30, 0x40, 0x12, 0x92, 0x4a,
  0x70, 0x00, 0x96, 0x2b, 0x66, 0x01, 0x91, 0x1f, 0x64, 0x6d, 0x82, 0x4a,
  0x40, 0x08, 0x92, 0x3e, 0x62, 0x6e, 0x82, 0x3e, 0x40, 0x0d, 0x97, 0x54,
  0x63, 0x02, 0x96, 0x3b, 0x58, 0x00, 0x92, 0x43, 0x5f, 0x00, 0x93, 0x3e,
  0x65, 0x09, 0x93, 0x43, 0x5c, 0x08, 0x96, 0x3e, 0x52, 0x02, 0x93, 0x47,
  0x62, 0x0b, 0x86, 0x3b, 0x40, 0x0a, 0x96, 0x43, 0x5b, 0x07, 0x86, 0x3e,
  0x40, 0x0b, 0x81, 0x1f, 0x40, 0x0c, 0x86, 0x43, 0x40, 0x0a, 0x83, 0x3e,
  0x40, 0x09, 0x83, 0x43, 0x40, 0x09, 0x87, 0x54, 0x40, 0x01, 0x83, 0x47,
  0x40, 0x0b, 0x82, 0x43, 0x40, 0x07, 0x96, 0x43, 0x4d, 0x01, 0x92, 0x47,
  0x63, 0x13, 0x96, 0x3e, 0x60, 0x0a, 0x86, 0x43, 0x40, 0x08, 0x96, 0x3b,
  0x4c, 0x0c, 0x86, 0x3e, 0x40, 0x12, 0x86, 0x3b, 0x40, 0x1c, 0x82, 0x47,
  0x40, 0x04, 0x86, 0x2b, 0x40, 0x12, 0x91, 0x26, 0x64, 0x00, 0x92, 0x4a,
  0x65, 0x02, 0x96, 0x32, 0x66, 0x6c, 0x82, 0x4a, 0x40, 0x0f, 0x92, 0x43,
  0x5b, 0x6e, 0x82, 0x43, 0x40, 0x06, 0x92, 0x47, 0x65, 0x02, 0x93, 0x3e,
  0x5a, 0x00, 0x96, 0x3b, 0x4a, 0x01, 0x97, 0x48, 0x60, 0x0b, 0x93, 0x43,
  0x5c, 0x07, 0x93, 0x47, 0x61, 0x03, 0x96, 0x3e, 0x52, 0x10, 0x96, 0x43,
  0x59, 0x13, 0x81, 0x26, 0x40, 0x17, 0x83, 0x3e, 0x40, 0x0c, 0x83, 0x43,
  0x40, 0x07, 0x83, 0x47, 0x40, 0x01, 0x86, 0x3b, 0x40, 0x01, 0x87, 0x48,
  0x40, 0x07, 0x82, 0x47, 0x40, 0x0b, 0x92, 0x4a, 0x6c, 0x03, 0x86, 0x3e,
  0x40, 0x10, 0x86, 0x43, 0x40, 0x4c, 0x82, 0x4a, 0x40, 0x05, 0x86, 0x32,
  0x40, 0x12, 0x96, 0x2b, 0x63, 0x02, 0x91, 0x1f, 0x64, 0x02, 0x92, 0x4d,
  0x6d, 0x6e, 0x82, 0x4d, 0x40, 0x09, 0x92, 0x47, 0x5c, 0x4f, 0x81, 0x1f,
  0x40, 0x1f, 0x82, 0x47, 0x40, 0x0a, 0x96, 0x3b, 0x4a, 0x01, 0x97, 0x54,
  0x5e, 0x01, 0x91, 0x1f, 0x64, 0x00, 0x92, 0x4a, 0x66, 0x00, 0x93, 0x3e,
  0x63, 0x09, 0x93, 0x43, 0x60, 0x0a, 0x93, 0x47, 0x66, 0x05, 0x96, 0x3e,
  0x57, 0x07, 0x96, 0x41, 0x5c, 0x31, 0x83, 0x3e, 0x40, 0x09, 0x83, 0x43,
  0x40, 0x0a, 0x83, 0x47, 0x40, 0x00, 0x87, 0x54, 0x40, 0x0b, 0x82, 0x4a,
  0x40, 0x06, 0x92, 0x4d, 0x67, 0x2a, 0x86, 0x3b, 0x40, 0x1a, 0x86, 0x3e,
  0x40, 0x07, 0x86, 0x41, 0x40, 0x09, 0x81, 0x1f, 0x40, 0x0b, 0x82, 0x4d,
  0x40, 0x04, 0x86, 0x2b, 0x40, 0x14, 0x92, 0x4f, 0x6f, 0x03, 0x91, 0x21,
  0x64, 0x01, 0x96, 0x32, 0x60, 0x6a, 0x82, 0x4f, 0x40, 0x0a, 0x92, 0x4a,
  0x61, 0x53, 0x81, 0x21, 0x40, 0x1b, 0x82, 0x4a, 0x40, 0x0a, 0x92, 0x4f,
  0x65, 0x02, 0x96, 0x3b, 0x4c, 0x01, 0x91, 0x23, 0x64, 0x01, 0x93, 0x3e,
  0x5f, 0x00, 0x97, 0x48, 0x61, 0x07, 0x93, 0x43, 0x63, 0x0b, 0x93, 0x47,
  0x5d, 0x01, 0x96, 0x3e, 0x58, 0x18, 0x96, 0x41, 0x59, 0x25, 0x83, 0x3e,
  0x40, 0x07, 0x83, 0x43, 0x40, 0x0b, 0x83, 0x47, 0x40, 0x02, 0x87, 0x48,
  0x40, 0x06, 0x82, 0x4f, 0x40, 0x0a, 0x92, 0x53, 0x6b, 0x2a, 0x86, 0x3b,
  0x40, 0x15, 0x86, 0x3e, 0x40, 0x14, 0x81, 0x23, 0x40, 0x04, 0x86, 0x41,
  0x40, 0x11, 0x86, 0x32, 0x40, 0x06, 0x82, 0x53, 0x40, 0x03, 0xe2, 0x1c,
  0x3b, 0x08, 0x91, 0x24, 0x64, 0x02, 0x92, 0x48, 0x73, 0x00, 0x92, 0x40,
  0x6a, 0x01, 0x96, 0x30, 0x62, 0x63, 0xe2, 0x00, 0x40, 0x81, 0x02, 0x82,
  0x48, 0x40, 0x00, 0x82, 0x40, 0x40, 0x07, 0x93, 0x3c, 0x63, 0x02, 0x92,
  0x40, 0x6c, 0x00, 0x96, 0x37, 0x56, 0x01, 0x92, 0x48, 0x5b, 0x03, 0x97,
  0x54, 0x61, 0x09, 0x93, 0x40, 0x62, 0x07, 0x93, 0x43, 0x63, 0x00, 0x96,
  0x3c, 0x55, 0x0a, 0x86, 0x37, 0x40, 0x0d, 0x96, 0x40, 0x5d, 0x07, 0x86,
  0x3c, 0x40, 0x09, 0x81, 0x24, 0x40, 0x0e, 0x86, 0x40, 0x40, 0x05, 0x83,
  0x3c, 0x40, 0x02, 0x82, 0x40, 0x40, 0x01, 0x82, 0x48, 0x40, 0x0c, 0x83,
  0x40, 0x40, 0x07, 0x83, 0x43, 0x40, 0x04, 0x87, 0x54, 0x40, 0x0f, 0x92,
  0x48, 0x71, 0x02, 0x96, 0x40, 0x4c, 0x01, 0x92, 0x40, 0x55, 0x0b, 0x96,
  0x3c, 0x60, 0x10, 0x96, 0x37, 0x52, 0x02, 0x86, 0x40, 0x40, 0x0c, 0x86,
  0x3c, 0x40, 0x10, 0x86, 0x37, 0x40, 0x0a, 0x82, 0x48, 0x40, 0x0d, 0x82,
  0x40, 0x40, 0x14, 0x86, 0x30, 0x40, 0x10, 0x92, 0x40, 0x65, 0x00, 0x96,
  0x2b, 0x60, 0x03, 0x91, 0x1f, 0x64, 0x01, 0x92, 0x48, 0x6c, 0x81, 0x62,
  0x82, 0x40, 0x40, 0x04, 0x82, 0x48, 0x40, 0x07, 0x92, 0x48, 0x6c, 0x01,
  0x93, 0x3c, 0x5d, 0x02, 0x92, 0x40, 0x5b, 0x01, 0x96, 0x37, 0x4c, 0x04,
  0x97, 0x48, 0x5f, 0x04, 0x93, 0x40, 0x58, 0x07, 0x93, 0x43, 0x60, 0x01,
  0x96, 0x3c, 0x57, 0x17, 0x96, 0x40, 0x5c, 0x13, 0x81, 0x1f, 0x40, 0x12,
  0x82, 0x48, 0x40, 0x01, 0x83, 0x3c, 0x40, 0x02, 0x82, 0x40, 0x40, 0x09,
  0x83, 0x40, 0x40, 0x07, 0x83, 0x43, 0x40, 0x05, 0x86, 0x37, 0x40, 0x04,
  0x87, 0x48, 0x40, 0x0b, 0x92, 0x48, 0x61, 0x01, 0x86, 0x3c, 0x40, 0x04,
  0x92, 0x40, 0x58, 0x13, 0x86, 0x40, 0x40, 0x2e, 0x82, 0x48, 0x40, 0x0f,
  0x82, 0x40, 0x40, 0x0f, 0x86, 0x2b, 0x40, 0x16, 0x91, 0x24, 0x64, 0x01,
  0x92, 0x48, 0x70, 0x00, 0x96, 0x30, 0x60, 0x02, 0x92, 0x40, 0x6c, 0x81,
  0x64, 0x82, 0x48, 0x40, 0x02, 0x82, 0x40, 0x40, 0x06, 0x92, 0x40, 0x5d,
  0x01, 0x93, 0x3c, 0x65, 0x03, 0x92, 0x48, 0x61, 0x00, 0x96, 0x37, 0x4c,
  0x02, 0x97, 0x54, 0x5f, 0x04, 0x93, 0x40, 0x5c, 0x0e, 0x93, 0x43, 0x67,
  0x03, 0x96, 0x3c, 0x55, 0x07, 0x96, 0x40, 0x5a, 0x1b, 0x81, 0x24, 0x40,
  0x13, 0x82, 0x40, 0x40, 0x01, 0x83, 0x3c, 0x40, 0x03, 0x82, 0x48, 0x40,
  0x06, 0x83, 0x40, 0x40, 0x0e, 0x83, 0x43, 0x40, 0x02, 0x87, 0x54, 0x40,
  0x10, 0x92, 0x40, 0x54, 0x02, 0x92, 0x48, 0x62, 0x28, 0x86, 0x37, 0x40,
  0x17, 0x86, 0x3c, 0x40, 0x07, 0x82, 0x48, 0x40, 0x00, 0x86, 0x40, 0x40,
  0x08, 0x82, 0x40, 0x40, 0x14, 0x86, 0x30, 0x40, 0x11, 0x96, 0x2b, 0x61,
  0x01, 0x92, 0x48, 0x6f, 0x01, 0x92, 0x40, 0x65, 0x02, 0x91, 0x1f, 0x64,
  0x81, 0x63, 0x82, 0x48, 0x40, 0x01, 0x82, 0x40, 0x40, 0x08, 0x96, 0x37,
  0x49, 0x01, 0x92, 0x40, 0x60, 0x02, 0x97, 0x48, 0x61, 0x02, 0x92, 0x48,
  0x62, 0x00, 0x93, 0x3c, 0x5b, 0x06, 0x93, 0x40, 0x62, 0x05, 0x96, 0x3c,
  0x54, 0x08, 0x93, 0x43, 0x57, 0x06, 0x96, 0x40, 0x58, 0x22, 0x81, 0x1f,
  0x40, 0x11, 0x82, 0x40, 0x40, 0x04, 0x82, 0x48, 0x40, 0x00, 0x83, 0x3c,
  0x40, 0x06, 0x83, 0x40, 0x40, 0x0c, 0x87, 0x48, 0x40, 0x01, 0x83, 0x43,
  0x40, 0x11, 0x92, 0x40, 0x5c, 0x00, 0x92, 0x48, 0x64, 0x27, 0x86, 0x37,
  0x40, 0x10, 0x86, 0x3c, 0x40, 0x0e, 0x86, 0x40, 0x40, 0x01, 0x82, 0x48,
  0x40, 0x0a, 0x82, 0x40, 0x40, 0x13, 0x86, 0x2b, 0x40, 0x0d, 0xe2, 0x1c,
  0x3b, 0x0a, 0x92, 0x40, 0x6c, 0x01, 0x92, 0x48, 0x72, 0x00, 0x96, 0x2d,
  0x63, 0x01, 0x91, 0x21, 0x64, 0x62, 0xe2, 0x00, 0x40, 0x81, 0x02, 0x82,
  0x40, 0x40, 0x01, 0x82, 0x48, 0x40, 0x06, 0x92, 0x40, 0x6b, 0x03, 0x92,
  0x48, 0x5c, 0x00, 0x96, 0x39, 0x5c, 0x01, 0x97, 0x54, 0x61, 0x00, 0x93,
  0x3c, 0x66, 0x08, 0x93, 0x40, 0x61, 0x0c, 0x93, 0x45, 0x61, 0x01, 0x96,
  0x3c, 0x52, 0x08, 0x86, 0x39, 0x40, 0x02, 0x96, 0x40, 0x5c, 0x14, 0x86,
  0x3c, 0x40, 0x0a, 0x81, 0x21, 0x40, 0x00, 0x86, 0x40, 0x40, 0x0f, 0x82,
  0x40, 0x40, 0x03, 0x82, 0x48, 0x40, 0x01, 0x83, 0x3c, 0x40, 0x08, 0x83,
  0x40, 0x40, 0x0c, 0x83, 0x45, 0x40, 0x00, 0x87, 0x54, 0x40, 0x10, 0x96,
  0x40, 0x4c, 0x01, 0x92, 0x48, 0x6d, 0x02, 0x92, 0x40, 0x55, 0x08, 0x96,
  0x3c, 0x5f, 0x13, 0x86, 0x40, 0x40, 0x06, 0x96, 0x39, 0x4e, 0x05, 0x86,
  0x3c, 0x40, 0x19, 0x86, 0x39, 0x40, 0x05, 0x82, 0x48, 0x40, 0x0c, 0x82,
  0x40, 0x40, 0x15, 0x86, 0x2d, 0x40, 0x10, 0x92, 0x40, 0x6b, 0x00, 0x96,
  0x28, 0x63, 0x02, 0x91, 0x1c, 0x64, 0x03, 0x92, 0x48, 0x70, 0x81, 0x61,
  0x82, 0x40, 0x40, 0x05, 0x82, 0x48, 0x40, 0x05, 0x92, 0x48, 0x6c, 0x00,
  0x93, 0x3c, 0x56, 0x04, 0x96, 0x39, 0x49, 0x01, 0x92, 0x40, 0x5d, 0x04,
  0x97, 0x48, 0x5f, 0x03, 0x93, 0x40, 0x56, 0x08, 0x93, 0x45, 0x62, 0x05,
  0x96, 0x3c, 0x56, 0x11, 0x96, 0x40, 0x5a, 0x14, 0x81, 0x1c, 0x40, 0x12,
  0x83, 0x3c, 0x40, 0x00, 0x82, 0x48, 0x40, 0x05, 0x82, 0x40, 0x40, 0x07,
  0x83, 0x40, 0x40, 0x08, 0x83, 0x45, 0x40, 0x04, 0x86, 0x39, 0x40, 0x05,
  0x87, 0x48, 0x40, 0x0c, 0x92, 0x40, 0x53, 0x04, 0x86, 0x3c, 0x40, 0x00,
  0x92, 0x48, 0x60, 0x11, 0x86, 0x40, 0x40, 0x35, 0x82, 0x48, 0x40, 0x06,
  0x82, 0x40, 0x40, 0x13, 0x86, 0x28, 0x40, 0x14, 0x91, 0x21, 0x64, 0x01,
  0x92, 0x48, 0x76, 0x00, 0x96, 0x2d, 0x60, 0x02, 0x92, 0x40, 0x68, 0x81,
  0x64, 0x82, 0x48, 0x40, 0x02, 0x82, 0x40, 0x40, 0x07, 0x93, 0x3c, 0x62,
  0x00, 0x96, 0x39, 0x4b, 0x02, 0x97, 0x54, 0x62, 0x01, 0x92, 0x48, 0x63,
  0x02, 0x92, 0x40, 0x5d, 0x07, 0x93, 0x40, 0x5c, 0x09, 0x93, 0x45, 0x64,
  0x05, 0x96, 0x3c, 0x58, 0x12, 0x96, 0x40, 0x5c, 0x10, 0x81, 0x21, 0x40,
  0x14, 0x83, 0x3c, 0x40, 0x03, 0x82, 0x48, 0x40, 0x02, 0x82, 0x40, 0x40,
  0x07, 0x83, 0x40, 0x40, 0x09, 0x83, 0x45, 0x40, 0x01, 0x87, 0x54, 0x40,
  0x13, 0x92, 0x40, 0x51, 0x04, 0x92, 0x48, 0x61, 0x23, 0x86, 0x39, 0x40,
  0x1a, 0x86, 0x3c, 0x40, 0x09, 0x82, 0x48, 0x40, 0x06, 0x82, 0x40, 0x40,
  0x03, 0x86, 0x40, 0x40, 0x11, 0x86, 0x2d, 0x40, 0x15, 0x96, 0x28, 0x62,
  0x01, 0x92, 0x48, 0x6a, 0x02, 0x92, 0x40, 0x6c, 0x00, 0x91, 0x1c, 0x64,
  0x81, 0x64, 0x82, 0x48, 0x40, 0x02, 0x82, 0x40, 0x40, 0x06, 0x92, 0x40,
  0x5d, 0x02, 0x92, 0x48, 0x66, 0x01, 0x93, 0x3c, 0x60, 0x00, 0x96, 0x39,
  0x48, 0x02, 0x97, 0x48, 0x64, 0x04, 0x93, 0x40, 0x62, 0x0f, 0x93, 0x45,
  0x57, 0x05, 0x96, 0x3c, 0x52, 0x0e, 0x96, 0x40, 0x59, 0x15, 0x81, 0x1c,
  0x40, 0x10, 0x82, 0x40, 0x40, 0x02, 0x82, 0x48, 0x40, 0x01, 0x83, 0x3c,
  0x40, 0x06, 0x83, 0x40, 0x40, 0x0f, 0x83, 0x45, 0x40, 0x01, 0x87, 0x48,
  0x40, 0x0e, 0x92, 0x48, 0x61, 0x01, 0x92, 0x40, 0x5e, 0x2b, 0x86, 0x39,
  0x40, 0x1a, 0x86, 0x3c, 0x40, 0x00, 0x82, 0x48, 0x40, 0x0b, 0x82, 0x40,
  0x40, 0x03, 0x86, 0x40, 0x40, 0x12, 0x86, 0x28, 0x40, 0x12, 0x92, 0x41,
  0x66, 0x02, 0x92, 0x48, 0x72, 0x00, 0x91, 0x1d, 0x64, 0x01, 0xe2, 0x1c,
  0x3b, 0x02, 0x96, 0x29, 0x60, 0x62, 0xe2, 0x00, 0x40, 0x7f, 0x82, 0x41,
  0x40, 0x02, 0x82, 0x48, 0x40, 0x09, 0x92, 0x41, 0x68, 0x01, 0x92, 0x48,
  0x61, 0x02, 0x93, 0x3c, 0x65, 0x00, 0x96, 0x39, 0x5c, 0x03, 0x97, 0x54,
  0x63, 0x08, 0x93, 0x41, 0x61, 0x08, 0x96, 0x3c, 0x52, 0x02, 0x93, 0x45,
  0x63, 0x09, 0x86, 0x39, 0x40, 0x0b, 0x96, 0x41, 0x62, 0x08, 0x86, 0x3c,
  0x40, 0x09, 0x81, 0x1d, 0x40, 0x0d, 0x86, 0x41, 0x40, 0x06, 0x82, 0x41,
  0x40, 0x01, 0x82, 0x48, 0x40, 0x02, 0x83, 0x3c, 0x40, 0x0b, 0x83, 0x41,
  0x40, 0x0a, 0x83, 0x45, 0x40, 0x02, 0x87, 0x54, 0x40, 0x11, 0x92, 0x41,
  0x54, 0x00, 0x92, 0x48, 0x71, 0x01, 0x96, 0x41, 0x51, 0x0f, 0x96, 0x3c,
  0x5e, 0x0f, 0x86, 0x41, 0x40, 0x01, 0x96, 0x39, 0x4f, 0x0e, 0x86, 0x3c,
  0x40, 0x10, 0x86, 0x39, 0x40, 0x08, 0x82, 0x48, 0x40, 0x0a, 0x82, 0x41,
  0x40, 0x15, 0x86, 0x29, 0x40, 0x0f, 0x96, 0x30, 0x63, 0x05, 0x91, 0x24,
  0x64, 0x00, 0x92, 0x41, 0x69, 0x00, 0x92, 0x48, 0x6e, 0x81, 0x66, 0x82,
  0x41, 0x40, 0x00, 0x82, 0x48, 0x40, 0x06, 0x92, 0x41, 0x60, 0x00, 0x96,
  0x39, 0x4d, 0x01, 0x92, 0x48, 0x6c, 0x03, 0x93, 0x3c, 0x58, 0x03, 0x97,
  0x48, 0x63, 0x07, 0x93, 0x41, 0x5c, 0x06, 0x93, 0x45, 0x62, 0x07, 0x96,
  0x3c, 0x54, 0x11, 0x96, 0x41, 0x5a, 0x14, 0x81, 0x24, 0x40, 0x10, 0x82,
  0x41, 0x40, 0x01, 0x82, 0x48, 0x40, 0x03, 0x83, 0x3c, 0x40, 0x0a, 0x83,
  0x41, 0x40, 0x06, 0x83, 0x45, 0x40, 0x00, 0x86, 0x39, 0x40, 0x07, 0x87,
  0x48, 0x40, 0x0e, 0x92, 0x48, 0x60, 0x03, 0x92, 0x41, 0x51, 0x03, 0x86,
  0x3c, 0x40, 0x11, 0x86, 0x41, 0x40, 0x2f, 0x82, 0x48, 0x40, 0x0d, 0x82,
  0x41, 0x40, 0x0f, 0x86, 0x30, 0x40, 0x15, 0x91, 0x1d, 0x64, 0x00, 0x92,
  0x41, 0x68, 0x00, 0x92, 0x48, 0x76, 0x03, 0x96, 0x29, 0x63, 0x81, 0x63,
  0x82, 0x41, 0x40, 0x00, 0x82, 0x48, 0x40, 0x09, 0x92, 0x48, 0x60, 0x02,
  0x96, 0x39, 0x4a, 0x01, 0x92, 0x41, 0x5f, 0x02, 0x93, 0x3c, 0x65, 0x01,
  0x97, 0x54, 0x60, 0x05, 0x93, 0x41, 0x61, 0x05, 0x96, 0x3c, 0x57, 0x09,
  0x93, 0x45, 0x62, 0x04, 0x96, 0x41, 0x5c, 0x20, 0x81, 0x1d, 0x40, 0x13,
  0x82, 0x48, 0x40, 0x03, 0x82, 0x41, 0x40, 0x02, 0x83, 0x3c, 0x40, 0x06,
  0x83, 0x41, 0x40, 0x0e, 0x83, 0x45, 0x40, 0x01, 0x87, 0x54, 0x40, 0x0f,
  0x92, 0x41, 0x52, 0x04, 0x92, 0x48, 0x5f, 0x25, 0x86, 0x39, 0x40, 0x0e,
  0x86, 0x3c, 0x40, 0x0d, 0x86, 0x41, 0x40, 0x06, 0x82, 0x48, 0x40, 0x06,
  0x82, 0x41, 0x40, 0x17, 0x86, 0x29, 0x40, 0x12, 0x92, 0x41, 0x65, 0x01,
  0x92, 0x48, 0x6a, 0x01, 0x96, 0x30, 0x61, 0x01, 0x91, 0x24, 0x64, 0x81,
  0x63, 0x82, 0x41, 0x40, 0x01, 0x82, 0x48, 0x40, 0x07, 0x92, 0x41, 0x62,
  0x01, 0x93, 0x3c, 0x5d, 0x01, 0x92, 0x48, 0x61, 0x02, 0x97, 0x48, 0x5d,
  0x01, 0x96, 0x39, 0x48, 0x08, 0x93, 0x41, 0x60, 0x07, 0x96, 0x3c, 0x56,
  0x04, 0x93, 0x45, 0x5c, 0x11, 0x96, 0x41, 0x5d, 0x18, 0x81, 0x24, 0x40,
  0x0f, 0x82, 0x41, 0x40, 0x01, 0x83, 0x3c, 0x40, 0x01, 0x82, 0x48, 0x40,
  0x0b, 0x83, 0x41, 0x40, 0x0b, 0x83, 0x45, 0x40, 0x00, 0x87, 0x48, 0x40,
  0x12, 0x92, 0x48, 0x65, 0x01, 0x92, 0x41, 0x5c, 0x2a, 0x86, 0x39, 0x40,
  0x0f, 0x86, 0x3c, 0x40, 0x0c, 0x82, 0x48, 0x40, 0x09, 0x86, 0x41, 0x40,
  0x02, 0x82, 0x41, 0x40, 0x15, 0x86, 0x30, 0x40, 0x09, 0xe2, 0x1c, 0x3b,
  0x0a, 0x92, 0x4a, 0x6a, 0x00, 0x91, 0x1f, 0x64, 0x01, 0x92, 0x43, 0x6a,
  0x00, 0x96, 0x2f, 0x57, 0x12, 0x96, 0x37, 0x54, 0x0f, 0x96, 0x32, 0x4a,
  0x42, 0xe2, 0x00, 0x40, 0x81, 0x0c, 0x93, 0x3e, 0x64, 0x03, 0x97, 0x54,
  0x60, 0x08, 0x93, 0x43, 0x61, 0x0a, 0x93, 0x47, 0x60, 0x27, 0x81, 0x1f,
  0x40, 0x14, 0x83, 0x3e, 0x40, 0x0b, 0x83, 0x43, 0x40, 0x0a, 0x83, 0x47,
  0x40, 0x02, 0x87, 0x54, 0x40, 0x62, 0x86, 0x2f, 0x40, 0x12, 0x86, 0x37,
  0x40, 0x01, 0x82, 0x4a, 0x40, 0x01, 0x82, 0x43, 0x40, 0x0d, 0x86, 0x32,
  0x40, 0x03, 0x92, 0x53, 0x72, 0x01, 0x91, 0x26, 0x64, 0x01, 0x96, 0x32,
  0x66, 0x01, 0x92, 0x4a, 0x73, 0x11, 0x96, 0x37, 0x4f, 0x0d, 0x96, 0x3b,
  0x54, 0x2f, 0x82, 0x53, 0x40, 0x03, 0x82, 0x4a, 0x40, 0x81, 0x1d, 0x92,
  0x48, 0x65, 0x00, 0x92, 0x51, 0x65, 0x03, 0x93, 0x3e, 0x58, 0x05, 0x97,
  0x48, 0x65, 0x05, 0x93, 0x43, 0x5d, 0x08, 0x93, 0x47, 0x5f, 0x28, 0x81,
  0x26, 0x40, 0x13, 0x82, 0x48, 0x40, 0x00, 0x82, 0x51, 0x40, 0x03, 0x83,
  0x3e, 0x40, 0x0a, 0x83, 0x43, 0x40, 0x08, 0x83, 0x47, 0x40, 0x07, 0x87,
  0x48, 0x40, 0x5e, 0x86, 0x32, 0x40, 0x12, 0x86, 0x37, 0x40, 0x0d, 0x86,
  0x3b, 0x40, 0x07, 0x92, 0x4f, 0x65, 0x01, 0x96, 0x37, 0x5b, 0x04, 0x92,
  0x47, 0x66, 0x00, 0x91, 0x1f, 0x64, 0x10, 0x96, 0x3e, 0x5b, 0x11, 0x96,
  0x3b, 0x66, 0x2a, 0x82, 0x4f, 0x40, 0x05, 0x82, 0x47, 0x40, 0x78, 0x81,
  0x1f, 0x40, 0x26, 0x92, 0x4a, 0x73, 0x01, 0x91, 0x1f, 0x64, 0x01, 0x93,
  0x3e, 0x67, 0x00, 0x97, 0x54, 0x60, 0x0a, 0x93, 0x43, 0x62, 0x0a, 0x93,
  0x47, 0x60, 0x3c, 0x83, 0x3e, 0x40, 0x0a, 0x83, 0x43, 0x40, 0x08, 0x82,
  0x4a, 0x40, 0x02, 0x83, 0x47, 0x40, 0x00, 0x87, 0x54, 0x40, 0x60, 0x86,
  0x37, 0x40, 0x03, 0x81, 0x1f, 0x40, 0x11, 0x86, 0x3e, 0x40, 0x0f, 0x92,
  0x4c, 0x78, 0x02, 0x86, 0x3b, 0x40, 0x02, 0x96, 0x3b, 0x5d, 0x04, 0x91,
  0x21, 0x64, 0x0f, 0x96, 0x3e, 0x5e, 0x0f, 0x96, 0x43, 0x5e, 0x3e, 0x82,
  0x4c, 0x40, 0x6c, 0x81, 0x21, 0x40, 0x23, 0x92, 0x4d, 0x7c, 0x04, 0x93,
  0x3e, 0x5b, 0x00, 0x91, 0x23, 0x64, 0x01, 0x97, 0x48, 0x63, 0x0b, 0x93,
  0x43, 0x64, 0x07, 0x93, 0x47, 0x58, 0x3d, 0x83, 0x3e, 0x40, 0x0c, 0x83,
  0x43, 0x40, 0x04, 0x82, 0x4d, 0x40, 0x03, 0x83, 0x47, 0x40, 0x02, 0x87,
  0x48, 0x40, 0x60, 0x86, 0x3b, 0x40, 0x03, 0x81, 0x23, 0x40, 0x10, 0x86,
  0x3e, 0x40, 0x0f, 0x86, 0x43, 0x40, 0x01, 0x92, 0x4f, 0x6d, 0x08, 0xff,
  0x51, 0x03, 0x06, 0xbb, 0x58, 0x00, 0x90, 0x3c, 0x41, 0x00, 0x91, 0x24,
  0x64, 0x00, 0x99, 0x36, 0x46, 0x00, 0x95, 0x43, 0x5a, 0x00, 0x95, 0x40,
  0x5a, 0x01, 0x99, 0x2a, 0x3d, 0x03, 0x96, 0x3c, 0x51, 0x06, 0x89, 0x36,
  0x40, 0x00, 0x90, 0x40, 0x3f, 0x01, 0x89, 0x2a, 0x40, 0x09, 0x80, 0x3c,
  0x40, 0x00, 0x90, 0x43, 0x43, 0x0a, 0x80, 0x40, 0x40, 0x0a, 0x80, 0x43,
  0x40, 0x34, 0x82, 0x4f, 0x40, 0x20, 0x99, 0x2a, 0x32, 0x0a, 0x89, 0x2a,
  0x40, 0x5a, 0x86, 0x3c, 0x40, 0x0e, 0x93, 0x3c, 0x61, 0x00, 0x99, 0x2e,
  0x35, 0x00, 0x97, 0x54, 0x65, 0x02, 0x99, 0x36, 0x3c, 0x00, 0x90, 0x43,
  0x5c, 0x04, 0x92, 0x4f, 0x72, 0x00, 0x96, 0x40, 0x53, 0x04, 0x89, 0x2e,
  0x40, 0x02, 0x89, 0x36, 0x40, 0x00, 0x90, 0x40, 0x5e, 0x00, 0x93, 0x40,
  0x5f, 0x0a, 0x90, 0x3c, 0x5e, 0x04, 0x93, 0x43, 0x66, 0x24, 0x81, 0x24,
  0x40, 0x12, 0x83, 0x3c, 0x40, 0x0c, 0x83, 0x40, 0x40, 0x08, 0x87, 0x54,
  0x40, 0x06, 0x82, 0x4f, 0x40, 0x00, 0x83, 0x43, 0x40, 0x00, 0x86, 0x40,
  0x40, 0x10, 0x96, 0x43, 0x53, 0x3c, 0x80, 0x43, 0x40, 0x0a, 0x80, 0x40,
  0x40, 0x0a, 0x80, 0x3c, 0x40, 0x14, 0x86, 0x43, 0x40, 0x12, 0x92, 0x51,
  0x72, 0x02, 0x90, 0x37, 0x41, 0x00, 0x99, 0x36, 0x64, 0x04, 0x99, 0x2a,
  0x3c, 0x00, 0x96, 0x37, 0x52, 0x04, 0x91, 0x1f, 0x64, 0x02, 0x89, 0x36,
  0x40, 0x00, 0x90, 0x3c, 0x3e, 0x04, 0x89, 0x2a, 0x40, 0x06, 0x80, 0x37,
  0x40, 0x00, 0x90, 0x40, 0x41, 0x0a, 0x80, 0x3c, 0x40, 0x0a, 0x80, 0x40,
  0x40, 0x3a, 0x82, 0x51, 0x40, 0x11, 0x99, 0x2a, 0x35, 0x0a, 0x89, 0x2a,
  0x40, 0x63, 0x86, 0x37, 0x40, 0x0c, 0x99, 0x2e, 0x2e, 0x00, 0x97, 0x48,
  0x66, 0x01, 0x92, 0x4f, 0x6e, 0x01, 0x96, 0x40, 0x57, 0x01, 0x93, 0x3c,
  0x68, 0x01, 0x90, 0x40, 0x60, 0x00, 0x99, 0x36, 0x3c, 0x06, 0x89, 0x2e,
  0x40, 0x04, 0x89, 0x36, 0x40, 0x00, 0x90, 0x3c, 0x61, 0x01, 0x93, 0x40,
  0x68, 0x05, 0x93, 0x43, 0x67, 0x04, 0x90, 0x37, 0x5f, 0x30, 0x81, 0x1f,
  0x40, 0x0b, 0x83, 0x3c, 0x40, 0x0c, 0x83, 0x40, 0x40, 0x05, 0x83, 0x43,
  0x40, 0x00, 0x87, 0x48, 0x40, 0x01, 0x82, 0x4f, 0x40, 0x01, 0x86, 0x40,
  0x40, 0x18, 0x96, 0x43, 0x56, 0x3a, 0x80, 0x40, 0x40, 0x0a, 0x80, 0x3c,
  0x40, 0x0a, 0x80, 0x37, 0x40, 0x16, 0x86, 0x43, 0x40, 0x08, 0x85, 0x40,
  0x40, 0x00, 0x85, 0x43, 0x40, 0x06, 0x96, 0x3c, 0x55, 0x04, 0x95, 0x3c,
  0x5a, 0x00, 0x95, 0x40, 0x5a, 0x00, 0x99, 0x36, 0x46, 0x00, 0x99, 0x2a,
  0x3b, 0x00, 0x90, 0x3c, 0x3f, 0x03, 0x91, 0x24, 0x64, 0x01, 0x92, 0x4c,
  0x6f, 0x06, 0x89, 0x36, 0x40, 0x00, 0x89, 0x2a, 0x40, 0x00, 0x90, 0x40,
  0x3e, 0x0a, 0x80, 0x3c, 0x40, 0x00, 0x90, 0x43, 0x40, 0x0a, 0x80, 0x40,
  0x40, 0x0a, 0x80, 0x43, 0x40, 0x40, 0x82, 0x4c, 0x40, 0x14, 0x99, 0x2a,
  0x2e, 0x0a, 0x89, 0x2a, 0x40, 0x52, 0x86, 0x3c, 0x40, 0x14, 0x93, 0x3c,
  0x5f, 0x02, 0x96, 0x40, 0x58, 0x02, 0x99, 0x36, 0x3c, 0x00, 0x90, 0x43,
  0x61, 0x01, 0x97, 0x54, 0x68, 0x03, 0x99, 0x2e, 0x31, 0x00, 0x92, 0x4a,
  0x6c, 0x02, 0x93, 0x40, 0x62, 0x04, 0x89, 0x36, 0x40, 0x00, 0x90, 0x40,
  0x61, 0x04, 0x89, 0x2e, 0x40, 0x05, 0x93, 0x40, 0x60, 0x01, 0x90, 0x3c,
  0x5d, 0x2b, 0x81, 0x24, 0x40, 0x0d, 0x83, 0x3c, 0x40, 0x0a, 0x83, 0x40,
  0x40, 0x0c, 0x86, 0x40, 0x40, 0x01, 0x83, 0x40, 0x40, 0x02, 0x87, 0x54,
  0x40, 0x03, 0x82, 0x4a, 0x40, 0x10, 0x99, 0x2a, 0x37, 0x04, 0x96, 0x43,
  0x54, 0x06, 0x89, 0x2a, 0x40, 0x32, 0x80, 0x43, 0x40, 0x0a, 0x80, 0x40,
  0x40, 0x0a, 0x80, 0x3c, 0x40, 0x18, 0x86, 0x43, 0x40, 0x0c, 0x92, 0x48,
  0x6a, 0x02, 0x96, 0x37, 0x53, 0x02, 0x99, 0x36, 0x64, 0x00, 0x90, 0x37,
  0x40, 0x02, 0x99, 0x2a, 0x3b, 0x07, 0x91, 0x1f, 0x64, 0x01, 0x89, 0x36,
  0x40, 0x00, 0x90, 0x3c, 0x40, 0x02, 0x89, 0x2a, 0x40, 0x08, 0x80, 0x37,
  0x40, 0x00, 0x90, 0x40, 0x43, 0x0a, 0x80, 0x3c, 0x40, 0x0a, 0x80, 0x40,
  0x40, 0x38, 0x82, 0x48, 0x40, 0x02, 0x86, 0x37, 0x40, 0x11, 0x99, 0x2a,
  0x34, 0x05, 0x96, 0x3c, 0x51, 0x05, 0x89, 0x2a, 0x40, 0x5f, 0x86, 0x3c,
  0x40, 0x0f, 0x92, 0x4c, 0x70, 0x00, 0x99, 0x2a, 0x30, 0x05, 0x99, 0x36,
  0x3c, 0x00, 0x90, 0x40, 0x60, 0x01, 0x96, 0x40, 0x55, 0x01, 0x93, 0x3c,
  0x5f, 0x02, 0x97, 0x48, 0x5f, 0x01, 0x89, 0x2a, 0x40, 0x03, 0x93, 0x40,
  0x68, 0x02, 0x89, 0x36, 0x40, 0x00, 0x90, 0x3c, 0x60, 0x08, 0x93, 0x43,
  0x5f, 0x02, 0x90, 0x37, 0x5d, 0x31, 0x81, 0x1f, 0x40, 0x0d, 0x83, 0x3c,
  0x40, 0x06, 0x83, 0x40, 0x40, 0x07, 0x82, 0x4c, 0x40, 0x03, 0x83, 0x43,
  0x40, 0x03, 0x86, 0x40, 0x40, 0x03, 0x87, 0x48, 0x40, 0x10, 0x96, 0x43,
  0x59, 0x01, 0x99, 0x2a, 0x34, 0x0a, 0x89, 0x2a, 0x40, 0x31, 0x80, 0x40,
  0x40, 0x0a, 0x80, 0x3c, 0x40, 0x0a, 0x80, 0x37, 0x40, 0x05, 0x85, 0x3c,
  0x40, 0x00, 0x85, 0x40, 0x40, 0x0f, 0x86, 0x43, 0x40, 0x10, 0x90, 0x39,
  0x3e, 0x03, 0x91, 0x26, 0x64, 0x01, 0x99, 0x36, 0x46, 0x00, 0x96, 0x3e,
  0x57, 0x00, 0x95, 0x3e, 0x5a, 0x00, 0x95, 0x41, 0x5a, 0x01, 0x99, 0x2a,
  0x3e, 0x02, 0x92, 0x4a, 0x70, 0x07, 0x89, 0x36, 0x40, 0x01, 0x89, 0x2a,
  0x40, 0x00, 0x90, 0x3e, 0x40, 0x05, 0x80, 0x39, 0x40, 0x0a, 0x90, 0x41,
  0x41, 0x05, 0x80, 0x3e, 0x40, 0x0f, 0x80, 0x41, 0x40, 0x39, 0x82, 0x4a,
  0x40, 0x12, 0x99, 0x2a, 0x30, 0x0a, 0x89, 0x2a, 0x40, 0x59, 0x86, 0x3e,
  0x40, 0x0f, 0x99, 0x2e, 0x35, 0x05, 0x99, 0x36, 0x3c, 0x00, 0x90, 0x41,
  0x5f, 0x01, 0x97, 0x54, 0x67, 0x01, 0x96, 0x41, 0x59, 0x00, 0x93, 0x3e,
  0x62, 0x01, 0x92, 0x4a, 0x72, 0x02, 0x89, 0x2e, 0x40, 0x05, 0x89, 0x36,
  0x40, 0x00, 0x90, 0x3e, 0x5e, 0x03, 0x93, 0x41, 0x5f, 0x03, 0x93, 0x45,
  0x61, 0x05, 0x90, 0x39, 0x5d, 0x26, 0x81, 0x26, 0x40, 0x17, 0x83, 0x3e,
  0x40, 0x0b, 0x83, 0x41, 0x40, 0x03, 0x83, 0x45, 0x40, 0x05, 0x87, 0x54,
  0x40, 0x01, 0x86, 0x41, 0x40, 0x01, 0x82, 0x4a, 0x40, 0x0c, 0x96, 0x45,
  0x50, 0x41, 0x80, 0x41, 0x40, 0x0a, 0x80, 0x3e, 0x40, 0x0b, 0x80, 0x39,
  0x40, 0x0e, 0x86, 0x45, 0x40, 0x14, 0x92, 0x4d, 0x72, 0x05, 0x99, 0x36,
  0x64, 0x02, 0x99, 0x2a, 0x3d, 0x01, 0x96, 0x39, 0x50, 0x00, 0x90, 0x32,
  0x43, 0x06, 0x91, 0x21, 0x64, 0x01, 0x89, 0x36, 0x40, 0x00, 0x90, 0x39,
  0x40, 0x02, 0x89, 0x2a, 0x40, 0x0b, 0x80, 0x32, 0x40, 0x01, 0x90, 0x41,
  0x42, 0x06, 0x80, 0x39, 0x40, 0x0e, 0x80, 0x41, 0x40, 0x33, 0x82, 0x4d,
  0x40, 0x16, 0x99, 0x2a, 0x30, 0x0a, 0x89, 0x2a, 0x40, 0x60, 0x86, 0x39,
  0x40, 0x0e, 0x92, 0x4c, 0x72, 0x00, 0x96, 0x3e, 0x53, 0x03, 0x99, 0x36,
  0x3c, 0x01, 0x99, 0x2e, 0x2e, 0x00, 0x90, 0x41, 0x5f, 0x00, 0x93, 0x3e,
  0x60, 0x02, 0x97, 0x48, 0x65, 0x06, 0x93, 0x41, 0x60, 0x01, 0x89, 0x36,
  0x40, 0x01, 0x89, 0x2e, 0x40, 0x01, 0x90, 0x39, 0x5c, 0x09, 0x90, 0x32,
  0x60, 0x00, 0x93, 0x45, 0x64, 0x30, 0x81, 0x21, 0x40, 0x0c, 0x83, 0x3e,
  0x40, 0x08, 0x83, 0x41, 0x40, 0x08, 0x82, 0x4c, 0x40, 0x00, 0x86, 0x3e,
  0x40, 0x04, 0x83, 0x45, 0x40, 0x02, 0x87, 0x48, 0x40, 0x13, 0x96, 0x41,
  0x54, 0x3b, 0x80, 0x41, 0x40, 0x0b, 0x80, 0x39, 0x40, 0x09, 0x80, 0x32,
  0x40, 0x15, 0x86, 0x41, 0x40, 0x08, 0x85, 0x3e, 0x40, 0x00, 0x85, 0x41,
  0x40, 0x04, 0x90, 0x39, 0x40, 0x02, 0x92, 0x4a, 0x72, 0x02, 0x96, 0x3e,
  0x58, 0x00, 0x99, 0x2a, 0x3b, 0x02, 0xb2, 0x01, 0x00, 0x00, 0x99, 0x36,
  0x46, 0x00, 0x95, 0x41, 0x5a, 0x00, 0x95, 0x45, 0x5a, 0x08, 0x89, 0x2a,
  0x40, 0x01, 0x91, 0x26, 0x64, 0x01, 0x89, 0x36, 0x40, 0x00, 0x90, 0x3e,
  0x40, 0x04, 0x80, 0x39, 0x40, 0x07, 0x90, 0x41, 0x41, 0x09, 0x80, 0x3e,
  0x40, 0x0b, 0x80, 0x41, 0x40, 0x4f, 0xb2, 0x01, 0x04, 0x01, 0x99, 0x2a,
  0x2f, 0x0a, 0x89, 0x2a, 0x40, 0x57, 0x86, 0x3e, 0x40, 0x12, 0x96, 0x41,
  0x57, 0x04, 0xb2, 0x01, 0x08, 0x00, 0x90, 0x41, 0x5d, 0x00, 0x94, 0x51,
  0x69, 0x00, 0x94, 0x59, 0x69, 0x00, 0x94, 0x56, 0x69, 0x00, 0x99, 0x2e,
  0x33, 0x00, 0x99, 0x36, 0x3c, 0x02, 0x93, 0x3e, 0x60, 0x01, 0x97, 0x54,
  0x60, 0x07, 0x89, 0x2e, 0x40, 0x00, 0x89, 0x36, 0x40, 0x00, 0x90, 0x3e,
  0x61, 0x01, 0x93, 0x41, 0x66, 0x07, 0x90, 0x39, 0x5c, 0x02, 0x93, 0x45,
  0x65, 0x28, 0x84, 0x56, 0x40, 0x00, 0x84, 0x51, 0x40, 0x00, 0x84, 0x59,
  0x40, 0x09, 0x81, 0x26, 0x40, 0x0d, 0x83, 0x3e, 0x40, 0x09, 0x83, 0x41,
  0x40, 0x05, 0x86, 0x41, 0x40, 0x04, 0x83, 0x45, 0x40, 0x03, 0x87, 0x54,
  0x40, 0x11, 0xb2, 0x01, 0x0c, 0x00, 0x99, 0x2a, 0x37, 0x04, 0x96, 0x45,
  0x52, 0x06, 0x89, 0x2a, 0x40, 0x32, 0x80, 0x41, 0x40, 0x0a, 0x80, 0x3e,
  0x40, 0x08, 0x80, 0x39, 0x40, 0x1a, 0x86, 0x45, 0x40, 0x0c, 0x82, 0x4a,
  0x40, 0x01, 0x96, 0x39, 0x51, 0x03, 0x94, 0x4d, 0x69, 0x00, 0x94, 0x51,
  0x69, 0x00, 0x94, 0x56, 0x69, 0x00, 0x99, 0x2a, 0x39, 0x00, 0x99, 0x36,
  0x64, 0x00, 0x90, 0x32, 0x42, 0x08, 0x91, 0x21, 0x64, 0x02, 0x89, 0x2a,
  0x40, 0x00, 0x89, 0x36, 0x40, 0x01, 0x90, 0x41, 0x41, 0x09, 0x80, 0x32,
  0x40, 0x00, 0x90, 0x39, 0x42, 0x0b, 0x80, 0x41, 0x40, 0x09, 0x80, 0x39,
  0x40, 0x39, 0x86, 0x39, 0x40, 0x18, 0x99, 0x2a, 0x2e, 0x02, 0x96, 0x3e,
  0x50, 0x08, 0x89, 0x2a, 0x40, 0x5c, 0x86, 0x3e, 0x40, 0x0c, 0x97, 0x48,
  0x66, 0x02, 0x92, 0x4d, 0x6a, 0x02, 0x93, 0x3e, 0x60, 0x00, 0x90, 0x41,
  0x5f, 0x01, 0xb2, 0x01, 0x00, 0x00, 0x99, 0x36, 0x3c, 0x01, 0x99, 0x2e,
  0x32, 0x02, 0x96, 0x41, 0x54, 0x06, 0x93, 0x41, 0x67, 0x01, 0x89, 0x36,
  0x40, 0x01, 0x89, 0x2e, 0x40, 0x00, 0x90, 0x39, 0x61, 0x08, 0x93, 0x45,
  0x65, 0x01, 0x90, 0x32, 0x5e, 0x30, 0x81, 0x21, 0x40, 0x0b, 0x83, 0x3e,
  0x40, 0x0a, 0x83, 0x41, 0x40, 0x06, 0x87, 0x48, 0x40, 0x02, 0x82, 0x4d,
  0x40, 0x02, 0x83, 0x45, 0x40, 0x04, 0x86, 0x41, 0x40, 0x15, 0x96, 0x45,
  0x55, 0x24, 0x84, 0x51, 0x40, 0x00, 0x84, 0x4d, 0x40, 0x00, 0x84, 0x56,
  0x40, 0x13, 0x80, 0x41, 0x40, 0x0c, 0x80, 0x39, 0x40, 0x09, 0x80, 0x32,
  0x40, 0x05, 0x85, 0x45, 0x40, 0x00, 0x85, 0x41, 0x40, 0x13, 0x86, 0x45,
  0x40, 0x10, 0x95, 0x40, 0x5a, 0x00, 0x95, 0x43, 0x5a, 0x00, 0x99, 0x36,
  0x46, 0x01, 0x99, 0x2a, 0x3d, 0x01, 0x96, 0x3c, 0x56, 0x01, 0x90, 0x3c,
  0x41, 0x01, 0x92, 0x4f, 0x69, 0x05, 0x91, 0x24, 0x64, 0x01, 0x89, 0x36,
  0x40, 0x00, 0x90, 0x40, 0x3f, 0x01, 0x89, 0x2a, 0x40, 0x03, 0x90, 0x43,
  0x3f, 0x09, 0x80, 0x3c, 0x40, 0x07, 0x80, 0x40, 0x40, 0x04, 0x80, 0x43,
  0x40, 0x46, 0x82, 0x4f, 0x40, 0x14, 0x99, 0x2a, 0x32, 0x0a, 0x89, 0x2a,
  0x40, 0x58, 0x86, 0x3c, 0x40, 0x0e, 0x92, 0x4f, 0x6a, 0x00, 0x96, 0x40,
  0x50, 0x02, 0x99, 0x2e, 0x35, 0x01, 0x93, 0x3c, 0x66, 0x01, 0x90, 0x43,
  0x61, 0x00, 0x99, 0x36, 0x3c, 0x03, 0x97, 0x54, 0x63, 0x05, 0x89, 0x2e,
  0x40, 0x02, 0x89, 0x36, 0x40, 0x00, 0x90, 0x40, 0x61, 0x04, 0x93, 0x40,
  0x65, 0x06, 0x93, 0x43, 0x63, 0x00, 0x90, 0x3c, 0x60, 0x31, 0x81, 0x24,
  0x40, 0x0a, 0x83, 0x3c, 0x40, 0x0f, 0x83, 0x40, 0x40, 0x02, 0x82, 0x4f,
  0x40, 0x00, 0x86, 0x40, 0x40, 0x04, 0x83, 0x43, 0x40, 0x03, 0x87, 0x54,
  0x40, 0x15, 0x96, 0x43, 0x55, 0x38, 0x80, 0x43, 0x40, 0x0a, 0x80, 0x40,
  0x40, 0x0a, 0x80, 0x3c, 0x40, 0x18, 0x86, 0x43, 0x40, 0x10, 0x90, 0x37,
  0x41, 0x00, 0x99, 0x36, 0x64, 0x01, 0x96, 0x37, 0x58, 0x03, 0x99, 0x2a,
  0x3c, 0x00, 0x92, 0x51, 0x6b, 0x05, 0x90, 0x3c, 0x3e, 0x00, 0x91, 0x1f,
  0x64, 0x01, 0x89, 0x36, 0x40, 0x04, 0x89, 0x2a, 0x40, 0x06, 0x80, 0x37,
  0x40, 0x00, 0x90, 0x40, 0x3e, 0x09, 0x80, 0x3c, 0x40, 0x0b, 0x80, 0x40,
  0x40, 0x40, 0x82, 0x51, 0x40, 0x0b, 0x99, 0x2a, 0x35, 0x0a, 0x89, 0x2a,
  0x40, 0x60, 0x86, 0x37, 0x40, 0x0f, 0x99, 0x2e, 0x2e, 0x00, 0x96, 0x40,
  0x57, 0x02, 0x90, 0x40, 0x5c, 0x00, 0x93, 0x3c, 0x60, 0x02, 0x99, 0x36,
  0x3c, 0x01, 0x92, 0x4f, 0x6d, 0x02, 0x97, 0x48, 0x66, 0x03, 0x89, 0x2e,
  0x40, 0x04, 0x89, 0x36, 0x40, 0x04, 0x93, 0x40, 0x60, 0x02, 0x93, 0x43,
  0x62, 0x02, 0x90, 0x3c, 0x60, 0x04, 0x90, 0x37, 0x61, 0x2f, 0x81, 0x1f,
  0x40, 0x09, 0x83, 0x3c, 0x40, 0x10, 0x83, 0x40, 0x40, 0x02, 0x86, 0x40,
  0x40, 0x00, 0x83, 0x43, 0x40, 0x05, 0x82, 0x4f, 0x40, 0x02, 0x87, 0x48,
  0x40, 0x15, 0x96, 0x43, 0x55, 0x36, 0x80, 0x40, 0x40, 0x14, 0x80, 0x3c,
  0x40, 0x04, 0x80, 0x37, 0x40, 0x16, 0x86, 0x43, 0x40, 0x06, 0x85, 0x43,
  0x40, 0x00, 0x85, 0x40, 0x40, 0x07, 0x96, 0x3c, 0x57, 0x02, 0x90, 0x3c,
  0x41, 0x01, 0x95, 0x3c, 0x5a, 0x00, 0x95, 0x40, 0x5a, 0x00, 0x99, 0x36,
  0x46, 0x00, 0x99, 0x2a, 0x3b, 0x04, 0x92, 0x4c, 0x70, 0x04, 0x91, 0x24,
  0x64, 0x02, 0x89, 0x36, 0x40, 0x00, 0x89, 0x2a, 0x40, 0x00, 0x90, 0x40,
  0x43, 0x09, 0x80, 0x3c, 0x40, 0x01, 0x90, 0x43, 0x3f, 0x0a, 0x80, 0x40,
  0x40, 0x0a, 0x80, 0x43, 0x40, 0x40, 0x82, 0x4c, 0x40, 0x14, 0x99, 0x2a,
  0x2e, 0x0a, 0x89, 0x2a, 0x40, 0x53, 0x86, 0x3c, 0x40, 0x14, 0x97, 0x54,
  0x63, 0x03, 0x99, 0x36, 0x3c, 0x00, 0x90, 0x43, 0x60, 0x01, 0x92, 0x4a,
  0x6a, 0x00, 0x96, 0x40, 0x52, 0x01, 0x93, 0x3c, 0x62, 0x02, 0x99, 0x2e,
  0x31, 0x05, 0x93, 0x40, 0x67, 0x01, 0x89, 0x36, 0x40, 0x00, 0x90, 0x40,
  0x5e, 0x04, 0x89, 0x2e, 0x40, 0x08, 0x90, 0x3c, 0x5f, 0x02, 0x93, 0x43,
  0x60, 0x2c, 0x81, 0x24, 0x40, 0x0e, 0x83, 0x3c, 0x40, 0x07, 0x83, 0x40,
  0x40, 0x08, 0x87, 0x54, 0x40, 0x04, 0x86, 0x40, 0x40, 0x00, 0x82, 0x4a,
  0x40, 0x03, 0x83, 0x43, 0x40, 0x10, 0x99, 0x2a, 0x37, 0x01, 0x96, 0x43,
  0x55, 0x09, 0x89, 0x2a, 0x40, 0x32, 0x80, 0x43, 0x40, 0x0a, 0x80, 0x40,
  0x40, 0x0c, 0x80, 0x3c, 0x40, 0x13, 0x86, 0x43, 0x40, 0x10, 0x92, 0x48,
  0x6c, 0x03, 0x99, 0x36, 0x64, 0x02, 0x99, 0x2a, 0x3b, 0x00, 0x90, 0x37,
  0x40, 0x02, 0x96, 0x37, 0x56, 0x03, 0x91, 0x1f, 0x64, 0x03, 0x89, 0x36,
  0x40, 0x00, 0x90, 0x3c, 0x41, 0x02, 0x89, 0x2a, 0x40, 0x09, 0x90, 0x40,
  0x41, 0x01, 0x80, 0x37, 0x40, 0x08, 0x80, 0x3c, 0x40, 0x0b, 0x80, 0x40,
  0x40, 0x38, 0x82, 0x48, 0x40, 0x07, 0x86, 0x37, 0x40, 0x0b, 0x99, 0x2a,
  0x34, 0x06, 0x96, 0x3c, 0x58, 0x04, 0x89, 0x2a, 0x40, 0x60, 0x86, 0x3c,
  0x40, 0x0e, 0x99, 0x2a, 0x30, 0x02, 0x96, 0x40, 0x51, 0x03, 0x99, 0x36,
  0x3c, 0x01, 0x97, 0x48, 0x61, 0x00, 0x90, 0x40, 0x60, 0x01, 0x93, 0x3c,
  0x64, 0x02, 0x92, 0x4c, 0x6d, 0x01, 0x89, 0x2a, 0x40, 0x02, 0x90, 0x3c,
  0x60, 0x01, 0x93, 0x40, 0x60, 0x02, 0x89, 0x36, 0x40, 0x0a, 0x90, 0x37,
  0x60, 0x03, 0x93, 0x43, 0x64, 0x2c, 0x81, 0x1f, 0x40, 0x0f, 0x83, 0x3c,
  0x40, 0x06, 0x83, 0x40, 0x40, 0x09, 0x86, 0x40, 0x40, 0x04, 0x87, 0x48,
  0x40, 0x02, 0x83, 0x43, 0x40, 0x01, 0x82, 0x4c, 0x40, 0x0c, 0x96, 0x43,
  0x53, 0x05, 0x99, 0x2a, 0x34, 0x0a, 0x89, 0x2a, 0x40, 0x32, 0x80, 0x40,
  0x40, 0x06, 0x80, 0x3c, 0x40, 0x0d, 0x80, 0x37, 0x40, 0x05, 0x85, 0x40,
  0x40, 0x00, 0x85, 0x3c, 0x40, 0x0b, 0x86, 0x43, 0x40, 0x17, 0x90, 0x37,
  0x42, 0x00, 0x96, 0x3b, 0x53, 0x01, 0x95, 0x3e, 0x5a, 0x00, 0x95, 0x41,
  0x5a, 0x00, 0x99, 0x36, 0x46, 0x01, 0x99, 0x2a, 0x3e, 0x02, 0x92, 0x4a,
  0x6e, 0x04, 0x91, 0x2b, 0x64, 0x03, 0x89, 0x36, 0x40, 0x01, 0x89, 0x2a,
  0x40, 0x01, 0x90, 0x3b, 0x41, 0x07, 0x80, 0x37, 0x40, 0x01, 0x90, 0x3e,
  0x41, 0x0c, 0x80, 0x3b, 0x40, 0x08, 0x80, 0x3e, 0x40, 0x3f, 0x82, 0x4a,
  0x40, 0x12, 0x99, 0x2a, 0x30, 0x0a, 0x89, 0x2a, 0x40, 0x58, 0x86, 0x3b,
  0x40, 0x10, 0x92, 0x4d, 0x6e, 0x00, 0x99, 0x2e, 0x35, 0x01, 0x97, 0x54,
  0x61, 0x00, 0x93, 0x3b, 0x63, 0x04, 0x99, 0x36, 0x3c, 0x02, 0x90, 0x3e,
  0x60, 0x01, 0x96, 0x3e, 0x50, 0x02, 0x89, 0x2e, 0x40, 0x04, 0x93, 0x3e,
  0x66, 0x01, 0x89, 0x36, 0x40, 0x00, 0x90, 0x3b, 0x61, 0x05, 0x93, 0x41,
  0x60, 0x05, 0x90, 0x37, 0x61, 0x2f, 0x81, 0x2b, 0x40, 0x09, 0x83, 0x3b,
  0x40, 0x0d, 0x83, 0x3e, 0x40, 0x06, 0x83, 0x41, 0x40, 0x00, 0x82, 0x4d,
  0x40, 0x01, 0x87, 0x54, 0x40, 0x07, 0x86, 0x3e, 0x40, 0x11, 0x96, 0x41,
  0x53, 0x3e, 0x80, 0x3e, 0x40, 0x08, 0x80, 0x3b, 0x40, 0x0a, 0x80, 0x37,
  0x40, 0x14, 0x86, 0x41, 0x40, 0x12, 0x92, 0x4c, 0x6a, 0x01, 0x90, 0x32,
  0x42, 0x01, 0x96, 0x37, 0x52, 0x00, 0x99, 0x36, 0x64, 0x02, 0x99, 0x2a,
  0x3d, 0x00, 0x91, 0x26, 0x64, 0x06, 0x90, 0x37, 0x40, 0x02, 0x89, 0x36,
  0x40, 0x02, 0x89, 0x2a, 0x40, 0x07, 0x80, 0x32, 0x40, 0x08, 0x90, 0x3b,
  0x43, 0x01, 0x80, 0x37, 0x40, 0x13, 0x80, 0x3b, 0x40, 0x33, 0x82, 0x4c,
  0x40, 0x02, 0x86, 0x37, 0x40, 0x11, 0x99, 0x2a, 0x30, 0x06, 0x96, 0x3b,
  0x50, 0x04, 0x89, 0x2a, 0x40, 0x60, 0x86, 0x3b, 0x40, 0x0d, 0x90, 0x3b,
  0x61, 0x00, 0x96, 0x3e, 0x57, 0x03, 0x92, 0x4a, 0x71, 0x01, 0x99, 0x36,
  0x3c, 0x00, 0x97, 0x48, 0x62, 0x01, 0x99, 0x2e, 0x2e, 0x03, 0x93, 0x3b,
  0x63, 0x06, 0x89, 0x36, 0x40, 0x00, 0x90, 0x37, 0x61, 0x01, 0x89, 0x2e,
  0x40, 0x02, 0x93, 0x3e, 0x5f, 0x07, 0x90, 0x32, 0x5e, 0x03, 0x93, 0x41,
  0x65, 0x27, 0x81, 0x26, 0x40, 0x16, 0x83, 0x3b, 0x40, 0x09, 0x83, 0x3e,
  0x40, 0x03, 0x86, 0x3e, 0x40, 0x03, 0x82, 0x4a, 0x40, 0x01, 0x87, 0x48,
  0x40, 0x03, 0x83, 0x41, 0x40, 0x12, 0x96, 0x41, 0x54, 0x37, 0x80, 0x3b,
  0x40, 0x0e, 0x80, 0x37, 0x40, 0x0a, 0x80, 0x32, 0x40, 0x15, 0x86, 0x41,
  0x40, 0x09, 0x85, 0x3e, 0x40, 0x00, 0x85, 0x41, 0x40, 0x08, 0x99, 0x2a,
  0x3b, 0x01, 0x96, 0x3c, 0x51, 0x01, 0xb2, 0x01, 0x00, 0x00, 0x95, 0x3c,
  0x5a, 0x00, 0x95, 0x40, 0x5a, 0x00, 0x99, 0x36, 0x46, 0x02, 0x92, 0x48,
  0x6d, 0x01, 0x90, 0x37, 0x42, 0x05, 0x89, 0x2a, 0x40, 0x00, 0x91, 0x24,
  0x64, 0x02, 0x89, 0x36, 0x40, 0x01, 0x90, 0x3c, 0x3e, 0x0c, 0x80, 0x37,
  0x40, 0x03, 0x90, 0x40, 0x42, 0x05, 0x80, 0x3c, 0x40, 0x0f, 0x80, 0x40,
  0x40, 0x4a, 0xb2, 0x01, 0x04, 0x01, 0x99, 0x2a, 0x2f, 0x0a, 0x89, 0x2a,
  0x40, 0x58, 0x86, 0x3c, 0x40, 0x10, 0x96, 0x40, 0x50, 0x04, 0x90, 0x40,
  0x61, 0x01, 0xb2, 0x01, 0x08, 0x00, 0x94, 0x4f, 0x69, 0x00, 0x94, 0x54,
  0x69, 0x00, 0x94, 0x58, 0x69, 0x00, 0x99, 0x2e, 0x33, 0x00, 0x99, 0x36,
  0x3c, 0x04, 0x97, 0x54, 0x65, 0x00, 0x93, 0x3c, 0x63, 0x01, 0x93, 0x40,
  0x63, 0x05, 0x89, 0x2e, 0x40, 0x00, 0x89, 0x36, 0x40, 0x01, 0x90, 0x37,
  0x5e, 0x08, 0x93, 0x43, 0x63, 0x01, 0x90, 0x3c, 0x5e, 0x28, 0x84, 0x54,
  0x40, 0x00, 0x84, 0x58, 0x40, 0x08, 0x81, 0x24, 0x40, 0x0c, 0x84, 0x4f,
  0x40, 0x04, 0x83, 0x3c, 0x40, 0x01, 0x83, 0x40, 0x40, 0x0a, 0x86, 0x40,
  0x40, 0x04, 0x83, 0x43, 0x40, 0x05, 0x87, 0x54, 0x40, 0x10, 0xb2, 0x01,
  0x0c, 0x00, 0x99, 0x2a, 0x37, 0x01, 0x96, 0x43, 0x56, 0x09, 0x89, 0x2a,
  0x40, 0x31, 0x80, 0x40, 0x40, 0x0c, 0x80, 0x37, 0x40, 0x09, 0x80, 0x3c,
  0x40, 0x15, 0x86, 0x43, 0x40, 0x12, 0x96, 0x37, 0x55, 0x01, 0x94, 0x4c,
  0x69, 0x00, 0x94, 0x4f, 0x69, 0x00, 0x94, 0x54, 0x69, 0x00, 0x99, 0x2a,
  0x39, 0x00, 0x99, 0x36, 0x64, 0x02, 0x82, 0x48, 0x40, 0x00, 0x90, 0x30,
  0x41, 0x04, 0x91, 0x1f, 0x64, 0x04, 0x89, 0x2a, 0x40, 0x00, 0x89, 0x36,
  0x40, 0x01, 0x90, 0x37, 0x40, 0x09, 0x90, 0x3c, 0x41, 0x02, 0x80, 0x30,
  0x40, 0x09, 0x80, 0x37, 0x40, 0x09, 0x80, 0x3c, 0x40, 0x3b, 0x86, 0x37,
  0x40, 0x11, 0x96, 0x3c, 0x51, 0x05, 0x99, 0x2a, 0x2e, 0x0a, 0x89, 0x2a,
  0x40, 0x55, 0x86, 0x3c, 0x40, 0x13, 0x97, 0x48, 0x62, 0x03, 0x93, 0x3c,
  0x62, 0x01, 0x90, 0x3c, 0x5d, 0x00, 0x96, 0x40, 0x53, 0x01, 0xb2, 0x01,
  0x00, 0x00, 0x92, 0x4f, 0x6e, 0x00, 0x99, 0x36, 0x3c, 0x01, 0x99, 0x2e,
  0x32, 0x05, 0x93, 0x40, 0x66, 0x04, 0x89, 0x36, 0x40, 0x00, 0x90, 0x37,
  0x5f, 0x01, 0x89, 0x2e, 0x40, 0x07, 0x90, 0x30, 0x5c, 0x04, 0x93, 0x43,
  0x60, 0x2c, 0x81, 0x1f, 0x40, 0x0c, 0x83, 0x3c, 0x40, 0x08, 0x83, 0x40,
  0x40, 0x09, 0x87, 0x48, 0x40, 0x04, 0x86, 0x40, 0x40, 0x01, 0x82, 0x4f,
  0x40, 0x02, 0x83, 0x43, 0x40, 0x0e, 0x96, 0x43, 0x55, 0x2c, 0x84, 0x4c,
  0x40, 0x00, 0x84, 0x54, 0x40, 0x00, 0x84, 0x4f, 0x40, 0x13, 0x80, 0x3c,
  0x40, 0x0b, 0x80, 0x37, 0x40, 0x08, 0x80, 0x30, 0x40, 0x07, 0x85, 0x40,
  0x40, 0x00, 0x85, 0x3c, 0x40, 0x0b, 0x86, 0x43, 0x40, 0x13, 0x96, 0x3c,
  0x51, 0x03, 0x90, 0x3c, 0x3f, 0x02, 0x92, 0x51, 0x6a, 0x00, 0x95, 0x41,
  0x55, 0x00, 0x95, 0x45, 0x55, 0x00, 0x99, 0x36, 0x46, 0x01, 0x99, 0x2a,
  0x3d, 0x05, 0x91, 0x29, 0x64, 0x04, 0x89, 0x36, 0x40, 0x01, 0x89, 0x2a,
  0x40, 0x01, 0x90, 0x41, 0x42, 0x06, 0x80, 0x3c, 0x40, 0x02, 0x90, 0x45,
  0x41, 0x0c, 0x80, 0x41, 0x40, 0x08, 0x80, 0x45, 0x40, 0x3c, 0x82, 0x51,
  0x40, 0x18, 0x99, 0x2a, 0x32, 0x0a, 0x89, 0x2a, 0x40, 0x51, 0x86, 0x3c,
  0x40, 0x14, 0x96, 0x41, 0x52, 0x01, 0x97, 0x54, 0x63, 0x00, 0x92, 0x51,
  0x6a, 0x02, 0x99, 0x2e, 0x35, 0x01, 0x90, 0x45, 0x5c, 0x01, 0x93, 0x41,
  0x60, 0x00, 0x99, 0x36, 0x3c, 0x08, 0x89, 0x2e, 0x40, 0x00, 0x93, 0x45,
  0x5f, 0x01, 0x90, 0x41, 0x61, 0x01, 0x89, 0x36, 0x40, 0x07, 0x90, 0x3c,
  0x5c, 0x06, 0x93, 0x48, 0x64, 0x2b, 0x81, 0x29, 0x40, 0x0e, 0x83, 0x41,
  0x40, 0x08, 0x83, 0x45, 0x40, 0x07, 0x86, 0x41, 0x40, 0x01, 0x87, 0x54,
  0x40, 0x00, 0x82, 0x51, 0x40, 0x07, 0x83, 0x48, 0x40, 0x0f, 0x96, 0x45,
  0x56, 0x3d, 0x80, 0x45, 0x40, 0x0a, 0x80, 0x41, 0x40, 0x08, 0x80, 0x3c,
  0x40, 0x15, 0x86, 0x45, 0x40, 0x16, 0x99, 0x36, 0x64, 0x01, 0x96, 0x39,
  0x55, 0x03, 0x99, 0x2a, 0x3c, 0x00, 0x92, 0x4d, 0x70, 0x01, 0x90, 0x35,
  0x43, 0x03, 0x91, 0x24, 0x64, 0x02, 0x89, 0x36, 0x40, 0x00, 0x90, 0x3c,
  0x42, 0x04, 0x89, 0x2a, 0x40, 0x0b, 0x80, 0x35, 0x40, 0x01, 0x90, 0x41,
  0x41, 0x04, 0x80, 0x3c, 0x40, 0x10, 0x80, 0x41, 0x40, 0x3a, 0x82, 0x4d,
  0x40, 0x0b, 0x99, 0x2a, 0x35, 0x0a, 0x89, 0x2a, 0x40, 0x60, 0x86, 0x39,
  0x40, 0x0e, 0x96, 0x41, 0x51, 0x01, 0x99, 0x2e, 0x2e, 0x02, 0x90, 0x41,
  0x61, 0x00, 0x93, 0x41, 0x63, 0x02, 0x92, 0x51, 0x69, 0x00, 0x99, 0x36,
  0x3c, 0x01, 0x97, 0x48, 0x68, 0x05, 0x89, 0x2e, 0x40, 0x01, 0x93, 0x45,
  0x61, 0x03, 0x89, 0x36, 0x40, 0x01, 0x90, 0x3c, 0x61, 0x05, 0x93, 0x48,
  0x63, 0x04, 0x90, 0x35, 0x5c, 0x30, 0x81, 0x24, 0x40, 0x0a, 0x83, 0x41,
  0x40, 0x09, 0x83, 0x45, 0x40, 0x08, 0x86, 0x41, 0x40, 0x01, 0x83, 0x48,
  0x40, 0x04, 0x82, 0x51, 0x40, 0x01, 0x87, 0x48, 0x40, 0x0f, 0x96, 0x45,
  0x50, 0x3e, 0x80, 0x41, 0x40, 0x0d, 0x80, 0x3c, 0x40, 0x09, 0x80, 0x35,
  0x40, 0x10, 0x86, 0x45, 0x40, 0x0e, 0x85, 0x45, 0x40, 0x00, 0x85, 0x41,
  0x40, 0x0a, 0x95, 0x45, 0x55, 0x00, 0x95, 0x48, 0x55, 0x00, 0x99, 0x36,
  0x46, 0x00, 0x99, 0x2a, 0x3b, 0x02, 0x96, 0x3c, 0x50, 0x00, 0x90, 0x3c,
  0x3e, 0x00, 0x92, 0x54, 0x6f, 0x06, 0x91, 0x29, 0x64, 0x02, 0x89, 0x36,
  0x40, 0x00, 0x89, 0x2a, 0x40, 0x00, 0x90, 0x41, 0x40, 0x0a, 0x90, 0x45,
  0x42, 0x02, 0x80, 0x3c, 0x40, 0x08, 0x80, 0x41, 0x40, 0x0a, 0x80, 0x45,
  0x40, 0x3e, 0x82, 0x54, 0x40, 0x16, 0x99, 0x2a, 0x2e, 0x0a, 0x89, 0x2a,
  0x40, 0x58, 0x86, 0x3c, 0x40, 0x0d, 0x97, 0x54, 0x63, 0x04, 0x93, 0x41,
  0x64, 0x01, 0x99, 0x36, 0x3c, 0x01, 0x96, 0x41, 0x50, 0x01, 0x90, 0x41,
  0x60, 0x02, 0x92, 0x54, 0x6b, 0x00, 0x99, 0x2e, 0x31, 0x06, 0x89, 0x36,
  0x40, 0x00, 0x90, 0x45, 0x60, 0x00, 0x93, 0x45, 0x63, 0x04, 0x89, 0x2e,
  0x40, 0x06, 0x90, 0x3c, 0x60, 0x00, 0x93, 0x48, 0x68, 0x30, 0x81, 0x29,
  0x40, 0x0b, 0x83, 0x41, 0x40, 0x0b, 0x83, 0x45, 0x40, 0x05, 0x87, 0x54,
  0x40, 0x05, 0x83, 0x48, 0x40, 0x01, 0x86, 0x41, 0x40, 0x03, 0x82, 0x54,
  0x40, 0x0d, 0x96, 0x45, 0x56, 0x03, 0x99, 0x2a, 0x37, 0x0a, 0x89, 0x2a,
  0x40, 0x34, 0x80, 0x41, 0x40, 0x08, 0x80, 0x45, 0x40, 0x0a, 0x80, 0x3c,
  0x40, 0x11, 0x86, 0x45, 0x40, 0x11, 0x90, 0x35, 0x41, 0x05, 0x96, 0x39,
  0x51, 0x01, 0x99, 0x36, 0x64, 0x00, 0x92, 0x53, 0x72, 0x02, 0x99, 0x2a,
  0x3b, 0x07, 0x91, 0x24, 0x64, 0x01, 0x89, 0x36, 0x40, 0x00, 0x90, 0x3c,
  0x3f, 0x02, 0x89, 0x2a, 0x40, 0x02, 0x80, 0x35, 0x40, 0x06, 0x90, 0x41,
  0x40, 0x0a, 0x80, 0x3c, 0x40, 0x0a, 0x80, 0x41, 0x40, 0x3b, 0x86, 0x39,
  0x40, 0x01, 0x82, 0x53, 0x40, 0x0f, 0x99, 0x2a, 0x34, 0x08, 0x96, 0x3c,
  0x56, 0x02, 0x89, 0x2a, 0x40, 0x62, 0x86, 0x3c, 0x40, 0x0c, 0x99, 0x2a,
  0x30, 0x01, 0x97, 0x48, 0x62, 0x01, 0x90, 0x41, 0x5c, 0x01, 0x96, 0x41,
  0x57, 0x01, 0x93, 0x41, 0x61, 0x01, 0x92, 0x51, 0x6c, 0x00, 0x99, 0x36,
  0x3c, 0x01, 0x90, 0x3c, 0x5e, 0x04, 0x89, 0x2a, 0x40, 0x03, 0x93, 0x45,
  0x66, 0x02, 0x89, 0x36, 0x40, 0x09, 0x93, 0x48, 0x5f, 0x04, 0x90, 0x35,
  0x5c, 0x2e, 0x81, 0x24, 0x40, 0x0a, 0x83, 0x41, 0x40, 0x09, 0x83, 0x45,
  0x40, 0x08, 0x87, 0x48, 0x40, 0x02, 0x86, 0x41, 0x40, 0x01, 0x83, 0x48,
  0x40, 0x01, 0x82, 0x51, 0x40, 0x15, 0x99, 0x2a, 0x34, 0x03, 0x96, 0x45,
  0x58, 0x07, 0x89, 0x2a, 0x40, 0x2e, 0x80, 0x41, 0x40, 0x04, 0x80, 0x3c,
  0x40, 0x16, 0x80, 0x35, 0x40, 0x02, 0x85, 0x45, 0x40, 0x00, 0x85, 0x48,
  0x40, 0x13, 0x86, 0x45, 0x40, 0x0c, 0x96, 0x3c, 0x57, 0x04, 0x95, 0x43,
  0x5a, 0x00, 0x95, 0x40, 0x5a, 0x00, 0x99, 0x36, 0x46, 0x01, 0x99, 0x2a,
  0x3e, 0x01, 0x90, 0x37, 0x3e, 0x01, 0x92, 0x4f, 0x71, 0x06, 0x91, 0x24,
  0x64, 0x01, 0x89, 0x36, 0x40, 0x00, 0x90, 0x40, 0x42, 0x01, 0x89, 0x2a,
  0x40, 0x09, 0x90, 0x3c, 0x42, 0x02, 0x80, 0x37, 0x40, 0x08, 0x80, 0x40,
  0x40, 0x0a, 0x80, 0x3c, 0x40, 0x3f, 0x82, 0x4f, 0x40, 0x12, 0x99, 0x2a,
  0x30, 0x0a, 0x89, 0x2a, 0x40, 0x55, 0x86, 0x3c, 0x40, 0x10, 0x90, 0x40,
  0x5c, 0x03, 0x99, 0x2e, 0x35, 0x04, 0x92, 0x4f, 0x6f, 0x00, 0x93, 0x3c,
  0x65, 0x01, 0x99, 0x36, 0x3c, 0x04, 0x97, 0x54, 0x64, 0x00, 0x96, 0x40,
  0x58, 0x01, 0x89, 0x2e, 0x40, 0x00, 0x93, 0x40, 0x61, 0x04, 0x90, 0x3c,
  0x5c, 0x01, 0x89, 0x36, 0x40, 0x0a, 0x90, 0x37, 0x61, 0x03, 0x93, 0x43,
  0x60, 0x2e, 0x81, 0x24, 0x40, 0x0a, 0x83, 0x3c, 0x40, 0x06, 0x83, 0x40,
  0x40, 0x0e, 0x82, 0x4f, 0x40, 0x04, 0x83, 0x43, 0x40, 0x01, 0x87, 0x54,
  0x40, 0x00, 0x86, 0x40, 0x40, 0x0c, 0x96, 0x43, 0x56, 0x38, 0x80, 0x40,
  0x40, 0x11, 0x80, 0x3c, 0x40, 0x0b, 0x80, 0x37, 0x40, 0x10, 0x86, 0x43,
  0x40, 0x10, 0x90, 0x30, 0x43, 0x06, 0x96, 0x37, 0x54, 0x02, 0x99, 0x36,
  0x64, 0x00, 0x90, 0x37, 0x42, 0x02, 0x99, 0x2a, 0x3d, 0x01, 0x92, 0x4f,
  0x70, 0x06, 0x91, 0x1f, 0x64, 0x01, 0x89, 0x36, 0x40, 0x02, 0x80, 0x30,
  0x40, 0x00, 0x89, 0x2a, 0x40, 0x08, 0x80, 0x37, 0x40, 0x00, 0x90, 0x3c,
  0x41, 0x14, 0x80, 0x3c, 0x40, 0x3f, 0x82, 0x4f, 0x40, 0x0e, 0x99, 0x2a,
  0x30, 0x0a, 0x89, 0x2a, 0x40, 0x5b, 0x86, 0x37, 0x40, 0x10, 0x90, 0x3c,
  0x60, 0x01, 0x96, 0x40, 0x55, 0x01, 0x97, 0x48, 0x67, 0x00, 0x93, 0x3c,
  0x67, 0x04, 0x92, 0x4d, 0x6b, 0x00, 0x99, 0x36, 0x3c, 0x01, 0x99, 0x2e,
  0x2e, 0x04, 0x93, 0x40, 0x5f, 0x05, 0x89, 0x36, 0x40, 0x00, 0x90, 0x37,
  0x61, 0x01, 0x89, 0x2e, 0x40, 0x08, 0x93, 0x43, 0x62, 0x03, 0x90, 0x30,
  0x5c, 0x2f, 0x81, 0x1f, 0x40, 0x07, 0x83, 0x3c, 0x40, 0x09, 0x83, 0x40,
  0x40, 0x0a, 0x86, 0x40, 0x40, 0x01, 0x87, 0x48, 0x40, 0x03, 0x83, 0x43,
  0x40, 0x01, 0x82, 0x4d, 0x40, 0x13, 0x96, 0x43, 0x50, 0x37, 0x80, 0x3c,
  0x40, 0x10, 0x80, 0x37, 0x40, 0x0c, 0x80, 0x30, 0x40, 0x11, 0x86, 0x43,
  0x40, 0x0b, 0x85, 0x43, 0x40, 0x00, 0x85, 0x40, 0x40, 0x05, 0x96, 0x3c,
  0x50, 0x01, 0x92, 0x4c, 0x6a, 0x02, 0x99, 0x2a, 0x3b, 0x02, 0xb2, 0x01,
  0x00, 0x00, 0x99, 0x36, 0x46, 0x00, 0x95, 0x3c, 0x5a, 0x00, 0x95, 0x40,
  0x5a, 0x01, 0x90, 0x37, 0x40, 0x07, 0x89, 0x2a, 0x40, 0x01, 0x91, 0x24,
  0x64, 0x01, 0x89, 0x36, 0x40, 0x00, 0x90, 0x3c, 0x42, 0x0a, 0x90, 0x40,
  0x3f, 0x01, 0x80, 0x37, 0x40, 0x09, 0x80, 0x3c, 0x40, 0x0a, 0x80, 0x40,
  0x40, 0x50, 0xb2, 0x01, 0x04, 0x01, 0x99, 0x2a, 0x2f, 0x0a, 0x89, 0x2a,
  0x40, 0x54, 0x86, 0x3c, 0x40, 0x16, 0x90, 0x40, 0x5e, 0x00, 0x96, 0x40,
  0x57, 0x02, 0x93, 0x3c, 0x60, 0x01, 0xb2, 0x01, 0x08, 0x00, 0x94, 0x54,
  0x69, 0x00, 0x94, 0x4c, 0x69, 0x00, 0x94, 0x5b, 0x69, 0x00, 0x99, 0x2e,
  0x33, 0x00, 0x99, 0x36, 0x3c, 0x00, 0x97, 0x54, 0x65, 0x0a, 0x89, 0x2e,
  0x40, 0x00, 0x89, 0x36, 0x40, 0x01, 0x90, 0x3c, 0x5e, 0x02, 0x93, 0x40,
  0x61, 0x02, 0x93, 0x43, 0x63, 0x06, 0x90, 0x37, 0x5c, 0x30, 0x81, 0x24,
  0x40, 0x0a, 0x83, 0x3c, 0x40, 0x01, 0x84, 0x4c, 0x40, 0x00, 0x84, 0x54,
  0x40, 0x00, 0x84, 0x5b, 0x40, 0x0d, 0x83, 0x40, 0x40, 0x02, 0x83, 0x43,
  0x40, 0x02, 0x86, 0x40, 0x40, 0x03, 0x87, 0x54, 0x40, 0x11, 0x96, 0x43,
  0x56, 0x03, 0xb2, 0x01, 0x0c, 0x00, 0x99, 0x2a, 0x37, 0x0a, 0x89, 0x2a,
  0x40, 0x2f, 0x80, 0x40, 0x40, 0x0e, 0x80, 0x3c, 0x40, 0x0a, 0x80, 0x37,
  0x40, 0x10, 0x86, 0x43, 0x40, 0x13, 0x82, 0x4c, 0x40, 0x03, 0x90, 0x30,
  0x3f, 0x01, 0x99, 0x2a, 0x39, 0x00, 0x99, 0x36, 0x64, 0x00, 0x94, 0x4f,
  0x69, 0x00, 0x94, 0x58, 0x69, 0x00, 0x94, 0x54, 0x69, 0x01, 0x96, 0x37,
  0x55, 0x05, 0x91, 0x1f, 0x64, 0x03, 0x90, 0x37, 0x40, 0x01, 0x89, 0x2a,
  0x40, 0x00, 0x89, 0x36, 0x40, 0x09, 0x80, 0x30, 0x40, 0x01, 0x90, 0x3c,
  0x43, 0x09, 0x80, 0x37, 0x40, 0x0b, 0x80, 0x3c, 0x40, 0x28, 0x84, 0x54,
  0x40, 0x00, 0x84, 0x58, 0x40, 0x00, 0x84, 0x4f, 0x40, 0x15, 0x86, 0x37,
  0x40, 0x0f, 0x96, 0x3c, 0x58, 0x05, 0x99, 0x2a, 0x2e, 0x0a, 0x89, 0x2a,
  0x40, 0x55, 0x86, 0x3c, 0x40, 0x14, 0x92, 0x4f, 0x6e, 0x03, 0x96, 0x40,
  0x52, 0x01, 0xb2, 0x01, 0x00, 0x00, 0x94, 0x54, 0x69, 0x00, 0x94, 0x58,
  0x69, 0x00, 0x94, 0x5b, 0x69, 0x00, 0x99, 0x36, 0x3c, 0x01, 0x97, 0x48,
  0x64, 0x00, 0x99, 0x2e, 0x32, 0x00, 0x90, 0x3c, 0x61, 0x00, 0x93, 0x3c,
  0x65, 0x09, 0x89, 0x36, 0x40, 0x00, 0x90, 0x37, 0x60, 0x01, 0x89, 0x2e,
  0x40, 0x02, 0x93, 0x40, 0x5f, 0x03, 0x93, 0x43, 0x61, 0x04, 0x90, 0x30,
  0x5c, 0x2e, 0x81, 0x1f, 0x40, 0x0f, 0x83, 0x3c, 0x40, 0x0c, 0x83, 0x40,
  0x40, 0x03, 0x83, 0x43, 0x40, 0x03, 0x86, 0x40, 0x40, 0x02, 0x87, 0x48,
  0x40, 0x15, 0x96, 0x43, 0x52, 0x36, 0x82, 0x4f, 0x40, 0x04, 0x84, 0x5b,
  0x40, 0x00, 0x84, 0x54, 0x40, 0x00, 0x84, 0x58, 0x40, 0x01, 0x80, 0x3c,
  0x40, 0x09, 0x80, 0x37, 0x40, 0x0a, 0x80, 0x30, 0x40, 0x05, 0x85, 0x3c,
  0x40, 0x00, 0x85, 0x40, 0x40, 0x11, 0x86, 0x43, 0x40, 0x0f, 0x90, 0x3c,
  0x43, 0x03, 0x95, 0x41, 0x5a, 0x00, 0x95, 0x45, 0x5a, 0x00, 0x94, 0x54,
  0x69, 0x00, 0x94, 0x59, 0x69, 0x00, 0x94, 0x5d, 0x69, 0x00, 0x99, 0x36,
  0x46, 0x01, 0x99, 0x2a, 0x3d, 0x00, 0x92, 0x51, 0x70, 0x01, 0x96, 0x3c,
  0x54, 0x05, 0x91, 0x29, 0x64, 0x03, 0x89, 0x36, 0x40, 0x00, 0x90, 0x41,
  0x40, 0x01, 0x89, 0x2a, 0x40, 0x06, 0x80, 0x3c, 0x40, 0x02, 0x90, 0x45,
  0x40, 0x0b, 0x80, 0x41, 0x40, 0x09, 0x80, 0x45, 0x40, 0x3d, 0x84, 0x54,
  0x40, 0x00, 0x84, 0x59, 0x40, 0x00, 0x84, 0x5d, 0x40, 0x01, 0x82, 0x51,
  0x40, 0x17, 0x99, 0x2a, 0x32, 0x0a, 0x89, 0x2a, 0x40, 0x58, 0x86, 0x3c,
  0x40, 0x10, 0x99, 0x2e, 0x35, 0x01, 0x97, 0x54, 0x5f, 0x00, 0x96, 0x41,
  0x51, 0x01, 0x99, 0x36, 0x3c, 0x01, 0x90, 0x45, 0x5c, 0x01, 0x93, 0x41,
  0x65, 0x01, 0x92, 0x51, 0x69, 0x05, 0x89, 0x2e, 0x40, 0x02, 0x89, 0x36,
  0x40, 0x02, 0x90, 0x41, 0x61, 0x00, 0x93, 0x45, 0x61, 0x09, 0x93, 0x48,
  0x63, 0x02, 0x90, 0x3c, 0x60, 0x2c, 0x81, 0x29, 0x40, 0x0f, 0x83, 0x41,
  0x40, 0x0a, 0x83, 0x45, 0x40, 0x07, 0x87, 0x54, 0x40, 0x00, 0x86, 0x41,
  0x40, 0x02, 0x83, 0x48, 0x40, 0x02, 0x82, 0x51, 0x40, 0x10, 0x96, 0x45,
  0x59, 0x3e, 0x80, 0x45, 0x40, 0x0b, 0x80, 0x41, 0x40, 0x0b, 0x80, 0x3c,
  0x40, 0x10, 0x86, 0x45, 0x40, 0x12, 0x96, 0x39, 0x59, 0x02, 0x90, 0x35,
  0x43, 0x01, 0x92, 0x4d, 0x6c, 0x00, 0x99, 0x36, 0x64, 0x04, 0x99, 0x2a,
  0x3c, 0x04, 0x91, 0x24, 0x64, 0x02, 0x89, 0x36, 0x40, 0x03, 0x90, 0x3c,
  0x3f, 0x01, 0x89, 0x2a, 0x40, 0x05, 0x80, 0x35, 0x40, 0x01, 0x90, 0x41,
  0x43, 0x0d, 0x80, 0x3c, 0x40, 0x07, 0x80, 0x41, 0x40, 0x3c, 0x82, 0x4d,
  0x40, 0x0f, 0x99, 0x2a, 0x35, 0x0a, 0x89, 0x2a, 0x40, 0x5c, 0x86, 0x39,
  0x40, 0x13, 0x93, 0x41, 0x65, 0x00, 0x99, 0x2e, 0x2e, 0x04, 0x99, 0x36,
  0x3c, 0x00, 0x97, 0x48, 0x5f, 0x01, 0x96, 0x41, 0x57, 0x00, 0x92, 0x51,
  0x6f, 0x02, 0x90, 0x41, 0x61, 0x03, 0x89, 0x2e, 0x40, 0x03, 0x93, 0x45,
  0x60, 0x01, 0x89, 0x36, 0x40, 0x02, 0x90, 0x3c, 0x5e, 0x04, 0x93, 0x48,
  0x64, 0x0a, 0x90, 0x35, 0x5e, 0x2a, 0x81, 0x24, 0x40, 0x08, 0x83, 0x41,
  0x40, 0x0d, 0x83, 0x45, 0x40, 0x07, 0x83, 0x48, 0x40, 0x04, 0x87, 0x48,
  0x40, 0x01, 0x86, 0x41, 0x40, 0x00, 0x82, 0x51, 0x40, 0x11, 0x96, 0x45,
  0x53, 0x41, 0x80, 0x41, 0x40, 0x09, 0x80, 0x3c, 0x40, 0x0e, 0x80, 0x35,
  0x40, 0x0c, 0x86, 0x45, 0x40, 0x0c, 0x85, 0x41, 0x40, 0x00, 0x85, 0x45,
  0x40, 0x08, 0x90, 0x3c, 0x3e, 0x00, 0x96, 0x3c, 0x57, 0x02, 0x95, 0x45,
  0x5a, 0x00, 0x95, 0x48, 0x5a, 0x00, 0x99, 0x36, 0x46, 0x00, 0x99, 0x2a,
  0x3b, 0x00, 0x92, 0x54, 0x6a, 0x06, 0x91, 0x29, 0x64, 0x04, 0x89, 0x36,
  0x40, 0x00, 0x89, 0x2a, 0x40, 0x00, 0x90, 0x41, 0x42, 0x08, 0x80, 0x3c,
  0x40, 0x04, 0x90, 0x45, 0x41, 0x08, 0x80, 0x41, 0x40, 0x0c, 0x80, 0x45,
  0x40, 0x3a, 0x82, 0x54, 0x40, 0x18, 0x99, 0x2a, 0x2e, 0x0a, 0x89, 0x2a,
  0x40, 0x54, 0x86, 0x3c, 0x40, 0x12, 0x93, 0x41, 0x68, 0x00, 0x96, 0x41,
  0x53, 0x03, 0x92, 0x54, 0x6f, 0x01, 0x99, 0x36, 0x3c, 0x00, 0x97, 0x54,
  0x67, 0x03, 0x90, 0x45, 0x61, 0x01, 0x99, 0x2e, 0x31, 0x03, 0x93, 0x45,
  0x63, 0x03, 0x89, 0x36, 0x40, 0x00, 0x90, 0x41, 0x5e, 0x04, 0x89, 0x2e,
  0x40, 0x06, 0x90, 0x3c, 0x61, 0x01, 0x93, 0x48, 0x67, 0x2d, 0x81, 0x29,
  0x40, 0x0a, 0x83, 0x41, 0x40, 0x0b, 0x83, 0x45, 0x40, 0x09, 0x86, 0x41,
  0x40, 0x03, 0x82, 0x54, 0x40, 0x01, 0x87, 0x54, 0x40, 0x01, 0x83, 0x48,
  0x40, 0x13, 0x99, 0x2a, 0x37, 0x02, 0x96, 0x45, 0x54, 0x08, 0x89, 0x2a,
  0x40, 0x35, 0x80, 0x45, 0x40, 0x07, 0x80, 0x41, 0x40, 0x0a, 0x80, 0x3c,
  0x40, 0x16, 0x86, 0x45, 0x40, 0x0d, 0x96, 0x39, 0x53, 0x05, 0x99, 0x36,
  0x64, 0x01, 0x90, 0x35, 0x3f, 0x01, 0x92, 0x53, 0x69, 0x00, 0x99, 0x2a,
  0x3b, 0x02, 0x91, 0x24, 0x64, 0x06, 0x89, 0x36, 0x40, 0x00, 0x90, 0x3c,
  0x42, 0x02, 0x89, 0x2a, 0x40, 0x09, 0x80, 0x35, 0x40, 0x00, 0x90, 0x41,
  0x3e, 0x09, 0x80, 0x3c, 0x40, 0x0b, 0x80, 0x41, 0x40, 0x36, 0x86, 0x39,
  0x40, 0x07, 0x82, 0x53, 0x40, 0x0d, 0x99, 0x2a, 0x34, 0x05, 0x96, 0x3c,
  0x55, 0x05, 0x89, 0x2a, 0x40, 0x5f, 0x86, 0x3c, 0x40, 0x0b, 0x90, 0x41,
  0x5d, 0x04, 0x99, 0x2a, 0x30, 0x02, 0x96, 0x41, 0x57, 0x02, 0x92, 0x54,
  0x72, 0x01, 0x99, 0x36, 0x3c, 0x02, 0x97, 0x48, 0x66, 0x00, 0x93, 0x41,
  0x61, 0x03, 0x89, 0x2a, 0x40, 0x00, 0x93, 0x45, 0x67, 0x05, 0x89, 0x36,
  0x40, 0x03, 0x90, 0x3c, 0x60, 0x07, 0x90, 0x35, 0x5f, 0x04, 0x93, 0x48,
  0x62, 0x28, 0x81, 0x24, 0x40, 0x12, 0x83, 0x41, 0x40, 0x03, 0x83, 0x45,
  0x40, 0x0c, 0x86, 0x41, 0x40, 0x02, 0x82, 0x54, 0x40, 0x03, 0x87, 0x48,
  0x40, 0x02, 0x83, 0x48, 0x40, 0x0d, 0x96, 0x45, 0x55, 0x04, 0x99, 0x2a,
  0x34, 0x0a, 0x89, 0x2a, 0x40, 0x28, 0x80, 0x41, 0x40, 0x16, 0x80, 0x3c,
  0x40, 0x07, 0x80, 0x35, 0x40, 0x05, 0x85, 0x48, 0x40, 0x00, 0x85, 0x45,
  0x40, 0x0c, 0x86, 0x45, 0x40, 0x10, 0x90, 0x3e, 0x42, 0x07, 0x99, 0x36,
  0x46, 0x00, 0x96, 0x3e, 0x5e, 0x00, 0x95, 0x43, 0x5a, 0x00, 0x95, 0x47,
  0x5a, 0x01, 0x99, 0x2a, 0x3e, 0x03, 0x92, 0x56, 0x6b, 0x02, 0x91, 0x2b,
  0x64, 0x04, 0x89, 0x36, 0x40, 0x00, 0x90, 0x43, 0x40, 0x01, 0x89, 0x2a,
  0x40, 0x02, 0x80, 0x3e, 0x40, 0x0c, 0x90, 0x47, 0x3e, 0x05, 0x80, 0x43,
  0x40, 0x08, 0x96, 0x43, 0x5d, 0x07, 0x80, 0x47, 0x40, 0x1c, 0x96, 0x47,
  0x61, 0x1f, 0x82, 0x56, 0x40, 0x11, 0x99, 0x2a, 0x30, 0x0a, 0x89, 0x2a,
  0x40, 0x68, 0x99, 0x2e, 0x35, 0x01, 0x92, 0x56, 0x6f, 0x01, 0x97, 0x54,
  0x61, 0x02, 0x93, 0x43, 0x60, 0x01, 0x99, 0x36, 0x3c, 0x01, 0x90, 0x47,
  0x5c, 0x04, 0x89, 0x2e, 0x40, 0x05, 0x89, 0x36, 0x40, 0x00, 0x90, 0x43,
  0x60, 0x01, 0x93, 0x47, 0x61, 0x09, 0x90, 0x3e, 0x5f, 0x02, 0x93, 0x4a,
  0x62, 0x26, 0x86, 0x3e, 0x40, 0x06, 0x81, 0x2b, 0x40, 0x0d, 0x83, 0x43,
  0x40, 0x0c, 0x83, 0x47, 0x40, 0x05, 0x82, 0x56, 0x40, 0x01, 0x87, 0x54,
  0x40, 0x01, 0x86, 0x43, 0x40, 0x04, 0x83, 0x4a, 0x40, 0x1f, 0x86, 0x47,
  0x40, 0x30, 0x80, 0x47, 0x40, 0x09, 0x80, 0x43, 0x40, 0x0a, 0x80, 0x3e,
  0x40, 0x1e, 0x85, 0x43, 0x40, 0x00, 0x85, 0x47, 0x40, 0x06, 0x92, 0x53,
  0x6f, 0x02, 0x90, 0x3b, 0x3e, 0x00, 0x96, 0x3b, 0x51, 0x02, 0x95, 0x3e,
  0x5a, 0x00, 0x95, 0x43, 0x5a, 0x00, 0x99, 0x36, 0x64, 0x02, 0x99, 0x2a,
  0x3d, 0x05, 0x90, 0x3e, 0x40, 0x01, 0x91, 0x26, 0x64, 0x02, 0x89, 0x36,
  0x40, 0x02, 0x89, 0x2a, 0x40, 0x06, 0x80, 0x3b, 0x40, 0x00, 0x90, 0x43,
  0x3e, 0x09, 0x80, 0x3e, 0x40, 0x06, 0x96, 0x3e, 0x5b, 0x05, 0x80, 0x43,
  0x40, 0x1a, 0x96, 0x43, 0x52, 0x20, 0x82, 0x53, 0x40, 0x15, 0x99, 0x2a,
  0x30, 0x0a, 0x89, 0x2a, 0x40, 0x6d, 0x90, 0x43, 0x60, 0x04, 0x99, 0x36,
  0x3c, 0x01, 0x97, 0x54, 0x63, 0x00, 0x99, 0x2e, 0x2e, 0x00, 0x93, 0x43,
  0x65, 0x02, 0x92, 0x51, 0x6b, 0x07, 0x89, 0x36, 0x40, 0x00, 0x90, 0x3e,
  0x61, 0x01, 0x89, 0x2e, 0x40, 0x02, 0x93, 0x47, 0x68, 0x03, 0x93, 0x4a,
  0x68, 0x06, 0x90, 0x3b, 0x60, 0x24, 0x86, 0x3b, 0x40, 0x0a, 0x81, 0x26,
  0x40, 0x0d, 0x83, 0x43, 0x40, 0x0c, 0x86, 0x3e, 0x40, 0x00, 0x83, 0x47,
  0x40, 0x03, 0x83, 0x4a, 0x40, 0x05, 0x87, 0x54, 0x40, 0x02, 0x82, 0x51,
  0x40, 0x15, 0x86, 0x43, 0x40, 0x34, 0x80, 0x43, 0x40, 0x0e, 0x80, 0x3e,
  0x40, 0x0c, 0x80, 0x3b, 0x40, 0x1c, 0x85, 0x3e, 0x40, 0x00, 0x85, 0x43,
  0x40, 0x06, 0x92, 0x4f, 0x6b, 0x02, 0x99, 0x2a, 0x3b, 0x01, 0x93, 0x3e,
  0x64, 0x01, 0x99, 0x36, 0x46, 0x00, 0x95, 0x3e, 0x5a, 0x00, 0x95, 0x37,
  0x5a, 0x02, 0x96, 0x3b, 0x62, 0x00, 0x90, 0x3b, 0x3e, 0x06, 0x89, 0x2a,
  0x40, 0x00, 0x91, 0x2b, 0x64, 0x01, 0x93, 0x43, 0x61, 0x01, 0x89, 0x36,
  0x40, 0x03, 0x90, 0x3e, 0x40, 0x07, 0x90, 0x41, 0x42, 0x00, 0x93, 0x47,
  0x68, 0x02, 0x80, 0x3b, 0x40, 0x0b, 0x80, 0x3e, 0x40, 0x07, 0x80, 0x41,
  0x40, 0x09, 0x96, 0x3e, 0x50, 0x1a, 0x96, 0x41, 0x5f, 0x04, 0x83, 0x3e,
  0x40, 0x0a, 0x83, 0x43, 0x40, 0x07, 0x82, 0x4f, 0x40, 0x04, 0x83, 0x47,
  0x40, 0x15, 0x99, 0x2a, 0x2f, 0x0a, 0x89, 0x2a, 0x40, 0x11, 0x81, 0x2b,
  0x40, 0x56, 0x90, 0x41, 0x60, 0x01, 0x97, 0x54, 0x60, 0x01, 0x93, 0x45,
  0x61, 0x04, 0x99, 0x36, 0x3c, 0x00, 0x99, 0x2e, 0x33, 0x00, 0x94, 0x53,
  0x69, 0x00, 0x94, 0x56, 0x69, 0x00, 0x94, 0x59, 0x69, 0x01, 0x92, 0x4d,
  0x6e, 0x06, 0x91, 0x29, 0x64, 0x03, 0x89, 0x36, 0x40, 0x00, 0x89, 0x2e,
  0x40, 0x02, 0x93, 0x41, 0x64, 0x06, 0x90, 0x3e, 0x5d, 0x02, 0x93, 0x3c,
  0x64, 0x05, 0x90, 0x3b, 0x5e, 0x01, 0x83, 0x45, 0x40, 0x10, 0x83, 0x41,
  0x40, 0x08, 0x83, 0x3c, 0x40, 0x0c, 0x86, 0x3b, 0x40, 0x12, 0x84, 0x53,
  0x40, 0x00, 0x84, 0x59, 0x40, 0x00, 0x84, 0x56, 0x40, 0x0f, 0x87, 0x54,
  0x40, 0x06, 0x82, 0x4d, 0x40, 0x08, 0x86, 0x3e, 0x40, 0x0b, 0x99, 0x2a,
  0x37, 0x0a, 0x89, 0x2a, 0x40, 0x05, 0x86, 0x41, 0x40, 0x0c, 0x81, 0x29,
  0x40, 0x1b, 0x80, 0x41, 0x40, 0x18, 0x80, 0x3e, 0x40, 0x07, 0x80, 0x3b,
  0x40, 0x20, 0x97, 0x48, 0x68, 0x02, 0x96, 0x37, 0x5d, 0x00, 0x90, 0x37,
  0x3f, 0x01, 0x93, 0x3b, 0x63, 0x00, 0x94, 0x4f, 0x69, 0x00, 0x94, 0x53,
  0x69, 0x00, 0x94, 0x56, 0x69, 0x00, 0x99, 0x36, 0x64, 0x00, 0x99, 0x2a,
  0x39, 0x02, 0x92, 0x4a, 0x69, 0x07, 0x91, 0x26, 0x64, 0x01, 0x89, 0x36,
  0x40, 0x00, 0x89, 0x2a, 0x40, 0x00, 0x90, 0x37, 0x3f, 0x03, 0x93, 0x3e,
  0x67, 0x03, 0x93, 0x43, 0x65, 0x03, 0x80, 0x37, 0x40, 0x01, 0x90, 0x3e,
  0x43, 0x0a, 0x80, 0x37, 0x40, 0x0a, 0x80, 0x3e, 0x40, 0x16, 0x96, 0x3b,
  0x4b, 0x0f, 0x96, 0x3e, 0x58, 0x14, 0x87, 0x48, 0x40, 0x18, 0x99, 0x2a,
  0x2e, 0x0a, 0x89, 0x2a, 0x40, 0x45, 0x85, 0x37, 0x40, 0x00, 0x85, 0x3e,
  0x40, 0x16, 0x82, 0x4a, 0x40, 0x0e, 0x92, 0x4c, 0x6c, 0x01, 0x90, 0x3e,
  0x5d, 0x03, 0x99, 0x36, 0x3c, 0x01, 0x99, 0x2e, 0x32, 0x01, 0x90, 0x3b,
  0x60, 0x08, 0x89, 0x36, 0x40, 0x01, 0x89, 0x2e, 0x40, 0x0c, 0x90, 0x37,
  0x5f, 0x24, 0x86, 0x37, 0x40, 0x0a, 0x81, 0x26, 0x40, 0x1f, 0xe2, 0x32,
  0x42, 0x14, 0xe2, 0x64, 0x44, 0x02, 0x86, 0x3b, 0x40, 0x0f, 0x86, 0x3e,
  0x40, 0x17, 0x84, 0x4f, 0x40, 0x00, 0x84, 0x53, 0x40, 0x00, 0x84, 0x56,
  0x40, 0x00, 0x83, 0x3b, 0x40, 0x0d, 0x83, 0x3e, 0x40, 0x03, 0x83, 0x43,
  0x40, 0x01, 0x80, 0x3e, 0x40, 0x05, 0x80, 0x3b, 0x40, 0x15, 0x80, 0x37,
  0x40, 0x0d, 0x82, 0x4c, 0x40, 0x0e, 0xe2, 0x00, 0x40, 0x07, 0x90, 0x3c,
  0x3e, 0x03, 0x92, 0x4f, 0x72, 0x00, 0x99, 0x36, 0x46, 0x00, 0x95, 0x40,
  0x5a, 0x00, 0x95, 0x43, 0x5a, 0x01, 0x99, 0x2a, 0x3d, 0x03, 0x96, 0x3c,
  0x59, 0x05, 0x91, 0x24, 0x64, 0x01, 0x89, 0x36, 0x40, 0x01, 0x89, 0x2a,
  0x40, 0x00, 0x90, 0x40, 0x3f, 0x06, 0x80, 0x3c, 0x40, 0x05, 0x90, 0x43,
  0x42, 0x09, 0x80, 0x40, 0x40, 0x0b, 0x80, 0x43, 0x40, 0x3a, 0x82, 0x4f,
  0x40, 0x18, 0x99, 0x2a, 0x32, 0x0a, 0x89, 0x2a, 0x40, 0x5a, 0x86, 0x3c,
  0x40, 0x0c, 0x92, 0x4f, 0x6d, 0x02, 0x99, 0x2e, 0x35, 0x01, 0x96, 0x40,
  0x55, 0x00, 0x90, 0x43, 0x5f, 0x01, 0x99, 0x36, 0x3c, 0x02, 0x97, 0x54,
  0x63, 0x02, 0x93, 0x3c, 0x5f, 0x01, 0x93, 0x40, 0x5f, 0x03, 0x89, 0x2e,
  0x40, 0x02, 0x89, 0x36, 0x40, 0x03, 0x90, 0x40, 0x60, 0x06, 0x93, 0x43,
  0x5f, 0x03, 0x90, 0x3c, 0x5d, 0x2f, 0x81, 0x24, 0x40, 0x0f, 0x83, 0x3c,
  0x40, 0x01, 0x83, 0x40, 0x40, 0x0b, 0x82, 0x4f, 0x40, 0x03, 0x83, 0x43,
  0x40, 0x00, 0x86, 0x40, 0x40, 0x03, 0x87, 0x54, 0x40, 0x15, 0x96, 0x43,
  0x51, 0x38, 0x80, 0x43, 0x40, 0x0e, 0x80, 0x40, 0x40, 0x09, 0x80, 0x3c,
  0x40, 0x15, 0x86, 0x43, 0x40, 0x0d, 0x96, 0x37, 0x57, 0x03, 0x92, 0x51,
  0x70, 0x01, 0x99, 0x36, 0x64, 0x01, 0x90, 0x3c, 0x43, 0x03, 0x99, 0x2a,
  0x3c, 0x02, 0x91, 0x1f, 0x64, 0x04, 0x89, 0x36, 0x40, 0x00, 0x90, 0x37,
  0x42, 0x04, 0x89, 0x2a, 0x40, 0x07, 0x80, 0x3c, 0x40, 0x00, 0x90, 0x40,
  0x3e, 0x09, 0x80, 0x37, 0x40, 0x0b, 0x80, 0x40, 0x40, 0x3a, 0x82, 0x51,
  0x40, 0x10, 0x99, 0x2a, 0x35, 0x0a, 0x89, 0x2a, 0x40, 0x5b, 0x86, 0x37,
  0x40, 0x13, 0x93, 0x3c, 0x67, 0x01, 0x99, 0x2e, 0x2e, 0x01, 0x90, 0x40,
  0x5d, 0x02, 0x92, 0x4f, 0x6e, 0x01, 0x99, 0x36, 0x3c, 0x01, 0x96, 0x40,
  0x54, 0x02, 0x97, 0x48, 0x65, 0x02, 0x93, 0x40, 0x66, 0x01, 0x89, 0x2e,
  0x40, 0x04, 0x89, 0x36, 0x40, 0x04, 0x90, 0x3c, 0x5d, 0x07, 0x90, 0x37,
  0x5c, 0x00, 0x93, 0x43, 0x67, 0x2d, 0x81, 0x1f, 0x40, 0x09, 0x83, 0x3c,
  0x40, 0x0a, 0x83, 0x40, 0x40, 0x0e, 0x82, 0x4f, 0x40, 0x02, 0x86, 0x40,
  0x40, 0x00, 0x83, 0x43, 0x40, 0x02, 0x87, 0x48, 0x40, 0x15, 0x96, 0x43,
  0x51, 0x35, 0x80, 0x40, 0x40, 0x11, 0x80, 0x3c, 0x40, 0x07, 0x80, 0x37,
  0x40, 0x17, 0x86, 0x43, 0x40, 0x06, 0x85, 0x40, 0x40, 0x00, 0x85, 0x43,
  0x40, 0x06, 0x90, 0x3c, 0x3e, 0x00, 0x92, 0x4c, 0x70, 0x04, 0x95, 0x3c,
  0x5a, 0x00, 0x95, 0x40, 0x5a, 0x00, 0x99, 0x36, 0x46, 0x00, 0x99, 0x2a,
  0x3b, 0x02, 0x96, 0x3c, 0x51, 0x00, 0x91, 0x24, 0x64, 0x08, 0x89, 0x36,
  0x40, 0x00, 0x89, 0x2a, 0x40, 0x00, 0x90, 0x40, 0x42, 0x06, 0x80, 0x3c,
  0x40, 0x03, 0x90, 0x43, 0x3f, 0x0b, 0x80, 0x40, 0x40, 0x09, 0x80, 0x43,
  0x40, 0x39, 0x82, 0x4c, 0x40, 0x1c, 0x99, 0x2a, 0x2e, 0x0a, 0x89, 0x2a,
  0x40, 0x58, 0x86, 0x3c, 0x40, 0x0f, 0x92, 0x4a, 0x6c, 0x00, 0x93, 0x3c,
  0x62, 0x03, 0x99, 0x36, 0x3c, 0x01, 0x96, 0x40, 0x59, 0x03, 0x97, 0x54,
  0x67, 0x00, 0x99, 0x2e, 0x31, 0x03, 0x90, 0x43, 0x5e, 0x03, 0x89, 0x36,
  0x40, 0x00, 0x93, 0x40, 0x61, 0x03, 0x90, 0x40, 0x5f, 0x01, 0x89, 0x2e,
  0x40, 0x07, 0x90, 0x3c, 0x5c, 0x01, 0x93, 0x40, 0x5f, 0x28, 0x81, 0x24,
  0x40, 0x0f, 0x83, 0x3c, 0x40, 0x0d, 0x83, 0x40, 0x40, 0x07, 0x82, 0x4a,
  0x40, 0x04, 0x86, 0x40, 0x40, 0x01, 0x83, 0x40, 0x40, 0x02, 0x87, 0x54,
  0x40, 0x0c, 0x96, 0x43, 0x56, 0x04, 0x99, 0x2a, 0x37, 0x0a, 0x89, 0x2a,
  0x40, 0x39, 0x80, 0x43, 0x40, 0x06, 0x80, 0x40, 0x40, 0x08, 0x80, 0x3c,
  0x40, 0x0f, 0x86, 0x43, 0x40, 0x13, 0x92, 0x48, 0x6a, 0x00, 0x96, 0x37,
  0x57, 0x05, 0x99, 0x36, 0x64, 0x00, 0x90, 0x37, 0x42, 0x02, 0x99, 0x2a,
  0x3b, 0x04, 0x91, 0x1f, 0x64, 0x04, 0x89, 0x36, 0x40, 0x01, 0x90, 0x3c,
  0x42, 0x01, 0x89, 0x2a, 0x40, 0x08, 0x80, 0x37, 0x40, 0x04, 0x90, 0x40,
  0x41, 0x07, 0x80, 0x3c, 0x40, 0x0d, 0x80, 0x40, 0x40, 0x33, 0x82, 0x48,
  0x40, 0x00, 0x86, 0x37, 0x40, 0x14, 0x99, 0x2a, 0x34, 0x08, 0x96, 0x3c,
  0x52, 0x02, 0x89, 0x2a, 0x40, 0x62, 0x86, 0x3c, 0x40, 0x0c, 0x92, 0x4c,
  0x6b, 0x00, 0x96, 0x40, 0x51, 0x00, 0x99, 0x2a, 0x30, 0x01, 0x93, 0x3c,
  0x68, 0x02, 0x90, 0x40, 0x5f, 0x02, 0x99, 0x36, 0x3c, 0x02, 0x97, 0x48,
  0x61, 0x03, 0x89, 0x2a, 0x40, 0x01, 0x90, 0x3c, 0x5e, 0x04, 0x89, 0x36,
  0x40, 0x02, 0x93, 0x40, 0x68, 0x03, 0x90, 0x37, 0x60, 0x05, 0x93, 0x43,
  0x61, 0x2e, 0x81, 0x1f, 0x40, 0x0a, 0x83, 0x3c, 0x40, 0x10, 0x83, 0x40,
  0x40, 0x03, 0x82, 0x4c, 0x40, 0x00, 0x86, 0x40, 0x40, 0x05, 0x83, 0x43,
  0x40, 0x02, 0x87, 0x48, 0x40, 0x11, 0x96, 0x43, 0x56, 0x02, 0x99, 0x2a,
  0x34, 0x0a, 0x89, 0x2a, 0x40, 0x2f, 0x80, 0x40, 0x40, 0x08, 0x80, 0x3c,
  0x40, 0x09, 0x80, 0x37, 0x40, 0x0a, 0x85, 0x3c, 0x40, 0x00, 0x85, 0x40,
  0x40, 0x0e, 0x86, 0x43, 0x40, 0x10, 0x90, 0x39, 0x43, 0x05, 0x99, 0x36,
  0x46, 0x00, 0x95, 0x3e, 0x5a, 0x00, 0x95, 0x41, 0x5a, 0x01, 0x96, 0x3e,
  0x53, 0x00, 0x99, 0x2a, 0x3e, 0x02, 0x92, 0x4a, 0x6b, 0x04, 0x91, 0x26,
  0x64, 0x01, 0x90, 0x3e, 0x3e, 0x02, 0x89, 0x36, 0x40, 0x01, 0x89, 0x2a,
  0x40, 0x04, 0x80, 0x39, 0x40, 0x07, 0x90, 0x41, 0x3f, 0x06, 0x80, 0x3e,
  0x40, 0x0e, 0x80, 0x41, 0x40, 0x3d, 0x82, 0x4a, 0x40, 0x12, 0x99, 0x2a,
  0x30, 0x0a, 0x89, 0x2a, 0x40, 0x5a, 0x86, 0x3e, 0x40, 0x0e, 0x90, 0x41,
  0x5e, 0x00, 0x99, 0x2e, 0x35, 0x03, 0x92, 0x4a, 0x6d, 0x01, 0x93, 0x3e,
  0x66, 0x01, 0x99, 0x36, 0x3c, 0x00, 0x96, 0x41, 0x58, 0x04, 0x97, 0x54,
  0x68, 0x01, 0x89, 0x2e, 0x40, 0x05, 0x89, 0x36, 0x40, 0x00, 0x93, 0x41,
  0x68, 0x07, 0x90, 0x39, 0x61, 0x01, 0x90, 0x3e, 0x5c, 0x04, 0x93, 0x45,
  0x63, 0x2d, 0x81, 0x26, 0x40, 0x0c, 0x83, 0x3e, 0x40, 0x0b, 0x83, 0x41,
  0x40, 0x08, 0x82, 0x4a, 0x40, 0x02, 0x86, 0x41, 0x40, 0x02, 0x83, 0x45,
  0x40, 0x02, 0x87, 0x54, 0x40, 0x13, 0x96, 0x45, 0x58, 0x34, 0x80, 0x41,
  0x40, 0x16, 0x80, 0x39, 0x40, 0x01, 0x80, 0x3e, 0x40, 0x19, 0x86, 0x45,
  0x40, 0x0e, 0x96, 0x39, 0x50, 0x03, 0x99, 0x36, 0x64, 0x00, 0x90, 0x32,
  0x3f, 0x02, 0x99, 0x2a, 0x3d, 0x02, 0x92, 0x4d, 0x6f, 0x01, 0x91, 0x21,
  0x64, 0x05, 0x89, 0x36, 0x40, 0x00, 0x90, 0x39, 0x3e, 0x02, 0x89, 0x2a,
  0x40, 0x08, 0x80, 0x32, 0x40, 0x00, 0x90, 0x41, 0x43, 0x0a, 0x80, 0x39,
  0x40, 0x0a, 0x80, 0x41, 0x40, 0x40, 0x82, 0x4d, 0x40, 0x0d, 0x99, 0x2a,
  0x30, 0x0a, 0x89, 0x2a, 0x40, 0x5a, 0x86, 0x39, 0x40, 0x12, 0x97, 0x48,
  0x68, 0x00, 0x96, 0x3e, 0x56, 0x02, 0x90, 0x41, 0x5c, 0x02, 0x92, 0x4c,
  0x6b, 0x01, 0x93, 0x3e, 0x5f, 0x00, 0x99, 0x36, 0x3c, 0x01, 0x99, 0x2e,
  0x2e, 0x08, 0x93, 0x41, 0x66, 0x01, 0x89, 0x36, 0x40, 0x00, 0x90, 0x39,
  0x5d, 0x01, 0x89, 0x2e, 0x40, 0x08, 0x90, 0x32, 0x61, 0x02, 0x93, 0x45,
  0x63, 0x2c, 0x81, 0x21, 0x40, 0x0f, 0x83, 0x3e, 0x40, 0x09, 0x83, 0x41,
  0x40, 0x06, 0x87, 0x48, 0x40, 0x00, 0x86, 0x3e, 0x40, 0x04, 0x82, 0x4c,
  0x40, 0x02, 0x83, 0x45, 0x40, 0x13, 0x96, 0x41, 0x55, 0x39, 0x80, 0x41,
  0x40, 0x0d, 0x80, 0x39, 0x40, 0x09, 0x80, 0x32, 0x40, 0x15, 0x86, 0x41,
  0x40, 0x0a, 0x85, 0x41, 0x40, 0x00, 0x85, 0x3e, 0x40, 0x08, 0x99, 0x2a,
  0x3b, 0x01, 0x90, 0x39, 0x3f, 0x01, 0xb2, 0x01, 0x00, 0x00, 0x92, 0x4a,
  0x6f, 0x00, 0x99, 0x36, 0x46, 0x00, 0x95, 0x41, 0x5a, 0x00, 0x95, 0x45,
  0x5a, 0x02, 0x96, 0x3e, 0x56, 0x06, 0x89, 0x2a, 0x40, 0x00, 0x91, 0x26,
  0x64, 0x02, 0x89, 0x36, 0x40, 0x01, 0x90, 0x3e, 0x43, 0x07, 0x90, 0x41,
  0x40, 0x01, 0x80, 0x39, 0x40, 0x0c, 0x80, 0x3e, 0x40, 0x07, 0x80, 0x41,
  0x40, 0x52, 0xb2, 0x01, 0x04, 0x01, 0x99, 0x2a, 0x2f, 0x0a, 0x89, 0x2a,
  0x40, 0x5b, 0x86, 0x3e, 0x40, 0x0f, 0x93, 0x3e, 0x64, 0x01, 0x97, 0x54,
  0x5f, 0x01, 0x90, 0x41, 0x5d, 0x01, 0xb2, 0x01, 0x08, 0x00, 0x99, 0x36,
  0x3c, 0x00, 0x99, 0x2e, 0x33, 0x00, 0x96, 0x41, 0x56, 0x00, 0x94, 0x59,
  0x69, 0x00, 0x94, 0x59, 0x69, 0x00, 0x94, 0x56, 0x69, 0x08, 0x93, 0x41,
  0x64, 0x01, 0x90, 0x3e, 0x5f, 0x01, 0x89, 0x36, 0x40, 0x00, 0x89, 0x2e,
  0x40, 0x0c, 0x93, 0x45, 0x63, 0x01, 0x90, 0x39, 0x5f, 0x25, 0x84, 0x59,
  0x40, 0x00, 0x84, 0x59, 0x40, 0x00, 0x84, 0x56, 0x40, 0x08, 0x81, 0x26,
  0x40, 0x09, 0x83, 0x3e, 0x40, 0x0b, 0x83, 0x41, 0x40, 0x0a, 0x87, 0x54,
  0x40, 0x02, 0x86, 0x41, 0x40, 0x02, 0x83, 0x45, 0x40, 0x11, 0x96, 0x45,
  0x57, 0x01, 0xb2, 0x01, 0x0c, 0x00, 0x99, 0x2a, 0x37, 0x0a, 0x89, 0x2a,
  0x40, 0x31, 0x80, 0x41, 0x40, 0x0a, 0x80, 0x3e, 0x40, 0x0e, 0x80, 0x39,
  0x40, 0x10, 0x86, 0x45, 0x40, 0x10, 0x96, 0x39, 0x54, 0x05, 0x82, 0x4a,
  0x40, 0x00, 0x94, 0x4d, 0x69, 0x00, 0x94, 0x56, 0x69, 0x00, 0x94, 0x51,
  0x69, 0x00, 0x99, 0x2a, 0x39, 0x00, 0x99, 0x36, 0x64, 0x02, 0x90, 0x39,
  0x42, 0x01, 0x91, 0x21, 0x64, 0x07, 0x89, 0x2a, 0x40, 0x00, 0x89, 0x36,
  0x40, 0x00, 0x90, 0x32, 0x41, 0x0c, 0x80, 0x39, 0x40, 0x00, 0x90, 0x41,
  0x43, 0x08, 0x80, 0x32, 0x40, 0x0c, 0x80, 0x41, 0x40, 0x35, 0x86, 0x39,
  0x40, 0x1a, 0x99, 0x2a, 0x2e, 0x02, 0x96, 0x3e, 0x50, 0x08, 0x89, 0x2a,
  0x40, 0x5c, 0x86, 0x3e, 0x40, 0x10, 0x96, 0x41, 0x54, 0x01, 0xb2, 0x01,
  0x00, 0x00, 0x99, 0x36, 0x3c, 0x01, 0x99, 0x2e, 0x32, 0x00, 0x90, 0x41,
  0x5c, 0x01, 0x92, 0x4d, 0x6e, 0x01, 0x93, 0x3e, 0x63, 0x00, 0x97, 0x48,
  0x63, 0x07, 0x89, 0x36, 0x40, 0x01, 0x89, 0x2e, 0x40, 0x00, 0x90, 0x39,
  0x61, 0x02, 0x93, 0x41, 0x68, 0x03, 0x93, 0x45, 0x61, 0x06, 0x90, 0x32,
  0x5f, 0x29, 0x81, 0x21, 0x40, 0x14, 0x83, 0x3e, 0x40, 0x0a, 0x83, 0x41,
  0x40, 0x03, 0x83, 0x45, 0x40, 0x03, 0x86, 0x41, 0x40, 0x04, 0x87, 0x48,
  0x40, 0x0d, 0x96, 0x45, 0x51, 0x2c, 0x84, 0x56, 0x40, 0x00, 0x84, 0x4d,
  0x40, 0x00, 0x84, 0x51, 0x40, 0x15, 0x80, 0x41, 0x40, 0x01, 0x82, 0x4d,
  0x40, 0x09, 0x80, 0x39, 0x40, 0x0b, 0x80, 0x32, 0x40, 0x03, 0x85, 0x45,
  0x40, 0x00, 0x85, 0x41, 0x40, 0x0b, 0x86, 0x45, 0x40, 0x14, 0x92, 0x4f,
  0x6c, 0x00, 0x96, 0x3c, 0x52, 0x04, 0x95, 0x40, 0x5a, 0x00, 0x95, 0x43,
  0x5a, 0x00, 0x99, 0x36, 0x46, 0x00, 0x90, 0x3c, 0x40, 0x01, 0x99, 0x2a,
  0x3d, 0x05, 0x91, 0x24, 0x64, 0x04, 0x89, 0x36, 0x40, 0x01, 0x89, 0x2a,
  0x40, 0x00, 0x90, 0x40, 0x43, 0x09, 0x80, 0x3c, 0x40, 0x00, 0x90, 0x43,
  0x40, 0x0b, 0x80, 0x40, 0x40, 0x09, 0x80, 0x43, 0x40, 0x38, 0x82, 0x4f,
  0x40, 0x1c, 0x99, 0x2a, 0x32, 0x0a, 0x89, 0x2a, 0x40, 0x52, 0x86, 0x3c,
  0x40, 0x11, 0x90, 0x43, 0x5f, 0x03, 0x97, 0x54, 0x61, 0x02, 0x99, 0x2e,
  0x35, 0x00, 0x96, 0x40, 0x52, 0x01, 0x93, 0x3c, 0x61, 0x01, 0x92, 0x4f,
  0x6c, 0x00, 0x99, 0x36, 0x3c, 0x05, 0x90, 0x40, 0x60, 0x03, 0x89, 0x2e,
  0x40, 0x02, 0x89, 0x36, 0x40, 0x02, 0x93, 0x40, 0x60, 0x07, 0x90, 0x3c,
  0x5e, 0x01, 0x93, 0x43, 0x62, 0x2e, 0x81, 0x24, 0x40, 0x0d, 0x83, 0x3c,
  0x40, 0x0d, 0x83, 0x40, 0x40, 0x04, 0x87, 0x54, 0x40, 0x02, 0x86, 0x40,
  0x40, 0x02, 0x82, 0x4f, 0x40, 0x00, 0x83, 0x43, 0x40, 0x15, 0x96, 0x43,
  0x57, 0x34, 0x80, 0x43, 0x40, 0x0c, 0x80, 0x40, 0x40, 0x0e, 0x80, 0x3c,
  0x40, 0x16, 0x86, 0x43, 0x40, 0x10, 0x90, 0x37, 0x42, 0x03, 0x96, 0x37,
  0x55, 0x00, 0x99, 0x36, 0x64, 0x03, 0x92, 0x51, 0x69, 0x01, 0x99, 0x2a,
  0x3c, 0x04, 0x91, 0x1f, 0x64, 0x02, 0x89, 0x36, 0x40, 0x03, 0x90, 0x3c,
  0x40, 0x01, 0x89, 0x2a, 0x40, 0x03, 0x80, 0x37, 0x40, 0x00, 0x90, 0x40,
  0x40, 0x10, 0x80, 0x3c, 0x40, 0x04, 0x80, 0x40, 0x40, 0x42, 0x82, 0x51,
  0x40, 0x0c, 0x99, 0x2a, 0x35, 0x0a, 0x89, 0x2a, 0x40, 0x5f, 0x86, 0x37,
  0x40, 0x10, 0x92, 0x4f, 0x6b, 0x00, 0x99, 0x2e, 0x2e, 0x03, 0x96, 0x40,
  0x52, 0x01, 0x99, 0x36, 0x3c, 0x00, 0x90, 0x40, 0x60, 0x01, 0x90, 0x3c,
  0x5f, 0x03, 0x93, 0x3c, 0x67, 0x00, 0x97, 0x48, 0x64, 0x02, 0x89, 0x2e,
  0x40, 0x04, 0x89, 0x36, 0x40, 0x00, 0x93, 0x40, 0x64, 0x06, 0x90, 0x37,
  0x5e, 0x04, 0x93, 0x43, 0x63, 0x30, 0x81, 0x1f, 0x40, 0x10, 0x83, 0x3c,
  0x40, 0x06, 0x83, 0x40, 0x40, 0x06, 0x82, 0x4f, 0x40, 0x03, 0x86, 0x40,
  0x40, 0x01, 0x83, 0x43, 0x40, 0x04, 0x87, 0x48, 0x40, 0x11, 0x96, 0x43,
  0x53, 0x3b, 0x80, 0x40, 0x40, 0x01, 0x80, 0x3c, 0x40, 0x0f, 0x80, 0x37,
  0x40, 0x19, 0x86, 0x43, 0x40, 0x09, 0x85, 0x43, 0x40, 0x00, 0x85, 0x40,
  0x40, 0x09, 0x96, 0x3c, 0x58, 0x01, 0x95, 0x3c, 0x5a, 0x00, 0x95, 0x40,
  0x5a, 0x00, 0x99, 0x36, 0x46, 0x00, 0x99, 0x2a, 0x3b, 0x00, 0x90, 0x3c,
  0x42, 0x02, 0x92, 0x4c, 0x6a, 0x06, 0x91, 0x24, 0x64, 0x02, 0x89, 0x36,
  0x40, 0x00, 0x89, 0x2a, 0x40, 0x00, 0x90, 0x40, 0x42, 0x0a, 0x80, 0x3c,
  0x40, 0x00, 0x90, 0x43, 0x41, 0x0a, 0x80, 0x40, 0x40, 0x0a, 0x80, 0x43,
  0x40, 0x3e, 0x82, 0x4c, 0x40, 0x16, 0x99, 0x2a, 0x2e, 0x0a, 0x89, 0x2a,
  0x40, 0x55, 0x86, 0x3c, 0x40, 0x11, 0x92, 0x4a, 0x6b, 0x01, 0x97, 0x54,
  0x62, 0x03, 0x99, 0x36, 0x3c, 0x00, 0x93, 0x3c, 0x61, 0x01, 0x90, 0x43,
  0x5e, 0x01, 0x96, 0x40, 0x59, 0x02, 0x99, 0x2e, 0x31, 0x04, 0x93, 0x40,
  0x62, 0x02, 0x89, 0x36, 0x40, 0x01, 0x90, 0x40, 0x5d, 0x03, 0x89, 0x2e,
  0x40, 0x04, 0x93, 0x43, 0x60, 0x03, 0x90, 0x3c, 0x5f, 0x2f, 0x81, 0x24,
  0x40, 0x0c, 0x83, 0x3c, 0x40, 0x08, 0x83, 0x40, 0x40, 0x08, 0x82, 0x4a,
  0x40, 0x01, 0x87, 0x54, 0x40, 0x01, 0x83, 0x43, 0x40, 0x04, 0x86, 0x40,
  0x40, 0x12, 0x99, 0x2a, 0x37, 0x04, 0x96, 0x43, 0x50, 0x06, 0x89, 0x2a,
  0x40, 0x33, 0x80, 0x43, 0x40, 0x0a, 0x80, 0x40, 0x40, 0x0a, 0x80, 0x3c,
  0x40, 0x17, 0x86, 0x43, 0x40, 0x07, 0x90, 0x37, 0x40, 0x05, 0x92, 0x48,
  0x6d, 0x04, 0x99, 0x36, 0x64, 0x01, 0x96, 0x37, 0x50, 0x01, 0x99, 0x2a,
  0x3b, 0x03, 0x90, 0x3c, 0x40, 0x01, 0x91, 0x1f, 0x64, 0x04, 0x89, 0x36,
  0x40, 0x01, 0x80, 0x37, 0x40, 0x01, 0x89, 0x2a, 0x40, 0x07, 0x90, 0x40,
  0x41, 0x06, 0x80, 0x3c, 0x40, 0x0e, 0x80, 0x40, 0x40, 0x39, 0x82, 0x48,
  0x40, 0x05, 0x86, 0x37, 0x40, 0x0e, 0x99, 0x2a, 0x34, 0x00, 0x96, 0x3c,
  0x50, 0x0a, 0x89, 0x2a, 0x40, 0x5a, 0x86, 0x3c, 0x40, 0x14, 0x99, 0x2a,
  0x30, 0x03, 0x96, 0x40, 0x50, 0x01, 0x90, 0x40, 0x60, 0x01, 0x99, 0x36,
  0x3c, 0x01, 0x92, 0x4c, 0x6e, 0x00, 0x93, 0x3c, 0x5f, 0x01, 0x97, 0x48,
  0x63, 0x02, 0x90, 0x3c, 0x61, 0x01, 0x89, 0x2a, 0x40, 0x00, 0x93, 0x40,
  0x66, 0x05, 0x89, 0x36, 0x40, 0x05, 0x93, 0x43, 0x61, 0x0b, 0x90, 0x37,
  0x5c, 0x28, 0x81, 0x1f, 0x40, 0x0f, 0x83, 0x3c, 0x40, 0x04, 0x83, 0x40,
  0x40, 0x0a, 0x83, 0x43, 0x40, 0x03, 0x86, 0x40, 0x40, 0x03, 0x82, 0x4c,
  0x40, 0x01, 0x87, 0x48, 0x40, 0x0f, 0x96, 0x43, 0x50, 0x04, 0x99, 0x2a,
  0x34, 0x0a, 0x89, 0x2a, 0x40, 0x30, 0x80, 0x40, 0x40, 0x05, 0x80, 0x3c,
  0x40, 0x15, 0x85, 0x3c, 0x40, 0x00, 0x85, 0x40, 0x40, 0x01, 0x80, 0x37,
  0x40, 0x0b, 0x86, 0x43, 0x40, 0x17, 0x93, 0x3b, 0x60, 0x00, 0x99, 0x36,
  0x50, 0x00, 0x95, 0x3b, 0x5a, 0x00, 0x95, 0x41, 0x5a, 0x00, 0x94, 0x4d,
  0x69, 0x00, 0x94, 0x53, 0x69, 0x00, 0x94, 0x56, 0x69, 0x03, 0x90, 0x37,
  0x60, 0x00, 0x92, 0x4a, 0x77, 0x01, 0x93, 0x3e, 0x61, 0x00, 0x96, 0x3b,
  0x62, 0x03, 0x93, 0x41, 0x66, 0x01, 0x91, 0x1f, 0x64, 0x02, 0x89, 0x36,
  0x40, 0x00, 0x90, 0x3b, 0x5f, 0x10, 0x90, 0x3e, 0x61, 0x02, 0x90, 0x41,
  0x60, 0x0e, 0x96, 0x3e, 0x66, 0x11, 0x96, 0x41, 0x5a, 0x0b, 0x83, 0x3b,
  0x40, 0x04, 0x83, 0x3e, 0x40, 0x03, 0x83, 0x41, 0x40, 0x07, 0x86, 0x3b,
  0x40, 0x10, 0x85, 0x41, 0x40, 0x00, 0x85, 0x3b, 0x40, 0x03, 0x80, 0x37,
  0x40, 0x07, 0x80, 0x3b, 0x40, 0x0a, 0x84, 0x4d, 0x40, 0x00, 0x84, 0x53,
  0x40, 0x00, 0x84, 0x56, 0x40, 0x02, 0x86, 0x3e, 0x40, 0x04, 0x80, 0x3e,
  0x40, 0x02, 0x80, 0x41, 0x40, 0x0b, 0x86, 0x41, 0x40, 0x54, 0x82, 0x4a,
  0x40, 0x14, 0x97, 0x54, 0x62, 0x01, 0x92, 0x4d, 0x79, 0x56, 0xe2, 0x20,
  0x46, 0x0d, 0x87, 0x54, 0x40, 0x11, 0xe2, 0x40, 0x4a, 0x30, 0x81, 0x1f,
  0x40, 0x38, 0x82, 0x4d, 0x40, 0x10, 0xe2, 0x00, 0x40, 0x00, 0x99, 0x36,
  0x50, 0x01, 0x92, 0x4c, 0x6d, 0x01, 0x99, 0x2a, 0x3f, 0x08, 0x89, 0x36,
  0x40, 0x02, 0x89, 0x2a, 0x40, 0x81, 0x29, 0x82, 0x4c, 0x40, 0x3e, 0x92,
  0x4a, 0x71, 0x01, 0x97, 0x54, 0x68, 0x64, 0x87, 0x54, 0x40, 0x4f, 0x82,
  0x4a, 0x40, 0x35, 0x99, 0x2a, 0x39, 0x04, 0x99, 0x36, 0x50, 0x04, 0x92,
  0x48, 0x75, 0x02, 0x89, 0x2a, 0x40, 0x04, 0x89, 0x36, 0x40, 0x4a, 0x82,
  0x48, 0x40, 0x81, 0x18, 0x97, 0x48, 0x64, 0x04, 0x92, 0x4a, 0x73, 0x01,
  0x91, 0x1f, 0x64, 0x01, 0x93, 0x3e, 0x67, 0x00, 0x97, 0x54, 0x60, 0x00,
  0x96, 0x37, 0x50, 0x0a, 0x93, 0x43, 0x62, 0x03, 0x96, 0x3b, 0x46, 0x07,
  0x93, 0x47, 0x60, 0x2a, 0x96, 0x3e, 0x4b, 0x12, 0x83, 0x3e, 0x40, 0x0a,
  0x83, 0x43, 0x40, 0x04, 0x87, 0x48, 0x40, 0x04, 0x82, 0x4a, 0x40, 0x02,
  0x83, 0x47, 0x40, 0x00, 0x87, 0x54, 0x40, 0x00, 0x86, 0x37, 0x40, 0x0d,
  0x86, 0x3b, 0x40, 0x31, 0x86, 0x3e, 0x40, 0x25, 0x81, 0x1f, 0x40, 0x20,
  0x92, 0x4c, 0x78, 0x08, 0x91, 0x21, 0x64, 0x00, 0x96, 0x37, 0x54, 0x1e,
  0x96, 0x3c, 0x57, 0x22, 0x96, 0x40, 0x4b, 0x1c, 0x82, 0x4c, 0x40, 0x08,
  0x86, 0x37, 0x40, 0x1e, 0x86, 0x3c, 0x40, 0x22, 0x86, 0x40, 0x40, 0x24,
  0x81, 0x21, 0x40, 0x23, 0x92, 0x4d, 0x7c, 0x02, 0x96, 0x37, 0x52, 0x02,
  0x93, 0x3e, 0x5b, 0x00, 0x91, 0x23, 0x64, 0x01, 0x97, 0x48, 0x63, 0x0b,
  0x93, 0x43, 0x64, 0x07, 0x93, 0x47, 0x58, 0x0e, 0x96, 0x3e, 0x4e, 0x21,
  0x96, 0x41, 0x59, 0x0e, 0x83, 0x3e, 0x40, 0x0c, 0x83, 0x43, 0x40, 0x04,
  0x82, 0x4d, 0x40, 0x02, 0x86, 0x37, 0x40, 0x01, 0x83, 0x47, 0x40, 0x02,
  0x87, 0x48, 0x40, 0x20, 0x86, 0x3e, 0x40, 0x21, 0x86, 0x41, 0x40, 0x22,
  0x81, 0x23, 0x40, 0x20, 0x92, 0x4f, 0x6d, 0x08, 0xff, 0x51, 0x03, 0x06,
  0xbb, 0x58, 0x00, 0x90, 0x3c, 0x41, 0x00, 0x91, 0x24, 0x64, 0x00, 0x95,
  0x43, 0x5a, 0x00, 0x95, 0x40, 0x5a, 0x00, 0x99, 0x36, 0x46, 0x01, 0x99,
  0x2a, 0x3d, 0x03, 0x96, 0x3c, 0x51, 0x06, 0x89, 0x36, 0x40, 0x00, 0x90,
  0x40, 0x3f, 0x01, 0x89, 0x2a, 0x40, 0x09, 0x80, 0x3c, 0x40, 0x00, 0x90,
  0x43, 0x43, 0x0a, 0x80, 0x40, 0x40, 0x0a, 0x80, 0x43, 0x40, 0x34, 0x82,
  0x4f, 0x40, 0x20, 0x99, 0x2a, 0x32, 0x0a, 0x89, 0x2a, 0x40, 0x5a, 0x86,
  0x3c, 0x40, 0x0e, 0x93, 0x3c, 0x61, 0x00, 0x99, 0x2e, 0x35, 0x00, 0x97,
  0x54, 0x65, 0x02, 0x99, 0x36, 0x3c, 0x00, 0x90, 0x43, 0x5c, 0x04, 0x92,
  0x4f, 0x72, 0x00, 0x96, 0x40, 0x53, 0x04, 0x89, 0x2e, 0x40, 0x02, 0x89,
  0x36, 0x40, 0x00, 0x90, 0x40, 0x5e, 0x00, 0x93, 0x40, 0x5f, 0x0a, 0x90,
  0x3c, 0x5e, 0x04, 0x93, 0x43, 0x66, 0x24, 0x81, 0x24, 0x40, 0x12, 0x83,
  0x3c, 0x40, 0x0c, 0x83, 0x40, 0x40, 0x08, 0x87, 0x54, 0x40, 0x06, 0x82,
  0x4f, 0x40, 0x00, 0x83, 0x43, 0x40, 0x00, 0x86, 0x40, 0x40, 0x10, 0x96,
  0x43, 0x53, 0x3c, 0x80, 0x43, 0x40, 0x0a, 0x80, 0x40, 0x40, 0x0a, 0x80,
  0x3c, 0x40, 0x14, 0x86, 0x43, 0x40, 0x12, 0x92, 0x51, 0x72, 0x02, 0x90,
  0x37, 0x41, 0x00, 0x99, 0x36, 0x64, 0x04, 0x99, 0x2a, 0x3c, 0x00, 0x96,
  0x37, 0x52, 0x04, 0x91, 0x1f, 0x64, 0x02, 0x89, 0x36, 0x40, 0x00, 0x90,
  0x3c, 0x3e, 0x04, 0x89, 0x2a, 0x40, 0x06, 0x80, 0x37, 0x40, 0x00, 0x90,
  0x40, 0x41, 0x0a, 0x80, 0x3c, 0x40, 0x0a, 0x80, 0x40, 0x40, 0x3a, 0x82,
  0x51, 0x40, 0x11, 0x99, 0x2a, 0x35, 0x0a, 0x89, 0x2a, 0x40, 0x63, 0x86,
  0x37, 0x40, 0x0c, 0x99, 0x2e, 0x2e, 0x00, 0x97, 0x48, 0x66, 0x01, 0x92,
  0x4f, 0x6e, 0x01, 0x96, 0x40, 0x57, 0x01, 0x93, 0x3c, 0x68, 0x01, 0x90,
  0x40, 0x60, 0x00, 0x99, 0x36, 0x3c, 0x06, 0x89, 0x2e, 0x40, 0x04, 0x89,
  0x36, 0x40, 0x00, 0x90, 0x3c, 0x61, 0x01, 0x93, 0x40, 0x68, 0x05, 0x93,
  0x43, 0x67, 0x04, 0x90, 0x37, 0x5f, 0x30, 0x81, 0x1f, 0x40, 0x0b, 0x83,
  0x3c, 0x40, 0x0c, 0x83, 0x40, 0x40, 0x05, 0x83, 0x43, 0x40, 0x00, 0x87,
  0x48, 0x40, 0x01, 0x82, 0x4f, 0x40, 0x01, 0x86, 0x40, 0x40, 0x18, 0x96,
  0x43, 0x56, 0x3a, 0x80, 0x40, 0x40, 0x0a, 0x80, 0x3c, 0x40, 0x0a, 0x80,
  0x37, 0x40, 0x16, 0x86, 0x43, 0x40, 0x08, 0x85, 0x43, 0x40, 0x00, 0x85,
  0x40, 0x40, 0x06, 0x96, 0x3c, 0x55, 0x04, 0x95, 0x3c, 0x5a, 0x00, 0x95,
  0x40, 0x5a, 0x00, 0x99, 0x36, 0x46, 0x00, 0x99, 0x2a, 0x3b, 0x00, 0x90,
  0x3c, 0x3f, 0x03, 0x91, 0x24, 0x64, 0x01, 0x92, 0x4c, 0x6f, 0x06, 0x89,
  0x36, 0x40, 0x00, 0x89, 0x2a, 0x40, 0x00, 0x90, 0x40, 0x3e, 0x0a, 0x80,
  0x3c, 0x40, 0x00, 0x90, 0x43, 0x40, 0x0a, 0x80, 0x40, 0x40, 0x0a, 0x80,
  0x43, 0x40, 0x40, 0x82, 0x4c, 0x40, 0x14, 0x99, 0x2a, 0x2e, 0x0a, 0x89,
  0x2a, 0x40, 0x52, 0x86, 0x3c, 0x40, 0x14, 0x93, 0x3c, 0x5f, 0x02, 0x96,
  0x40, 0x58, 0x02, 0x99, 0x36, 0x3c, 0x00, 0x90, 0x43, 0x61, 0x01, 0x97,
  0x54, 0x68, 0x03, 0x99, 0x2e, 0x31, 0x00, 0x92, 0x4a, 0x6c, 0x02, 0x93,
  0x40, 0x62, 0x04, 0x89, 0x36, 0x40, 0x00, 0x90, 0x40, 0x61, 0x04, 0x89,
  0x2e, 0x40, 0x05, 0x93, 0x40, 0x60, 0x01, 0x90, 0x3c, 0x5d, 0x2b, 0x81,
  0x24, 0x40, 0x0d, 0x83, 0x3c, 0x40, 0x0a, 0x83, 0x40, 0x40, 0x0c, 0x86,
  0x40, 0x40, 0x01, 0x83, 0x40, 0x40, 0x02, 0x87, 0x54, 0x40, 0x03, 0x82,
  0x4a, 0x40, 0x10, 0x99, 0x2a, 0x37, 0x04, 0x96, 0x43, 0x54, 0x06, 0x89,
  0x2a, 0x40, 0x32, 0x80, 0x43, 0x40, 0x0a, 0x80, 0x40, 0x40, 0x0a, 0x80,
  0x3c, 0x40, 0x18, 0x86, 0x43, 0x40, 0x0c, 0x92, 0x48, 0x6a, 0x02, 0x96,
  0x37, 0x53, 0x02, 0x99, 0x36, 0x64, 0x00, 0x90, 0x37, 0x40, 0x02, 0x99,
  0x2a, 0x3b, 0x07, 0x91, 0x1f, 0x64, 0x01, 0x89, 0x36, 0x40, 0x00, 0x90,
  0x3c, 0x40, 0x02, 0x89, 0x2a, 0x40, 0x08, 0x80, 0x37, 0x40, 0x00, 0x90,
  0x40, 0x43, 0x0a, 0x80, 0x3c, 0x40, 0x0a, 0x80, 0x40, 0x40, 0x38, 0x82,
  0x48, 0x40, 0x02, 0x86, 0x37, 0x40, 0x11, 0x99, 0x2a, 0x34, 0x05, 0x96,
  0x3c, 0x51, 0x05, 0x89, 0x2a, 0x40, 0x5f, 0x86, 0x3c, 0x40, 0x0f, 0x92,
  0x4c, 0x70, 0x00, 0x99, 0x2a, 0x30, 0x05, 0x99, 0x36, 0x3c, 0x00, 0x90,
  0x40, 0x60, 0x01, 0x96, 0x40, 0x55, 0x01, 0x93, 0x3c, 0x5f, 0x02, 0x97,
  0x48, 0x5f, 0x01, 0x89, 0x2a, 0x40, 0x03, 0x93, 0x40, 0x68, 0x02, 0x89,
  0x36, 0x40, 0x00, 0x90, 0x3c, 0x60, 0x08, 0x93, 0x43, 0x5f, 0x02, 0x90,
  0x37, 0x5d, 0x31, 0x81, 0x1f, 0x40, 0x0d, 0x83, 0x3c, 0x40, 0x06, 0x83,
  0x40, 0x40, 0x07, 0x82, 0x4c, 0x40, 0x03, 0x83, 0x43, 0x40, 0x03, 0x86,
  0x40, 0x40, 0x03, 0x87, 0x48, 0x40, 0x10, 0x96, 0x43, 0x59, 0x01, 0x99,
  0x2a, 0x34, 0x0a, 0x89, 0x2a, 0x40, 0x31, 0x80, 0x40, 0x40, 0x0a, 0x80,
  0x3c, 0x40, 0x0a, 0x80, 0x37, 0x40, 0x05, 0x85, 0x3c, 0x40, 0x00, 0x85,
  0x40, 0x40, 0x0f, 0x86, 0x43, 0x40, 0x10, 0x90, 0x39, 0x3e, 0x03, 0x91,
  0x26, 0x64, 0x01, 0x99, 0x36, 0x46, 0x00, 0x96, 0x3e, 0x57, 0x00, 0x95,
  0x3e, 0x5a, 0x00, 0x95, 0x41, 0x5a, 0x01, 0x99, 0x2a, 0x3e, 0x02, 0x92,
  0x4a, 0x70, 0x07, 0x89, 0x36, 0x40, 0x01, 0x89, 0x2a, 0x40, 0x00, 0x90,
  0x3e, 0x40, 0x05, 0x80, 0x39, 0x40, 0x0a, 0x90, 0x41, 0x41, 0x05, 0x80,
  0x3e, 0x40, 0x0f, 0x80, 0x41, 0x40, 0x39, 0x82, 0x4a, 0x40, 0x12, 0x99,
  0x2a, 0x30, 0x0a, 0x89, 0x2a, 0x40, 0x59, 0x86, 0x3e, 0x40, 0x0f, 0x99,
  0x2e, 0x35, 0x05, 0x99, 0x36, 0x3c, 0x00, 0x90, 0x41, 0x5f, 0x01, 0x97,
  0x54, 0x67, 0x01, 0x96, 0x41, 0x59, 0x00, 0x93, 0x3e, 0x62, 0x01, 0x92,
  0x4a, 0x72, 0x02, 0x89, 0x2e, 0x40, 0x05, 0x89, 0x36, 0x40, 0x00, 0x90,
  0x3e, 0x5e, 0x03, 0x93, 0x41, 0x5f, 0x03, 0x93, 0x45, 0x61, 0x05, 0x90,
  0x39, 0x5d, 0x26, 0x81, 0x26, 0x40, 0x17, 0x83, 0x3e, 0x40, 0x0b, 0x83,
  0x41, 0x40, 0x03, 0x83, 0x45, 0x40, 0x05, 0x87, 0x54, 0x40, 0x01, 0x86,
  0x41, 0x40, 0x01, 0x82, 0x4a, 0x40, 0x0c, 0x96, 0x45, 0x50, 0x41, 0x80,
  0x41, 0x40, 0x0a, 0x80, 0x3e, 0x40, 0x0b, 0x80, 0x39, 0x40, 0x0e, 0x86,
  0x45, 0x40, 0x14, 0x92, 0x4d, 0x72, 0x05, 0x99, 0x36, 0x64, 0x02, 0x99,
  0x2a, 0x3d, 0x01, 0x96, 0x39, 0x50, 0x00, 0x90, 0x32, 0x43, 0x06, 0x91,
  0x21, 0x64, 0x01, 0x89, 0x36, 0x40, 0x00, 0x90, 0x39, 0x40, 0x02, 0x89,
  0x2a, 0x40, 0x0b, 0x80, 0x32, 0x40, 0x01, 0x90, 0x41, 0x42, 0x06, 0x80,
  0x39, 0x40, 0x0e, 0x80, 0x41, 0x40, 0x33, 0x82, 0x4d, 0x40, 0x16, 0x99,
  0x2a, 0x30, 0x0a, 0x89, 0x2a, 0x40, 0x60, 0x86, 0x39, 0x40, 0x0e, 0x92,
  0x4c, 0x72, 0x00, 0x96, 0x3e, 0x53, 0x03, 0x99, 0x36, 0x3c, 0x01, 0x99,
  0x2e, 0x2e, 0x00, 0x90, 0x41, 0x5f, 0x00, 0x93, 0x3e, 0x60, 0x02, 0x97,
  0x48, 0x65, 0x06, 0x93, 0x41, 0x60, 0x01, 0x89, 0x36, 0x40, 0x01, 0x89,
  0x2e, 0x40, 0x01, 0x90, 0x39, 0x5c, 0x09, 0x90, 0x32, 0x60, 0x00, 0x93,
  0x45, 0x64, 0x30, 0x81, 0x21, 0x40, 0x0c, 0x83, 0x3e, 0x40, 0x08, 0x83,
  0x41, 0x40, 0x08, 0x82, 0x4c, 0x40, 0x00, 0x86, 0x3e, 0x40, 0x04, 0x83,
  0x45, 0x40, 0x02, 0x87, 0x48, 0x40, 0x13, 0x96, 0x41, 0x54, 0x3b, 0x80,
  0x41, 0x40, 0x0b, 0x80, 0x39, 0x40, 0x09, 0x80, 0x32, 0x40, 0x15, 0x86,
  0x41, 0x40, 0x08, 0x85, 0x3e, 0x40, 0x00, 0x85, 0x41, 0x40, 0x04, 0x90,
  0x39, 0x40, 0x02, 0x92, 0x4a, 0x72, 0x02, 0x96, 0x3e, 0x58, 0x00, 0x99,
  0x2a, 0x3b, 0x02, 0xb2, 0x01, 0x00, 0x00, 0x99, 0x36, 0x46, 0x00, 0x95,
  0x41, 0x5a, 0x00, 0x95, 0x45, 0x5a, 0x08, 0x89, 0x2a, 0x40, 0x01, 0x91,
  0x26, 0x64, 0x01, 0x89, 0x36, 0x40, 0x00, 0x90, 0x3e, 0x40, 0x04, 0x80,
  0x39, 0x40, 0x07, 0x90, 0x41, 0x41, 0x09, 0x80, 0x3e, 0x40, 0x0b, 0x80,
  0x41, 0x40, 0x4f, 0xb2, 0x01, 0x04, 0x01, 0x99, 0x2a, 0x2f, 0x0a, 0x89,
  0x2a, 0x40, 0x57, 0x86, 0x3e, 0x40, 0x12, 0x96, 0x41, 0x57, 0x04, 0xb2,
  0x01, 0x08, 0x00, 0x90, 0x41, 0x5d, 0x00, 0x94, 0x51, 0x69, 0x00, 0x94,
  0x59, 0x69, 0x00, 0x94, 0x56, 0x69, 0x00, 0x99, 0x2e, 0x33, 0x00, 0x99,
  0x36, 0x3c, 0x02, 0x93, 0x3e, 0x60, 0x01, 0x97, 0x54, 0x60, 0x07, 0x89,
  0x2e, 0x40, 0x00, 0x89, 0x36, 0x40, 0x00, 0x90, 0x3e, 0x61, 0x01, 0x93,
  0x41, 0x66, 0x07, 0x90, 0x39, 0x5c, 0x02, 0x93, 0x45, 0x65, 0x28, 0x84,
  0x56, 0x40, 0x00, 0x84, 0x51, 0x40, 0x00, 0x84, 0x59, 0x40, 0x09, 0x81,
  0x26, 0x40, 0x0d, 0x83, 0x3e, 0x40, 0x09, 0x83, 0x41, 0x40, 0x05, 0x86,
  0x41, 0x40, 0x04, 0x83, 0x45, 0x40, 0x03, 0x87, 0x54, 0x40, 0x11, 0xb2,
  0x01, 0x0c, 0x00, 0x99, 0x2a, 0x37, 0x04, 0x96, 0x45, 0x52, 0x06, 0x89,
  0x2a, 0x40, 0x32, 0x80, 0x41, 0x40, 0x0a, 0x80, 0x3e, 0x40, 0x08, 0x80,
  0x39, 0x40, 0x1a, 0x86, 0x45, 0x40, 0x0c, 0x82, 0x4a, 0x40, 0x01, 0x96,
  0x39, 0x51, 0x03, 0x94, 0x4d, 0x69, 0x00, 0x94, 0x51, 0x69, 0x00, 0x94,
  0x56, 0x69, 0x00, 0x99, 0x2a, 0x39, 0x00, 0x99, 0x36, 0x64, 0x00, 0x90,
  0x32, 0x42, 0x08, 0x91, 0x21, 0x64, 0x02, 0x89, 0x2a, 0x40, 0x00, 0x89,
  0x36, 0x40, 0x01, 0x90, 0x41, 0x41, 0x09, 0x80, 0x32, 0x40, 0x00, 0x90,
  0x39, 0x42, 0x0b, 0x80, 0x41, 0x40, 0x09, 0x80, 0x39, 0x40, 0x39, 0x86,
  0x39, 0x40, 0x18, 0x99, 0x2a, 0x2e, 0x02, 0x96, 0x3e, 0x50, 0x08, 0x89,
  0x2a, 0x40, 0x5c, 0x86, 0x3e, 0x40, 0x0c, 0x97, 0x48, 0x66, 0x02, 0x92,
  0x4d, 0x6a, 0x02, 0x93, 0x3e, 0x60, 0x00, 0x90, 0x41, 0x5f, 0x01, 0xb2,
  0x01, 0x00, 0x00, 0x99, 0x36, 0x3c, 0x01, 0x99, 0x2e, 0x32, 0x02, 0x96,
  0x41, 0x54, 0x06, 0x93, 0x41, 0x67, 0x01, 0x89, 0x36, 0x40, 0x01, 0x89,
  0x2e, 0x40, 0x00, 0x90, 0x39, 0x61, 0x08, 0x93, 0x45, 0x65, 0x01, 0x90,
  0x32, 0x5e, 0x30, 0x81, 0x21, 0x40, 0x0b, 0x83, 0x3e, 0x40, 0x0a, 0x83,
  0x41, 0x40, 0x06, 0x87, 0x48, 0x40, 0x02, 0x82, 0x4d, 0x40, 0x02, 0x83,
  0x45, 0x40, 0x04, 0x86, 0x41, 0x40, 0x15, 0x96, 0x45, 0x55, 0x24, 0x84,
  0x51, 0x40, 0x00, 0x84, 0x4d, 0x40, 0x00, 0x84, 0x56, 0x40, 0x13, 0x80,
  0x41, 0x40, 0x0c, 0x80, 0x39, 0x40, 0x09, 0x80, 0x32, 0x40, 0x05, 0x85,
  0x45, 0x40, 0x00, 0x85, 0x41, 0x40, 0x13, 0x86, 0x45, 0x40, 0x10, 0x95,
  0x40, 0x5a, 0x00, 0x95, 0x43, 0x5a, 0x00, 0x99, 0x36, 0x46, 0x01, 0x99,
  0x2a, 0x3d, 0x01, 0x96, 0x3c, 0x56, 0x01, 0x90, 0x3c, 0x41, 0x01, 0x92,
  0x4f, 0x69, 0x05, 0x91, 0x24, 0x64, 0x01, 0x89, 0x36, 0x40, 0x00, 0x90,
  0x40, 0x3f, 0x01, 0x89, 0x2a, 0x40, 0x03, 0x90, 0x43, 0x3f, 0x09, 0x80,
  0x3c, 0x40, 0x07, 0x80, 0x40, 0x40, 0x04, 0x80, 0x43, 0x40, 0x46, 0x82,
  0x4f, 0x40, 0x14, 0x99, 0x2a, 0x32, 0x0a, 0x89, 0x2a, 0x40, 0x58, 0x86,
  0x3c, 0x40, 0x0e, 0x92, 0x4f, 0x6a, 0x00, 0x96, 0x40, 0x50, 0x02, 0x99,
  0x2e, 0x35, 0x01, 0x93, 0x3c, 0x66, 0x01, 0x90, 0x43, 0x61, 0x00, 0x99,
  0x36, 0x3c, 0x03, 0x97, 0x54, 0x63, 0x05, 0x89, 0x2e, 0x40, 0x02, 0x89,
  0x36, 0x40, 0x00, 0x90, 0x40, 0x61, 0x04, 0x93, 0x40, 0x65, 0x06, 0x93,
  0x43, 0x63, 0x00, 0x90, 0x3c, 0x60, 0x31, 0x81, 0x24, 0x40, 0x0a, 0x83,
  0x3c, 0x40, 0x0f, 0x83, 0x40, 0x40, 0x02, 0x82, 0x4f, 0x40, 0x00, 0x86,
  0x40, 0x40, 0x04, 0x83, 0x43, 0x40, 0x03, 0x87, 0x54, 0x40, 0x15, 0x96,
  0x43, 0x55, 0x38, 0x80, 0x43, 0x40, 0x0a, 0x80, 0x40, 0x40, 0x0a, 0x80,
  0x3c, 0x40, 0x18, 0x86, 0x43, 0x40, 0x10, 0x90, 0x37, 0x41, 0x00, 0x99,
  0x36, 0x64, 0x01, 0x96, 0x37, 0x58, 0x03, 0x99, 0x2a, 0x3c, 0x00, 0x92,
  0x51, 0x6b, 0x05, 0x90, 0x3c, 0x3e, 0x00, 0x91, 0x1f, 0x64, 0x01, 0x89,
  0x36, 0x40, 0x04, 0x89, 0x2a, 0x40, 0x06, 0x80, 0x37, 0x40, 0x00, 0x90,
  0x40, 0x3e, 0x09, 0x80, 0x3c, 0x40, 0x0b, 0x80, 0x40, 0x40, 0x40, 0x82,
  0x51, 0x40, 0x0b, 0x99, 0x2a, 0x35, 0x0a, 0x89, 0x2a, 0x40, 0x60, 0x86,
  0x37, 0x40, 0x0f, 0x99, 0x2e, 0x2e, 0x00, 0x96, 0x40, 0x57, 0x02, 0x90,
  0x40, 0x5c, 0x00, 0x93, 0x3c, 0x60, 0x02, 0x99, 0x36, 0x3c, 0x01, 0x92,
  0x4f, 0x6d, 0x02, 0x97, 0x48, 0x66, 0x03, 0x89, 0x2e, 0x40, 0x04, 0x89,
  0x36, 0x40, 0x04, 0x93, 0x40, 0x60, 0x02, 0x93, 0x43, 0x62, 0x02, 0x90,
  0x3c, 0x60, 0x04, 0x90, 0x37, 0x61, 0x2f, 0x81, 0x1f, 0x40, 0x09, 0x83,
  0x3c, 0x40, 0x10, 0x83, 0x40, 0x40, 0x02, 0x86, 0x40, 0x40, 0x00, 0x83,
  0x43, 0x40, 0x05, 0x82, 0x4f, 0x40, 0x02, 0x87, 0x48, 0x40, 0x15, 0x96,
  0x43, 0x55, 0x36, 0x80, 0x40, 0x40, 0x14, 0x80, 0x3c, 0x40, 0x04, 0x80,
  0x37, 0x40, 0x16, 0x86, 0x43, 0x40, 0x06, 0x85, 0x43, 0x40, 0x00, 0x85,
  0x40, 0x40, 0x07, 0x96, 0x3c, 0x57, 0x02, 0x90, 0x3c, 0x41, 0x01, 0x95,
  0x3c, 0x5a, 0x00, 0x95, 0x40, 0x5a, 0x00, 0x99, 0x36, 0x46, 0x00, 0x99,
  0x2a, 0x3b, 0x04, 0x92, 0x4c, 0x70, 0x04, 0x91, 0x24, 0x64, 0x02, 0x89,
  0x36, 0x40, 0x00, 0x89, 0x2a, 0x40, 0x00, 0x90, 0x40, 0x43, 0x09, 0x80,
  0x3c, 0x40, 0x01, 0x90, 0x43, 0x3f, 0x0a, 0x80, 0x40, 0x40, 0x0a, 0x80,
  0x43, 0x40, 0x40, 0x82, 0x4c, 0x40, 0x14, 0x99, 0x2a, 0x2e, 0x0a, 0x89,
  0x2a, 0x40, 0x53, 0x86, 0x3c, 0x40, 0x14, 0x97, 0x54, 0x63, 0x03, 0x99,
  0x36, 0x3c, 0x00, 0x90, 0x43, 0x60, 0x01, 0x92, 0x4a, 0x6a, 0x00, 0x96,
  0x40, 0x52, 0x01, 0x93, 0x3c, 0x62, 0x02, 0x99, 0x2e, 0x31, 0x05, 0x93,
  0x40, 0x67, 0x01, 0x89, 0x36, 0x40, 0x00, 0x90, 0x40, 0x5e, 0x04, 0x89,
  0x2e, 0x40, 0x08, 0x90, 0x3c, 0x5f, 0x02, 0x93, 0x43, 0x60, 0x2c, 0x81,
  0x24, 0x40, 0x0e, 0x83, 0x3c, 0x40, 0x07, 0x83, 0x40, 0x40, 0x08, 0x87,
  0x54, 0x40, 0x04, 0x86, 0x40, 0x40, 0x00, 0x82, 0x4a, 0x40, 0x03, 0x83,
  0x43, 0x40, 0x10, 0x99, 0x2a, 0x37, 0x01, 0x96, 0x43, 0x55, 0x09, 0x89,
  0x2a, 0x40, 0x32, 0x80, 0x43, 0x40, 0x0a, 0x80, 0x40, 0x40, 0x0c, 0x80,
  0x3c, 0x40, 0x13, 0x86, 0x43, 0x40, 0x10, 0x92, 0x48, 0x6c, 0x03, 0x99,
  0x36, 0x64, 0x02, 0x99, 0x2a, 0x3b, 0x00, 0x90, 0x37, 0x40, 0x02, 0x96,
  0x37, 0x56, 0x03, 0x91, 0x1f, 0x64, 0x03, 0x89, 0x36, 0x40, 0x00, 0x90,
  0x3c, 0x41, 0x02, 0x89, 0x2a, 0x40, 0x09, 0x90, 0x40, 0x41, 0x01, 0x80,
  0x37, 0x40, 0x08, 0x80, 0x3c, 0x40, 0x0b, 0x80, 0x40, 0x40, 0x38, 0x82,
  0x48, 0x40, 0x07, 0x86, 0x37, 0x40, 0x0b, 0x99, 0x2a, 0x34, 0x06, 0x96,
  0x3c, 0x58, 0x04, 0x89, 0x2a, 0x40, 0x60, 0x86, 0x3c, 0x40, 0x0e, 0x99,
  0x2a, 0x30, 0x02, 0x96, 0x40, 0x51, 0x03, 0x99, 0x36, 0x3c, 0x01, 0x97,
  0x48, 0x61, 0x00, 0x90, 0x40, 0x60, 0x01, 0x93, 0x3c, 0x64, 0x02, 0x92,
  0x4c, 0x6d, 0x01, 0x89, 0x2a, 0x40, 0x02, 0x90, 0x3c, 0x60, 0x01, 0x93,
  0x40, 0x60, 0x02, 0x89, 0x36, 0x40, 0x0a, 0x90, 0x37, 0x60, 0x03, 0x93,
  0x43, 0x64, 0x2c, 0x81, 0x1f, 0x40, 0x0f, 0x83, 0x3c, 0x40, 0x06, 0x83,
  0x40, 0x40, 0x09, 0x86, 0x40, 0x40, 0x04, 0x87, 0x48, 0x40, 0x02, 0x83,
  0x43, 0x40, 0x01, 0x82, 0x4c, 0x40, 0x0c, 0x96, 0x43, 0x53, 0x05, 0x99,
  0x2a, 0x34, 0x0a, 0x89, 0x2a, 0x40, 0x32, 0x80, 0x40, 0x40, 0x06, 0x80,
  0x3c, 0x40, 0x0d, 0x80, 0x37, 0x40, 0x05, 0x85, 0x40, 0x40, 0x00, 0x85,
  0x3c, 0x40, 0x0b, 0x86, 0x43, 0x40, 0x17, 0x90, 0x37, 0x42, 0x00, 0x96,
  0x3b, 0x53, 0x01, 0x95, 0x3e, 0x5a, 0x00, 0x95, 0x41, 0x5a, 0x00, 0x99,
  0x36, 0x46, 0x01, 0x99, 0x2a, 0x3e, 0x02, 0x92, 0x4a, 0x6e, 0x04, 0x91,
  0x2b, 0x64, 0x03, 0x89, 0x36, 0x40, 0x01, 0x89, 0x2a, 0x40, 0x01, 0x90,
  0x3b, 0x41, 0x07, 0x80, 0x37, 0x40, 0x01, 0x90, 0x3e, 0x41, 0x0c, 0x80,
  0x3b, 0x40, 0x08, 0x80, 0x3e, 0x40, 0x3f, 0x82, 0x4a, 0x40, 0x12, 0x99,
  0x2a, 0x30, 0x0a, 0x89, 0x2a, 0x40, 0x58, 0x86, 0x3b, 0x40, 0x10, 0x92,
  0x4d, 0x6e, 0x00, 0x99, 0x2e, 0x35, 0x01, 0x97, 0x54, 0x61, 0x00, 0x93,
  0x3b, 0x63, 0x04, 0x99, 0x36, 0x3c, 0x02, 0x90, 0x3e, 0x60, 0x01, 0x96,
  0x3e, 0x50, 0x02, 0x89, 0x2e, 0x40, 0x04, 0x93, 0x3e, 0x66, 0x01, 0x89,
  0x36, 0x40, 0x00, 0x90, 0x3b, 0x61, 0x05, 0x93, 0x41, 0x60, 0x05, 0x90,
  0x37, 0x61, 0x2f, 0x81, 0x2b, 0x40, 0x09, 0x83, 0x3b, 0x40, 0x0d, 0x83,
  0x3e, 0x40, 0x06, 0x83, 0x41, 0x40, 0x00, 0x82, 0x4d, 0x40, 0x01, 0x87,
  0x54, 0x40, 0x07, 0x86, 0x3e, 0x40, 0x11, 0x96, 0x41, 0x53, 0x3e, 0x80,
  0x3e, 0x40, 0x08, 0x80, 0x3b, 0x40, 0x0a, 0x80, 0x37, 0x40, 0x14, 0x86,
  0x41, 0x40, 0x12, 0x92, 0x4c, 0x6a, 0x01, 0x90, 0x32, 0x42, 0x01, 0x96,
  0x37, 0x52, 0x00, 0x99, 0x36, 0x64, 0x02, 0x99, 0x2a, 0x3d, 0x00, 0x91,
  0x26, 0x64, 0x06, 0x90, 0x37, 0x40, 0x02, 0x89, 0x36, 0x40, 0x02, 0x89,
  0x2a, 0x40, 0x07, 0x80, 0x32, 0x40, 0x08, 0x90, 0x3b, 0x43, 0x01, 0x80,
  0x37, 0x40, 0x13, 0x80, 0x3b, 0x40, 0x33, 0x82, 0x4c, 0x40, 0x02, 0x86,
  0x37, 0x40, 0x11, 0x99, 0x2a, 0x30, 0x06, 0x96, 0x3b, 0x50, 0x04, 0x89,
  0x2a, 0x40, 0x60, 0x86, 0x3b, 0x40, 0x0d, 0x90, 0x3b, 0x61, 0x00, 0x96,
  0x3e, 0x57, 0x03, 0x92, 0x4a, 0x71, 0x01, 0x99, 0x36, 0x3c, 0x00, 0x97,
  0x48, 0x62, 0x01, 0x99, 0x2e, 0x2e, 0x03, 0x93, 0x3b, 0x63, 0x06, 0x89,
  0x36, 0x40, 0x00, 0x90, 0x37, 0x61, 0x01, 0x89, 0x2e, 0x40, 0x02, 0x93,
  0x3e, 0x5f, 0x07, 0x90, 0x32, 0x5e, 0x03, 0x93, 0x41, 0x65, 0x27, 0x81,
  0x26, 0x40, 0x16, 0x83, 0x3b, 0x40, 0x09, 0x83, 0x3e, 0x40, 0x03, 0x86,
  0x3e, 0x40, 0x03, 0x82, 0x4a, 0x40, 0x01, 0x87, 0x48, 0x40, 0x03, 0x83,
  0x41, 0x40, 0x12, 0x96, 0x41, 0x54, 0x37, 0x80, 0x3b, 0x40, 0x0e, 0x80,
  0x37, 0x40, 0x0a, 0x80, 0x32, 0x40, 0x15, 0x86, 0x41, 0x40, 0x09, 0x85,
  0x3e, 0x40, 0x00, 0x85, 0x41, 0x40, 0x08, 0x99, 0x2a, 0x3b, 0x01, 0x96,
  0x3c, 0x51, 0x01, 0xb2, 0x01, 0x00, 0x00, 0x95, 0x3c, 0x5a, 0x00, 0x95,
  0x40, 0x5a, 0x00, 0x99, 0x36, 0x46, 0x02, 0x92, 0x48, 0x6d, 0x01, 0x90,
  0x37, 0x42, 0x05, 0x89, 0x2a, 0x40, 0x00, 0x91, 0x24, 0x64, 0x02, 0x89,
  0x36, 0x40, 0x01, 0x90, 0x3c, 0x3e, 0x0c, 0x80, 0x37, 0x40, 0x03, 0x90,
  0x40, 0x42, 0x05, 0x80, 0x3c, 0x40, 0x0f, 0x80, 0x40, 0x40, 0x4a, 0xb2,
  0x01, 0x04, 0x01, 0x99, 0x2a, 0x2f, 0x0a, 0x89, 0x2a, 0x40, 0x58, 0x86,
  0x3c, 0x40, 0x10, 0x96, 0x40, 0x50, 0x04, 0x90, 0x40, 0x61, 0x01, 0xb2,
  0x01, 0x08, 0x00, 0x94, 0x4f, 0x69, 0x00, 0x94, 0x54, 0x69, 0x00, 0x94,
  0x58, 0x69, 0x00, 0x99, 0x2e, 0x33, 0x00, 0x99, 0x36, 0x3c, 0x04, 0x97,
  0x54, 0x65, 0x00, 0x93, 0x3c, 0x63, 0x01, 0x93, 0x40, 0x63, 0x05, 0x89,
  0x2e, 0x40, 0x00, 0x89, 0x36, 0x40, 0x01, 0x90, 0x37, 0x5e, 0x08, 0x93,
  0x43, 0x63, 0x01, 0x90, 0x3c, 0x5e, 0x28, 0x84, 0x54, 0x40, 0x00, 0x84,
  0x58, 0x40, 0x08, 0x81, 0x24, 0x40, 0x0c, 0x84, 0x4f, 0x40, 0x04, 0x83,
  0x3c, 0x40, 0x01, 0x83, 0x40, 0x40, 0x0a, 0x86, 0x40, 0x40, 0x04, 0x83,
  0x43, 0x40, 0x05, 0x87, 0x54, 0x40, 0x10, 0xb2, 0x01, 0x0c, 0x00, 0x99,
  0x2a, 0x37, 0x01, 0x96, 0x43, 0x56, 0x09, 0x89, 0x2a, 0x40, 0x31, 0x80,
  0x40, 0x40, 0x0c, 0x80, 0x37, 0x40, 0x09, 0x80, 0x3c, 0x40, 0x15, 0x86,
  0x43, 0x40, 0x12, 0x96, 0x37, 0x55, 0x01, 0x94, 0x4c, 0x69, 0x00, 0x94,
  0x4f, 0x69, 0x00, 0x94, 0x54, 0x69, 0x00, 0x99, 0x2a, 0x39, 0x00, 0x99,
  0x36, 0x64, 0x02, 0x82, 0x48, 0x40, 0x00, 0x90, 0x30, 0x41, 0x04, 0x91,
  0x1f, 0x64, 0x04, 0x89, 0x2a, 0x40, 0x00, 0x89, 0x36, 0x40, 0x01, 0x90,
  0x37, 0x40, 0x09, 0x90, 0x3c, 0x41, 0x02, 0x80, 0x30, 0x40, 0x09, 0x80,
  0x37, 0x40, 0x09, 0x80, 0x3c, 0x40, 0x3b, 0x86, 0x37, 0x40, 0x11, 0x96,
  0x3c, 0x51, 0x05, 0x99, 0x2a, 0x2e, 0x0a, 0x89, 0x2a, 0x40, 0x55, 0x86,
  0x3c, 0x40, 0x13, 0x97, 0x48, 0x62, 0x03, 0x93, 0x3c, 0x62, 0x01, 0x90,
  0x3c, 0x5d, 0x00, 0x96, 0x40, 0x53, 0x01, 0xb2, 0x01, 0x00, 0x00, 0x92,
  0x4f, 0x6e, 0x00, 0x99, 0x36, 0x3c, 0x01, 0x99, 0x2e, 0x32, 0x05, 0x93,
  0x40, 0x66, 0x04, 0x89, 0x36, 0x40, 0x00, 0x90, 0x37, 0x5f, 0x01, 0x89,
  0x2e, 0x40, 0x07, 0x90, 0x30, 0x5c, 0x04, 0x93, 0x43, 0x60, 0x2c, 0x81,
  0x1f, 0x40, 0x0c, 0x83, 0x3c, 0x40, 0x08, 0x83, 0x40, 0x40, 0x09, 0x87,
  0x48, 0x40, 0x04, 0x86, 0x40, 0x40, 0x01, 0x82, 0x4f, 0x40, 0x02, 0x83,
  0x43, 0x40, 0x0e, 0x96, 0x43, 0x55, 0x2c, 0x84, 0x4c, 0x40, 0x00, 0x84,
  0x54, 0x40, 0x00, 0x84, 0x4f, 0x40, 0x13, 0x80, 0x3c, 0x40, 0x0b, 0x80,
  0x37, 0x40, 0x08, 0x80, 0x30, 0x40, 0x07, 0x85, 0x40, 0x40, 0x00, 0x85,
  0x3c, 0x40, 0x0b, 0x86, 0x43, 0x40, 0x13, 0x96, 0x3c, 0x51, 0x03, 0x90,
  0x3c, 0x3f, 0x02, 0x92, 0x51, 0x6a, 0x00, 0x95, 0x41, 0x55, 0x00, 0x95,
  0x45, 0x55, 0x00, 0x99, 0x36, 0x46, 0x01, 0x99, 0x2a, 0x3d, 0x05, 0x91,
  0x29, 0x64, 0x04, 0x89, 0x36, 0x40, 0x01, 0x89, 0x2a, 0x40, 0x01, 0x90,
  0x41, 0x42, 0x06, 0x80, 0x3c, 0x40, 0x02, 0x90, 0x45, 0x41, 0x0c, 0x80,
  0x41, 0x40, 0x08, 0x80, 0x45, 0x40, 0x3c, 0x82, 0x51, 0x40, 0x18, 0x99,
  0x2a, 0x32, 0x0a, 0x89, 0x2a, 0x40, 0x51, 0x86, 0x3c, 0x40, 0x14, 0x96,
  0x41, 0x52, 0x01, 0x97, 0x54, 0x63, 0x00, 0x92, 0x51, 0x6a, 0x02, 0x99,
  0x2e, 0x35, 0x01, 0x90, 0x45, 0x5c, 0x01, 0x93, 0x41, 0x60, 0x00, 0x99,
  0x36, 0x3c, 0x08, 0x89, 0x2e, 0x40, 0x00, 0x93, 0x45, 0x5f, 0x01, 0x90,
  0x41, 0x61, 0x01, 0x89, 0x36, 0x40, 0x07, 0x90, 0x3c, 0x5c, 0x06, 0x93,
  0x48, 0x64, 0x2b, 0x81, 0x29, 0x40, 0x0e, 0x83, 0x41, 0x40, 0x08, 0x83,
  0x45, 0x40, 0x07, 0x86, 0x41, 0x40, 0x01, 0x87, 0x54, 0x40, 0x00, 0x82,
  0x51, 0x40, 0x07, 0x83, 0x48, 0x40, 0x0f, 0x96, 0x45, 0x56, 0x3d, 0x80,
  0x45, 0x40, 0x0a, 0x80, 0x41, 0x40, 0x08, 0x80, 0x3c, 0x40, 0x15, 0x86,
  0x45, 0x40, 0x16, 0x99, 0x36, 0x64, 0x01, 0x96, 0x39, 0x55, 0x03, 0x99,
  0x2a, 0x3c, 0x00, 0x92, 0x4d, 0x70, 0x01, 0x90, 0x35, 0x43, 0x03, 0x91,
  0x24, 0x64, 0x02, 0x89, 0x36, 0x40, 0x00, 0x90, 0x3c, 0x42, 0x04, 0x89,
  0x2a, 0x40, 0x0b, 0x80, 0x35, 0x40, 0x01, 0x90, 0x41, 0x41, 0x04, 0x80,
  0x3c, 0x40, 0x10, 0x80, 0x41, 0x40, 0x3a, 0x82, 0x4d, 0x40, 0x0b, 0x99,
  0x2a, 0x35, 0x0a, 0x89, 0x2a, 0x40, 0x60, 0x86, 0x39, 0x40, 0x0e, 0x96,
  0x41, 0x51, 0x01, 0x99, 0x2e, 0x2e, 0x02, 0x90, 0x41, 0x61, 0x00, 0x93,
  0x41, 0x63, 0x02, 0x92, 0x51, 0x69, 0x00, 0x99, 0x36, 0x3c, 0x01, 0x97,
  0x48, 0x68, 0x05, 0x89, 0x2e, 0x40, 0x01, 0x93, 0x45, 0x61, 0x03, 0x89,
  0x36, 0x40, 0x01, 0x90, 0x3c, 0x61, 0x05, 0x93, 0x48, 0x63, 0x04, 0x90,
  0x35, 0x5c, 0x30, 0x81, 0x24, 0x40, 0x0a, 0x83, 0x41, 0x40, 0x09, 0x83,
  0x45, 0x40, 0x08, 0x86, 0x41, 0x40, 0x01, 0x83, 0x48, 0x40, 0x04, 0x82,
  0x51, 0x40, 0x01, 0x87, 0x48, 0x40, 0x0f, 0x96, 0x45, 0x50, 0x3e, 0x80,
  0x41, 0x40, 0x0d, 0x80, 0x3c, 0x40, 0x09, 0x80, 0x35, 0x40, 0x10, 0x86,
  0x45, 0x40, 0x0e, 0x85, 0x45, 0x40, 0x00, 0x85, 0x41, 0x40, 0x0a, 0x95,
  0x45, 0x55, 0x00, 0x95, 0x48, 0x55, 0x00, 0x99, 0x36, 0x46, 0x00, 0x99,
  0x2a, 0x3b, 0x02, 0x96, 0x3c, 0x50, 0x00, 0x90, 0x3c, 0x3e, 0x00, 0x92,
  0x54, 0x6f, 0x06, 0x91, 0x29, 0x64, 0x02, 0x89, 0x36, 0x40, 0x00, 0x89,
  0x2a, 0x40, 0x00, 0x90, 0x41, 0x40, 0x0a, 0x90, 0x45, 0x42, 0x02, 0x80,
  0x3c, 0x40, 0x08, 0x80, 0x41, 0x40, 0x0a, 0x80, 0x45, 0x40, 0x3e, 0x82,
  0x54, 0x40, 0x16, 0x99, 0x2a, 0x2e, 0x0a, 0x89, 0x2a, 0x40, 0x58, 0x86,
  0x3c, 0x40, 0x0d, 0x97, 0x54, 0x63, 0x04, 0x93, 0x41, 0x64, 0x01, 0x99,
  0x36, 0x3c, 0x01, 0x96, 0x41, 0x50, 0x01, 0x90, 0x41, 0x60, 0x02, 0x92,
  0x54, 0x6b, 0x00, 0x99, 0x2e, 0x31, 0x06, 0x89, 0x36, 0x40, 0x00, 0x90,
  0x45, 0x60, 0x00, 0x93, 0x45, 0x63, 0x04, 0x89, 0x2e, 0x40, 0x06, 0x90,
  0x3c, 0x60, 0x00, 0x93, 0x48, 0x68, 0x30, 0x81, 0x29, 0x40, 0x0b, 0x83,
  0x41, 0x40, 0x0b, 0x83, 0x45, 0x40, 0x05, 0x87, 0x54, 0x40, 0x05, 0x83,
  0x48, 0x40, 0x01, 0x86, 0x41, 0x40, 0x03, 0x82, 0x54, 0x40, 0x0d, 0x96,
  0x45, 0x56, 0x03, 0x99, 0x2a, 0x37, 0x0a, 0x89, 0x2a, 0x40, 0x34, 0x80,
  0x41, 0x40, 0x08, 0x80, 0x45, 0x40, 0x0a, 0x80, 0x3c, 0x40, 0x11, 0x86,
  0x45, 0x40, 0x11, 0x90, 0x35, 0x41, 0x05, 0x96, 0x39, 0x51, 0x01, 0x99,
  0x36, 0x64, 0x00, 0x92, 0x53, 0x72, 0x02, 0x99, 0x2a, 0x3b, 0x07, 0x91,
  0x24, 0x64, 0x01, 0x89, 0x36, 0x40, 0x00, 0x90, 0x3c, 0x3f, 0x02, 0x89,
  0x2a, 0x40, 0x02, 0x80, 0x35, 0x40, 0x06, 0x90, 0x41, 0x40, 0x0a, 0x80,
  0x3c, 0x40, 0x0a, 0x80, 0x41, 0x40, 0x3b, 0x86, 0x39, 0x40, 0x01, 0x82,
  0x53, 0x40, 0x0f, 0x99, 0x2a, 0x34, 0x08, 0x96, 0x3c, 0x56, 0x02, 0x89,
  0x2a, 0x40, 0x62, 0x86, 0x3c, 0x40, 0x0c, 0x99, 0x2a, 0x30, 0x01, 0x97,
  0x48, 0x62, 0x01, 0x90, 0x41, 0x5c, 0x01, 0x96, 0x41, 0x57, 0x01, 0x93,
  0x41, 0x61, 0x01, 0x92, 0x51, 0x6c, 0x00, 0x99, 0x36, 0x3c, 0x01, 0x90,
  0x3c, 0x5e, 0x04, 0x89, 0x2a, 0x40, 0x03, 0x93, 0x45, 0x66, 0x02, 0x89,
  0x36, 0x40, 0x09, 0x93, 0x48, 0x5f, 0x04, 0x90, 0x35, 0x5c, 0x2e, 0x81,
  0x24, 0x40, 0x0a, 0x83, 0x41, 0x40, 0x09, 0x83, 0x45, 0x40, 0x08, 0x87,
  0x48, 0x40, 0x02, 0x86, 0x41, 0x40, 0x01, 0x83, 0x48, 0x40, 0x01, 0x82,
  0x51, 0x40, 0x15, 0x99, 0x2a, 0x34, 0x03, 0x96, 0x45, 0x58, 0x07, 0x89,
  0x2a, 0x40, 0x2e, 0x80, 0x41, 0x40, 0x04, 0x80, 0x3c, 0x40, 0x16, 0x80,
  0x35, 0x40, 0x02, 0x85, 0x45, 0x40, 0x00, 0x85, 0x48, 0x40, 0x13, 0x86,
  0x45, 0x40, 0x0c, 0x96, 0x3c, 0x57, 0x04, 0x95, 0x43, 0x5a, 0x00, 0x95,
  0x40, 0x5a, 0x00, 0x99, 0x36, 0x46, 0x01, 0x99, 0x2a, 0x3e, 0x01, 0x90,
  0x37, 0x3e, 0x01, 0x92, 0x4f, 0x71, 0x06, 0x91, 0x24, 0x64, 0x01, 0x89,
  0x36, 0x40, 0x00, 0x90, 0x40, 0x42, 0x01, 0x89, 0x2a, 0x40, 0x09, 0x90,
  0x3c, 0x42, 0x02, 0x80, 0x37, 0x40, 0x08, 0x80, 0x40, 0x40, 0x0a, 0x80,
  0x3c, 0x40, 0x3f, 0x82, 0x4f, 0x40, 0x12, 0x99, 0x2a, 0x30, 0x0a, 0x89,
  0x2a, 0x40, 0x55, 0x86, 0x3c, 0x40, 0x10, 0x90, 0x40, 0x5c, 0x03, 0x99,
  0x2e, 0x35, 0x04, 0x92, 0x4f, 0x6f, 0x00, 0x93, 0x3c, 0x65, 0x01, 0x99,
  0x36, 0x3c, 0x04, 0x97, 0x54, 0x64, 0x00, 0x96, 0x40, 0x58, 0x01, 0x89,
  0x2e, 0x40, 0x00, 0x93, 0x40, 0x61, 0x04, 0x90, 0x3c, 0x5c, 0x01, 0x89,
  0x36, 0x40, 0x0a, 0x90, 0x37, 0x61, 0x03, 0x93, 0x43, 0x60, 0x2e, 0x81,
  0x24, 0x40, 0x0a, 0x83, 0x3c, 0x40, 0x06, 0x83, 0x40, 0x40, 0x0e, 0x82,
  0x4f, 0x40, 0x04, 0x83, 0x43, 0x40, 0x01, 0x87, 0x54, 0x40, 0x00, 0x86,
  0x40, 0x40, 0x0c, 0x96, 0x43, 0x56, 0x38, 0x80, 0x40, 0x40, 0x11, 0x80,
  0x3c, 0x40, 0x0b, 0x80, 0x37, 0x40, 0x10, 0x86, 0x43, 0x40, 0x10, 0x90,
  0x30, 0x43, 0x06, 0x96, 0x37, 0x54, 0x02, 0x99, 0x36, 0x64, 0x00, 0x90,
  0x37, 0x42, 0x02, 0x99, 0x2a, 0x3d, 0x01, 0x92, 0x4f, 0x70, 0x06, 0x91,
  0x1f, 0x64, 0x01, 0x89, 0x36, 0x40, 0x02, 0x80, 0x30, 0x40, 0x00, 0x89,
  0x2a, 0x40, 0x08, 0x80, 0x37, 0x40, 0x00, 0x90, 0x3c, 0x41, 0x14, 0x80,
  0x3c, 0x40, 0x3f, 0x82, 0x4f, 0x40, 0x0e, 0x99, 0x2a, 0x30, 0x0a, 0x89,
  0x2a, 0x40, 0x5b, 0x86, 0x37, 0x40, 0x10, 0x90, 0x3c, 0x60, 0x01, 0x96,
  0x40, 0x55, 0x01, 0x97, 0x48, 0x67, 0x00, 0x93, 0x3c, 0x67, 0x04, 0x92,
  0x4d, 0x6b, 0x00, 0x99, 0x36, 0x3c, 0x01, 0x99, 0x2e, 0x2e, 0x04, 0x93,
  0x40, 0x5f, 0x05, 0x89, 0x36, 0x40, 0x00, 0x90, 0x37, 0x61, 0x01, 0x89,
  0x2e, 0x40, 0x08, 0x93, 0x43, 0x62, 0x03, 0x90, 0x30, 0x5c, 0x2f, 0x81,
  0x1f, 0x40, 0x07, 0x83, 0x3c, 0x40, 0x09, 0x83, 0x40, 0x40, 0x0a, 0x86,
  0x40, 0x40, 0x01, 0x87, 0x48, 0x40, 0x03, 0x83, 0x43, 0x40, 0x01, 0x82,
  0x4d, 0x40, 0x13, 0x96, 0x43, 0x50, 0x37, 0x80, 0x3c, 0x40, 0x10, 0x80,
  0x37, 0x40, 0x0c, 0x80, 0x30, 0x40, 0x11, 0x86, 0x43, 0x40, 0x0b, 0x85,
  0x43, 0x40, 0x00, 0x85, 0x40, 0x40, 0x05, 0x96, 0x3c, 0x50, 0x01, 0x92,
  0x4c, 0x6a, 0x02, 0x99, 0x2a, 0x3b, 0x02, 0xb2, 0x01, 0x00, 0x00, 0x99,
  0x36, 0x46, 0x00, 0x95, 0x3c, 0x5a, 0x00, 0x95, 0x40, 0x5a, 0x01, 0x90,
  0x37, 0x40, 0x07, 0x89, 0x2a, 0x40, 0x01, 0x91, 0x24, 0x64, 0x01, 0x89,
  0x36, 0x40, 0x00, 0x90, 0x3c, 0x42, 0x0a, 0x90, 0x40, 0x3f, 0x01, 0x80,
  0x37, 0x40, 0x09, 0x80, 0x3c, 0x40, 0x0a, 0x80, 0x40, 0x40, 0x50, 0xb2,
  0x01, 0x04, 0x01, 0x99, 0x2a, 0x2f, 0x0a, 0x89, 0x2a, 0x40, 0x54, 0x86,
  0x3c, 0x40, 0x16, 0x90, 0x40, 0x5e, 0x00, 0x96, 0x40, 0x57, 0x02, 0x93,
  0x3c, 0x60, 0x01, 0xb2, 0x01, 0x08, 0x00, 0x94, 0x54, 0x69, 0x00, 0x94,
  0x4c, 0x69, 0x00, 0x94, 0x5b, 0x69, 0x00, 0x99, 0x2e, 0x33, 0x00, 0x99,
  0x36, 0x3c, 0x00, 0x97, 0x54, 0x65, 0x0a, 0x89, 0x2e, 0x40, 0x00, 0x89,
  0x36, 0x40, 0x01, 0x90, 0x3c, 0x5e, 0x02, 0x93, 0x40, 0x61, 0x02, 0x93,
  0x43, 0x63, 0x06, 0x90, 0x37, 0x5c, 0x30, 0x81, 0x24, 0x40, 0x0a, 0x83,
  0x3c, 0x40, 0x01, 0x84, 0x4c, 0x40, 0x00, 0x84, 0x54, 0x40, 0x00, 0x84,
  0x5b, 0x40, 0x0d, 0x83, 0x40, 0x40, 0x02, 0x83, 0x43, 0x40, 0x02, 0x86,
  0x40, 0x40, 0x03, 0x87, 0x54, 0x40, 0x11, 0x96, 0x43, 0x56, 0x03, 0xb2,
  0x01, 0x0c, 0x00, 0x99, 0x2a, 0x37, 0x0a, 0x89, 0x2a, 0x40, 0x2f, 0x80,
  0x40, 0x40, 0x0e, 0x80, 0x3c, 0x40, 0x0a, 0x80, 0x37, 0x40, 0x10, 0x86,
  0x43, 0x40, 0x13, 0x82, 0x4c, 0x40, 0x03, 0x90, 0x30, 0x3f, 0x01, 0x99,
  0x2a, 0x39, 0x00, 0x99, 0x36, 0x64, 0x00, 0x94, 0x4f, 0x69, 0x00, 0x94,
  0x58, 0x69, 0x00, 0x94, 0x54, 0x69, 0x01, 0x96, 0x37, 0x55, 0x05, 0x91,
  0x1f, 0x64, 0x03, 0x90, 0x37, 0x40, 0x01, 0x89, 0x2a, 0x40, 0x00, 0x89,
  0x36, 0x40, 0x09, 0x80, 0x30, 0x40, 0x01, 0x90, 0x3c, 0x43, 0x09, 0x80,
  0x37, 0x40, 0x0b, 0x80, 0x3c, 0x40, 0x28, 0x84, 0x54, 0x40, 0x00, 0x84,
  0x58, 0x40, 0x00, 0x84, 0x4f, 0x40, 0x15, 0x86, 0x37, 0x40, 0x0f, 0x96,
  0x3c, 0x58, 0x05, 0x99, 0x2a, 0x2e, 0x0a, 0x89, 0x2a, 0x40, 0x55, 0x86,
  0x3c, 0x40, 0x14, 0x92, 0x4f, 0x6e, 0x03, 0x96, 0x40, 0x52, 0x01, 0xb2,
  0x01, 0x00, 0x00, 0x94, 0x54, 0x69, 0x00, 0x94, 0x58, 0x69, 0x00, 0x94,
  0x5b, 0x69, 0x00, 0x99, 0x36, 0x3c, 0x01, 0x97, 0x48, 0x64, 0x00, 0x99,
  0x2e, 0x32, 0x00, 0x90, 0x3c, 0x61, 0x00, 0x93, 0x3c, 0x65, 0x09, 0x89,
  0x36, 0x40, 0x00, 0x90, 0x37, 0x60, 0x01, 0x89, 0x2e, 0x40, 0x02, 0x93,
  0x40, 0x5f, 0x03, 0x93, 0x43, 0x61, 0x04, 0x90, 0x30, 0x5c, 0x2e, 0x81,
  0x1f, 0x40, 0x0f, 0x83, 0x3c, 0x40, 0x0c, 0x83, 0x40, 0x40, 0x03, 0x83,
  0x43, 0x40, 0x03, 0x86, 0x40, 0x40, 0x02, 0x87, 0x48, 0x40, 0x15, 0x96,
  0x43, 0x52, 0x36, 0x82, 0x4f, 0x40, 0x04, 0x84, 0x5b, 0x40, 0x00, 0x84,
  0x54, 0x40, 0x00, 0x84, 0x58, 0x40, 0x01, 0x80, 0x3c, 0x40, 0x09, 0x80,
  0x37, 0x40, 0x0a, 0x80, 0x30, 0x40, 0x05, 0x85, 0x3c, 0x40, 0x00, 0x85,
  0x40, 0x40, 0x11, 0x86, 0x43, 0x40, 0x0f, 0x90, 0x3c, 0x43, 0x03, 0x95,
  0x41, 0x5a, 0x00, 0x95, 0x45, 0x5a, 0x00, 0x94, 0x54, 0x69, 0x00, 0x94,
  0x59, 0x69, 0x00, 0x94, 0x5d, 0x69, 0x00, 0x99, 0x36, 0x46, 0x01, 0x99,
  0x2a, 0x3d, 0x00, 0x92, 0x51, 0x70, 0x01, 0x96, 0x3c, 0x54, 0x05, 0x91,
  0x29, 0x64, 0x03, 0x89, 0x36, 0x40, 0x00, 0x90, 0x41, 0x40, 0x01, 0x89,
  0x2a, 0x40, 0x06, 0x80, 0x3c, 0x40, 0x02, 0x90, 0x45, 0x40, 0x0b, 0x80,
  0x41, 0x40, 0x09, 0x80, 0x45, 0x40, 0x3d, 0x84, 0x54, 0x40, 0x00, 0x84,
  0x59, 0x40, 0x00, 0x84, 0x5d, 0x40, 0x01, 0x82, 0x51, 0x40, 0x17, 0x99,
  0x2a, 0x32, 0x0a, 0x89, 0x2a, 0x40, 0x58, 0x86, 0x3c, 0x40, 0x10, 0x99,
  0x2e, 0x35, 0x01, 0x97, 0x54, 0x5f, 0x00, 0x96, 0x41, 0x51, 0x01, 0x99,
  0x36, 0x3c, 0x01, 0x90, 0x45, 0x5c, 0x01, 0x93, 0x41, 0x65, 0x01, 0x92,
  0x51, 0x69, 0x05, 0x89, 0x2e, 0x40, 0x02, 0x89, 0x36, 0x40, 0x02, 0x90,
  0x41, 0x61, 0x00, 0x93, 0x45, 0x61, 0x09, 0x93, 0x48, 0x63, 0x02, 0x90,
  0x3c, 0x60, 0x2c, 0x81, 0x29, 0x40, 0x0f, 0x83, 0x41, 0x40, 0x0a, 0x83,
  0x45, 0x40, 0x07, 0x87, 0x54, 0x40, 0x00, 0x86, 0x41, 0x40, 0x02, 0x83,
  0x48, 0x40, 0x02, 0x82, 0x51, 0x40, 0x10, 0x96, 0x45, 0x59, 0x3e, 0x80,
  0x45, 0x40, 0x0b, 0x80, 0x41, 0x40, 0x0b, 0x80, 0x3c, 0x40, 0x10, 0x86,
  0x45, 0x40, 0x12, 0x96, 0x39, 0x59, 0x02, 0x90, 0x35, 0x43, 0x01, 0x92,
  0x4d, 0x6c, 0x00, 0x99, 0x36, 0x64, 0x04, 0x99, 0x2a, 0x3c, 0x04, 0x91,
  0x24, 0x64, 0x02, 0x89, 0x36, 0x40, 0x03, 0x90, 0x3c, 0x3f, 0x01, 0x89,
  0x2a, 0x40, 0x05, 0x80, 0x35, 0x40, 0x01, 0x90, 0x41, 0x43, 0x0d, 0x80,
  0x3c, 0x40, 0x07, 0x80, 0x41, 0x40, 0x3c, 0x82, 0x4d, 0x40, 0x0f, 0x99,
  0x2a, 0x35, 0x0a, 0x89, 0x2a, 0x40, 0x5c, 0x86, 0x39, 0x40, 0x13, 0x93,
  0x41, 0x65, 0x00, 0x99, 0x2e, 0x2e, 0x04, 0x99, 0x36, 0x3c, 0x00, 0x97,
  0x48, 0x5f, 0x01, 0x96, 0x41, 0x57, 0x00, 0x92, 0x51, 0x6f, 0x02, 0x90,
  0x41, 0x61, 0x03, 0x89, 0x2e, 0x40, 0x03, 0x93, 0x45, 0x60, 0x01, 0x89,
  0x36, 0x40, 0x02, 0x90, 0x3c, 0x5e, 0x04, 0x93, 0x48, 0x64, 0x0a, 0x90,
  0x35, 0x5e, 0x2a, 0x81, 0x24, 0x40, 0x08, 0x83, 0x41, 0x40, 0x0d, 0x83,
  0x45, 0x40, 0x07, 0x83, 0x48, 0x40, 0x04, 0x87, 0x48, 0x40, 0x01, 0x86,
  0x41, 0x40, 0x00, 0x82, 0x51, 0x40, 0x11, 0x96, 0x45, 0x53, 0x41, 0x80,
  0x41, 0x40, 0x09, 0x80, 0x3c, 0x40, 0x0e, 0x80, 0x35, 0x40, 0x0c, 0x86,
  0x45, 0x40, 0x0c, 0x85, 0x41, 0x40, 0x00, 0x85, 0x45, 0x40, 0x08, 0x90,
  0x3c, 0x3e, 0x00, 0x96, 0x3c, 0x57, 0x02, 0x95, 0x45, 0x5a, 0x00, 0x95,
  0x48, 0x5a, 0x00, 0x99, 0x36, 0x46, 0x00, 0x99, 0x2a, 0x3b, 0x00, 0x92,
  0x54, 0x6a, 0x06, 0x91, 0x29, 0x64, 0x04, 0x89, 0x36, 0x40, 0x00, 0x89,
  0x2a, 0x40, 0x00, 0x90, 0x41, 0x42, 0x08, 0x80, 0x3c, 0x40, 0x04, 0x90,
  0x45, 0x41, 0x08, 0x80, 0x41, 0x40, 0x0c, 0x80, 0x45, 0x40, 0x3a, 0x82,
  0x54, 0x40, 0x18, 0x99, 0x2a, 0x2e, 0x0a, 0x89, 0x2a, 0x40, 0x54, 0x86,
  0x3c, 0x40, 0x12, 0x93, 0x41, 0x68, 0x00, 0x96, 0x41, 0x53, 0x03, 0x92,
  0x54, 0x6f, 0x01, 0x99, 0x36, 0x3c, 0x00, 0x97, 0x54, 0x67, 0x03, 0x90,
  0x45, 0x61, 0x01, 0x99, 0x2e, 0x31, 0x03, 0x93, 0x45, 0x63, 0x03, 0x89,
  0x36, 0x40, 0x00, 0x90, 0x41, 0x5e, 0x04, 0x89, 0x2e, 0x40, 0x06, 0x90,
  0x3c, 0x61, 0x01, 0x93, 0x48, 0x67, 0x2d, 0x81, 0x29, 0x40, 0x0a, 0x83,
  0x41, 0x40, 0x0b, 0x83, 0x45, 0x40, 0x09, 0x86, 0x41, 0x40, 0x03, 0x82,
  0x54, 0x40, 0x01, 0x87, 0x54, 0x40, 0x01, 0x83, 0x48, 0x40, 0x13, 0x99,
  0x2a, 0x37, 0x02, 0x96, 0x45, 0x54, 0x08, 0x89, 0x2a, 0x40, 0x35, 0x80,
  0x45, 0x40, 0x07, 0x80, 0x41, 0x40, 0x0a, 0x80, 0x3c, 0x40, 0x16, 0x86,
  0x45, 0x40, 0x0d, 0x96, 0x39, 0x53, 0x05, 0x99, 0x36, 0x64, 0x01, 0x90,
  0x35, 0x3f, 0x01, 0x92, 0x53, 0x69, 0x00, 0x99, 0x2a, 0x3b, 0x02, 0x91,
  0x24, 0x64, 0x06, 0x89, 0x36, 0x40, 0x00, 0x90, 0x3c, 0x42, 0x02, 0x89,
  0x2a, 0x40, 0x09, 0x80, 0x35, 0x40, 0x00, 0x90, 0x41, 0x3e, 0x09, 0x80,
  0x3c, 0x40, 0x0b, 0x80, 0x41, 0x40, 0x36, 0x86, 0x39, 0x40, 0x07, 0x82,
  0x53, 0x40, 0x0d, 0x99, 0x2a, 0x34, 0x05, 0x96, 0x3c, 0x55, 0x05, 0x89,
  0x2a, 0x40, 0x5f, 0x86, 0x3c, 0x40, 0x0b, 0x90, 0x41, 0x5d, 0x04, 0x99,
  0x2a, 0x30, 0x02, 0x96, 0x41, 0x57, 0x02, 0x92, 0x54, 0x72, 0x01, 0x99,
  0x36, 0x3c, 0x02, 0x97, 0x48, 0x66, 0x00, 0x93, 0x41, 0x61, 0x03, 0x89,
  0x2a, 0x40, 0x00, 0x93, 0x45, 0x67, 0x05, 0x89, 0x36, 0x40, 0x03, 0x90,
  0x3c, 0x60, 0x07, 0x90, 0x35, 0x5f, 0x04, 0x93, 0x48, 0x62, 0x28, 0x81,
  0x24, 0x40, 0x12, 0x83, 0x41, 0x40, 0x03, 0x83, 0x45, 0x40, 0x0c, 0x86,
  0x41, 0x40, 0x02, 0x82, 0x54, 0x40, 0x03, 0x87, 0x48, 0x40, 0x02, 0x83,
  0x48, 0x40, 0x0d, 0x96, 0x45, 0x55, 0x04, 0x99, 0x2a, 0x34, 0x0a, 0x89,
  0x2a, 0x40, 0x28, 0x80, 0x41, 0x40, 0x16, 0x80, 0x3c, 0x40, 0x07, 0x80,
  0x35, 0x40, 0x05, 0x85, 0x48, 0x40, 0x00, 0x85, 0x45, 0x40, 0x0c, 0x86,
  0x45, 0x40, 0x10, 0x90, 0x3e, 0x42, 0x07, 0x99, 0x36, 0x46, 0x00, 0x96,
  0x3e, 0x5e, 0x00, 0x95, 0x43, 0x5a, 0x00, 0x95, 0x47, 0x5a, 0x01, 0x99,
  0x2a, 0x3e, 0x03, 0x92, 0x56, 0x6b, 0x02, 0x91, 0x2b, 0x64, 0x04, 0x89,
  0x36, 0x40, 0x00, 0x90, 0x43, 0x40, 0x01, 0x89, 0x2a, 0x40, 0x02, 0x80,
  0x3e, 0x40, 0x0c, 0x90, 0x47, 0x3e, 0x05, 0x80, 0x43, 0x40, 0x08, 0x96,
  0x43, 0x5d, 0x07, 0x80, 0x47, 0x40, 0x1c, 0x96, 0x47, 0x61, 0x1f, 0x82,
  0x56, 0x40, 0x11, 0x99, 0x2a, 0x30, 0x0a, 0x89, 0x2a, 0x40, 0x68, 0x99,
  0x2e, 0x35, 0x01, 0x92, 0x56, 0x6f, 0x01, 0x97, 0x54, 0x61, 0x02, 0x93,
  0x43, 0x60, 0x01, 0x99, 0x36, 0x3c, 0x01, 0x90, 0x47, 0x5c, 0x04, 0x89,
  0x2e, 0x40, 0x05, 0x89, 0x36, 0x40, 0x00, 0x90, 0x43, 0x60, 0x01, 0x93,
  0x47, 0x61, 0x09, 0x90, 0x3e, 0x5f, 0x02, 0x93, 0x4a, 0x62, 0x26, 0x86,
  0x3e, 0x40, 0x06, 0x81, 0x2b, 0x40, 0x0d, 0x83, 0x43, 0x40, 0x0c, 0x83,
  0x47, 0x40, 0x05, 0x82, 0x56, 0x40, 0x01, 0x87, 0x54, 0x40, 0x01, 0x86,
  0x43, 0x40, 0x04, 0x83, 0x4a, 0x40, 0x1f, 0x86, 0x47, 0x40, 0x30, 0x80,
  0x47, 0x40, 0x09, 0x80, 0x43, 0x40, 0x0a, 0x80, 0x3e, 0x40, 0x1e, 0x85,
  0x43, 0x40, 0x00, 0x85, 0x47, 0x40, 0x06, 0x92, 0x53, 0x6f, 0x02, 0x90,
  0x3b, 0x3e, 0x00, 0x96, 0x3b, 0x51, 0x02, 0x95, 0x3e, 0x5a, 0x00, 0x95,
  0x43, 0x5a, 0x00, 0x99, 0x36, 0x64, 0x02, 0x99, 0x2a, 0x3d, 0x05, 0x90,
  0x3e, 0x40, 0x01, 0x91, 0x26, 0x64, 0x02, 0x89, 0x36, 0x40, 0x02, 0x89,
  0x2a, 0x40, 0x06, 0x80, 0x3b, 0x40, 0x00, 0x90, 0x43, 0x3e, 0x09, 0x80,
  0x3e, 0x40, 0x06, 0x96, 0x3e, 0x5b, 0x05, 0x80, 0x43, 0x40, 0x1a, 0x96,
  0x43, 0x52, 0x20, 0x82, 0x53, 0x40, 0x15, 0x99, 0x2a, 0x30, 0x0a, 0x89,
  0x2a, 0x40, 0x6d, 0x90, 0x43, 0x60, 0x04, 0x99, 0x36, 0x3c, 0x01, 0x97,
  0x54, 0x63, 0x00, 0x99, 0x2e, 0x2e, 0x00, 0x93, 0x43, 0x65, 0x02, 0x92,
  0x51, 0x6b, 0x07, 0x89, 0x36, 0x40, 0x00, 0x90, 0x3e, 0x61, 0x01, 0x89,
  0x2e, 0x40, 0x02, 0x93, 0x47, 0x68, 0x03, 0x93, 0x4a, 0x68, 0x06, 0x90,
  0x3b, 0x60, 0x24, 0x86, 0x3b, 0x40, 0x0a, 0x81, 0x26, 0x40, 0x0d, 0x83,
  0x43, 0x40, 0x0c, 0x86, 0x3e, 0x40, 0x00, 0x83, 0x47, 0x40, 0x03, 0x83,
  0x4a, 0x40, 0x05, 0x87, 0x54, 0x40, 0x02, 0x82, 0x51, 0x40, 0x15, 0x86,
  0x43, 0x40, 0x34, 0x80, 0x43, 0x40, 0x0e, 0x80, 0x3e, 0x40, 0x0c, 0x80,
  0x3b, 0x40, 0x1c, 0x85, 0x3e, 0x40, 0x00, 0x85, 0x43, 0x40, 0x06, 0x92,
  0x4f, 0x6b, 0x02, 0x99, 0x2a, 0x3b, 0x01, 0x93, 0x3e, 0x64, 0x01, 0x99,
  0x36, 0x46, 0x00, 0x95, 0x3e, 0x5a, 0x00, 0x95, 0x37, 0x5a, 0x02, 0x96,
  0x3b, 0x62, 0x00, 0x90, 0x3b, 0x3e, 0x06, 0x89, 0x2a, 0x40, 0x00, 0x91,
  0x2b, 0x64, 0x01, 0x93, 0x43, 0x61, 0x01, 0x89, 0x36, 0x40, 0x03, 0x90,
  0x3e, 0x40, 0x07, 0x90, 0x41, 0x42, 0x00, 0x93, 0x47, 0x68, 0x02, 0x80,
  0x3b, 0x40, 0x0b, 0x80, 0x3e, 0x40, 0x07, 0x80, 0x41, 0x40, 0x09, 0x96,
  0x3e, 0x50, 0x1a, 0x96, 0x41, 0x5f, 0x04, 0x83, 0x3e, 0x40, 0x0a, 0x83,
  0x43, 0x40, 0x07, 0x82, 0x4f, 0x40, 0x04, 0x83, 0x47, 0x40, 0x15, 0x99,
  0x2a, 0x2f, 0x0a, 0x89, 0x2a, 0x40, 0x11, 0x81, 0x2b, 0x40, 0x56, 0x90,
  0x41, 0x60, 0x01, 0x97, 0x54, 0x60, 0x01, 0x93, 0x45, 0x61, 0x04, 0x99,
  0x36, 0x3c, 0x00, 0x99, 0x2e, 0x33, 0x00, 0x94, 0x53, 0x69, 0x00, 0x94,
  0x56, 0x69, 0x00, 0x94, 0x59, 0x69, 0x01, 0x92, 0x4d, 0x6e, 0x06, 0x91,
  0x29, 0x64, 0x03, 0x89, 0x36, 0x40, 0x00, 0x89, 0x2e, 0x40, 0x02, 0x93,
  0x41, 0x64, 0x06, 0x90, 0x3e, 0x5d, 0x02, 0x93, 0x3c, 0x64, 0x05, 0x90,
  0x3b, 0x5e, 0x01, 0x83, 0x45, 0x40, 0x10, 0x83, 0x41, 0x40, 0x08, 0x83,
  0x3c, 0x40, 0x0c, 0x86, 0x3b, 0x40, 0x12, 0x84, 0x53, 0x40, 0x00, 0x84,
  0x59, 0x40, 0x00, 0x84, 0x56, 0x40, 0x0f, 0x87, 0x54, 0x40, 0x06, 0x82,
  0x4d, 0x40, 0x08, 0x86, 0x3e, 0x40, 0x0b, 0x99, 0x2a, 0x37, 0x0a, 0x89,
  0x2a, 0x40, 0x05, 0x86, 0x41, 0x40, 0x0c, 0x81, 0x29, 0x40, 0x1b, 0x80,
  0x41, 0x40, 0x18, 0x80, 0x3e, 0x40, 0x07, 0x80, 0x3b, 0x40, 0x20, 0x97,
  0x48, 0x68, 0x02, 0x96, 0x37, 0x5d, 0x00, 0x90, 0x37, 0x3f, 0x01, 0x93,
  0x3b, 0x63, 0x00, 0x94, 0x4f, 0x69, 0x00, 0x94, 0x53, 0x69, 0x00, 0x94,
  0x56, 0x69, 0x00, 0x99, 0x36, 0x64, 0x00, 0x99, 0x2a, 0x39, 0x02, 0x92,
  0x4a, 0x69, 0x07, 0x91, 0x26, 0x64, 0x01, 0x89, 0x36, 0x40, 0x00, 0x89,
  0x2a, 0x40, 0x00, 0x90, 0x37, 0x3f, 0x03, 0x93, 0x3e, 0x67, 0x03, 0x93,
  0x43, 0x65, 0x03, 0x80, 0x37, 0x40, 0x01, 0x90, 0x3e, 0x43, 0x0a, 0x80,
  0x37, 0x40, 0x0a, 0x80, 0x3e, 0x40, 0x16, 0x96, 0x3b, 0x4b, 0x0f, 0x96,
  0x3e, 0x58, 0x14, 0x87, 0x48, 0x40, 0x18, 0x99, 0x2a, 0x2e, 0x0a, 0x89,
  0x2a, 0x40, 0x45, 0x85, 0x37, 0x40, 0x00, 0x85, 0x3e, 0x40, 0x16, 0x82,
  0x4a, 0x40, 0x0e, 0x92, 0x4c, 0x6c, 0x01, 0x90, 0x3e, 0x5d, 0x03, 0x99,
  0x36, 0x3c, 0x01, 0x99, 0x2e, 0x32, 0x01, 0x90, 0x3b, 0x60, 0x08, 0x89,
  0x36, 0x40, 0x01, 0x89, 0x2e, 0x40, 0x0c, 0x90, 0x37, 0x5f, 0x24, 0x86,
  0x37, 0x40, 0x0a, 0x81, 0x26, 0x40, 0x1f, 0xe2, 0x32, 0x42, 0x14, 0xe2,
  0x64, 0x44, 0x02, 0x86, 0x3b, 0x40, 0x0f, 0x86, 0x3e, 0x40, 0x17, 0x84,
  0x4f, 0x40, 0x00, 0x84, 0x53, 0x40, 0x00, 0x84, 0x56, 0x40, 0x00, 0x83,
  0x3b, 0x40, 0x0d, 0x83, 0x3e, 0x40, 0x03, 0x83, 0x43, 0x40, 0x01, 0x80,
  0x3e, 0x40, 0x05, 0x80, 0x3b, 0x40, 0x15, 0x80, 0x37, 0x40, 0x0d, 0x82,
  0x4c, 0x40, 0x0e, 0xe2, 0x00, 0x40, 0x07, 0x90, 0x3c, 0x3e, 0x03, 0x92,
  0x4f, 0x72, 0x00, 0x99, 0x36, 0x46, 0x00, 0x95, 0x40, 0x5a, 0x00, 0x95,
  0x43, 0x5a, 0x01, 0x99, 0x2a, 0x3d, 0x03, 0x96, 0x3c, 0x59, 0x05, 0x91,
  0x24, 0x64, 0x01, 0x89, 0x36, 0x40, 0x01, 0x89, 0x2a, 0x40, 0x00, 0x90,
  0x40, 0x3f, 0x06, 0x80, 0x3c, 0x40, 0x05, 0x90, 0x43, 0x42, 0x09, 0x80,
  0x40, 0x40, 0x0b, 0x80, 0x43, 0x40, 0x3a, 0x82, 0x4f, 0x40, 0x18, 0x99,
  0x2a, 0x32, 0x0a, 0x89, 0x2a, 0x40, 0x5a, 0x86, 0x3c, 0x40, 0x0c, 0x92,
  0x4f, 0x6d, 0x02, 0x99, 0x2e, 0x35, 0x01, 0x96, 0x40, 0x55, 0x00, 0x90,
  0x43, 0x5f, 0x01, 0x99, 0x36, 0x3c, 0x02, 0x97, 0x54, 0x63, 0x02, 0x93,
  0x3c, 0x5f, 0x01, 0x93, 0x40, 0x5f, 0x03, 0x89, 0x2e, 0x40, 0x02, 0x89,
  0x36, 0x40, 0x03, 0x90, 0x40, 0x60, 0x06, 0x93, 0x43, 0x5f, 0x03, 0x90,
  0x3c, 0x5d, 0x2f, 0x81, 0x24, 0x40, 0x0f, 0x83, 0x3c, 0x40, 0x01, 0x83,
  0x40, 0x40, 0x0b, 0x82, 0x4f, 0x40, 0x03, 0x83, 0x43, 0x40, 0x00, 0x86,
  0x40, 0x40, 0x03, 0x87, 0x54, 0x40, 0x15, 0x96, 0x43, 0x51, 0x38, 0x80,
  0x43, 0x40, 0x0e, 0x80, 0x40, 0x40, 0x09, 0x80, 0x3c, 0x40, 0x15, 0x86,
  0x43, 0x40, 0x0d, 0x96, 0x37, 0x57, 0x03, 0x92, 0x51, 0x70, 0x01, 0x99,
  0x36, 0x64, 0x01, 0x90, 0x3c, 0x43, 0x03, 0x99, 0x2a, 0x3c, 0x02, 0x91,
  0x1f, 0x64, 0x04, 0x89, 0x36, 0x40, 0x00, 0x90, 0x37, 0x42, 0x04, 0x89,
  0x2a, 0x40, 0x07, 0x80, 0x3c, 0x40, 0x00, 0x90, 0x40, 0x3e, 0x09, 0x80,
  0x37, 0x40, 0x0b, 0x80, 0x40, 0x40, 0x3a, 0x82, 0x51, 0x40, 0x10, 0x99,
  0x2a, 0x35, 0x0a, 0x89, 0x2a, 0x40, 0x5b, 0x86, 0x37, 0x40, 0x13, 0x93,
  0x3c, 0x67, 0x01, 0x99, 0x2e, 0x2e, 0x01, 0x90, 0x40, 0x5d, 0x02, 0x92,
  0x4f, 0x6e, 0x01, 0x99, 0x36, 0x3c, 0x01, 0x96, 0x40, 0x54, 0x02, 0x97,
  0x48, 0x65, 0x02, 0x93, 0x40, 0x66, 0x01, 0x89, 0x2e, 0x40, 0x04, 0x89,
  0x36, 0x40, 0x04, 0x90, 0x3c, 0x5d, 0x07, 0x90, 0x37, 0x5c, 0x00, 0x93,
  0x43, 0x67, 0x2d, 0x81, 0x1f, 0x40, 0x09, 0x83, 0x3c, 0x40, 0x0a, 0x83,
  0x40, 0x40, 0x0e, 0x82, 0x4f, 0x40, 0x02, 0x86, 0x40, 0x40, 0x00, 0x83,
  0x43, 0x40, 0x02, 0x87, 0x48, 0x40, 0x15, 0x96, 0x43, 0x51, 0x35, 0x80,
  0x40, 0x40, 0x11, 0x80, 0x3c, 0x40, 0x07, 0x80, 0x37, 0x40, 0x17, 0x86,
  0x43, 0x40, 0x06, 0x85, 0x40, 0x40, 0x00, 0x85, 0x43, 0x40, 0x06, 0x90,
  0x3c, 0x3e, 0x00, 0x92, 0x4c, 0x70, 0x04, 0x95, 0x3c, 0x5a, 0x00, 0x95,
  0x40, 0x5a, 0x00, 0x99, 0x36, 0x46, 0x00, 0x99, 0x2a, 0x3b, 0x02, 0x96,
  0x3c, 0x51, 0x00, 0x91, 0x24, 0x64, 0x08, 0x89, 0x36, 0x40, 0x00, 0x89,
  0x2a, 0x40, 0x00, 0x90, 0x40, 0x42, 0x06, 0x80, 0x3c, 0x40, 0x03, 0x90,
  0x43, 0x3f, 0x0b, 0x80, 0x40, 0x40, 0x09, 0x80, 0x43, 0x40, 0x39, 0x82,
  0x4c, 0x40, 0x1c, 0x99, 0x2a, 0x2e, 0x0a, 0x89, 0x2a, 0x40, 0x58, 0x86,
  0x3c, 0x40, 0x0f, 0x92, 0x4a, 0x6c, 0x00, 0x93, 0x3c, 0x62, 0x03, 0x99,
  0x36, 0x3c, 0x01, 0x96, 0x40, 0x59, 0x03, 0x97, 0x54, 0x67, 0x00, 0x99,
  0x2e, 0x31, 0x03, 0x90, 0x43, 0x5e, 0x03, 0x89, 0x36, 0x40, 0x00, 0x93,
  0x40, 0x61, 0x03, 0x90, 0x40, 0x5f, 0x01, 0x89, 0x2e, 0x40, 0x07, 0x90,
  0x3c, 0x5c, 0x01, 0x93, 0x40, 0x5f, 0x28, 0x81, 0x24, 0x40, 0x0f, 0x83,
  0x3c, 0x40, 0x0d, 0x83, 0x40, 0x40, 0x07, 0x82, 0x4a, 0x40, 0x04, 0x86,
  0x40, 0x40, 0x01, 0x83, 0x40, 0x40, 0x02, 0x87, 0x54, 0x40, 0x0c, 0x96,
  0x43, 0x56, 0x04, 0x99, 0x2a, 0x37, 0x0a, 0x89, 0x2a, 0x40, 0x39, 0x80,
  0x43, 0x40, 0x06, 0x80, 0x40, 0x40, 0x08, 0x80, 0x3c, 0x40, 0x0f, 0x86,
  0x43, 0x40, 0x13, 0x92, 0x48, 0x6a, 0x00, 0x96, 0x37, 0x57, 0x05, 0x99,
  0x36, 0x64, 0x00, 0x90, 0x37, 0x42, 0x02, 0x99, 0x2a, 0x3b, 0x04, 0x91,
  0x1f, 0x64, 0x04, 0x89, 0x36, 0x40, 0x01, 0x90, 0x3c, 0x42, 0x01, 0x89,
  0x2a, 0x40, 0x08, 0x80, 0x37, 0x40, 0x04, 0x90, 0x40, 0x41, 0x07, 0x80,
  0x3c, 0x40, 0x0d, 0x80, 0x40, 0x40, 0x33, 0x82, 0x48, 0x40, 0x00, 0x86,
  0x37, 0x40, 0x14, 0x99, 0x2a, 0x34, 0x08, 0x96, 0x3c, 0x52, 0x02, 0x89,
  0x2a, 0x40, 0x62, 0x86, 0x3c, 0x40, 0x0c, 0x92, 0x4c, 0x6b, 0x00, 0x96,
  0x40, 0x51, 0x00, 0x99, 0x2a, 0x30, 0x01, 0x93, 0x3c, 0x68, 0x02, 0x90,
  0x40, 0x5f, 0x02, 0x99, 0x36, 0x3c, 0x02, 0x97, 0x48, 0x61, 0x03, 0x89,
  0x2a, 0x40, 0x01, 0x90, 0x3c, 0x5e, 0x04, 0x89, 0x36, 0x40, 0x02, 0x93,
  0x40, 0x68, 0x03, 0x90, 0x37, 0x60, 0x05, 0x93, 0x43, 0x61, 0x2e, 0x81,
  0x1f, 0x40, 0x0a, 0x83, 0x3c, 0x40, 0x10, 0x83, 0x40, 0x40, 0x03, 0x82,
  0x4c, 0x40, 0x00, 0x86, 0x40, 0x40, 0x05, 0x83, 0x43, 0x40, 0x02, 0x87,
  0x48, 0x40, 0x11, 0x96, 0x43, 0x56, 0x02, 0x99, 0x2a, 0x34, 0x0a, 0x89,
  0x2a, 0x40, 0x2f, 0x80, 0x40, 0x40, 0x08, 0x80, 0x3c, 0x40, 0x09, 0x80,
  0x37, 0x40, 0x0a, 0x85, 0x3c, 0x40, 0x00, 0x85, 0x40, 0x40, 0x0e, 0x86,
  0x43, 0x40, 0x10, 0x90, 0x39, 0x43, 0x05, 0x99, 0x36, 0x46, 0x00, 0x95,
  0x3e, 0x5a, 0x00, 0x95, 0x41, 0x5a, 0x01, 0x96, 0x3e, 0x53, 0x00, 0x99,
  0x2a, 0x3e, 0x02, 0x92, 0x4a, 0x6b, 0x04, 0x91, 0x26, 0x64, 0x01, 0x90,
  0x3e, 0x3e, 0x02, 0x89, 0x36, 0x40, 0x01, 0x89, 0x2a, 0x40, 0x04, 0x80,
  0x39, 0x40, 0x07, 0x90, 0x41, 0x3f, 0x06, 0x80, 0x3e, 0x40, 0x0e, 0x80,
  0x41, 0x40, 0x3d, 0x82, 0x4a, 0x40, 0x12, 0x99, 0x2a, 0x30, 0x0a, 0x89,
  0x2a, 0x40, 0x5a, 0x86, 0x3e, 0x40, 0x0e, 0x90, 0x41, 0x5e, 0x00, 0x99,
  0x2e, 0x35, 0x03, 0x92, 0x4a, 0x6d, 0x01, 0x93, 0x3e, 0x66, 0x01, 0x99,
  0x36, 0x3c, 0x00, 0x96, 0x41, 0x58, 0x04, 0x97, 0x54, 0x68, 0x01, 0x89,
  0x2e, 0x40, 0x05, 0x89, 0x36, 0x40, 0x00, 0x93, 0x41, 0x68, 0x07, 0x90,
  0x39, 0x61, 0x01, 0x90, 0x3e, 0x5c, 0x04, 0x93, 0x45, 0x63, 0x2d, 0x81,
  0x26, 0x40, 0x0c, 0x83, 0x3e, 0x40, 0x0b, 0x83, 0x41, 0x40, 0x08, 0x82,
  0x4a, 0x40, 0x02, 0x86, 0x41, 0x40, 0x02, 0x83, 0x45, 0x40, 0x02, 0x87,
  0x54, 0x40, 0x13, 0x96, 0x45, 0x58, 0x34, 0x80, 0x41, 0x40, 0x16, 0x80,
  0x39, 0x40, 0x01, 0x80, 0x3e, 0x40, 0x19, 0x86, 0x45, 0x40, 0x0e, 0x96,
  0x39, 0x50, 0x03, 0x99, 0x36, 0x64, 0x00, 0x90, 0x32, 0x3f, 0x02, 0x99,
  0x2a, 0x3d, 0x02, 0x92, 0x4d, 0x6f, 0x01, 0x91, 0x21, 0x64, 0x05, 0x89,
  0x36, 0x40, 0x00, 0x90, 0x39, 0x3e, 0x02, 0x89, 0x2a, 0x40, 0x08, 0x80,
  0x32, 0x40, 0x00, 0x90, 0x41, 0x43, 0x0a, 0x80, 0x39, 0x40, 0x0a, 0x80,
  0x41, 0x40, 0x40, 0x82, 0x4d, 0x40, 0x0d, 0x99, 0x2a, 0x30, 0x0a, 0x89,
  0x2a, 0x40, 0x5a, 0x86, 0x39, 0x40, 0x12, 0x97, 0x48, 0x68, 0x00, 0x96,
  0x3e, 0x56, 0x02, 0x90, 0x41, 0x5c, 0x02, 0x92, 0x4c, 0x6b, 0x01, 0x93,
  0x3e, 0x5f, 0x00, 0x99, 0x36, 0x3c, 0x01, 0x99, 0x2e, 0x2e, 0x08, 0x93,
  0x41, 0x66, 0x01, 0x89, 0x36, 0x40, 0x00, 0x90, 0x39, 0x5d, 0x01, 0x89,
  0x2e, 0x40, 0x08, 0x90, 0x32, 0x61, 0x02, 0x93, 0x45, 0x63, 0x2c, 0x81,
  0x21, 0x40, 0x0f, 0x83, 0x3e, 0x40, 0x09, 0x83, 0x41, 0x40, 0x06, 0x87,
  0x48, 0x40, 0x00, 0x86, 0x3e, 0x40, 0x04, 0x82, 0x4c, 0x40, 0x02, 0x83,
  0x45, 0x40, 0x13, 0x96, 0x41, 0x55, 0x39, 0x80, 0x41, 0x40, 0x0d, 0x80,
  0x39, 0x40, 0x09, 0x80, 0x32, 0x40, 0x15, 0x86, 0x41, 0x40, 0x0a, 0x85,
  0x41, 0x40, 0x00, 0x85, 0x3e, 0x40, 0x08, 0x99, 0x2a, 0x3b, 0x01, 0x90,
  0x39, 0x3f, 0x01, 0xb2, 0x01, 0x00, 0x00, 0x92, 0x4a, 0x6f, 0x00, 0x99,
  0x36, 0x46, 0x00, 0x95, 0x41, 0x5a, 0x00, 0x95, 0x45, 0x5a, 0x02, 0x96,
  0x3e, 0x56, 0x06, 0x89, 0x2a, 0x40, 0x00, 0x91, 0x26, 0x64, 0x02, 0x89,
  0x36, 0x40, 0x01, 0x90, 0x3e, 0x43, 0x07, 0x90, 0x41, 0x40, 0x01, 0x80,
  0x39, 0x40, 0x0c, 0x80, 0x3e, 0x40, 0x07, 0x80, 0x41, 0x40, 0x52, 0xb2,
  0x01, 0x04, 0x01, 0x99, 0x2a, 0x2f, 0x0a, 0x89, 0x2a, 0x40, 0x5b, 0x86,
  0x3e, 0x40, 0x0f, 0x93, 0x3e, 0x64, 0x01, 0x97, 0x54, 0x5f, 0x01, 0x90,
  0x41, 0x5d, 0x01, 0xb2, 0x01, 0x08, 0x00, 0x99, 0x36, 0x3c, 0x00, 0x99,
  0x2e, 0x33, 0x00, 0x96, 0x41, 0x56, 0x00, 0x94, 0x59, 0x69, 0x00, 0x94,
  0x59, 0x69, 0x00, 0x94, 0x56, 0x69, 0x08, 0x93, 0x41, 0x64, 0x01, 0x90,
  0x3e, 0x5f, 0x01, 0x89, 0x36, 0x40, 0x00, 0x89, 0x2e, 0x40, 0x0c, 0x93,
  0x45, 0x63, 0x01, 0x90, 0x39, 0x5f, 0x25, 0x84, 0x59, 0x40, 0x00, 0x84,
  0x59, 0x40, 0x00, 0x84, 0x56, 0x40, 0x08, 0x81, 0x26, 0x40, 0x09, 0x83,
  0x3e, 0x40, 0x0b, 0x83, 0x41, 0x40, 0x0a, 0x87, 0x54, 0x40, 0x02, 0x86,
  0x41, 0x40, 0x02, 0x83, 0x45, 0x40, 0x11, 0x96, 0x45, 0x57, 0x01, 0xb2,
  0x01, 0x0c, 0x00, 0x99, 0x2a, 0x37, 0x0a, 0x89, 0x2a, 0x40, 0x31, 0x80,
  0x41, 0x40, 0x0a, 0x80, 0x3e, 0x40, 0x0e, 0x80, 0x39, 0x40, 0x10, 0x86,
  0x45, 0x40, 0x10, 0x96, 0x39, 0x54, 0x05, 0x82, 0x4a, 0x40, 0x00, 0x94,
  0x4d, 0x69, 0x00, 0x94, 0x56, 0x69, 0x00, 0x94, 0x51, 0x69, 0x00, 0x99,
  0x2a, 0x39, 0x00, 0x99, 0x36, 0x64, 0x02, 0x90, 0x39, 0x42, 0x01, 0x91,
  0x21, 0x64, 0x07, 0x89, 0x2a, 0x40, 0x00, 0x89, 0x36, 0x40, 0x00, 0x90,
  0x32, 0x41, 0x0c, 0x80, 0x39, 0x40, 0x00, 0x90, 0x41, 0x43, 0x08, 0x80,
  0x32, 0x40, 0x0c, 0x80, 0x41, 0x40, 0x35, 0x86, 0x39, 0x40, 0x1a, 0x99,
  0x2a, 0x2e, 0x02, 0x96, 0x3e, 0x50, 0x08, 0x89, 0x2a, 0x40, 0x5c, 0x86,
  0x3e, 0x40, 0x10, 0x96, 0x41, 0x54, 0x01, 0xb2, 0x01, 0x00, 0x00, 0x99,
  0x36, 0x3c, 0x01, 0x99, 0x2e, 0x32, 0x00, 0x90, 0x41, 0x5c, 0x01, 0x92,
  0x4d, 0x6e, 0x01, 0x93, 0x3e, 0x63, 0x00, 0x97, 0x48, 0x63, 0x07, 0x89,
  0x36, 0x40, 0x01, 0x89, 0x2e, 0x40, 0x00, 0x90, 0x39, 0x61, 0x02, 0x93,
  0x41, 0x68, 0x03, 0x93, 0x45, 0x61, 0x06, 0x90, 0x32, 0x5f, 0x29, 0x81,
  0x21, 0x40, 0x14, 0x83, 0x3e, 0x40, 0x0a, 0x83, 0x41, 0x40, 0x03, 0x83,
  0x45, 0x40, 0x03, 0x86, 0x41, 0x40, 0x04, 0x87, 0x48, 0x40, 0x0d, 0x96,
  0x45, 0x51, 0x2c, 0x84, 0x56, 0x40, 0x00, 0x84, 0x4d, 0x40, 0x00, 0x84,
  0x51, 0x40, 0x15, 0x80, 0x41, 0x40, 0x01, 0x82, 0x4d, 0x40, 0x09, 0x80,
  0x39, 0x40, 0x0b, 0x80, 0x32, 0x40, 0x03, 0x85, 0x45, 0x40, 0x00, 0x85,
  0x41, 0x40, 0x0b, 0x86, 0x45, 0x40, 0x14, 0x92, 0x4f, 0x6c, 0x00, 0x96,
  0x3c, 0x52, 0x04, 0x95, 0x40, 0x5a, 0x00, 0x95, 0x43, 0x5a, 0x00, 0x99,
  0x36, 0x46, 0x00, 0x90, 0x3c, 0x40, 0x01, 0x99, 0x2a, 0x3d, 0x05, 0x91,
  0x24, 0x64, 0x04, 0x89, 0x36, 0x40, 0x01, 0x89, 0x2a, 0x40, 0x00, 0x90,
  0x40, 0x43, 0x09, 0x80, 0x3c, 0x40, 0x00, 0x90, 0x43, 0x40, 0x0b, 0x80,
  0x40, 0x40, 0x09, 0x80, 0x43, 0x40, 0x38, 0x82, 0x4f, 0x40, 0x1c, 0x99,
  0x2a, 0x32, 0x0a, 0x89, 0x2a, 0x40, 0x52, 0x86, 0x3c, 0x40, 0x11, 0x90,
  0x43, 0x5f, 0x03, 0x97, 0x54, 0x61, 0x02, 0x99, 0x2e, 0x35, 0x00, 0x96,
  0x40, 0x52, 0x01, 0x93, 0x3c, 0x61, 0x01, 0x92, 0x4f, 0x6c, 0x00, 0x99,
  0x36, 0x3c, 0x05, 0x90, 0x40, 0x60, 0x03, 0x89, 0x2e, 0x40, 0x02, 0x89,
  0x36, 0x40, 0x02, 0x93, 0x40, 0x60, 0x07, 0x90, 0x3c, 0x5e, 0x01, 0x93,
  0x43, 0x62, 0x2e, 0x81, 0x24, 0x40, 0x0d, 0x83, 0x3c, 0x40, 0x0d, 0x83,
  0x40, 0x40, 0x04, 0x87, 0x54, 0x40, 0x02, 0x86, 0x40, 0x40, 0x02, 0x82,
  0x4f, 0x40, 0x00, 0x83, 0x43, 0x40, 0x15, 0x96, 0x43, 0x57, 0x34, 0x80,
  0x43, 0x40, 0x0c, 0x80, 0x40, 0x40, 0x0e, 0x80, 0x3c, 0x40, 0x16, 0x86,
  0x43, 0x40, 0x10, 0x90, 0x37, 0x42, 0x03, 0x96, 0x37, 0x55, 0x00, 0x99,
  0x36, 0x64, 0x03, 0x92, 0x51, 0x69, 0x01, 0x99, 0x2a, 0x3c, 0x04, 0x91,
  0x1f, 0x64, 0x02, 0x89, 0x36, 0x40, 0x03, 0x90, 0x3c, 0x40, 0x01, 0x89,
  0x2a, 0x40, 0x03, 0x80, 0x37, 0x40, 0x00, 0x90, 0x40, 0x40, 0x10, 0x80,
  0x3c, 0x40, 0x04, 0x80, 0x40, 0x40, 0x42, 0x82, 0x51, 0x40, 0x0c, 0x99,
  0x2a, 0x35, 0x0a, 0x89, 0x2a, 0x40, 0x5f, 0x86, 0x37, 0x40, 0x10, 0x92,
  0x4f, 0x6b, 0x00, 0x99, 0x2e, 0x2e, 0x03, 0x96, 0x40, 0x52, 0x01, 0x99,
  0x36, 0x3c, 0x00, 0x90, 0x40, 0x60, 0x01, 0x90, 0x3c, 0x5f, 0x03, 0x93,
  0x3c, 0x67, 0x00, 0x97, 0x48, 0x64, 0x02, 0x89, 0x2e, 0x40, 0x04, 0x89,
  0x36, 0x40, 0x00, 0x93, 0x40, 0x64, 0x06, 0x90, 0x37, 0x5e, 0x04, 0x93,
  0x43, 0x63, 0x30, 0x81, 0x1f, 0x40, 0x10, 0x83, 0x3c, 0x40, 0x06, 0x83,
  0x40, 0x40, 0x06, 0x82, 0x4f, 0x40, 0x03, 0x86, 0x40, 0x40, 0x01, 0x83,
  0x43, 0x40, 0x04, 0x87, 0x48, 0x40, 0x11, 0x96, 0x43, 0x53, 0x3b, 0x80,
  0x40, 0x40, 0x01, 0x80, 0x3c, 0x40, 0x0f, 0x80, 0x37, 0x40, 0x19, 0x86,
  0x43, 0x40, 0x09, 0x85, 0x43, 0x40, 0x00, 0x85, 0x40, 0x40, 0x09, 0x96,
  0x3c, 0x58, 0x01, 0x95, 0x3c, 0x5a, 0x00, 0x95, 0x40, 0x5a, 0x00, 0x99,
  0x36, 0x46, 0x00, 0x99, 0x2a, 0x3b, 0x00, 0x90, 0x3c, 0x42, 0x02, 0x92,
  0x4c, 0x6a, 0x06, 0x91, 0x24, 0x64, 0x02, 0x89, 0x36, 0x40, 0x00, 0x89,
  0x2a, 0x40, 0x00, 0x90, 0x40, 0x42, 0x0a, 0x80, 0x3c, 0x40, 0x00, 0x90,
  0x43, 0x41, 0x0a, 0x80, 0x40, 0x40, 0x0a, 0x80, 0x43, 0x40, 0x3e, 0x82,
  0x4c, 0x40, 0x16, 0x99, 0x2a, 0x2e, 0x0a, 0x89, 0x2a, 0x40, 0x55, 0x86,
  0x3c, 0x40, 0x11, 0x92, 0x4a, 0x6b, 0x01, 0x97, 0x54, 0x62, 0x03, 0x99,
  0x36, 0x3c, 0x00, 0x93, 0x3c, 0x61, 0x01, 0x90, 0x43, 0x5e, 0x01, 0x96,
  0x40, 0x59, 0x02, 0x99, 0x2e, 0x31, 0x04, 0x93, 0x40, 0x62, 0x02, 0x89,
  0x36, 0x40, 0x01, 0x90, 0x40, 0x5d, 0x03, 0x89, 0x2e, 0x40, 0x04, 0x93,
  0x43, 0x60, 0x03, 0x90, 0x3c, 0x5f, 0x2f, 0x81, 0x24, 0x40, 0x0c, 0x83,
  0x3c, 0x40, 0x08, 0x83, 0x40, 0x40, 0x08, 0x82, 0x4a, 0x40, 0x01, 0x87,
  0x54, 0x40, 0x01, 0x83, 0x43, 0x40, 0x04, 0x86, 0x40, 0x40, 0x12, 0x99,
  0x2a, 0x37, 0x04, 0x96, 0x43, 0x50, 0x06, 0x89, 0x2a, 0x40, 0x33, 0x80,
  0x43, 0x40, 0x0a, 0x80, 0x40, 0x40, 0x0a, 0x80, 0x3c, 0x40, 0x17, 0x86,
  0x43, 0x40, 0x07, 0x90, 0x37, 0x40, 0x05, 0x92, 0x48, 0x6d, 0x04, 0x99,
  0x36, 0x64, 0x01, 0x96, 0x37, 0x50, 0x01, 0x99, 0x2a, 0x3b, 0x03, 0x90,
  0x3c, 0x40, 0x01, 0x91, 0x1f, 0x64, 0x04, 0x89, 0x36, 0x40, 0x01, 0x80,
  0x37, 0x40, 0x01, 0x89, 0x2a, 0x40, 0x07, 0x90, 0x40, 0x41, 0x06, 0x80,
  0x3c, 0x40, 0x0e, 0x80, 0x40, 0x40, 0x39, 0x82, 0x48, 0x40, 0x05, 0x86,
  0x37, 0x40, 0x0e, 0x99, 0x2a, 0x34, 0x00, 0x96, 0x3c, 0x50, 0x0a, 0x89,
  0x2a, 0x40, 0x5a, 0x86, 0x3c, 0x40, 0x14, 0x99, 0x2a, 0x30, 0x03, 0x96,
  0x40, 0x50, 0x01, 0x90, 0x40, 0x60, 0x01, 0x99, 0x36, 0x3c, 0x01, 0x92,
  0x4c, 0x6e, 0x00, 0x93, 0x3c, 0x5f, 0x01, 0x97, 0x48, 0x63, 0x02, 0x90,
  0x3c, 0x61, 0x01, 0x89, 0x2a, 0x40, 0x00, 0x93, 0x40, 0x66, 0x05, 0x89,
  0x36, 0x40, 0x05, 0x93, 0x43, 0x61, 0x0b, 0x90, 0x37, 0x5c, 0x28, 0x81,
  0x1f, 0x40, 0x0f, 0x83, 0x3c, 0x40, 0x04, 0x83, 0x40, 0x40, 0x0a, 0x83,
  0x43, 0x40, 0x03, 0x86, 0x40, 0x40, 0x03, 0x82, 0x4c, 0x40, 0x01, 0x87,
  0x48, 0x40, 0x0f, 0x96, 0x43, 0x50, 0x04, 0x99, 0x2a, 0x34, 0x0a, 0x89,
  0x2a, 0x40, 0x30, 0x80, 0x40, 0x40, 0x05, 0x80, 0x3c, 0x40, 0x15, 0x85,
  0x3c, 0x40, 0x00, 0x85, 0x40, 0x40, 0x01, 0x80, 0x37, 0x40, 0x0b, 0x86,
  0x43, 0x40, 0x17, 0x93, 0x3b, 0x60, 0x00, 0x99, 0x36, 0x50, 0x00, 0x95,
  0x3b, 0x5a, 0x00, 0x95, 0x41, 0x5a, 0x00, 0x94, 0x4d, 0x69, 0x00, 0x94,
  0x53, 0x69, 0x00, 0x94, 0x56, 0x69, 0x03, 0x90, 0x37, 0x60, 0x00, 0x92,
  0x4a, 0x77, 0x01, 0x93, 0x3e, 0x61, 0x00, 0x96, 0x3b, 0x62, 0x03, 0x93,
  0x41, 0x66, 0x01, 0x91, 0x1f, 0x64, 0x02, 0x89, 0x36, 0x40, 0x00, 0x90,
  0x3b, 0x5f, 0x10, 0x90, 0x3e, 0x61, 0x02, 0x90, 0x41, 0x60, 0x0e, 0x96,
  0x3e, 0x66, 0x11, 0x96, 0x41, 0x5a, 0x0b, 0x83, 0x3b, 0x40, 0x04, 0x83,
  0x3e, 0x40, 0x03, 0x83, 0x41, 0x40, 0x07, 0x86, 0x3b, 0x40, 0x10, 0x85,
  0x41, 0x40, 0x00, 0x85, 0x3b, 0x40, 0x03, 0x80, 0x37, 0x40, 0x07, 0x80,
  0x3b, 0x40, 0x0a, 0x84, 0x4d, 0x40, 0x00, 0x84, 0x53, 0x40, 0x00, 0x84,
  0x56, 0x40, 0x02, 0x86, 0x3e, 0x40, 0x04, 0x80, 0x3e, 0x40, 0x02, 0x80,
  0x41, 0x40, 0x0b, 0x86, 0x41, 0x40, 0x54, 0x82, 0x4a, 0x40, 0x14, 0x97,
  0x54, 0x62, 0x01, 0x92, 0x4d, 0x79, 0x56, 0xe2, 0x20, 0x46, 0x0d, 0x87,
  0x54, 0x40, 0x11, 0xe2, 0x40, 0x4a, 0x30, 0x81, 0x1f, 0x40, 0x38, 0x82,
  0x4d, 0x40, 0x10, 0xe2, 0x00, 0x40, 0x00, 0x99, 0x36, 0x50, 0x01, 0x92,
  0x4c, 0x6d, 0x01, 0x99, 0x2a, 0x3f, 0x08, 0x89, 0x36, 0x40, 0x02, 0x89,
  0x2a, 0x40, 0x81, 0x29, 0x82, 0x4c, 0x40, 0x3e, 0x92, 0x4a, 0x71, 0x01,
  0x97, 0x54, 0x68, 0x64, 0x87, 0x54, 0x40, 0x4f, 0x82, 0x4a, 0x40, 0x35,
  0x99, 0x2a, 0x39, 0x04, 0x99, 0x36, 0x50, 0x04, 0x92, 0x48, 0x75, 0x02,
  0x89, 0x2a, 0x40, 0x04, 0x89, 0x36, 0x40, 0x4a, 0x82, 0x48, 0x40, 0x81,
  0x18, 0x97, 0x48, 0x64, 0x06, 0x99, 0x2a, 0x31, 0x0a, 0x89, 0x2a, 0x40,
  0x54, 0x87, 0x48, 0x40, 0x81, 0x0c, 0x96, 0x37, 0x5b, 0x01, 0x99, 0x2a,
  0x3e, 0x03, 0x99, 0x36, 0x5a, 0x00, 0x95, 0x40, 0x5a, 0x00, 0x95, 0x3c,
  0x5a, 0x00, 0x94, 0x54, 0x69, 0x00, 0x94, 0x4f, 0x69, 0x00, 0x94, 0x4c,
  0x69, 0x02, 0x92, 0x4c, 0x7e, 0x01, 0x97, 0x54, 0x64, 0x01, 0x92, 0x54,
  0x78, 0x00, 0x90, 0x30, 0x65, 0x03, 0x89, 0x2a, 0x40, 0x01, 0x91, 0x24,
  0x64, 0x02, 0x89, 0x36, 0x40, 0x00, 0x93, 0x48, 0x65, 0x0a, 0x90, 0x37,
  0x68, 0x01, 0x93, 0x43, 0x66, 0x09, 0x90, 0x3c, 0x67, 0x02, 0x93, 0x40,
  0x65, 0x01, 0x96, 0x3c, 0x5d, 0x0c, 0x90, 0x40, 0x66, 0x1b, 0x96, 0x40,
  0x52, 0x08, 0x83, 0x48, 0x40, 0x0b, 0x83, 0x43, 0x40, 0x05, 0x86, 0x37,
  0x40, 0x04, 0x85, 0x40, 0x40, 0x00, 0x85, 0x3c, 0x40, 0x02, 0x83, 0x40,
  0x40, 0x01, 0x87, 0x54, 0x40, 0x01, 0x80, 0x30, 0x40, 0x08, 0x82, 0x4c,
  0x40, 0x02, 0x82, 0x54, 0x40, 0x06, 0x80, 0x37, 0x40, 0x0a, 0x80, 0x3c,
  0x40, 0x03, 0x86, 0x3c, 0x40, 0x0c, 0x80, 0x40, 0x40, 0x1b, 0x86, 0x40,
  0x40, 0x08, 0x84, 0x54, 0x40, 0x00, 0x84, 0x4c, 0x40, 0x00, 0x84, 0x4f,
  0x40, 0x81, 0x00, 0x81, 0x24, 0x40, 0x00, 0xff, 0x2f, 0x00
};
unsigned int song_mid_len = 38710;
