unsigned char song_mid[] = {
  0x4d, 0x54, 0x68, 0x64, 0x00, 0x00, 0x00, 0x06, 0x00, 0x00, 0x00, 0x01,
  0x01, 0xe0, 0x4d, 0x54, 0x72, 0x6b, 0x00, 0x01, 0x7f, 0xae, 0x00, 0xff,
  0x03, 0x07, 0x47, 0x41, 0x4d, 0x42, 0x4c, 0x45, 0x52, 0x00, 0xff, 0x01,
  0x04, 0x47, 0x4d, 0x94, 0xc5, 0x00, 0xff, 0x54, 0x05, 0x60, 0x00, 0x00,
  0x00, 0x00, 0x00, 0xff, 0x58, 0x04, 0x01, 0x02, 0x18, 0x08, 0x00, 0xff,
  0x51, 0x03, 0x16, 0xe3, 0x60, 0x00, 0xf0, 0x05, 0x7e, 0x7f, 0x09, 0x01,
  0xf7, 0x81, 0x70, 0xb0, 0x79, 0x00, 0x00, 0xb1, 0x79, 0x00, 0x00, 0xb3,
  0x79, 0x00, 0x00, 0xb2, 0x79, 0x00, 0x00, 0xb8, 0x79, 0x00, 0x00, 0xb7,
  0x79, 0x00, 0x00, 0xb6, 0x79, 0x00, 0x00, 0xb5, 0x79, 0x00, 0x00, 0xb4,
  0x79, 0x00, 0x00, 0xba, 0x79, 0x00, 0x00, 0xb9, 0x79, 0x00, 0x0f, 0xc9,
  0x00, 0x00, 0xba, 0x00, 0x00, 0x00, 0xb5, 0x00, 0x00, 0x00, 0xb6, 0x00,
  0x00, 0x00, 0xb8, 0x00, 0x00, 0x00, 0xb7, 0x00, 0x00, 0x00, 0xb3, 0x00,
  0x00, 0x00, 0xb2, 0x00, 0x00, 0x00, 0xb4, 0x00, 0x00, 0x00, 0xb1, 0x00,
  0x00, 0x00, 0xb0, 0x00, 0x00, 0x0f, 0xc0, 0x01, 0x00, 0xc1, 0x20, 0x00,
  0xc3, 0x39, 0x00, 0xc2, 0x38, 0x00, 0xc7, 0x47, 0x00, 0xc8, 0x3d, 0x00,
  0xb9, 0x07, 0x4b, 0x00, 0xc5, 0x41, 0x00, 0xc6, 0x0d, 0x00, 0xc4, 0x3a,
  0x00, 0xca, 0x73, 0x0f, 0xba, 0x07, 0x5a, 0x00, 0xb5, 0x07, 0x69, 0x00,
  0xb6, 0x07, 0x4b, 0x00, 0xb9, 0x0b, 0x7f, 0x00, 0xb9, 0x0a, 0x40, 0x00,
  0xb8, 0x07, 0x4b, 0x00, 0xb7, 0x07, 0x50, 0x00, 0xb2, 0x07, 0x50, 0x00,
  0xb4, 0x07, 0x3c, 0x00, 0xb3, 0x07, 0x5a, 0x00, 0xb1, 0x07, 0x50, 0x00,
  0xb0, 0x07, 0x5a, 0x0f, 0xb0, 0x0a, 0x40, 0x00, 0xb0, 0x0b, 0x7f, 0x00,
  0xb1, 0x0a, 0x56, 0x00, 0xb1, 0x0b, 0x7f, 0x00, 0xb3, 0x0a, 0x40, 0x00,
  0xb3, 0x0b, 0x70, 0x00, 0xb4, 0x0b, 0x7f, 0x00, 0xb4, 0x0a, 0x60, 0x00,
  0xb2, 0x0b, 0x70, 0x00, 0xb2, 0x0a, 0x54, 0x00, 0xb7, 0x0a, 0x28, 0x00,
  0xb7, 0x0b, 0x6b, 0x00, 0xb8, 0x0b, 0x7f, 0x00, 0xb8, 0x0a, 0x46, 0x00,
  0xb6, 0x0b, 0x7f, 0x00, 0xb6, 0x0a, 0x28, 0x00, 0xb5, 0x0a, 0x3c, 0x00,
  0xb5, 0x0b, 0x7f, 0x00, 0xb9, 0x5d, 0x00, 0x00, 0xb9, 0x5b, 0x64, 0x00,
  0xba, 0x0b, 0x7f, 0x00, 0xba, 0x0a, 0x40, 0x0f, 0xba, 0x5d, 0x10, 0x00,
  0xba, 0x5b, 0x64, 0x00, 0xb9, 0x65, 0x00, 0x00, 0xb5, 0x5b, 0x64, 0x00,
  0xb5, 0x5d, 0x10, 0x00, 0xb4, 0x5d, 0x20, 0x00, 0xb4, 0x5b, 0x50, 0x00,
  0xb6, 0x5d, 0x10, 0x00, 0xb6, 0x5b, 0x64, 0x00, 0xb8, 0x5d, 0x10, 0x00,
  0xb8, 0x5b, 0x64, 0x00, 0xb7, 0x5b, 0x64, 0x00, 0xb7, 0x5d, 0x10, 0x00,
  0xb2, 0x5d, 0x10, 0x00, 0xb2, 0x5b, 0x64, 0x00, 0xb3, 0x5b, 0x64, 0x00,
  0xb3, 0x5d, 0x20, 0x00, 0xb1, 0x5b, 0x14, 0x00, 0xb1, 0x5d, 0x00, 0x00,
  0xb0, 0x5b, 0x5a, 0x00, 0xb0, 0x5d, 0x20, 0x0f, 0xb0, 0x65, 0x00, 0x00,
  0xb1, 0x65, 0x00, 0x00, 0xb3, 0x65, 0x00, 0x00, 0xb2, 0x65, 0x00, 0x00,
  0xb7, 0x65, 0x00, 0x00, 0xb8, 0x65, 0x00, 0x00, 0xb6, 0x65, 0x00, 0x00,
  0xb5, 0x65, 0x00, 0x00, 0xb4, 0x65, 0x00, 0x00, 0xb9, 0x64, 0x00, 0x00,
  0xba, 0x65, 0x00, 0x0f, 0xba, 0x64, 0x00, 0x00, 0xb4, 0x64, 0x00, 0x00,
  0xb5, 0x64, 0x00, 0x00, 0xb6, 0x64, 0x00, 0x00, 0xb8, 0x64, 0x00, 0x00,
  0xb9, 0x06, 0x0c, 0x00, 0xb7, 0x64, 0x00, 0x00, 0xb2, 0x64, 0x00, 0x00,
  0xb3, 0x64, 0x00, 0x00, 0xb1, 0x64, 0x00, 0x00, 0xb0, 0x64, 0x00, 0x0f,
  0xb0, 0x06, 0x0c, 0x00, 0xb1, 0x06, 0x0c, 0x00, 0xb4, 0x06, 0x0c, 0x00,
  0xb3, 0x06, 0x0c, 0x00, 0xb2, 0x06, 0x0c, 0x00, 0xb7, 0x06, 0x0c, 0x00,
  0xb8, 0x06, 0x0c, 0x00, 0xb6, 0x06, 0x0c, 0x00, 0xb5, 0x06, 0x0c, 0x00,
  0xb9, 0x65, 0x7f, 0x00, 0xba, 0x06, 0x0c, 0x0f, 0xb9, 0x64, 0x7f, 0x00,
  0xba, 0x65, 0x7f, 0x00, 0xb4, 0x65, 0x7f, 0x00, 0xb5, 0x65, 0x7f, 0x00,
  0xb6, 0x65, 0x7f, 0x00, 0xb8, 0x65, 0x7f, 0x00, 0xb7, 0x65, 0x7f, 0x00,
  0xb2, 0x65, 0x7f, 0x00, 0xb3, 0x65, 0x7f, 0x00, 0xb1, 0x65, 0x7f, 0x00,
  0xb0, 0x65, 0x7f, 0x0f, 0xb0, 0x64, 0x7f, 0x00, 0xb1, 0x64, 0x7f, 0x00,
  0xb3, 0x64, 0x7f, 0x00, 0xb2, 0x64, 0x7f, 0x00, 0xb7, 0x64, 0x7f, 0x00,
  0xb8, 0x64, 0x7f, 0x00, 0xb9, 0x06, 0x00, 0x00, 0xb6, 0x64, 0x7f, 0x00,
  0xb4, 0x64, 0x7f, 0x00, 0xb5, 0x64, 0x7f, 0x00, 0xba, 0x64, 0x7f, 0x0f,
  0xba, 0x06, 0x00, 0x00, 0xb5, 0x06, 0x00, 0x00, 0xb6, 0x06, 0x00, 0x00,
  0xe9, 0x00, 0x40, 0x00, 0xb8, 0x06, 0x00, 0x00, 0xb7, 0x06, 0x00, 0x00,
  0xb3, 0x06, 0x00, 0x00, 0xb2, 0x06, 0x00, 0x00, 0xb4, 0x06, 0x00, 0x00,
  0xb1, 0x06, 0x00, 0x00, 0xb0, 0x06, 0x00, 0x0f, 0xe0, 0x00, 0x40, 0x00,
  0xe1, 0x00, 0x40, 0x00, 0xe4, 0x4e, 0x3f, 0x00, 0xe2, 0x00, 0x40, 0x00,
  0xe3, 0x32, 0x40, 0x00, 0xe7, 0x00, 0x40, 0x00, 0xe8, 0x00, 0x40, 0x00,
  0xe6, 0x00, 0x40, 0x00, 0xe5, 0x00, 0x40, 0x00, 0xea, 0x00, 0x40, 0x3c,
  0xff, 0x58, 0x04, 0x04, 0x02, 0x18, 0x08, 0x00, 0xff, 0x51, 0x03, 0x05,
  0xe8, 0x18, 0x00, 0x90, 0x45, 0x5a, 0x00, 0x90, 0x51, 0x6e, 0x00, 0x90,
  0x4e, 0x6e, 0x00, 0x96, 0x4e, 0x6e, 0x00, 0x96, 0x51, 0x6e, 0x00, 0x99,
  0x3b, 0x78, 0x00, 0x99, 0x2a, 0x64, 0x0a, 0x89, 0x3b, 0x40, 0x00, 0x89,
  0x2a, 0x40, 0x82, 0x22, 0x80, 0x4e, 0x40, 0x00, 0x80, 0x51, 0x40, 0x00,
  0x80, 0x45, 0x40, 0x1e, 0x90, 0x4a, 0x64, 0x00, 0x99, 0x2a, 0x46, 0x0a,
  0x89, 0x2a, 0x40, 0x5a, 0x80, 0x4a, 0x40, 0x1e, 0x86, 0x4e, 0x40, 0x00,
  0x86, 0x51, 0x40, 0x14, 0x90, 0x45, 0x5a, 0x00, 0x90, 0x4e, 0x6e, 0x00,
  0x90, 0x51, 0x6e, 0x00, 0x99, 0x2e, 0x64, 0x00, 0x99, 0x3b, 0x78, 0x0a,
  0x89, 0x2e, 0x40, 0x00, 0x89, 0x3b, 0x40, 0x82, 0x22, 0x80, 0x4e, 0x40,
  0x00, 0x80, 0x51, 0x40, 0x00, 0x80, 0x45, 0x40, 0x1e, 0x90, 0x4a, 0x64,
  0x00, 0x99, 0x2a, 0x46, 0x0a, 0x89, 0x2a, 0x40, 0x5a, 0x80, 0x4a, 0x40,
  0x32, 0x90, 0x47, 0x5a, 0x00, 0x90, 0x53, 0x6e, 0x00, 0x90, 0x4f, 0x6e,
  0x00, 0x96, 0x4f, 0x6e, 0x00, 0x96, 0x53, 0x6e, 0x00, 0x99, 0x2a, 0x64,
  0x00, 0x99, 0x3b, 0x78, 0x0a, 0x89, 0x2a, 0x40, 0x00, 0x89, 0x3b, 0x40,
  0x82, 0x22, 0x80, 0x4f, 0x40, 0x00, 0x80, 0x53, 0x40, 0x00, 0x80, 0x47,
  0x40, 0x1e, 0x90, 0x4a, 0x64, 0x00, 0x99, 0x2a, 0x46, 0x0a, 0x89, 0x2a,
  0x40, 0x5a, 0x80, 0x4a, 0x40, 0x1e, 0x86, 0x4f, 0x40, 0x00, 0x86, 0x53,
  0x40, 0x14, 0x90, 0x47, 0x5a, 0x00, 0x90, 0x4f, 0x6e, 0x00, 0x90, 0x53,
  0x6e, 0x00, 0x99, 0x2e, 0x64, 0x00, 0x99, 0x3b, 0x78, 0x0a, 0x89, 0x2e,
  0x40, 0x00, 0x89, 0x3b, 0x40, 0x82, 0x22, 0x80, 0x4f, 0x40, 0x00, 0x80,
  0x53, 0x40, 0x00, 0x80, 0x47, 0x40, 0x1e, 0x90, 0x4a, 0x64, 0x00, 0x99,
  0x2a, 0x46, 0x0a, 0x89, 0x2a, 0x40, 0x5a, 0x80, 0x4a, 0x40, 0x32, 0x90,
  0x48, 0x5a, 0x00, 0x90, 0x51, 0x6e, 0x00, 0x90, 0x54, 0x6e, 0x00, 0x96,
  0x51, 0x6e, 0x00, 0x96, 0x54, 0x6e, 0x00, 0x99, 0x2a, 0x64, 0x00, 0x99,
  0x3b, 0x78, 0x0a, 0x89, 0x2a, 0x40, 0x00, 0x89, 0x3b, 0x40, 0x82, 0x22,
  0x80, 0x54, 0x40, 0x00, 0x80, 0x51, 0x40, 0x00, 0x80, 0x48, 0x40, 0x1e,
  0x90, 0x4a, 0x64, 0x00, 0x99, 0x2a, 0x46, 0x0a, 0x89, 0x2a, 0x40, 0x5a,
  0x80, 0x4a, 0x40, 0x1e, 0x86, 0x51, 0x40, 0x00, 0x86, 0x54, 0x40, 0x14,
  0x90, 0x48, 0x5a, 0x00, 0x90, 0x51, 0x78, 0x00, 0x90, 0x54, 0x78, 0x00,
  0x99, 0x2e, 0x64, 0x00, 0x99, 0x3b, 0x78, 0x0a, 0x89, 0x2e, 0x40, 0x00,
  0x89, 0x3b, 0x40, 0x81, 0x16, 0x80, 0x51, 0x40, 0x00, 0x80, 0x54, 0x40,
  0x00, 0x80, 0x48, 0x40, 0x81, 0x20, 0x90, 0x47, 0x5a, 0x00, 0x90, 0x4f,
  0x6e, 0x00, 0x90, 0x53, 0x6e, 0x0a, 0x99, 0x2a, 0x46, 0x0a, 0x89, 0x2a,
  0x40, 0x81, 0x0c, 0x96, 0x4f, 0x6e, 0x00, 0x96, 0x53, 0x6e, 0x00, 0x99,
  0x2a, 0x64, 0x00, 0x99, 0x3b, 0x78, 0x0a, 0x89, 0x2a, 0x40, 0x00, 0x89,
  0x3b, 0x40, 0x81, 0x02, 0x86, 0x53, 0x40, 0x00, 0x86, 0x4f, 0x40, 0x0a,
  0x80, 0x47, 0x40, 0x00, 0x80, 0x4f, 0x40, 0x00, 0x80, 0x53, 0x40, 0x0a,
  0x90, 0x3e, 0x5a, 0x00, 0x90, 0x4a, 0x64, 0x00, 0x96, 0x4a, 0x6e, 0x81,
  0x0c, 0x80, 0x3e, 0x40, 0x00, 0x86, 0x4a, 0x40, 0x00, 0x80, 0x4a, 0x40,
  0x14, 0x90, 0x43, 0x5a, 0x00, 0x90, 0x4f, 0x69, 0x00, 0x96, 0x4f, 0x6e,
  0x0a, 0x99, 0x2a, 0x46, 0x0a, 0x89, 0x2a, 0x40, 0x78, 0x80, 0x4f, 0x40,
  0x00, 0x86, 0x4f, 0x40, 0x00, 0x80, 0x43, 0x40, 0x14, 0x90, 0x47, 0x5a,
  0x00, 0x90, 0x53, 0x73, 0x00, 0x91, 0x21, 0x69, 0x00, 0x96, 0x53, 0x6e,
  0x00, 0x99, 0x2e, 0x64, 0x00, 0x99, 0x3b, 0x78, 0x0a, 0x89, 0x2e, 0x40,
  0x00, 0x89, 0x3b, 0x40, 0x81, 0x02, 0x80, 0x53, 0x40, 0x00, 0x86, 0x53,
  0x40, 0x00, 0x80, 0x47, 0x40, 0x14, 0x90, 0x45, 0x5a, 0x00, 0x90, 0x51,
  0x6e, 0x00, 0x96, 0x51, 0x6e, 0x81, 0x0c, 0x80, 0x45, 0x40, 0x00, 0x86,
  0x51, 0x40, 0x00, 0x80, 0x51, 0x40, 0x14, 0x90, 0x43, 0x5a, 0x00, 0x90,
  0x4f, 0x6e, 0x00, 0x96, 0x4f, 0x6e, 0x0a, 0x99, 0x2a, 0x46, 0x0a, 0x89,
  0x2a, 0x40, 0x3c, 0x81, 0x21, 0x40, 0x3c, 0x86, 0x4f, 0x40, 0x00, 0x80,
  0x4f, 0x40, 0x00, 0x80, 0x43, 0x40, 0x14, 0x90, 0x45, 0x5a, 0x00, 0x90,
  0x51, 0x6e, 0x00, 0x90, 0x4e, 0x6e, 0x00, 0x91, 0x26, 0x73, 0x00, 0x96,
  0x4e, 0x6e, 0x00, 0x96, 0x51, 0x6e, 0x00, 0x99, 0x2a, 0x64, 0x00, 0x99,
  0x3b, 0x78, 0x0a, 0x89, 0x2a, 0x40, 0x00, 0x89, 0x3b, 0x40, 0x82, 0x22,
  0x80, 0x4e, 0x40, 0x00, 0x80, 0x51, 0x40, 0x00, 0x80, 0x45, 0x40, 0x1e,
  0x90, 0x4a, 0x64, 0x00, 0x99, 0x2a, 0x46, 0x0a, 0x89, 0x2a, 0x40, 0x5a,
  0x80, 0x4a, 0x40, 0x1e, 0x86, 0x51, 0x40, 0x00, 0x86, 0x4e, 0x40, 0x14,
  0x90, 0x45, 0x5a, 0x00, 0x90, 0x4e, 0x6e, 0x00, 0x90, 0x51, 0x6e, 0x00,
  0x99, 0x2e, 0x64, 0x00, 0x99, 0x3b, 0x78, 0x0a, 0x89, 0x2e, 0x40, 0x00,
  0x89, 0x3b, 0x40, 0x82, 0x22, 0x80, 0x51, 0x40, 0x00, 0x80, 0x45, 0x40,
  0x00, 0x80, 0x4e, 0x40, 0x1e, 0x90, 0x4a, 0x64, 0x00, 0x99, 0x2a, 0x46,
  0x0a, 0x89, 0x2a, 0x40, 0x5a, 0x80, 0x4a, 0x40, 0x32, 0x90, 0x47, 0x5a,
  0x00, 0x90, 0x53, 0x6e, 0x00, 0x90, 0x4f, 0x6e, 0x00, 0x96, 0x4f, 0x6e,
  0x00, 0x96, 0x53, 0x6e, 0x00, 0x99, 0x2a, 0x64, 0x00, 0x99, 0x3b, 0x78,
  0x0a, 0x89, 0x2a, 0x40, 0x00, 0x89, 0x3b, 0x40, 0x82, 0x22, 0x80, 0x53,
  0x40, 0x00, 0x80, 0x4f, 0x40, 0x00, 0x80, 0x47, 0x40, 0x1e, 0x90, 0x4a,
  0x64, 0x00, 0x99, 0x2a, 0x46, 0x0a, 0x89, 0x2a, 0x40, 0x5a, 0x80, 0x4a,
  0x40, 0x1e, 0x86, 0x53, 0x40, 0x00, 0x86, 0x4f, 0x40, 0x14, 0x90, 0x47,
  0x5a, 0x00, 0x90, 0x4f, 0x6e, 0x00, 0x90, 0x53, 0x6e, 0x00, 0x99, 0x2e,
  0x64, 0x00, 0x99, 0x3b, 0x78, 0x0a, 0x89, 0x2e, 0x40, 0x00, 0x89, 0x3b,
  0x40, 0x82, 0x22, 0x80, 0x53, 0x40, 0x00, 0x80, 0x47, 0x40, 0x00, 0x80,
  0x4f, 0x40, 0x1e, 0x90, 0x4a, 0x64, 0x00, 0x99, 0x2a, 0x46, 0x0a, 0x89,
  0x2a, 0x40, 0x5a, 0x80, 0x4a, 0x40, 0x32, 0x90, 0x48, 0x5a, 0x00, 0x90,
  0x51, 0x6e, 0x00, 0x90, 0x54, 0x6e, 0x00, 0x96, 0x51, 0x6e, 0x00, 0x96,
  0x54, 0x6e, 0x00, 0x99, 0x2a, 0x64, 0x00, 0x99, 0x3b, 0x78, 0x0a, 0x89,
  0x2a, 0x40, 0x00, 0x89, 0x3b, 0x40, 0x82, 0x22, 0x80, 0x51, 0x40, 0x00,
  0x80, 0x54, 0x40, 0x00, 0x80, 0x48, 0x40, 0x1e, 0x90, 0x4a, 0x64, 0x00,
  0x99, 0x2a, 0x46, 0x0a, 0x89, 0x2a, 0x40, 0x5a, 0x80, 0x4a, 0x40, 0x1e,
  0x86, 0x54, 0x40, 0x00, 0x86, 0x51, 0x40, 0x14, 0x90, 0x48, 0x5a, 0x00,
  0x90, 0x51, 0x78, 0x00, 0x90, 0x54, 0x78, 0x00, 0x99, 0x2e, 0x64, 0x00,
  0x99, 0x3b, 0x78, 0x0a, 0x89, 0x2e, 0x40, 0x00, 0x89, 0x3b, 0x40, 0x81,
  0x16, 0x80, 0x54, 0x40, 0x00, 0x80, 0x48, 0x40, 0x00, 0x80, 0x51, 0x40,
  0x81, 0x20, 0x90, 0x47, 0x5a, 0x00, 0x90, 0x4f, 0x6e, 0x00, 0x90, 0x53,
  0x6e, 0x0a, 0x99, 0x2a, 0x46, 0x0a, 0x89, 0x2a, 0x40, 0x81, 0x0c, 0x96,
  0x4f, 0x6e, 0x00, 0x96, 0x53, 0x6e, 0x00, 0x97, 0x47, 0x6e, 0x00, 0x99,
  0x2a, 0x64, 0x0a, 0x89, 0x2a, 0x40, 0x81, 0x02, 0x86, 0x4f, 0x40, 0x00,
  0x86, 0x53, 0x40, 0x0a, 0x80, 0x4f, 0x40, 0x00, 0x80, 0x47, 0x40, 0x00,
  0x80, 0x53, 0x40, 0x00, 0x87, 0x47, 0x40, 0x0a, 0x90, 0x3e, 0x5a, 0x00,
  0x90, 0x4a, 0x64, 0x00, 0x97, 0x3e, 0x6e, 0x00, 0x96, 0x4a, 0x6e, 0x00,
  0x99, 0x26, 0x64, 0x0a, 0x89, 0x26, 0x40, 0x81, 0x02, 0x80, 0x4a, 0x40,
  0x00, 0x86, 0x4a, 0x40, 0x00, 0x80, 0x3e, 0x40, 0x0a, 0x87, 0x3e, 0x40,
  0x0a, 0x90, 0x43, 0x5a, 0x00, 0x90, 0x4f, 0x69, 0x00, 0x96, 0x4f, 0x6e,
  0x00, 0x97, 0x43, 0x6e, 0x00, 0x99, 0x26, 0x50, 0x0a, 0x89, 0x26, 0x40,
  0x00, 0x99, 0x2a, 0x46, 0x0a, 0x89, 0x2a, 0x40, 0x3c, 0x81, 0x26, 0x40,
  0x3c, 0x87, 0x43, 0x40, 0x00, 0x86, 0x4f, 0x40, 0x00, 0x80, 0x4f, 0x40,
  0x00, 0x80, 0x43, 0x40, 0x14, 0x90, 0x47, 0x5a, 0x00, 0x90, 0x53, 0x73,
  0x00, 0x91, 0x21, 0x69, 0x00, 0x97, 0x47, 0x6e, 0x00, 0x96, 0x53, 0x6e,
  0x00, 0x99, 0x2a, 0x64, 0x00, 0x99, 0x32, 0x6e, 0x0a, 0x89, 0x2a, 0x40,
  0x00, 0x89, 0x32, 0x40, 0x81, 0x02, 0x80, 0x53, 0x40, 0x00, 0x86, 0x53,
  0x40, 0x00, 0x80, 0x47, 0x40, 0x0a, 0x87, 0x47, 0x40, 0x0a, 0x90, 0x45,
  0x5a, 0x00, 0x90, 0x51, 0x6e, 0x00, 0x96, 0x51, 0x6e, 0x00, 0x97, 0x45,
  0x6e, 0x00, 0x99, 0x2f, 0x64, 0x0a, 0x89, 0x2f, 0x40, 0x81, 0x02, 0x80,
  0x51, 0x40, 0x00, 0x86, 0x51, 0x40, 0x00, 0x80, 0x45, 0x40, 0x0a, 0x87,
  0x45, 0x40, 0x0a, 0x90, 0x43, 0x5a, 0x00, 0x90, 0x4f, 0x6e, 0x00, 0x97,
  0x43, 0x6e, 0x00, 0x96, 0x4f, 0x6e, 0x00, 0x99, 0x2b, 0x64, 0x0a, 0x89,
  0x2b, 0x40, 0x00, 0x99, 0x2a, 0x46, 0x0a, 0x89, 0x2a, 0x40, 0x3c, 0x81,
  0x21, 0x40, 0x3c, 0x86, 0x4f, 0x40, 0x00, 0x87, 0x43, 0x40, 0x00, 0x80,
  0x4f, 0x40, 0x00, 0x80, 0x43, 0x40, 0x14, 0x90, 0x45, 0x5a, 0x00, 0x90,
  0x51, 0x6e, 0x00, 0x90, 0x4e, 0x6e, 0x00, 0x91, 0x26, 0x64, 0x00, 0x93,
  0x39, 0x64, 0x00, 0x93, 0x36, 0x64, 0x00, 0x94, 0x26, 0x6e, 0x00, 0x96,
  0x4e, 0x6e, 0x00, 0x96, 0x51, 0x6e, 0x00, 0x97, 0x42, 0x5a, 0x00, 0x97,
  0x39, 0x5a, 0x00, 0x99, 0x24, 0x6e, 0x00, 0x99, 0x2a, 0x64, 0x00, 0x99,
  0x3b, 0x78, 0x0a, 0x89, 0x24, 0x40, 0x00, 0x89, 0x2a, 0x40, 0x00, 0x89,
  0x3b, 0x40, 0x5a, 0x83, 0x36, 0x40, 0x00, 0x83, 0x39, 0x40, 0x00, 0x84,
  0x26, 0x40, 0x81, 0x20, 0x81, 0x26, 0x40, 0x28, 0x80, 0x51, 0x40, 0x00,
  0x80, 0x45, 0x40, 0x00, 0x80, 0x4e, 0x40, 0x1e, 0x90, 0x4a, 0x64, 0x00,
  0x91, 0x26, 0x5a, 0x00, 0x99, 0x2a, 0x46, 0x0a, 0x89, 0x2a, 0x40, 0x5a,
  0x81, 0x26, 0x40, 0x00, 0x80, 0x4a, 0x40, 0x1e, 0x86, 0x51, 0x40, 0x00,
  0x86, 0x4e, 0x40, 0x14, 0x90, 0x45, 0x5a, 0x00, 0x90, 0x4e, 0x6e, 0x00,
  0x90, 0x51, 0x6e, 0x00, 0x91, 0x26, 0x64, 0x00, 0x94, 0x26, 0x64, 0x00,
  0x93, 0x39, 0x73, 0x00, 0x93, 0x36, 0x73, 0x00, 0x99, 0x2a, 0x64, 0x00,
  0x99, 0x26, 0x64, 0x00, 0x99, 0x3b, 0x78, 0x00, 0x99, 0x36, 0x64, 0x0a,
  0x89, 0x2a, 0x40, 0x00, 0x89, 0x26, 0x40, 0x00, 0x89, 0x3b, 0x40, 0x00,
  0x89, 0x36, 0x40, 0x81, 0x16, 0x84, 0x26, 0x40, 0x64, 0x81, 0x26, 0x40,
  0x28, 0x80, 0x51, 0x40, 0x00, 0x80, 0x45, 0x40, 0x00, 0x80, 0x4e, 0x40,
  0x1e, 0x90, 0x4a, 0x64, 0x00, 0x91, 0x26, 0x5a, 0x00, 0x99, 0x2a, 0x46,
  0x0a, 0x83, 0x36, 0x40, 0x00, 0x83, 0x39, 0x40, 0x00, 0x89, 0x2a, 0x40,
  0x5a, 0x80, 0x4a, 0x40, 0x00, 0x81, 0x26, 0x40, 0x1e, 0x87, 0x42, 0x40,
  0x00, 0x87, 0x39, 0x40, 0x14, 0x90, 0x47, 0x5a, 0x00, 0x90, 0x53, 0x6e,
  0x00, 0x90, 0x4f, 0x6e, 0x00, 0x91, 0x26, 0x64, 0x00, 0x93, 0x3b, 0x64,
  0x00, 0x93, 0x37, 0x64, 0x00, 0x94, 0x26, 0x6e, 0x00, 0x99, 0x24, 0x6e,
  0x00, 0x97, 0x43, 0x5a, 0x00, 0x97, 0x3b, 0x5a, 0x00, 0x96, 0x4f, 0x6e,
  0x00, 0x96, 0x53, 0x6e, 0x00, 0x99, 0x2a, 0x64, 0x00, 0x99, 0x3b, 0x78,
  0x0a, 0x89, 0x24, 0x40, 0x00, 0x89, 0x2a, 0x40, 0x00, 0x89, 0x3b, 0x40,
  0x5a, 0x83, 0x3b, 0x40, 0x00, 0x83, 0x37, 0x40, 0x00, 0x84, 0x26, 0x40,
  0x81, 0x20, 0x81, 0x26, 0x40, 0x28, 0x80, 0x53, 0x40, 0x00, 0x80, 0x47,
  0x40, 0x00, 0x80, 0x4f, 0x40, 0x1e, 0x90, 0x4a, 0x64, 0x00, 0x91, 0x26,
  0x5a, 0x00, 0x99, 0x2a, 0x46, 0x0a, 0x89, 0x2a, 0x40, 0x5a, 0x81, 0x26,
  0x40, 0x00, 0x80, 0x4a, 0x40, 0x1e, 0x86, 0x53, 0x40, 0x00, 0x86, 0x4f,
  0x40, 0x14, 0x90, 0x47, 0x5a, 0x00, 0x90, 0x4f, 0x6e, 0x00, 0x90, 0x53,
  0x6e, 0x00, 0x91, 0x26, 0x64, 0x00, 0x94, 0x26, 0x64, 0x00, 0x93, 0x3b,
  0x73, 0x00, 0x93, 0x37, 0x73, 0x00, 0x99, 0x2a, 0x64, 0x00, 0x99, 0x26,
  0x64, 0x00, 0x99, 0x3b, 0x78, 0x00, 0x99, 0x36, 0x64, 0x0a, 0x89, 0x2a,
  0x40, 0x00, 0x89, 0x26, 0x40, 0x00, 0x89, 0x3b, 0x40, 0x00, 0x89, 0x36,
  0x40, 0x81, 0x16, 0x84, 0x26, 0x40, 0x64, 0x81, 0x26, 0x40, 0x28, 0x80,
  0x53, 0x40, 0x00, 0x80, 0x47, 0x40, 0x00, 0x80, 0x4f, 0x40, 0x1e, 0x90,
  0x4a, 0x64, 0x00, 0x91, 0x26, 0x5a, 0x00, 0x99, 0x2a, 0x46, 0x0a, 0x83,
  0x37, 0x40, 0x00, 0x83, 0x3b, 0x40, 0x00, 0x89, 0x2a, 0x40, 0x5a, 0x80,
  0x4a, 0x40, 0x00, 0x81, 0x26, 0x40, 0x1e, 0x87, 0x3b, 0x40, 0x00, 0x87,
  0x43, 0x40, 0x14, 0x90, 0x48, 0x5a, 0x00, 0x90, 0x51, 0x6e, 0x00, 0x90,
  0x54, 0x6e, 0x00, 0x91, 0x26, 0x64, 0x00, 0x93, 0x3c, 0x64, 0x00, 0x93,
  0x39, 0x64, 0x00, 0x94, 0x26, 0x6e, 0x00, 0x96, 0x51, 0x6e, 0x00, 0x96,
  0x54, 0x6e, 0x00, 0x97, 0x45, 0x5a, 0x00, 0x97, 0x3c, 0x5a, 0x00, 0x99,
  0x24, 0x6e, 0x00, 0x99, 0x2a, 0x64, 0x00, 0x99, 0x3b, 0x78, 0x0a, 0x89,
  0x24, 0x40, 0x00, 0x89, 0x2a, 0x40, 0x00, 0x89, 0x3b, 0x40, 0x5a, 0x83,
  0x39, 0x40, 0x00, 0x83, 0x3c, 0x40, 0x00, 0x84, 0x26, 0x40, 0x81, 0x20,
  0x81, 0x26, 0x40, 0x28, 0x80, 0x51, 0x40, 0x00, 0x80, 0x48, 0x40, 0x00,
  0x80, 0x54, 0x40, 0x1e, 0x90, 0x4a, 0x64, 0x00, 0x91, 0x26, 0x5a, 0x00,
  0x99, 0x2a, 0x46, 0x0a, 0x89, 0x2a, 0x40, 0x5a, 0x81, 0x26, 0x40, 0x00,
  0x80, 0x4a, 0x40, 0x1e, 0x86, 0x54, 0x40, 0x00, 0x86, 0x51, 0x40, 0x14,
  0x90, 0x48, 0x5a, 0x00, 0x90, 0x51, 0x78, 0x00, 0x90, 0x54, 0x78, 0x00,
  0x91, 0x26, 0x64, 0x00, 0x94, 0x26, 0x64, 0x00, 0x93, 0x3c, 0x69, 0x00,
  0x93, 0x39, 0x69, 0x00, 0x99, 0x2a, 0x64, 0x00, 0x99, 0x26, 0x64, 0x00,
  0x99, 0x3b, 0x78, 0x00, 0x99, 0x36, 0x64, 0x0a, 0x89, 0x2a, 0x40, 0x00,
  0x89, 0x26, 0x40, 0x00, 0x89, 0x3b, 0x40, 0x00, 0x89, 0x36, 0x40, 0x81,
  0x16, 0x80, 0x54, 0x40, 0x00, 0x84, 0x26, 0x40, 0x00, 0x80, 0x48, 0x40,
  0x00, 0x80, 0x51, 0x40, 0x64, 0x83, 0x3c, 0x40, 0x00, 0x83, 0x39, 0x40,
  0x00, 0x81, 0x26, 0x40, 0x3c, 0x90, 0x47, 0x5a, 0x00, 0x90, 0x4f, 0x6e,
  0x00, 0x90, 0x53, 0x6e, 0x00, 0x93, 0x37, 0x73, 0x00, 0x93, 0x3b, 0x73,
  0x0a, 0x91, 0x26, 0x5a, 0x00, 0x99, 0x2a, 0x46, 0x0a, 0x89, 0x2a, 0x40,
  0x50, 0x83, 0x37, 0x40, 0x00, 0x83, 0x3b, 0x40, 0x0a, 0x81, 0x26, 0x40,
  0x1e, 0x87, 0x45, 0x40, 0x00, 0x87, 0x3c, 0x40, 0x14, 0x91, 0x26, 0x64,
  0x00, 0x94, 0x26, 0x6e, 0x00, 0x99, 0x24, 0x6e, 0x00, 0x97, 0x43, 0x5a,
  0x00, 0x97, 0x3b, 0x5a, 0x00, 0x96, 0x4f, 0x6e, 0x00, 0x96, 0x53, 0x6e,
  0x00, 0x99, 0x2a, 0x64, 0x00, 0x99, 0x3b, 0x78, 0x0a, 0x89, 0x24, 0x40,
  0x00, 0x89, 0x2a, 0x40, 0x00, 0x89, 0x3b, 0x40, 0x5a, 0x84, 0x26, 0x40,
  0x28, 0x86, 0x4f, 0x40, 0x00, 0x86, 0x53, 0x40, 0x0a, 0x80, 0x4f, 0x40,
  0x00, 0x80, 0x53, 0x40, 0x00, 0x80, 0x47, 0x40, 0x0a, 0x90, 0x3e, 0x5a,
  0x00, 0x90, 0x4a, 0x64, 0x00, 0x96, 0x4a, 0x6e, 0x64, 0x81, 0x26, 0x40,
  0x28, 0x80, 0x3e, 0x40, 0x00, 0x80, 0x4a, 0x40, 0x00, 0x86, 0x4a, 0x40,
  0x14, 0x90, 0x43, 0x5a, 0x00, 0x90, 0x4f, 0x69, 0x00, 0x93, 0x39, 0x6e,
  0x00, 0x93, 0x3c, 0x6e, 0x00, 0x96, 0x4f, 0x6e, 0x0a, 0x91, 0x26, 0x5a,
  0x00, 0x99, 0x2a, 0x46, 0x0a, 0x89, 0x2a, 0x40, 0x50, 0x83, 0x39, 0x40,
  0x00, 0x83, 0x3c, 0x40, 0x0a, 0x81, 0x26, 0x40, 0x1e, 0x80, 0x43, 0x40,
  0x00, 0x80, 0x4f, 0x40, 0x00, 0x86, 0x4f, 0x40, 0x14, 0x90, 0x47, 0x5a,
  0x00, 0x90, 0x53, 0x73, 0x00, 0x91, 0x21, 0x64, 0x00, 0x93, 0x37, 0x73,
  0x00, 0x93, 0x3b, 0x73, 0x00, 0x94, 0x21, 0x6e, 0x00, 0x96, 0x53, 0x6e,
  0x00, 0x99, 0x2a, 0x64, 0x00, 0x99, 0x26, 0x64, 0x00, 0x99, 0x3b, 0x78,
  0x00, 0x99, 0x36, 0x64, 0x0a, 0x89, 0x2a, 0x40, 0x00, 0x89, 0x26, 0x40,
  0x00, 0x89, 0x3b, 0x40, 0x00, 0x89, 0x36, 0x40, 0x81, 0x02, 0x83, 0x37,
  0x40, 0x00, 0x86, 0x53, 0x40, 0x00, 0x80, 0x47, 0x40, 0x00, 0x83, 0x3b,
  0x40, 0x00, 0x80, 0x53, 0x40, 0x14, 0x90, 0x45, 0x5a, 0x00, 0x90, 0x51,
  0x6e, 0x00, 0x96, 0x51, 0x6e, 0x81, 0x0c, 0x80, 0x45, 0x40, 0x00, 0x86,
  0x51, 0x40, 0x00, 0x80, 0x51, 0x40, 0x14, 0x90, 0x43, 0x5a, 0x00, 0x90,
  0x4f, 0x6e, 0x00, 0x96, 0x4f, 0x6e, 0x0a, 0x99, 0x2a, 0x46, 0x0a, 0x89,
  0x2a, 0x40, 0x3c, 0x81, 0x21, 0x40, 0x00, 0x84, 0x21, 0x40, 0x3c, 0x80,
  0x4f, 0x40, 0x00, 0x80, 0x43, 0x40, 0x00, 0x86, 0x4f, 0x40, 0x00, 0x87,
  0x43, 0x40, 0x14, 0x90, 0x45, 0x5a, 0x00, 0x90, 0x51, 0x6e, 0x00, 0x90,
  0x4e, 0x6e, 0x00, 0x91, 0x26, 0x64, 0x00, 0x94, 0x26, 0x6e, 0x00, 0x93,
  0x39, 0x64, 0x00, 0x93, 0x36, 0x64, 0x00, 0x96, 0x4e, 0x6e, 0x00, 0x96,
  0x51, 0x6e, 0x00, 0x97, 0x42, 0x5a, 0x00, 0x97, 0x39, 0x5a, 0x00, 0x99,
  0x24, 0x6e, 0x00, 0x99, 0x2a, 0x64, 0x00, 0x99, 0x3b, 0x78, 0x0a, 0x89,
  0x24, 0x40, 0x00, 0x89, 0x2a, 0x40, 0x00, 0x89, 0x3b, 0x40, 0x5a, 0x83,
  0x36, 0x40, 0x00, 0x83, 0x39, 0x40, 0x00, 0x84, 0x26, 0x40, 0x3c, 0x87,
  0x3b, 0x40, 0x64, 0x81, 0x26, 0x40, 0x28, 0x80, 0x51, 0x40, 0x00, 0x80,
  0x4e, 0x40, 0x00, 0x80, 0x45, 0x40, 0x1e, 0x90, 0x4a, 0x64, 0x00, 0x91,
  0x26, 0x5a, 0x00, 0x99, 0x2a, 0x46, 0x0a, 0x89, 0x2a, 0x40, 0x5a, 0x81,
  0x26, 0x40, 0x00, 0x80, 0x4a, 0x40, 0x1e, 0x86, 0x4e, 0x40, 0x00, 0x86,
  0x51, 0x40, 0x14, 0x90, 0x45, 0x5a, 0x00, 0x90, 0x4e, 0x6e, 0x00, 0x90,
  0x51, 0x6e, 0x00, 0x91, 0x26, 0x64, 0x00, 0x93, 0x39, 0x73, 0x00, 0x93,
  0x36, 0x73, 0x00, 0x94, 0x26, 0x64, 0x00, 0x99, 0x2a, 0x64, 0x00, 0x99,
  0x26, 0x64, 0x00, 0x99, 0x3b, 0x78, 0x00, 0x99, 0x36, 0x64, 0x0a, 0x89,
  0x2a, 0x40, 0x00, 0x89, 0x26, 0x40, 0x00, 0x89, 0x3b, 0x40, 0x00, 0x89,
  0x36, 0x40, 0x81, 0x16, 0x84, 0x26, 0x40, 0x64, 0x81, 0x26, 0x40, 0x28,
  0x80, 0x4e, 0x40, 0x00, 0x80, 0x51, 0x40, 0x00, 0x80, 0x45, 0x40, 0x1e,
  0x90, 0x4a, 0x64, 0x00, 0x91, 0x26, 0x5a, 0x00, 0x99, 0x2a, 0x46, 0x0a,
  0x83, 0x39, 0x40, 0x00, 0x83, 0x36, 0x40, 0x00, 0x89, 0x2a, 0x40, 0x5a,
  0x80, 0x4a, 0x40, 0x00, 0x81, 0x26, 0x40, 0x1e, 0x87, 0x42, 0x40, 0x14,
  0x90, 0x47, 0x5a, 0x00, 0x90, 0x53, 0x6e, 0x00, 0x90, 0x4f, 0x6e, 0x00,
  0x91, 0x26, 0x64, 0x00, 0x94, 0x26, 0x6e, 0x00, 0x93, 0x3b, 0x64, 0x00,
  0x93, 0x37, 0x64, 0x00, 0x99, 0x24, 0x6e, 0x00, 0x97, 0x43, 0x5a, 0x00,
  0x97, 0x3b, 0x5a, 0x00, 0x96, 0x4f, 0x6e, 0x00, 0x96, 0x53, 0x6e, 0x00,
  0x99, 0x2a, 0x64, 0x00, 0x99, 0x3b, 0x78, 0x0a, 0x89, 0x24, 0x40, 0x00,
  0x89, 0x2a, 0x40, 0x00, 0x89, 0x3b, 0x40, 0x5a, 0x84, 0x26, 0x40, 0x00,
  0x83, 0x37, 0x40, 0x00, 0x83, 0x3b, 0x40, 0x3c, 0x87, 0x39, 0x40, 0x64,
  0x81, 0x26, 0x40, 0x28, 0x80, 0x4f, 0x40, 0x00, 0x80, 0x47, 0x40, 0x00,
  0x80, 0x53, 0x40, 0x1e, 0x90, 0x4a, 0x64, 0x00, 0x91, 0x26, 0x5a, 0x00,
  0x99, 0x2a, 0x46, 0x0a, 0x89, 0x2a, 0x40, 0x5a, 0x81, 0x26, 0x40, 0x00,
  0x80, 0x4a, 0x40, 0x1e, 0x86, 0x53, 0x40, 0x00, 0x86, 0x4f, 0x40, 0x14,
  0x90, 0x47, 0x5a, 0x00, 0x90, 0x4f, 0x6e, 0x00, 0x90, 0x53, 0x6e, 0x00,
  0x91, 0x26, 0x64, 0x00, 0x93, 0x3b, 0x73, 0x00, 0x93, 0x37, 0x73, 0x00,
  0x94, 0x26, 0x64, 0x00, 0x99, 0x2a, 0x64, 0x00, 0x99, 0x26, 0x64, 0x00,
  0x99, 0x3b, 0x78, 0x00, 0x99, 0x36, 0x64, 0x0a, 0x89, 0x2a, 0x40, 0x00,
  0x89, 0x26, 0x40, 0x00, 0x89, 0x3b, 0x40, 0x00, 0x89, 0x36, 0x40, 0x81,
  0x16, 0x84, 0x26, 0x40, 0x64, 0x81, 0x26, 0x40, 0x28, 0x80, 0x4f, 0x40,
  0x00, 0x80, 0x53, 0x40, 0x00, 0x80, 0x47, 0x40, 0x1e, 0x90, 0x4a, 0x64,
  0x00, 0x91, 0x26, 0x5a, 0x00, 0x99, 0x2a, 0x46, 0x0a, 0x83, 0x3b, 0x40,
  0x00, 0x83, 0x37, 0x40, 0x00, 0x89, 0x2a, 0x40, 0x5a, 0x80, 0x4a, 0x40,
  0x00, 0x81, 0x26, 0x40, 0x1e, 0x87, 0x43, 0x40, 0x00, 0x87, 0x3b, 0x40,
  0x14, 0x90, 0x48, 0x5a, 0x00, 0x90, 0x51, 0x6e, 0x00, 0x90, 0x54, 0x6e,
  0x00, 0x91, 0x26, 0x64, 0x00, 0x94, 0x26, 0x6e, 0x00, 0x93, 0x3c, 0x64,
  0x00, 0x93, 0x39, 0x64, 0x00, 0x96, 0x51, 0x6e, 0x00, 0x96, 0x54, 0x6e,
  0x00, 0x97, 0x45, 0x5a, 0x00, 0x97, 0x3c, 0x5a, 0x00, 0x99, 0x24, 0x6e,
  0x00, 0x99, 0x2a, 0x64, 0x00, 0x99, 0x3b, 0x78, 0x0a, 0x89, 0x24, 0x40,
  0x00, 0x89, 0x2a, 0x40, 0x00, 0x89, 0x3b, 0x40, 0x5a, 0x83, 0x3c, 0x40,
  0x00, 0x84, 0x26, 0x40, 0x00, 0x83, 0x39, 0x40, 0x81, 0x20, 0x81, 0x26,
  0x40, 0x28, 0x80, 0x51, 0x40, 0x00, 0x80, 0x48, 0x40, 0x00, 0x80, 0x54,
  0x40, 0x1e, 0x90, 0x4a, 0x64, 0x00, 0x91, 0x26, 0x5a, 0x00, 0x99, 0x2a,
  0x46, 0x0a, 0x89, 0x2a, 0x40, 0x5a, 0x81, 0x26, 0x40, 0x00, 0x80, 0x4a,
  0x40, 0x1e, 0x86, 0x54, 0x40, 0x00, 0x86, 0x51, 0x40, 0x14, 0x90, 0x48,
  0x5a, 0x00, 0x90, 0x51, 0x78, 0x00, 0x90, 0x54, 0x78, 0x00, 0x91, 0x26,
  0x64, 0x00, 0x93, 0x3c, 0x69, 0x00, 0x93, 0x39, 0x69, 0x00, 0x94, 0x26,
  0x64, 0x00, 0x99, 0x2a, 0x64, 0x00, 0x99, 0x26, 0x64, 0x00, 0x99, 0x3b,
  0x6e, 0x00, 0x99, 0x36, 0x64, 0x0a, 0x89, 0x2a, 0x40, 0x00, 0x89, 0x26,
  0x40, 0x00, 0x89, 0x3b, 0x40, 0x00, 0x89, 0x36, 0x40, 0x81, 0x16, 0x80,
  0x54, 0x40, 0x00, 0x84, 0x26, 0x40, 0x00, 0x80, 0x48, 0x40, 0x00, 0x80,
  0x51, 0x40, 0x64, 0x81, 0x26, 0x40, 0x00, 0x83, 0x39, 0x40, 0x00, 0x83,
  0x3c, 0x40, 0x3c, 0x90, 0x47, 0x5a, 0x00, 0x90, 0x4f, 0x6e, 0x00, 0x90,
  0x53, 0x6e, 0x00, 0x93, 0x37, 0x73, 0x00, 0x93, 0x3b, 0x73, 0x0a, 0x91,
  0x26, 0x5a, 0x00, 0x99, 0x2a, 0x46, 0x0a, 0x89, 0x2a, 0x40, 0x50, 0x83,
  0x37, 0x40, 0x00, 0x83, 0x3b, 0x40, 0x0a, 0x81, 0x26, 0x40, 0x1e, 0x87,
  0x45, 0x40, 0x00, 0x87, 0x3c, 0x40, 0x14, 0x91, 0x26, 0x64, 0x00, 0x94,
  0x26, 0x6e, 0x00, 0x99, 0x24, 0x6e, 0x00, 0x97, 0x43, 0x5a, 0x00, 0x97,
  0x3b, 0x5a, 0x00, 0x96, 0x4f, 0x6e, 0x00, 0x96, 0x53, 0x6e, 0x00, 0x99,
  0x2a, 0x64, 0x00, 0x99, 0x3b, 0x78, 0x0a, 0x89, 0x24, 0x40, 0x00, 0x89,
  0x2a, 0x40, 0x00, 0x89, 0x3b, 0x40, 0x5a, 0x84, 0x26, 0x40, 0x28, 0x86,
  0x4f, 0x40, 0x00, 0x86, 0x53, 0x40, 0x0a, 0x80, 0x4f, 0x40, 0x00, 0x80,
  0x53, 0x40, 0x00, 0x80, 0x47, 0x40, 0x0a, 0x90, 0x3e, 0x5a, 0x00, 0x90,
  0x4a, 0x64, 0x00, 0x96, 0x4a, 0x6e, 0x64, 0x81, 0x26, 0x40, 0x28, 0x80,
  0x3e, 0x40, 0x00, 0x80, 0x4a, 0x40, 0x00, 0x86, 0x4a, 0x40, 0x14, 0x90,
  0x43, 0x5a, 0x00, 0x90, 0x4f, 0x69, 0x00, 0x93, 0x39, 0x6e, 0x00, 0x93,
  0x3c, 0x6e, 0x00, 0x96, 0x4f, 0x6e, 0x0a, 0x91, 0x26, 0x5a, 0x00, 0x99,
  0x2a, 0x46, 0x0a, 0x89, 0x2a, 0x40, 0x50, 0x83, 0x39, 0x40, 0x00, 0x83,
  0x3c, 0x40, 0x0a, 0x81, 0x26, 0x40, 0x1e, 0x80, 0x43, 0x40, 0x00, 0x80,
  0x4f, 0x40, 0x00, 0x86, 0x4f, 0x40, 0x14, 0x90, 0x47, 0x5a, 0x00, 0x90,
  0x53, 0x73, 0x00, 0x91, 0x21, 0x64, 0x00, 0x93, 0x3b, 0x73, 0x00, 0x93,
  0x37, 0x73, 0x00, 0x94, 0x21, 0x6e, 0x00, 0x96, 0x53, 0x6e, 0x00, 0x99,
  0x2a, 0x64, 0x00, 0x99, 0x26, 0x5a, 0x00, 0x99, 0x3b, 0x78, 0x00, 0x99,
  0x36, 0x64, 0x0a, 0x89, 0x2a, 0x40, 0x00, 0x89, 0x26, 0x40, 0x00, 0x89,
  0x3b, 0x40, 0x00, 0x89, 0x36, 0x40, 0x81, 0x02, 0x86, 0x53, 0x40, 0x00,
  0x80, 0x47, 0x40, 0x00, 0x80, 0x53, 0x40, 0x14, 0x90, 0x45, 0x5a, 0x00,
  0x90, 0x51, 0x6e, 0x00, 0x96, 0x51, 0x6e, 0x00, 0x99, 0x26, 0x6e, 0x0a,
  0x89, 0x26, 0x40, 0x81, 0x02, 0x80, 0x45, 0x40, 0x00, 0x86, 0x51, 0x40,
  0x00, 0x80, 0x51, 0x40, 0x14, 0x90, 0x43, 0x5a, 0x00, 0x90, 0x4f, 0x6e,
  0x00, 0x96, 0x4f, 0x6e, 0x00, 0x99, 0x26, 0x50, 0x0a, 0x89, 0x26, 0x40,
  0x00, 0x99, 0x2a, 0x46, 0x0a, 0x83, 0x37, 0x40, 0x00, 0x89, 0x2a, 0x40,
  0x00, 0x83, 0x3b, 0x40, 0x3c, 0x81, 0x21, 0x40, 0x00, 0x84, 0x21, 0x40,
  0x14, 0x87, 0x3b, 0x40, 0x00, 0x87, 0x43, 0x40, 0x28, 0x80, 0x43, 0x40,
  0x00, 0x80, 0x4f, 0x40, 0x00, 0x86, 0x4f, 0x40, 0x14, 0x90, 0x45, 0x64,
  0x00, 0x90, 0x51, 0x64, 0x00, 0x91, 0x21, 0x64, 0x00, 0x94, 0x21, 0x64,
  0x00, 0x93, 0x39, 0x6e, 0x00, 0x93, 0x34, 0x6e, 0x00, 0x96, 0x51, 0x6e,
  0x00, 0x97, 0x45, 0x64, 0x00, 0x99, 0x2c, 0x64, 0x00, 0x99, 0x26, 0x6e,
  0x00, 0x99, 0x36, 0x64, 0x00, 0x99, 0x39, 0x64, 0x0a, 0x89, 0x2c, 0x40,
  0x00, 0x89, 0x26, 0x40, 0x00, 0x89, 0x36, 0x40, 0x00, 0x89, 0x39, 0x40,
  0x81, 0x02, 0x87, 0x45, 0x40, 0x00, 0x86, 0x51, 0x40, 0x0a, 0x80, 0x51,
  0x40, 0x00, 0x80, 0x45, 0x40, 0x0a, 0x84, 0x21, 0x40, 0x00, 0x90, 0x4a,
  0x64, 0x00, 0x90, 0x56, 0x64, 0x00, 0x97, 0x4a, 0x64, 0x00, 0x99, 0x24,
  0x6e, 0x00, 0x96, 0x56, 0x6e, 0x00, 0x99, 0x32, 0x5a, 0x0a, 0x89, 0x24,
  0x40, 0x00, 0x89, 0x32, 0x40, 0x81, 0x02, 0x86, 0x56, 0x40, 0x00, 0x83,
  0x39, 0x40, 0x00, 0x87, 0x4a, 0x40, 0x00, 0x83, 0x34, 0x40, 0x0a, 0x80,
  0x4a, 0x40, 0x00, 0x80, 0x56, 0x40, 0x0a, 0x90, 0x48, 0x64, 0x00, 0x90,
  0x54, 0x64, 0x00, 0x96, 0x54, 0x6e, 0x00, 0x99, 0x24, 0x5a, 0x00, 0x97,
  0x48, 0x64, 0x00, 0x99, 0x32, 0x5a, 0x0a, 0x89, 0x24, 0x40, 0x00, 0x89,
  0x32, 0x40, 0x81, 0x02, 0x87, 0x48, 0x40, 0x00, 0x80, 0x48, 0x40, 0x00,
  0x86, 0x54, 0x40, 0x00, 0x80, 0x54, 0x40, 0x00, 0x81, 0x21, 0x40, 0x14,
  0x90, 0x45, 0x64, 0x00, 0x90, 0x51, 0x64, 0x00, 0x91, 0x25, 0x64, 0x00,
  0x93, 0x34, 0x6e, 0x00, 0x93, 0x39, 0x6e, 0x00, 0x94, 0x25, 0x64, 0x00,
  0x97, 0x45, 0x64, 0x00, 0x96, 0x51, 0x6e, 0x00, 0x99, 0x31, 0x64, 0x00,
  0x99, 0x36, 0x64, 0x00, 0x99, 0x26, 0x6e, 0x00, 0x99, 0x2c, 0x64, 0x0a,
  0x89, 0x31, 0x40, 0x00, 0x89, 0x36, 0x40, 0x00, 0x89, 0x26, 0x40, 0x00,
  0x89, 0x2c, 0x40, 0x81, 0x02, 0x86, 0x51, 0x40, 0x00, 0x87, 0x45, 0x40,
  0x0a, 0x80, 0x51, 0x40, 0x00, 0x80, 0x45, 0x40, 0x0a, 0x84, 0x25, 0x40,
  0x00, 0x90, 0x43, 0x64, 0x00, 0x90, 0x4f, 0x64, 0x00, 0x96, 0x4f, 0x6e,
  0x00, 0x97, 0x43, 0x64, 0x00, 0x99, 0x24, 0x6e, 0x00, 0x99, 0x2d, 0x5a,
  0x0a, 0x89, 0x24, 0x40, 0x00, 0x89, 0x2d, 0x40, 0x81, 0x02, 0x83, 0x34,
  0x40, 0x00, 0x87, 0x43, 0x40, 0x00, 0x86, 0x4f, 0x40, 0x00, 0x83, 0x39,
  0x40, 0x0a, 0x80, 0x43, 0x40, 0x00, 0x80, 0x4f, 0x40, 0x0a, 0x90, 0x45,
  0x64, 0x00, 0x90, 0x51, 0x64, 0x00, 0x99, 0x24, 0x5a, 0x00, 0x97, 0x45,
  0x64, 0x00, 0x96, 0x51, 0x6e, 0x00, 0x99, 0x2d, 0x5a, 0x0a, 0x89, 0x24,
  0x40, 0x00, 0x89, 0x2d, 0x40, 0x81, 0x02, 0x86, 0x51, 0x40, 0x00, 0x87,
  0x45, 0x40, 0x00, 0x80, 0x45, 0x40, 0x00, 0x80, 0x51, 0x40, 0x00, 0x81,
  0x25, 0x40, 0x14, 0x90, 0x40, 0x64, 0x00, 0x90, 0x4c, 0x64, 0x00, 0x91,
  0x23, 0x64, 0x00, 0x94, 0x23, 0x64, 0x00, 0x93, 0x34, 0x6e, 0x00, 0x93,
  0x37, 0x6e, 0x00, 0x96, 0x4c, 0x6e, 0x00, 0x97, 0x40, 0x64, 0x00, 0x99,
  0x39, 0x64, 0x00, 0x99, 0x36, 0x64, 0x00, 0x99, 0x2c, 0x64, 0x00, 0x99,
  0x26, 0x6e, 0x0a, 0x89, 0x39, 0x40, 0x00, 0x89, 0x36, 0x40, 0x00, 0x89,
  0x2c, 0x40, 0x00, 0x89, 0x26, 0x40, 0x81, 0x02, 0x87, 0x40, 0x40, 0x00,
  0x86, 0x4c, 0x40, 0x0a, 0x80, 0x4c, 0x40, 0x00, 0x80, 0x40, 0x40, 0x0a,
  0x84, 0x23, 0x40, 0x00, 0x90, 0x43, 0x64, 0x00, 0x90, 0x4f, 0x64, 0x00,
  0x97, 0x43, 0x64, 0x00, 0x99, 0x24, 0x6e, 0x00, 0x96, 0x4f, 0x6e, 0x00,
  0x99, 0x30, 0x5a, 0x0a, 0x89, 0x24, 0x40, 0x00, 0x89, 0x30, 0x40, 0x81,
  0x02, 0x86, 0x4f, 0x40, 0x00, 0x83, 0x34, 0x40, 0x00, 0x87, 0x43, 0x40,
  0x00, 0x83, 0x37, 0x40, 0x0a, 0x80, 0x43, 0x40, 0x00, 0x80, 0x4f, 0x40,
  0x0a, 0x90, 0x40, 0x64, 0x00, 0x90, 0x4c, 0x64, 0x00, 0x96, 0x4c, 0x6e,
  0x00, 0x99, 0x24, 0x5a, 0x00, 0x97, 0x40, 0x64, 0x00, 0x99, 0x2f, 0x5a,
  0x0a, 0x89, 0x24, 0x40, 0x00, 0x89, 0x2f, 0x40, 0x81, 0x02, 0x87, 0x40,
  0x40, 0x00, 0x80, 0x40, 0x40, 0x00, 0x86, 0x4c, 0x40, 0x00, 0x80, 0x4c,
  0x40, 0x00, 0x81, 0x23, 0x40, 0x14, 0x90, 0x3e, 0x64, 0x00, 0x90, 0x4a,
  0x64, 0x00, 0x91, 0x22, 0x64, 0x00, 0x93, 0x34, 0x6e, 0x00, 0x93, 0x37,
  0x6e, 0x00, 0x94, 0x22, 0x64, 0x00, 0x97, 0x3e, 0x64, 0x00, 0x96, 0x4a,
  0x6e, 0x00, 0x99, 0x32, 0x6e, 0x00, 0x99, 0x36, 0x64, 0x00, 0x99, 0x2c,
  0x64, 0x0a, 0x89, 0x32, 0x40, 0x00, 0x89, 0x36, 0x40, 0x00, 0x89, 0x2c,
  0x40, 0x81, 0x02, 0x86, 0x4a, 0x40, 0x00, 0x87, 0x3e, 0x40, 0x0a, 0x80,
  0x4a, 0x40, 0x00, 0x80, 0x3e, 0x40, 0x0a, 0x84, 0x22, 0x40, 0x00, 0x90,
  0x40, 0x64, 0x00, 0x90, 0x4c, 0x64, 0x00, 0x96, 0x4c, 0x6e, 0x00, 0x97,
  0x40, 0x64, 0x00, 0x99, 0x24, 0x6e, 0x00, 0x99, 0x30, 0x6e, 0x0a, 0x89,
  0x24, 0x40, 0x00, 0x89, 0x30, 0x40, 0x81, 0x02, 0x83, 0x37, 0x40, 0x00,
  0x87, 0x40, 0x40, 0x00, 0x83, 0x34, 0x40, 0x00, 0x86, 0x4c, 0x40, 0x0a,
  0x80, 0x40, 0x40, 0x00, 0x80, 0x4c, 0x40, 0x0a, 0x90, 0x3e, 0x64, 0x00,
  0x90, 0x4a, 0x64, 0x00, 0x99, 0x24, 0x5a, 0x00, 0x97, 0x3e, 0x64, 0x00,
  0x96, 0x4a, 0x6e, 0x00, 0x99, 0x2d, 0x6e, 0x0a, 0x89, 0x24, 0x40, 0x00,
  0x89, 0x2d, 0x40, 0x81, 0x02, 0x86, 0x4a, 0x40, 0x00, 0x87, 0x3e, 0x40,
  0x00, 0x80, 0x3e, 0x40, 0x00, 0x80, 0x4a, 0x40, 0x00, 0x81, 0x22, 0x40,
  0x14, 0x90, 0x3d, 0x64, 0x00, 0x90, 0x40, 0x64, 0x00, 0x90, 0x45, 0x64,
  0x00, 0x90, 0x49, 0x6e, 0x00, 0x91, 0x21, 0x64, 0x00, 0x94, 0x21, 0x6e,
  0x00, 0x93, 0x34, 0x6e, 0x00, 0x93, 0x39, 0x6e, 0x00, 0x96, 0x49, 0x6e,
  0x00, 0x97, 0x40, 0x64, 0x00, 0x97, 0x45, 0x64, 0x00, 0x99, 0x36, 0x64,
  0x00, 0x99, 0x26, 0x6e, 0x0a, 0x89, 0x36, 0x40, 0x00, 0x89, 0x26, 0x40,
  0x5a, 0x80, 0x40, 0x40, 0x00, 0x80, 0x49, 0x40, 0x00, 0x83, 0x39, 0x40,
  0x00, 0x80, 0x45, 0x40, 0x00, 0x80, 0x3d, 0x40, 0x00, 0x83, 0x34, 0x40,
  0x14, 0x87, 0x45, 0x40, 0x00, 0x87, 0x40, 0x40, 0x14, 0x81, 0x21, 0x40,
  0x00, 0x84, 0x21, 0x40, 0x00, 0x86, 0x49, 0x40, 0x82, 0x54, 0x90, 0x3e,
  0x6e, 0x00, 0x90, 0x40, 0x69, 0x00, 0x90, 0x45, 0x6e, 0x00, 0x90, 0x4a,
  0x73, 0x00, 0x91, 0x21, 0x64, 0x00, 0x93, 0x34, 0x69, 0x00, 0x93, 0x39,
  0x69, 0x00, 0x94, 0x21, 0x64, 0x00, 0x97, 0x40, 0x64, 0x00, 0x97, 0x45,
  0x64, 0x00, 0x96, 0x4a, 0x6e, 0x00, 0x99, 0x26, 0x6e, 0x00, 0x99, 0x36,
  0x64, 0x0a, 0x89, 0x26, 0x40, 0x00, 0x89, 0x36, 0x40, 0x81, 0x02, 0x84,
  0x21, 0x40, 0x00, 0x86, 0x4a, 0x40, 0x00, 0x81, 0x21, 0x40, 0x3c, 0x83,
  0x34, 0x40, 0x00, 0x83, 0x39, 0x40, 0x50, 0x80, 0x40, 0x40, 0x00, 0x80,
  0x3e, 0x40, 0x00, 0x80, 0x45, 0x40, 0x00, 0x80, 0x4a, 0x40, 0x14, 0x87,
  0x40, 0x40, 0x00, 0x87, 0x45, 0x40, 0x14, 0x90, 0x3d, 0x69, 0x00, 0x90,
  0x40, 0x64, 0x00, 0x90, 0x45, 0x69, 0x00, 0x90, 0x49, 0x6e, 0x00, 0x94,
  0x21, 0x64, 0x00, 0x93, 0x39, 0x69, 0x00, 0x93, 0x34, 0x69, 0x00, 0x96,
  0x49, 0x6e, 0x00, 0x97, 0x40, 0x64, 0x00, 0x97, 0x45, 0x64, 0x00, 0x99,
  0x24, 0x6e, 0x00, 0x99, 0x36, 0x64, 0x00, 0x99, 0x39, 0x6e, 0x00, 0x99,
  0x26, 0x5a, 0x0a, 0x89, 0x24, 0x40, 0x00, 0x89, 0x36, 0x40, 0x00, 0x89,
  0x39, 0x40, 0x00, 0x89, 0x26, 0x40, 0x00, 0x91, 0x21, 0x64, 0x81, 0x02,
  0x86, 0x49, 0x40, 0x82, 0x04, 0x80, 0x40, 0x40, 0x00, 0x80, 0x49, 0x40,
  0x00, 0x80, 0x3d, 0x40, 0x00, 0x80, 0x45, 0x40, 0x50, 0x90, 0x45, 0x73,
  0x00, 0x95, 0x39, 0x7d, 0x81, 0x20, 0x99, 0x26, 0x64, 0x0a, 0x89, 0x26,
  0x40, 0x81, 0x16, 0x99, 0x26, 0x50, 0x0a, 0x89, 0x26, 0x40, 0x1e, 0x85,
  0x39, 0x40, 0x50, 0x87, 0x40, 0x40, 0x00, 0x87, 0x45, 0x40, 0x14, 0x80,
  0x45, 0x40, 0x14, 0x95, 0x39, 0x78, 0x00, 0x99, 0x26, 0x5a, 0x0a, 0x89,
  0x26, 0x40, 0x00, 0x90, 0x45, 0x73, 0x5a, 0x85, 0x39, 0x40, 0x0a, 0x80,
  0x45, 0x40, 0x1e, 0x84, 0x21, 0x40, 0x0a, 0x81, 0x21, 0x40, 0x0a, 0x90,
  0x42, 0x73, 0x00, 0x90, 0x4e, 0x73, 0x00, 0x91, 0x26, 0x64, 0x00, 0x92,
  0x45, 0x69, 0x00, 0x92, 0x42, 0x69, 0x00, 0x94, 0x26, 0x6e, 0x00, 0x95,
  0x42, 0x7d, 0x00, 0x96, 0x5a, 0x73, 0x00, 0x99, 0x24, 0x6e, 0x00, 0x97,
  0x39, 0x64, 0x00, 0x99, 0x2c, 0x69, 0x00, 0x99, 0x3b, 0x78, 0x0a, 0x89,
  0x24, 0x40, 0x00, 0x89, 0x2c, 0x40, 0x00, 0x89, 0x3b, 0x40, 0x1e, 0x83,
  0x39, 0x40, 0x00, 0x83, 0x34, 0x40, 0x28, 0x82, 0x45, 0x40, 0x00, 0x82,
  0x42, 0x40, 0x3c, 0x87, 0x39, 0x40, 0x14, 0x84, 0x26, 0x40, 0x00, 0x97,
  0x3e, 0x64, 0x64, 0x81, 0x26, 0x40, 0x14, 0x85, 0x42, 0x40, 0x00, 0x86,
  0x5a, 0x40, 0x14, 0x80, 0x42, 0x40, 0x00, 0x80, 0x4e, 0x40, 0x00, 0x87,
  0x3e, 0x40, 0x14, 0x90, 0x42, 0x64, 0x00, 0x90, 0x4e, 0x64, 0x00, 0x97,
  0x42, 0x64, 0x00, 0x96, 0x5a, 0x69, 0x00, 0x95, 0x42, 0x6e, 0x0a, 0x91,
  0x26, 0x5a, 0x00, 0x99, 0x2c, 0x55, 0x0a, 0x89, 0x2c, 0x40, 0x50, 0x85,
  0x42, 0x40, 0x00, 0x86, 0x5a, 0x40, 0x0a, 0x81, 0x26, 0x40, 0x0a, 0x80,
  0x4e, 0x40, 0x00, 0x80, 0x42, 0x40, 0x14, 0x87, 0x42, 0x40, 0x14, 0x90,
  0x3e, 0x73, 0x00, 0x90, 0x4a, 0x73, 0x00, 0x91, 0x2a, 0x64, 0x00, 0x92,
  0x45, 0x69, 0x00, 0x92, 0x42, 0x69, 0x00, 0x94, 0x2a, 0x6e, 0x00, 0x93,
  0x39, 0x78, 0x00, 0x93, 0x32, 0x78, 0x00, 0x95, 0x3e, 0x7d, 0x00, 0x96,
  0x56, 0x73, 0x00, 0x97, 0x39, 0x64, 0x00, 0x99, 0x2c, 0x69, 0x00, 0x99,
  0x26, 0x6e, 0x00, 0x99, 0x3b, 0x78, 0x00, 0x99, 0x36, 0x64, 0x0a, 0x89,
  0x2c, 0x40, 0x00, 0x89, 0x36, 0x40, 0x00, 0x89, 0x26, 0x40, 0x00, 0x89,
  0x3b, 0x40, 0x46, 0x82, 0x42, 0x40, 0x00, 0x82, 0x45, 0x40, 0x14, 0x83,
  0x32, 0x40, 0x00, 0x83, 0x39, 0x40, 0x28, 0x87, 0x39, 0x40, 0x14, 0x84,
  0x2a, 0x40, 0x00, 0x97, 0x3e, 0x64, 0x32, 0x85, 0x3e, 0x40, 0x32, 0x81,
  0x2a, 0x40, 0x14, 0x86, 0x56, 0x40, 0x14, 0x80, 0x4a, 0x40, 0x00, 0x87,
  0x3e, 0x40, 0x00, 0x80, 0x3e, 0x40, 0x14, 0x90, 0x3e, 0x64, 0x00, 0x90,
  0x4a, 0x64, 0x00, 0x97, 0x42, 0x64, 0x00, 0x96, 0x56, 0x69, 0x00, 0x95,
  0x3e, 0x5f, 0x0a, 0x91, 0x2a, 0x5a, 0x00, 0x99, 0x2c, 0x55, 0x0a, 0x89,
  0x2c, 0x40, 0x50, 0x85, 0x3e, 0x40, 0x00, 0x86, 0x56, 0x40, 0x0a, 0x81,
  0x2a, 0x40, 0x0a, 0x80, 0x4a, 0x40, 0x00, 0x80, 0x3e, 0x40, 0x14, 0x87,
  0x42, 0x40, 0x14, 0x90, 0x42, 0x6e, 0x00, 0x90, 0x4e, 0x6e, 0x00, 0x91,
  0x2d, 0x64, 0x00, 0x92, 0x45, 0x69, 0x00, 0x92, 0x42, 0x69, 0x00, 0x94,
  0x2d, 0x6e, 0x00, 0x95, 0x42, 0x78, 0x00, 0x96, 0x5a, 0x73, 0x00, 0x97,
  0x45, 0x64, 0x00, 0x99, 0x24, 0x6e, 0x00, 0x99, 0x2c, 0x69, 0x00, 0x99,
  0x3b, 0x78, 0x0a, 0x89, 0x24, 0x40, 0x00, 0x89, 0x2c, 0x40, 0x00, 0x89,
  0x3b, 0x40, 0x81, 0x16, 0x84, 0x2d, 0x40, 0x64, 0x81, 0x2d, 0x40, 0x14,
  0x86, 0x5a, 0x40, 0x00, 0x85, 0x42, 0x40, 0x14, 0x80, 0x4e, 0x40, 0x00,
  0x80, 0x42, 0x40, 0x14, 0x90, 0x3e, 0x6e, 0x00, 0x90, 0x4a, 0x6e, 0x00,
  0x96, 0x56, 0x73, 0x00, 0x95, 0x3e, 0x78, 0x0a, 0x91, 0x2d, 0x5a, 0x00,
  0x99, 0x2c, 0x55, 0x0a, 0x89, 0x2c, 0x40, 0x5a, 0x81, 0x2d, 0x40, 0x1e,
  0x82, 0x45, 0x40, 0x00, 0x85, 0x3e, 0x40, 0x00, 0x86, 0x56, 0x40, 0x00,
  0x82, 0x42, 0x40, 0x14, 0x91, 0x2f, 0x64, 0x00, 0x94, 0x2f, 0x6e, 0x00,
  0x93, 0x39, 0x78, 0x00, 0x93, 0x32, 0x78, 0x00, 0x99, 0x2c, 0x69, 0x00,
  0x99, 0x26, 0x6e, 0x00, 0x99, 0x3b, 0x78, 0x00, 0x99, 0x36, 0x64, 0x0a,
  0x89, 0x2c, 0x40, 0x00, 0x89, 0x36, 0x40, 0x00, 0x89, 0x26, 0x40, 0x00,
  0x89, 0x3b, 0x40, 0x5a, 0x83, 0x39, 0x40, 0x00, 0x83, 0x32, 0x40, 0x14,
  0x80, 0x4a, 0x40, 0x00, 0x80, 0x3e, 0x40, 0x28, 0x84, 0x2f, 0x40, 0x64,
  0x81, 0x2f, 0x40, 0x28, 0x87, 0x45, 0x40, 0x14, 0x90, 0x43, 0x73, 0x00,
  0x90, 0x4f, 0x73, 0x00, 0x92, 0x45, 0x69, 0x00, 0x92, 0x42, 0x69, 0x00,
  0x95, 0x43, 0x7d, 0x00, 0x96, 0x5b, 0x73, 0x0a, 0x91, 0x2f, 0x5a, 0x00,
  0x99, 0x2c, 0x55, 0x0a, 0x89, 0x2c, 0x40, 0x3c, 0x82, 0x45, 0x40, 0x00,
  0x82, 0x42, 0x40, 0x1e, 0x81, 0x2f, 0x40, 0x32, 0x91, 0x30, 0x64, 0x00,
  0x94, 0x30, 0x6e, 0x00, 0x99, 0x24, 0x6e, 0x00, 0x97, 0x39, 0x64, 0x00,
  0x99, 0x2c, 0x69, 0x00, 0x99, 0x3b, 0x78, 0x0a, 0x89, 0x24, 0x40, 0x00,
  0x89, 0x2c, 0x40, 0x00, 0x89, 0x3b, 0x40, 0x81, 0x02, 0x87, 0x39, 0x40,
  0x14, 0x84, 0x30, 0x40, 0x00, 0x97, 0x3e, 0x64, 0x50, 0x86, 0x5b, 0x40,
  0x00, 0x80, 0x4f, 0x40, 0x00, 0x80, 0x43, 0x40, 0x00, 0x85, 0x43, 0x40,
  0x14, 0x81, 0x30, 0x40, 0x28, 0x87, 0x3e, 0x40, 0x14, 0x90, 0x43, 0x69,
  0x00, 0x90, 0x4f, 0x69, 0x00, 0x92, 0x45, 0x69, 0x00, 0x92, 0x42, 0x69,
  0x00, 0x97, 0x42, 0x64, 0x00, 0x96, 0x5b, 0x6e, 0x00, 0x95, 0x43, 0x73,
  0x0a, 0x91, 0x30, 0x5a, 0x00, 0x99, 0x2c, 0x55, 0x0a, 0x89, 0x2c, 0x40,
  0x3c, 0x82, 0x45, 0x40, 0x00, 0x82, 0x42, 0x40, 0x14, 0x85, 0x43, 0x40,
  0x00, 0x86, 0x5b, 0x40, 0x0a, 0x81, 0x30, 0x40, 0x0a, 0x80, 0x4f, 0x40,
  0x00, 0x80, 0x43, 0x40, 0x14, 0x87, 0x42, 0x40, 0x14, 0x90, 0x42, 0x73,
  0x00, 0x90, 0x4e, 0x73, 0x00, 0x91, 0x2f, 0x64, 0x00, 0x94, 0x2f, 0x6e,
  0x00, 0x93, 0x39, 0x78, 0x00, 0x93, 0x32, 0x78, 0x00, 0x95, 0x42, 0x7d,
  0x00, 0x96, 0x5a, 0x73, 0x00, 0x97, 0x39, 0x64, 0x00, 0x99, 0x2c, 0x69,
  0x00, 0x99, 0x26, 0x6e, 0x00, 0x99, 0x3b, 0x78, 0x00, 0x99, 0x36, 0x64,
  0x0a, 0x89, 0x2c, 0x40, 0x00, 0x89, 0x26, 0x40, 0x00, 0x89, 0x3b, 0x40,
  0x00, 0x89, 0x36, 0x40, 0x5a, 0x83, 0x32, 0x40, 0x00, 0x83, 0x39, 0x40,
  0x28, 0x87, 0x39, 0x40, 0x14, 0x84, 0x2f, 0x40, 0x00, 0x97, 0x3e, 0x64,
  0x64, 0x81, 0x2f, 0x40, 0x14, 0x86, 0x5a, 0x40, 0x00, 0x85, 0x42, 0x40,
  0x14, 0x80, 0x42, 0x40, 0x00, 0x80, 0x4e, 0x40, 0x00, 0x87, 0x3e, 0x40,
  0x14, 0x90, 0x3e, 0x73, 0x00, 0x90, 0x4a, 0x73, 0x00, 0x92, 0x45, 0x69,
  0x00, 0x92, 0x42, 0x69, 0x00, 0x97, 0x42, 0x64, 0x00, 0x96, 0x56, 0x73,
  0x00, 0x95, 0x3e, 0x7d, 0x0a, 0x91, 0x2f, 0x5a, 0x00, 0x99, 0x2c, 0x55,
  0x0a, 0x89, 0x2c, 0x40, 0x3c, 0x82, 0x45, 0x40, 0x00, 0x82, 0x42, 0x40,
  0x1e, 0x81, 0x2f, 0x40, 0x1e, 0x87, 0x42, 0x40, 0x14, 0x91, 0x2d, 0x64,
  0x00, 0x92, 0x45, 0x69, 0x00, 0x92, 0x42, 0x69, 0x00, 0x94, 0x2d, 0x6e,
  0x00, 0x97, 0x45, 0x64, 0x00, 0x99, 0x24, 0x6e, 0x00, 0x99, 0x2c, 0x69,
  0x00, 0x99, 0x3b, 0x78, 0x0a, 0x89, 0x24, 0x40, 0x00, 0x89, 0x2c, 0x40,
  0x00, 0x89, 0x3b, 0x40, 0x81, 0x02, 0x85, 0x3e, 0x40, 0x00, 0x86, 0x56,
  0x40, 0x14, 0x84, 0x2d, 0x40, 0x14, 0x80, 0x4a, 0x40, 0x00, 0x80, 0x3e,
  0x40, 0x50, 0x81, 0x2d, 0x40, 0x3c, 0x90, 0x3d, 0x73, 0x00, 0x90, 0x49,
  0x73, 0x00, 0x95, 0x3d, 0x7d, 0x00, 0x96, 0x55, 0x73, 0x0a, 0x91, 0x2d,
  0x5a, 0x00, 0x99, 0x2c, 0x55, 0x0a, 0x89, 0x2c, 0x40, 0x5a, 0x81, 0x2d,
  0x40, 0x32, 0x91, 0x2a, 0x64, 0x00, 0x94, 0x2a, 0x6e, 0x00, 0x93, 0x39,
  0x78, 0x00, 0x93, 0x32, 0x78, 0x00, 0x99, 0x2c, 0x69, 0x00, 0x99, 0x26,
  0x6e, 0x00, 0x99, 0x3b, 0x78, 0x00, 0x99, 0x36, 0x64, 0x0a, 0x89, 0x2c,
  0x40, 0x00, 0x89, 0x36, 0x40, 0x00, 0x89, 0x26, 0x40, 0x00, 0x89, 0x3b,
  0x40, 0x5a, 0x83, 0x32, 0x40, 0x00, 0x83, 0x39, 0x40, 0x14, 0x82, 0x42,
  0x40, 0x00, 0x82, 0x45, 0x40, 0x28, 0x84, 0x2a, 0x40, 0x64, 0x81, 0x2a,
  0x40, 0x28, 0x87, 0x45, 0x40, 0x1e, 0x91, 0x2a, 0x5a, 0x00, 0x99, 0x2c,
  0x55, 0x0a, 0x89, 0x2c, 0x40, 0x5a, 0x81, 0x2a, 0x40, 0x1e, 0x86, 0x55,
  0x40, 0x00, 0x80, 0x3d, 0x40, 0x00, 0x85, 0x3d, 0x40, 0x00, 0x80, 0x49,
  0x40, 0x14, 0x90, 0x3e, 0x6e, 0x00, 0x90, 0x4a, 0x6e, 0x00, 0x91, 0x1f,
  0x64, 0x00, 0x92, 0x43, 0x69, 0x00, 0x92, 0x3e, 0x69, 0x00, 0x94, 0x1f,
  0x6e, 0x00, 0x96, 0x56, 0x73, 0x00, 0x95, 0x3e, 0x78, 0x00, 0x99, 0x24,
  0x6e, 0x00, 0x97, 0x3b, 0x64, 0x00, 0x99, 0x2c, 0x69, 0x00, 0x99, 0x3b,
  0x78, 0x0a, 0x89, 0x24, 0x40, 0x00, 0x89, 0x2c, 0x40, 0x00, 0x89, 0x3b,
  0x40, 0x46, 0x82, 0x3e, 0x40, 0x00, 0x82, 0x43, 0x40, 0x3c, 0x87, 0x3b,
  0x40, 0x14, 0x84, 0x1f, 0x40, 0x00, 0x97, 0x3e, 0x64, 0x64, 0x81, 0x1f,
  0x40, 0x14, 0x85, 0x3e, 0x40, 0x00, 0x86, 0x56, 0x40, 0x14, 0x80, 0x4a,
  0x40, 0x00, 0x80, 0x3e, 0x40, 0x00, 0x87, 0x3e, 0x40, 0x14, 0x90, 0x3e,
  0x64, 0x00, 0x90, 0x4a, 0x64, 0x00, 0x97, 0x43, 0x64, 0x00, 0x95, 0x3e,
  0x6e, 0x00, 0x96, 0x56, 0x69, 0x0a, 0x91, 0x1f, 0x5a, 0x00, 0x99, 0x2c,
  0x55, 0x0a, 0x89, 0x2c, 0x40, 0x50, 0x86, 0x56, 0x40, 0x00, 0x85, 0x3e,
  0x40, 0x0a, 0x81, 0x1f, 0x40, 0x0a, 0x80, 0x4a, 0x40, 0x00, 0x80, 0x3e,
  0x40, 0x14, 0x87, 0x43, 0x40, 0x14, 0x90, 0x3e, 0x73, 0x00, 0x90, 0x4a,
  0x73, 0x00, 0x91, 0x23, 0x64, 0x00, 0x92, 0x43, 0x69, 0x00, 0x92, 0x3e,
  0x69, 0x00, 0x94, 0x23, 0x6e, 0x00, 0x93, 0x3b, 0x78, 0x00, 0x93, 0x37,
  0x78, 0x00, 0x96, 0x56, 0x78, 0x00, 0x95, 0x3e, 0x7d, 0x00, 0x97, 0x3b,
  0x64, 0x00, 0x99, 0x2c, 0x69, 0x00, 0x99, 0x26, 0x6e, 0x00, 0x99, 0x3b,
  0x78, 0x00, 0x99, 0x36, 0x64, 0x0a, 0x89, 0x2c, 0x40, 0x00, 0x89, 0x36,
  0x40, 0x00, 0x89, 0x26, 0x40, 0x00, 0x89, 0x3b, 0x40, 0x46, 0x82, 0x3e,
  0x40, 0x00, 0x82, 0x43, 0x40, 0x14, 0x83, 0x37, 0x40, 0x00, 0x83, 0x3b,
  0x40, 0x28, 0x87, 0x3b, 0x40, 0x14, 0x84, 0x23, 0x40, 0x00, 0x97, 0x3e,
  0x64, 0x64, 0x81, 0x23, 0x40, 0x14, 0x86, 0x56, 0x40, 0x00, 0x85, 0x3e,
  0x40, 0x14, 0x80, 0x4a, 0x40, 0x00, 0x80, 0x3e, 0x40, 0x00, 0x87, 0x3e,
  0x40, 0x14, 0x90, 0x3e, 0x64, 0x00, 0x90, 0x4a, 0x64, 0x00, 0x97, 0x40,
  0x64, 0x00, 0x95, 0x3e, 0x6e, 0x00, 0x96, 0x56, 0x69, 0x0a, 0x91, 0x23,
  0x5a, 0x00, 0x99, 0x2c, 0x55, 0x0a, 0x89, 0x2c, 0x40, 0x50, 0x86, 0x56,
  0x40, 0x00, 0x85, 0x3e, 0x40, 0x0a, 0x81, 0x23, 0x40, 0x0a, 0x80, 0x4a,
  0x40, 0x00, 0x80, 0x3e, 0x40, 0x14, 0x87, 0x40, 0x40, 0x14, 0x90, 0x3e,
  0x6e, 0x00, 0x90, 0x4a, 0x6e, 0x00, 0x91, 0x26, 0x64, 0x00, 0x92, 0x3e,
  0x69, 0x00, 0x92, 0x43, 0x69, 0x00, 0x94, 0x26, 0x6e, 0x00, 0x96, 0x56,
  0x73, 0x00, 0x95, 0x3e, 0x78, 0x00, 0x97, 0x43, 0x64, 0x00, 0x99, 0x24,
  0x6e, 0x00, 0x99, 0x2c, 0x69, 0x00, 0x99, 0x3b, 0x78, 0x0a, 0x89, 0x24,
  0x40, 0x00, 0x89, 0x2c, 0x40, 0x00, 0x89, 0x3b, 0x40, 0x81, 0x16, 0x84,
  0x26, 0x40, 0x64, 0x81, 0x26, 0x40, 0x14, 0x85, 0x3e, 0x40, 0x00, 0x86,
  0x56, 0x40, 0x14, 0x80, 0x4a, 0x40, 0x00, 0x80, 0x3e, 0x40, 0x14, 0x90,
  0x3d, 0x6e, 0x00, 0x90, 0x49, 0x6e, 0x00, 0x95, 0x3d, 0x78, 0x00, 0x96,
  0x55, 0x73, 0x0a, 0x91, 0x26, 0x5a, 0x00, 0x99, 0x2c, 0x55, 0x0a, 0x89,
  0x2c, 0x40, 0x50, 0x85, 0x3d, 0x40, 0x00, 0x86, 0x55, 0x40, 0x0a, 0x81,
  0x26, 0x40, 0x1e, 0x82, 0x3e, 0x40, 0x00, 0x82, 0x43, 0x40, 0x14, 0x91,
  0x28, 0x64, 0x00, 0x94, 0x28, 0x6e, 0x00, 0x93, 0x3b, 0x78, 0x00, 0x93,
  0x37, 0x78, 0x00, 0x99, 0x2c, 0x69, 0x00, 0x99, 0x26, 0x6e, 0x00, 0x99,
  0x3b, 0x78, 0x00, 0x99, 0x36, 0x64, 0x0a, 0x89, 0x2c, 0x40, 0x00, 0x89,
  0x36, 0x40, 0x00, 0x89, 0x26, 0x40, 0x00, 0x89, 0x3b, 0x40, 0x5a, 0x83,
  0x3b, 0x40, 0x00, 0x83, 0x37, 0x40, 0x14, 0x80, 0x49, 0x40, 0x00, 0x80,
  0x3d, 0x40, 0x28, 0x84, 0x28, 0x40, 0x64, 0x81, 0x28, 0x40, 0x28, 0x87,
  0x43, 0x40, 0x14, 0x90, 0x3b, 0x69, 0x00, 0x90, 0x47, 0x69, 0x00, 0x92,
  0x3e, 0x69, 0x00, 0x92, 0x43, 0x69, 0x00, 0x96, 0x53, 0x6e, 0x00, 0x95,
  0x3b, 0x73, 0x0a, 0x91, 0x28, 0x5a, 0x00, 0x99, 0x2c, 0x55, 0x0a, 0x89,
  0x2c, 0x40, 0x3c, 0x82, 0x3e, 0x40, 0x00, 0x82, 0x43, 0x40, 0x1e, 0x81,
  0x28, 0x40, 0x32, 0x91, 0x2b, 0x64, 0x00, 0x94, 0x2b, 0x6e, 0x00, 0x99,
  0x24, 0x6e, 0x00, 0x97, 0x3b, 0x64, 0x00, 0x99, 0x2c, 0x69, 0x00, 0x99,
  0x3b, 0x78, 0x0a, 0x89, 0x24, 0x40, 0x00, 0x89, 0x2c, 0x40, 0x00, 0x89,
  0x3b, 0x40, 0x81, 0x02, 0x87, 0x3b, 0x40, 0x14, 0x84, 0x2b, 0x40, 0x00,
  0x97, 0x3e, 0x64, 0x64, 0x81, 0x2b, 0x40, 0x28, 0x87, 0x3e, 0x40, 0x14,
  0x92, 0x43, 0x69, 0x00, 0x92, 0x3e, 0x69, 0x00, 0x97, 0x43, 0x64, 0x0a,
  0x91, 0x2b, 0x5a, 0x00, 0x99, 0x2c, 0x55, 0x0a, 0x89, 0x2c, 0x40, 0x3c,
  0x82, 0x43, 0x40, 0x00, 0x82, 0x3e, 0x40, 0x1e, 0x81, 0x2b, 0x40, 0x1e,
  0x87, 0x43, 0x40, 0x14, 0x91, 0x28, 0x64, 0x00, 0x94, 0x28, 0x6e, 0x00,
  0x93, 0x3b, 0x78, 0x00, 0x93, 0x37, 0x78, 0x00, 0x97, 0x3b, 0x64, 0x00,
  0x99, 0x2c, 0x69, 0x00, 0x99, 0x26, 0x6e, 0x00, 0x99, 0x3b, 0x78, 0x00,
  0x99, 0x36, 0x64, 0x0a, 0x89, 0x2c, 0x40, 0x00, 0x89, 0x26, 0x40, 0x00,
  0x89, 0x3b, 0x40, 0x00, 0x89, 0x36, 0x40, 0x5a, 0x83, 0x3b, 0x40, 0x00,
  0x83, 0x37, 0x40, 0x28, 0x87, 0x3b, 0x40, 0x14, 0x84, 0x28, 0x40, 0x00,
  0x97, 0x3e, 0x64, 0x3c, 0x85, 0x3b, 0x40, 0x00, 0x80, 0x3b, 0x40, 0x00,
  0x86, 0x53, 0x40, 0x00, 0x80, 0x47, 0x40, 0x28, 0x81, 0x28, 0x40, 0x28,
  0x87, 0x3e, 0x40, 0x14, 0x90, 0x37, 0x6e, 0x00, 0x90, 0x43, 0x6e, 0x00,
  0x92, 0x43, 0x69, 0x00, 0x92, 0x3e, 0x69, 0x00, 0x97, 0x40, 0x64, 0x00,
  0x95, 0x37, 0x78, 0x00, 0x96, 0x4f, 0x73, 0x0a, 0x91, 0x28, 0x5a, 0x00,
  0x99, 0x2c, 0x55, 0x0a, 0x89, 0x2c, 0x40, 0x3c, 0x82, 0x43, 0x40, 0x00,
  0x82, 0x3e, 0x40, 0x1e, 0x81, 0x28, 0x40, 0x1e, 0x87, 0x40, 0x40, 0x14,
  0x91, 0x26, 0x64, 0x00, 0x92, 0x43, 0x69, 0x00, 0x92, 0x3e, 0x69, 0x00,
  0x94, 0x26, 0x6e, 0x00, 0x97, 0x43, 0x64, 0x00, 0x99, 0x24, 0x6e, 0x00,
  0x99, 0x2c, 0x69, 0x00, 0x99, 0x3b, 0x78, 0x0a, 0x89, 0x24, 0x40, 0x00,
  0x89, 0x2c, 0x40, 0x00, 0x89, 0x3b, 0x40, 0x81, 0x16, 0x84, 0x26, 0x40,
  0x50, 0x80, 0x43, 0x40, 0x00, 0x80, 0x37, 0x40, 0x14, 0x81, 0x26, 0x40,
  0x28, 0x85, 0x37, 0x40, 0x00, 0x86, 0x4f, 0x40, 0x14, 0x90, 0x3b, 0x6e,
  0x00, 0x90, 0x47, 0x6e, 0x00, 0x96, 0x53, 0x73, 0x00, 0x95, 0x3b, 0x78,
  0x0a, 0x91, 0x26, 0x5a, 0x00, 0x99, 0x2c, 0x55, 0x0a, 0x89, 0x2c, 0x40,
  0x5a, 0x86, 0x53, 0x40, 0x00, 0x81, 0x26, 0x40, 0x00, 0x85, 0x3b, 0x40,
  0x0a, 0x80, 0x47, 0x40, 0x00, 0x80, 0x3b, 0x40, 0x28, 0x90, 0x3d, 0x73,
  0x00, 0x90, 0x49, 0x73, 0x00, 0x91, 0x23, 0x64, 0x00, 0x94, 0x23, 0x6e,
  0x00, 0x93, 0x3b, 0x78, 0x00, 0x93, 0x37, 0x78, 0x00, 0x95, 0x3d, 0x7d,
  0x00, 0x96, 0x55, 0x73, 0x00, 0x99, 0x2c, 0x69, 0x00, 0x99, 0x26, 0x6e,
  0x00, 0x99, 0x36, 0x64, 0x0a, 0x89, 0x2c, 0x40, 0x00, 0x89, 0x26, 0x40,
  0x00, 0x89, 0x36, 0x40, 0x5a, 0x83, 0x37, 0x40, 0x00, 0x83, 0x3b, 0x40,
  0x14, 0x82, 0x43, 0x40, 0x00, 0x82, 0x3e, 0x40, 0x28, 0x84, 0x23, 0x40,
  0x00, 0x99, 0x36, 0x50, 0x00, 0x99, 0x26, 0x50, 0x0a, 0x89, 0x36, 0x40,
  0x00, 0x89, 0x26, 0x40, 0x5a, 0x81, 0x23, 0x40, 0x28, 0x86, 0x55, 0x40,
  0x00, 0x80, 0x49, 0x40, 0x00, 0x87, 0x43, 0x40, 0x00, 0x80, 0x3d, 0x40,
  0x00, 0x85, 0x3d, 0x40, 0x14, 0x90, 0x3e, 0x73, 0x00, 0x90, 0x4a, 0x73,
  0x00, 0x96, 0x56, 0x73, 0x00, 0x95, 0x3e, 0x7d, 0x00, 0x99, 0x26, 0x64,
  0x00, 0x99, 0x36, 0x46, 0x0a, 0x89, 0x26, 0x40, 0x00, 0x89, 0x36, 0x40,
  0x00, 0x91, 0x23, 0x5a, 0x00, 0x99, 0x2c, 0x55, 0x0a, 0x89, 0x2c, 0x40,
  0x5a, 0x86, 0x56, 0x40, 0x00, 0x81, 0x23, 0x40, 0x00, 0x85, 0x3e, 0x40,
  0x0a, 0x80, 0x4a, 0x40, 0x00, 0x80, 0x3e, 0x40, 0x28, 0x90, 0x4e, 0x6e,
  0x00, 0x90, 0x42, 0x6e, 0x00, 0x91, 0x21, 0x64, 0x00, 0x92, 0x45, 0x69,
  0x00, 0x92, 0x40, 0x69, 0x00, 0x94, 0x21, 0x6e, 0x00, 0x95, 0x42, 0x7d,
  0x00, 0x96, 0x5a, 0x6e, 0x00, 0x99, 0x24, 0x6e, 0x00, 0x97, 0x39, 0x64,
  0x00, 0x99, 0x2c, 0x69, 0x00, 0x99, 0x3b, 0x78, 0x0a, 0x89, 0x24, 0x40,
  0x00, 0x89, 0x2c, 0x40, 0x00, 0x89, 0x3b, 0x40, 0x46, 0x82, 0x40, 0x40,
  0x00, 0x82, 0x45, 0x40, 0x3c, 0x87, 0x39, 0x40, 0x14, 0x84, 0x21, 0x40,
  0x00, 0x97, 0x3d, 0x64, 0x64, 0x81, 0x21, 0x40, 0x28, 0x87, 0x3d, 0x40,
  0x00, 0x80, 0x42, 0x40, 0x00, 0x80, 0x4e, 0x40, 0x00, 0x85, 0x42, 0x40,
  0x00, 0x86, 0x5a, 0x40, 0x14, 0x90, 0x42, 0x5a, 0x00, 0x90, 0x4e, 0x5a,
  0x00, 0x97, 0x40, 0x64, 0x00, 0x96, 0x5a, 0x5a, 0x00, 0x95, 0x42, 0x5f,
  0x0a, 0x91, 0x21, 0x5a, 0x00, 0x99, 0x2c, 0x55, 0x0a, 0x89, 0x2c, 0x40,
  0x5a, 0x81, 0x21, 0x40, 0x0a, 0x80, 0x4e, 0x40, 0x00, 0x85, 0x42, 0x40,
  0x00, 0x86, 0x5a, 0x40, 0x00, 0x80, 0x42, 0x40, 0x14, 0x87, 0x40, 0x40,
  0x14, 0x90, 0x40, 0x6e, 0x00, 0x90, 0x4c, 0x6e, 0x00, 0x91, 0x25, 0x64,
  0x00, 0x92, 0x45, 0x69, 0x00, 0x92, 0x40, 0x69, 0x00, 0x94, 0x25, 0x6e,
  0x00, 0x93, 0x39, 0x78, 0x00, 0x93, 0x34, 0x78, 0x00, 0x95, 0x40, 0x78,
  0x00, 0x96, 0x58, 0x6e, 0x00, 0x97, 0x39, 0x64, 0x00, 0x99, 0x2c, 0x69,
  0x00, 0x99, 0x26, 0x6e, 0x00, 0x99, 0x3b, 0x78, 0x00, 0x99, 0x36, 0x64,
  0x0a, 0x89, 0x2c, 0x40, 0x00, 0x89, 0x36, 0x40, 0x00, 0x89, 0x26, 0x40,
  0x00, 0x89, 0x3b, 0x40, 0x46, 0x82, 0x40, 0x40, 0x00, 0x82, 0x45, 0x40,
  0x14, 0x83, 0x34, 0x40, 0x00, 0x83, 0x39, 0x40, 0x28, 0x87, 0x39, 0x40,
  0x14, 0x84, 0x25, 0x40, 0x00, 0x97, 0x3d, 0x64, 0x64, 0x81, 0x25, 0x40,
  0x28, 0x87, 0x3d, 0x40, 0x00, 0x86, 0x58, 0x40, 0x00, 0x80, 0x40, 0x40,
  0x00, 0x85, 0x40, 0x40, 0x00, 0x80, 0x4c, 0x40, 0x14, 0x90, 0x40, 0x5a,
  0x00, 0x90, 0x4c, 0x5a, 0x00, 0x97, 0x40, 0x64, 0x00, 0x96, 0x58, 0x5a,
  0x00, 0x95, 0x40, 0x5f, 0x0a, 0x91, 0x25, 0x5a, 0x00, 0x99, 0x2c, 0x55,
  0x0a, 0x89, 0x2c, 0x40, 0x50, 0x80, 0x4c, 0x40, 0x00, 0x86, 0x58, 0x40,
  0x00, 0x85, 0x40, 0x40, 0x00, 0x80, 0x40, 0x40, 0x0a, 0x81, 0x25, 0x40,
  0x1e, 0x87, 0x40, 0x40, 0x14, 0x90, 0x3e, 0x73, 0x00, 0x90, 0x4a, 0x73,
  0x00, 0x91, 0x28, 0x64, 0x00, 0x92, 0x45, 0x69, 0x00, 0x92, 0x40, 0x69,
  0x00, 0x94, 0x28, 0x6e, 0x00, 0x95, 0x3e, 0x78, 0x00, 0x96, 0x56, 0x73,
  0x00, 0x97, 0x43, 0x64, 0x00, 0x99, 0x24, 0x6e, 0x00, 0x99, 0x2c, 0x69,
  0x00, 0x99, 0x3b, 0x78, 0x0a, 0x89, 0x24, 0x40, 0x00, 0x89, 0x2c, 0x40,
  0x00, 0x89, 0x3b, 0x40, 0x81, 0x16, 0x84, 0x28, 0x40, 0x64, 0x81, 0x28,
  0x40, 0x14, 0x86, 0x56, 0x40, 0x00, 0x85, 0x3e, 0x40, 0x00, 0x80, 0x3e,
  0x40, 0x00, 0x80, 0x4a, 0x40, 0x28, 0x90, 0x3b, 0x6e, 0x00, 0x90, 0x47,
  0x6e, 0x00, 0x96, 0x53, 0x6e, 0x00, 0x95, 0x3b, 0x73, 0x0a, 0x91, 0x28,
  0x5a, 0x00, 0x99, 0x2c, 0x55, 0x0a, 0x89, 0x2c, 0x40, 0x5a, 0x81, 0x28,
  0x40, 0x0a, 0x80, 0x47, 0x40, 0x00, 0x85, 0x3b, 0x40, 0x00, 0x80, 0x3b,
  0x40, 0x00, 0x86, 0x53, 0x40, 0x14, 0x82, 0x45, 0x40, 0x00, 0x82, 0x40,
  0x40, 0x14, 0x91, 0x2a, 0x64, 0x00, 0x94, 0x2a, 0x6e, 0x00, 0x93, 0x39,
  0x78, 0x00, 0x93, 0x34, 0x78, 0x00, 0x99, 0x2c, 0x69, 0x00, 0x99, 0x26,
  0x6e, 0x00, 0x99, 0x3b, 0x78, 0x00, 0x99, 0x36, 0x64, 0x0a, 0x89, 0x2c,
  0x40, 0x00, 0x89, 0x3b, 0x40, 0x00, 0x89, 0x36, 0x40, 0x00, 0x89, 0x26,
  0x40, 0x5a, 0x83, 0x34, 0x40, 0x00, 0x83, 0x39, 0x40, 0x3c, 0x84, 0x2a,
  0x40, 0x64, 0x81, 0x2a, 0x40, 0x28, 0x87, 0x43, 0x40, 0x14, 0x90, 0x42,
  0x73, 0x00, 0x90, 0x4e, 0x73, 0x00, 0x92, 0x45, 0x69, 0x00, 0x92, 0x40,
  0x69, 0x00, 0x95, 0x42, 0x78, 0x00, 0x96, 0x5a, 0x73, 0x0a, 0x91, 0x2a,
  0x5a, 0x00, 0x99, 0x2c, 0x55, 0x0a, 0x89, 0x2c, 0x40, 0x3c, 0x82, 0x45,
  0x40, 0x00, 0x82, 0x40, 0x40, 0x1e, 0x81, 0x2a, 0x40, 0x32, 0x91, 0x2b,
  0x64, 0x00, 0x94, 0x2b, 0x6e, 0x00, 0x99, 0x24, 0x6e, 0x00, 0x97, 0x39,
  0x64, 0x00, 0x99, 0x2c, 0x69, 0x00, 0x99, 0x3b, 0x78, 0x0a, 0x89, 0x24,
  0x40, 0x00, 0x89, 0x2c, 0x40, 0x00, 0x89, 0x3b, 0x40, 0x81, 0x02, 0x87,
  0x39, 0x40, 0x14, 0x84, 0x2b, 0x40, 0x00, 0x97, 0x3d, 0x64, 0x50, 0x86,
  0x5a, 0x40, 0x00, 0x80, 0x4e, 0x40, 0x00, 0x80, 0x42, 0x40, 0x00, 0x85,
  0x42, 0x40, 0x14, 0x81, 0x2b, 0x40, 0x28, 0x87, 0x3d, 0x40, 0x14, 0x90,
  0x42, 0x5a, 0x00, 0x90, 0x4e, 0x5a, 0x00, 0x92, 0x45, 0x69, 0x00, 0x92,
  0x40, 0x69, 0x00, 0x97, 0x40, 0x64, 0x00, 0x96, 0x5a, 0x5a, 0x00, 0x95,
  0x42, 0x5f, 0x0a, 0x91, 0x2b, 0x5a, 0x00, 0x99, 0x2c, 0x55, 0x0a, 0x89,
  0x2c, 0x40, 0x3c, 0x82, 0x45, 0x40, 0x00, 0x82, 0x40, 0x40, 0x14, 0x85,
  0x42, 0x40, 0x00, 0x86, 0x5a, 0x40, 0x00, 0x80, 0x4e, 0x40, 0x00, 0x80,
  0x42, 0x40, 0x0a, 0x81, 0x2b, 0x40, 0x1e, 0x87, 0x40, 0x40, 0x14, 0x90,
  0x40, 0x6e, 0x00, 0x90, 0x4c, 0x6e, 0x00, 0x91, 0x2a, 0x64, 0x00, 0x94,
  0x2a, 0x6e, 0x00, 0x93, 0x39, 0x78, 0x00, 0x93, 0x34, 0x78, 0x00, 0x95,
  0x40, 0x7d, 0x00, 0x96, 0x58, 0x6e, 0x00, 0x97, 0x39, 0x64, 0x00, 0x99,
  0x2c, 0x69, 0x00, 0x99, 0x26, 0x6e, 0x00, 0x99, 0x3b, 0x78, 0x00, 0x99,
  0x36, 0x64, 0x0a, 0x89, 0x2c, 0x40, 0x00, 0x89, 0x26, 0x40, 0x00, 0x89,
  0x3b, 0x40, 0x00, 0x89, 0x36, 0x40, 0x5a, 0x83, 0x34, 0x40, 0x00, 0x83,
  0x39, 0x40, 0x28, 0x87, 0x39, 0x40, 0x14, 0x84, 0x2a, 0x40, 0x00, 0x97,
  0x3d, 0x64, 0x64, 0x81, 0x2a, 0x40, 0x14, 0x80, 0x40, 0x40, 0x00, 0x85,
  0x40, 0x40, 0x00, 0x80, 0x4c, 0x40, 0x00, 0x86, 0x58, 0x40, 0x14, 0x87,
  0x3d, 0x40, 0x14, 0x90, 0x4c, 0x5a, 0x00, 0x90, 0x40, 0x5a, 0x00, 0x92,
  0x45, 0x69, 0x00, 0x92, 0x40, 0x69, 0x00, 0x97, 0x40, 0x64, 0x00, 0x96,
  0x58, 0x5a, 0x00, 0x95, 0x40, 0x5f, 0x0a, 0x91, 0x2a, 0x5a, 0x00, 0x99,
  0x2c, 0x55, 0x0a, 0x89, 0x2c, 0x40, 0x3c, 0x82, 0x45, 0x40, 0x00, 0x82,
  0x40, 0x40, 0x14, 0x85, 0x40, 0x40, 0x00, 0x86, 0x58, 0x40, 0x00, 0x80,
  0x40, 0x40, 0x00, 0x80, 0x4c, 0x40, 0x0a, 0x81, 0x2a, 0x40, 0x1e, 0x87,
  0x40, 0x40, 0x14, 0x90, 0x3e, 0x73, 0x00, 0x90, 0x4a, 0x73, 0x00, 0x91,
  0x28, 0x64, 0x00, 0x92, 0x45, 0x69, 0x00, 0x92, 0x40, 0x69, 0x00, 0x94,
  0x28, 0x6e, 0x00, 0x95, 0x3e, 0x78, 0x00, 0x96, 0x56, 0x73, 0x00, 0x97,
  0x43, 0x64, 0x00, 0x99, 0x24, 0x6e, 0x00, 0x99, 0x2c, 0x69, 0x00, 0x99,
  0x3b, 0x78, 0x0a, 0x89, 0x24, 0x40, 0x00, 0x89, 0x2c, 0x40, 0x00, 0x89,
  0x3b, 0x40, 0x81, 0x16, 0x84, 0x28, 0x40, 0x64, 0x81, 0x28, 0x40, 0x28,
  0x86, 0x56, 0x40, 0x00, 0x85, 0x3e, 0x40, 0x00, 0x80, 0x3e, 0x40, 0x00,
  0x80, 0x4a, 0x40, 0x14, 0x90, 0x3e, 0x5a, 0x00, 0x90, 0x4a, 0x5a, 0x00,
  0x96, 0x56, 0x5a, 0x00, 0x95, 0x3e, 0x5f, 0x0a, 0x91, 0x28, 0x5a, 0x00,
  0x99, 0x2c, 0x55, 0x0a, 0x89, 0x2c, 0x40, 0x50, 0x80, 0x3e, 0x40, 0x00,
  0x80, 0x4a, 0x40, 0x00, 0x85, 0x3e, 0x40, 0x00, 0x86, 0x56, 0x40, 0x0a,
  0x81, 0x28, 0x40, 0x32, 0x90, 0x40, 0x6e, 0x00, 0x90, 0x4c, 0x6e, 0x00,
  0x91, 0x25, 0x64, 0x00, 0x94, 0x25, 0x6e, 0x00, 0x93, 0x39, 0x78, 0x00,
  0x93, 0x34, 0x78, 0x00, 0x95, 0x40, 0x78, 0x00, 0x96, 0x58, 0x6e, 0x00,
  0x99, 0x2c, 0x69, 0x00, 0x99, 0x26, 0x6e, 0x00, 0x99, 0x3b, 0x78, 0x00,
  0x99, 0x36, 0x64, 0x0a, 0x89, 0x2c, 0x40, 0x00, 0x89, 0x36, 0x40, 0x00,
  0x89, 0x26, 0x40, 0x00, 0x89, 0x3b, 0x40, 0x5a, 0x83, 0x34, 0x40, 0x00,
  0x83, 0x39, 0x40, 0x14, 0x82, 0x40, 0x40, 0x00, 0x82, 0x45, 0x40, 0x28,
  0x84, 0x25, 0x40, 0x64, 0x81, 0x25, 0x40, 0x14, 0x80, 0x40, 0x40, 0x00,
  0x80, 0x4c, 0x40, 0x00, 0x85, 0x40, 0x40, 0x00, 0x86, 0x58, 0x40, 0x14,
  0x87, 0x43, 0x40, 0x14, 0x90, 0x40, 0x5a, 0x00, 0x90, 0x4c, 0x5a, 0x00,
  0x96, 0x58, 0x5a, 0x00, 0x95, 0x40, 0x5f, 0x0a, 0x91, 0x25, 0x5a, 0x00,
  0x99, 0x2c, 0x55, 0x0a, 0x89, 0x2c, 0x40, 0x50, 0x86, 0x58, 0x40, 0x00,
  0x80, 0x4c, 0x40, 0x00, 0x85, 0x40, 0x40, 0x00, 0x80, 0x40, 0x40, 0x0a,
  0x81, 0x25, 0x40, 0x32, 0x90, 0x3e, 0x73, 0x00, 0x90, 0x4a, 0x73, 0x00,
  0x91, 0x26, 0x64, 0x00, 0x92, 0x45, 0x69, 0x00, 0x92, 0x42, 0x69, 0x00,
  0x94, 0x26, 0x6e, 0x00, 0x95, 0x3e, 0x78, 0x00, 0x96, 0x56, 0x73, 0x00,
  0x99, 0x24, 0x6e, 0x00, 0x97, 0x39, 0x64, 0x00, 0x99, 0x2c, 0x69, 0x00,
  0x99, 0x3b, 0x78, 0x0a, 0x89, 0x24, 0x40, 0x00, 0x89, 0x2c, 0x40, 0x00,
  0x89, 0x3b, 0x40, 0x46, 0x82, 0x42, 0x40, 0x00, 0x82, 0x45, 0x40, 0x3c,
  0x87, 0x39, 0x40, 0x14, 0x84, 0x26, 0x40, 0x00, 0x97, 0x3e, 0x64, 0x64,
  0x81, 0x26, 0x40, 0x28, 0x87, 0x3e, 0x40, 0x14, 0x97, 0x42, 0x64, 0x0a,
  0x91, 0x26, 0x5a, 0x00, 0x99, 0x2c, 0x55, 0x0a, 0x89, 0x2c, 0x40, 0x5a,
  0x81, 0x26, 0x40, 0x1e, 0x87, 0x42, 0x40, 0x14, 0x91, 0x2a, 0x64, 0x00,
  0x92, 0x45, 0x69, 0x00, 0x92, 0x42, 0x69, 0x00, 0x94, 0x2a, 0x6e, 0x00,
  0x93, 0x39, 0x78, 0x00, 0x93, 0x32, 0x78, 0x00, 0x97, 0x39, 0x64, 0x00,
  0x99, 0x2c, 0x69, 0x00, 0x99, 0x26, 0x6e, 0x00, 0x99, 0x3b, 0x78, 0x00,
  0x99, 0x36, 0x64, 0x0a, 0x89, 0x2c, 0x40, 0x00, 0x89, 0x36, 0x40, 0x00,
  0x89, 0x26, 0x40, 0x00, 0x89, 0x3b, 0x40, 0x46, 0x82, 0x42, 0x40, 0x00,
  0x82, 0x45, 0x40, 0x14, 0x83, 0x39, 0x40, 0x00, 0x83, 0x32, 0x40, 0x28,
  0x87, 0x39, 0x40, 0x14, 0x84, 0x2a, 0x40, 0x00, 0x97, 0x3e, 0x64, 0x64,
  0x81, 0x2a, 0x40, 0x14, 0x80, 0x3e, 0x40, 0x00, 0x80, 0x4a, 0x40, 0x00,
  0x86, 0x56, 0x40, 0x00, 0x85, 0x3e, 0x40, 0x14, 0x87, 0x3e, 0x40, 0x14,
  0x90, 0x3b, 0x73, 0x00, 0x90, 0x47, 0x73, 0x00, 0x97, 0x42, 0x64, 0x00,
  0x96, 0x53, 0x73, 0x00, 0x95, 0x3b, 0x78, 0x0a, 0x91, 0x2a, 0x5a, 0x00,
  0x99, 0x2c, 0x55, 0x0a, 0x89, 0x2c, 0x40, 0x5a, 0x81, 0x2a, 0x40, 0x1e,
  0x87, 0x42, 0x40, 0x14, 0x91, 0x2d, 0x64, 0x00, 0x92, 0x42, 0x69, 0x00,
  0x92, 0x45, 0x69, 0x00, 0x94, 0x2d, 0x6e, 0x00, 0x97, 0x45, 0x64, 0x00,
  0x99, 0x24, 0x6e, 0x00, 0x99, 0x2c, 0x69, 0x00, 0x99, 0x3b, 0x78, 0x0a,
  0x89, 0x24, 0x40, 0x00, 0x89, 0x2c, 0x40, 0x00, 0x89, 0x3b, 0x40, 0x81,
  0x16, 0x84, 0x2d, 0x40, 0x64, 0x81, 0x2d, 0x40, 0x46, 0x91, 0x2d, 0x5a,
  0x00, 0x99, 0x2c, 0x55, 0x0a, 0x89, 0x2c, 0x40, 0x5a, 0x81, 0x2d, 0x40,
  0x1e, 0x82, 0x42, 0x40, 0x00, 0x82, 0x45, 0x40, 0x14, 0x90, 0x39, 0x73,
  0x00, 0x90, 0x45, 0x73, 0x00, 0x91, 0x2f, 0x64, 0x00, 0x94, 0x2f, 0x6e,
  0x00, 0x93, 0x39, 0x78, 0x00, 0x93, 0x32, 0x78, 0x00, 0x95, 0x39, 0x78,
  0x00, 0x96, 0x51, 0x73, 0x00, 0x99, 0x2c, 0x69, 0x00, 0x99, 0x26, 0x6e,
  0x00, 0x99, 0x3b, 0x78, 0x00, 0x99, 0x36, 0x64, 0x0a, 0x89, 0x2c, 0x40,
  0x00, 0x89, 0x3b, 0x40, 0x00, 0x89, 0x36, 0x40, 0x00, 0x89, 0x26, 0x40,
  0x1e, 0x85, 0x3b, 0x40, 0x3c, 0x83, 0x39, 0x40, 0x00, 0x83, 0x32, 0x40,
  0x14, 0x80, 0x47, 0x40, 0x00, 0x86, 0x53, 0x40, 0x00, 0x80, 0x3b, 0x40,
  0x28, 0x84, 0x2f, 0x40, 0x64, 0x81, 0x2f, 0x40, 0x28, 0x87, 0x45, 0x40,
  0x14, 0x92, 0x42, 0x69, 0x00, 0x92, 0x45, 0x69, 0x0a, 0x91, 0x2f, 0x5a,
  0x00, 0x99, 0x2c, 0x55, 0x0a, 0x89, 0x2c, 0x40, 0x3c, 0x82, 0x42, 0x40,
  0x00, 0x82, 0x45, 0x40, 0x1e, 0x81, 0x2f, 0x40, 0x32, 0x91, 0x30, 0x64,
  0x00, 0x94, 0x30, 0x6e, 0x00, 0x99, 0x24, 0x6e, 0x00, 0x97, 0x39, 0x64,
  0x00, 0x99, 0x2c, 0x69, 0x00, 0x99, 0x3b, 0x78, 0x0a, 0x89, 0x24, 0x40,
  0x00, 0x89, 0x2c, 0x40, 0x00, 0x89, 0x3b, 0x40, 0x81, 0x02, 0x87, 0x39,
  0x40, 0x14, 0x84, 0x30, 0x40, 0x00, 0x97, 0x3e, 0x64, 0x64, 0x81, 0x30,
  0x40, 0x28, 0x87, 0x3e, 0x40, 0x14, 0x92, 0x45, 0x69, 0x00, 0x92, 0x42,
  0x69, 0x00, 0x97, 0x42, 0x64, 0x0a, 0x91, 0x30, 0x5a, 0x00, 0x99, 0x2c,
  0x55, 0x0a, 0x89, 0x2c, 0x40, 0x3c, 0x82, 0x45, 0x40, 0x00, 0x82, 0x42,
  0x40, 0x1e, 0x81, 0x30, 0x40, 0x1e, 0x87, 0x42, 0x40, 0x14, 0x91, 0x2f,
  0x64, 0x00, 0x94, 0x2f, 0x6e, 0x00, 0x93, 0x39, 0x78, 0x00, 0x93, 0x32,
  0x78, 0x00, 0x97, 0x45, 0x64, 0x00, 0x99, 0x2c, 0x69, 0x00, 0x99, 0x26,
  0x6e, 0x00, 0x99, 0x3b, 0x78, 0x00, 0x99, 0x36, 0x64, 0x0a, 0x89, 0x2c,
  0x40, 0x00, 0x89, 0x26, 0x40, 0x00, 0x89, 0x3b, 0x40, 0x00, 0x89, 0x36,
  0x40, 0x5a, 0x83, 0x39, 0x40, 0x00, 0x83, 0x32, 0x40, 0x28, 0x87, 0x45,
  0x40, 0x14, 0x84, 0x2f, 0x40, 0x00, 0x97, 0x4a, 0x64, 0x64, 0x81, 0x2f,
  0x40, 0x28, 0x87, 0x4a, 0x40, 0x14, 0x92, 0x45, 0x69, 0x00, 0x92, 0x42,
  0x69, 0x00, 0x97, 0x4e, 0x64, 0x0a, 0x91, 0x2f, 0x5a, 0x00, 0x99, 0x2c,
  0x55, 0x0a, 0x89, 0x2c, 0x40, 0x3c, 0x85, 0x39, 0x40, 0x00, 0x80, 0x39,
  0x40, 0x00, 0x80, 0x45, 0x40, 0x00, 0x82, 0x42, 0x40, 0x00, 0x82, 0x45,
  0x40, 0x00, 0x86, 0x51, 0x40, 0x1e, 0x81, 0x2f, 0x40, 0x1e, 0x87, 0x4e,
  0x40, 0x14, 0x90, 0x39, 0x73, 0x00, 0x90, 0x45, 0x73, 0x00, 0x91, 0x2d,
  0x64, 0x00, 0x92, 0x45, 0x69, 0x00, 0x92, 0x42, 0x69, 0x00, 0x94, 0x2d,
  0x6e, 0x00, 0x97, 0x51, 0x64, 0x00, 0x99, 0x24, 0x6e, 0x00, 0x96, 0x51,
  0x73, 0x00, 0x95, 0x39, 0x78, 0x00, 0x99, 0x2c, 0x69, 0x00, 0x99, 0x3b,
  0x78, 0x0a, 0x89, 0x24, 0x40, 0x00, 0x89, 0x2c, 0x40, 0x00, 0x89, 0x3b,
  0x40, 0x81, 0x02, 0x87, 0x51, 0x40, 0x14, 0x84, 0x2d, 0x40, 0x00, 0x97,
  0x4e, 0x64, 0x64, 0x81, 0x2d, 0x40, 0x28, 0x87, 0x4e, 0x40, 0x00, 0x80,
  0x45, 0x40, 0x00, 0x86, 0x51, 0x40, 0x00, 0x80, 0x39, 0x40, 0x00, 0x85,
  0x39, 0x40, 0x14, 0x90, 0x3b, 0x69, 0x00, 0x90, 0x47, 0x69, 0x00, 0x97,
  0x4a, 0x64, 0x00, 0x95, 0x3b, 0x73, 0x00, 0x96, 0x53, 0x69, 0x0a, 0x91,
  0x2d, 0x5a, 0x00, 0x99, 0x2c, 0x55, 0x0a, 0x89, 0x2c, 0x40, 0x5a, 0x81,
  0x2d, 0x40, 0x0a, 0x80, 0x47, 0x40, 0x00, 0x86, 0x53, 0x40, 0x00, 0x80,
  0x3b, 0x40, 0x00, 0x85, 0x3b, 0x40, 0x14, 0x87, 0x4a, 0x40, 0x14, 0x90,
  0x3d, 0x73, 0x00, 0x90, 0x49, 0x73, 0x00, 0x91, 0x2a, 0x64, 0x00, 0x94,
  0x2a, 0x6e, 0x00, 0x93, 0x39, 0x78, 0x00, 0x93, 0x32, 0x78, 0x00, 0x96,
  0x55, 0x73, 0x00, 0x95, 0x3d, 0x78, 0x00, 0x97, 0x45, 0x64, 0x00, 0x99,
  0x2c, 0x69, 0x00, 0x99, 0x26, 0x6e, 0x00, 0x99, 0x36, 0x64, 0x0a, 0x89,
  0x2c, 0x40, 0x00, 0x89, 0x26, 0x40, 0x00, 0x89, 0x36, 0x40, 0x5a, 0x83,
  0x32, 0x40, 0x00, 0x83, 0x39, 0x40, 0x14, 0x82, 0x45, 0x40, 0x00, 0x82,
  0x42, 0x40, 0x14, 0x87, 0x45, 0x40, 0x14, 0x84, 0x2a, 0x40, 0x00, 0x97,
  0x42, 0x64, 0x00, 0x99, 0x36, 0x50, 0x00, 0x99, 0x26, 0x50, 0x0a, 0x89,
  0x36, 0x40, 0x00, 0x89, 0x26, 0x40, 0x5a, 0x81, 0x2a, 0x40, 0x28, 0x87,
  0x42, 0x40, 0x00, 0x85, 0x3d, 0x40, 0x00, 0x80, 0x49, 0x40, 0x00, 0x86,
  0x55, 0x40, 0x00, 0x80, 0x3d, 0x40, 0x14, 0x90, 0x40, 0x64, 0x00, 0x90,
  0x4c, 0x64, 0x00, 0x97, 0x3d, 0x64, 0x00, 0x95, 0x40, 0x73, 0x00, 0x96,
  0x58, 0x64, 0x00, 0x99, 0x26, 0x64, 0x00, 0x99, 0x36, 0x46, 0x0a, 0x89,
  0x26, 0x40, 0x00, 0x89, 0x36, 0x40, 0x00, 0x91, 0x2a, 0x5a, 0x00, 0x99,
  0x2c, 0x55, 0x0a, 0x89, 0x2c, 0x40, 0x50, 0x80, 0x40, 0x40, 0x00, 0x85,
  0x40, 0x40, 0x00, 0x86, 0x58, 0x40, 0x00, 0x80, 0x4c, 0x40, 0x0a, 0x81,
  0x2a, 0x40, 0x1e, 0x87, 0x3d, 0x40, 0x14, 0x90, 0x42, 0x73, 0x00, 0x90,
  0x4e, 0x73, 0x00, 0x91, 0x26, 0x64, 0x00, 0x92, 0x45, 0x69, 0x00, 0x92,
  0x42, 0x69, 0x00, 0x94, 0x26, 0x6e, 0x00, 0x96, 0x5a, 0x73, 0x00, 0x95,
  0x42, 0x7d, 0x00, 0x97, 0x39, 0x64, 0x00, 0x99, 0x24, 0x6e, 0x00, 0x99,
  0x2c, 0x69, 0x00, 0x99, 0x3b, 0x78, 0x0a, 0x89, 0x24, 0x40, 0x00, 0x89,
  0x2c, 0x40, 0x00, 0x89, 0x3b, 0x40, 0x46, 0x82, 0x45, 0x40, 0x00, 0x82,
  0x42, 0x40, 0x3c, 0x87, 0x39, 0x40, 0x14, 0x84, 0x26, 0x40, 0x00, 0x97,
  0x3e, 0x64, 0x64, 0x81, 0x26, 0x40, 0x14, 0x85, 0x42, 0x40, 0x00, 0x86,
  0x5a, 0x40, 0x14, 0x80, 0x42, 0x40, 0x00, 0x80, 0x4e, 0x40, 0x00, 0x87,
  0x3e, 0x40, 0x14, 0x90, 0x42, 0x64, 0x00, 0x90, 0x4e, 0x64, 0x00, 0x97,
  0x42, 0x64, 0x00, 0x95, 0x42, 0x5f, 0x00, 0x96, 0x5a, 0x69, 0x0a, 0x91,
  0x26, 0x5a, 0x00, 0x99, 0x2c, 0x55, 0x0a, 0x89, 0x2c, 0x40, 0x50, 0x86,
  0x5a, 0x40, 0x00, 0x85, 0x42, 0x40, 0x0a, 0x81, 0x26, 0x40, 0x0a, 0x80,
  0x4e, 0x40, 0x00, 0x80, 0x42, 0x40, 0x14, 0x87, 0x42, 0x40, 0x14, 0x90,
  0x3e, 0x73, 0x00, 0x90, 0x4a, 0x73, 0x00, 0x91, 0x2a, 0x64, 0x00, 0x92,
  0x45, 0x69, 0x00, 0x92, 0x42, 0x69, 0x00, 0x94, 0x2a, 0x6e, 0x00, 0x93,
  0x39, 0x78, 0x00, 0x93, 0x32, 0x78, 0x00, 0x96, 0x56, 0x73, 0x00, 0x95,
  0x3e, 0x7d, 0x00, 0x97, 0x39, 0x64, 0x00, 0x99, 0x2c, 0x69, 0x00, 0x99,
  0x26, 0x6e, 0x00, 0x99, 0x3b, 0x78, 0x00, 0x99, 0x36, 0x64, 0x0a, 0x89,
  0x2c, 0x40, 0x00, 0x89, 0x36, 0x40, 0x00, 0x89, 0x26, 0x40, 0x00, 0x89,
  0x3b, 0x40, 0x46, 0x82, 0x42, 0x40, 0x00, 0x82, 0x45, 0x40, 0x14, 0x83,
  0x32, 0x40, 0x00, 0x83, 0x39, 0x40, 0x28, 0x87, 0x39, 0x40, 0x14, 0x84,
  0x2a, 0x40, 0x00, 0x97, 0x3e, 0x64, 0x64, 0x81, 0x2a, 0x40, 0x14, 0x86,
  0x56, 0x40, 0x00, 0x85, 0x3e, 0x40, 0x14, 0x80, 0x4a, 0x40, 0x00, 0x80,
  0x3e, 0x40, 0x00, 0x87, 0x3e, 0x40, 0x14, 0x90, 0x3e, 0x64, 0x00, 0x90,
  0x4a, 0x64, 0x00, 0x97, 0x42, 0x64, 0x00, 0x95, 0x3e, 0x5f, 0x00, 0x96,
  0x56, 0x69, 0x0a, 0x91, 0x2a, 0x5a, 0x00, 0x99, 0x2c, 0x55, 0x0a, 0x89,
  0x2c, 0x40, 0x50, 0x86, 0x56, 0x40, 0x00, 0x85, 0x3e, 0x40, 0x0a, 0x81,
  0x2a, 0x40, 0x0a, 0x80, 0x4a, 0x40, 0x00, 0x80, 0x3e, 0x40, 0x14, 0x87,
  0x42, 0x40, 0x14, 0x90, 0x42, 0x6e, 0x00, 0x90, 0x4e, 0x6e, 0x00, 0x91,
  0x2d, 0x64, 0x00, 0x92, 0x45, 0x69, 0x00, 0x92, 0x42, 0x69, 0x00, 0x94,
  0x2d, 0x6e, 0x00, 0x96, 0x5a, 0x73, 0x00, 0x95, 0x42, 0x78, 0x00, 0x97,
  0x45, 0x64, 0x00, 0x99, 0x24, 0x6e, 0x00, 0x99, 0x2c, 0x69, 0x00, 0x99,
  0x3b, 0x78, 0x0a, 0x89, 0x24, 0x40, 0x00, 0x89, 0x2c, 0x40, 0x00, 0x89,
  0x3b, 0x40, 0x81, 0x16, 0x84, 0x2d, 0x40, 0x64, 0x81, 0x2d, 0x40, 0x14,
  0x85, 0x42, 0x40, 0x00, 0x86, 0x5a, 0x40, 0x14, 0x80, 0x4e, 0x40, 0x00,
  0x80, 0x42, 0x40, 0x14, 0x90, 0x3e, 0x6e, 0x00, 0x90, 0x4a, 0x6e, 0x00,
  0x95, 0x3e, 0x78, 0x00, 0x96, 0x56, 0x73, 0x0a, 0x91, 0x2d, 0x5a, 0x00,
  0x99, 0x2c, 0x55, 0x0a, 0x89, 0x2c, 0x40, 0x5a, 0x81, 0x2d, 0x40, 0x1e,
  0x82, 0x45, 0x40, 0x00, 0x86, 0x56, 0x40, 0x00, 0x85, 0x3e, 0x40, 0x00,
  0x82, 0x42, 0x40, 0x14, 0x91, 0x2f, 0x64, 0x00, 0x94, 0x2f, 0x6e, 0x00,
  0x93, 0x39, 0x78, 0x00, 0x93, 0x32, 0x78, 0x00, 0x99, 0x2c, 0x69, 0x00,
  0x99, 0x26, 0x6e, 0x00, 0x99, 0x3b, 0x78, 0x00, 0x99, 0x36, 0x64, 0x0a,
  0x89, 0x2c, 0x40, 0x00, 0x89, 0x36, 0x40, 0x00, 0x89, 0x26, 0x40, 0x00,
  0x89, 0x3b, 0x40, 0x5a, 0x83, 0x39, 0x40, 0x00, 0x83, 0x32, 0x40, 0x14,
  0x80, 0x4a, 0x40, 0x00, 0x80, 0x3e, 0x40, 0x28, 0x84, 0x2f, 0x40, 0x64,
  0x81, 0x2f, 0x40, 0x28, 0x87, 0x45, 0x40, 0x14, 0x90, 0x43, 0x73, 0x00,
  0x90, 0x4f, 0x73, 0x00, 0x92, 0x45, 0x69, 0x00, 0x92, 0x42, 0x69, 0x00,
  0x96, 0x5b, 0x73, 0x00, 0x95, 0x43, 0x7d, 0x0a, 0x91, 0x2f, 0x5a, 0x00,
  0x99, 0x2c, 0x55, 0x0a, 0x89, 0x2c, 0x40, 0x3c, 0x82, 0x45, 0x40, 0x00,
  0x82, 0x42, 0x40, 0x1e, 0x81, 0x2f, 0x40, 0x32, 0x91, 0x30, 0x64, 0x00,
  0x94, 0x30, 0x6e, 0x00, 0x99, 0x24, 0x6e, 0x00, 0x97, 0x39, 0x64, 0x00,
  0x99, 0x2c, 0x69, 0x00, 0x99, 0x3b, 0x78, 0x0a, 0x89, 0x24, 0x40, 0x00,
  0x89, 0x2c, 0x40, 0x00, 0x89, 0x3b, 0x40, 0x81, 0x02, 0x87, 0x39, 0x40,
  0x14, 0x84, 0x30, 0x40, 0x00, 0x97, 0x3e, 0x64, 0x50, 0x85, 0x43, 0x40,
  0x00, 0x80, 0x4f, 0x40, 0x00, 0x80, 0x43, 0x40, 0x00, 0x86, 0x5b, 0x40,
  0x14, 0x81, 0x30, 0x40, 0x28, 0x87, 0x3e, 0x40, 0x14, 0x90, 0x43, 0x69,
  0x00, 0x90, 0x4f, 0x69, 0x00, 0x92, 0x45, 0x69, 0x00, 0x92, 0x42, 0x69,
  0x00, 0x97, 0x42, 0x64, 0x00, 0x95, 0x43, 0x5f, 0x00, 0x96, 0x5b, 0x6e,
  0x0a, 0x91, 0x30, 0x5a, 0x00, 0x99, 0x2c, 0x55, 0x0a, 0x89, 0x2c, 0x40,
  0x3c, 0x82, 0x45, 0x40, 0x00, 0x82, 0x42, 0x40, 0x14, 0x86, 0x5b, 0x40,
  0x00, 0x85, 0x43, 0x40, 0x0a, 0x81, 0x30, 0x40, 0x0a, 0x80, 0x4f, 0x40,
  0x00, 0x80, 0x43, 0x40, 0x14, 0x87, 0x42, 0x40, 0x14, 0x90, 0x42, 0x73,
  0x00, 0x90, 0x4e, 0x73, 0x00, 0x91, 0x2f, 0x64, 0x00, 0x94, 0x2f, 0x6e,
  0x00, 0x93, 0x39, 0x78, 0x00, 0x93, 0x32, 0x78, 0x00, 0x96, 0x5a, 0x73,
  0x00, 0x95, 0x42, 0x7d, 0x00, 0x97, 0x39, 0x64, 0x00, 0x99, 0x2c, 0x69,
  0x00, 0x99, 0x26, 0x6e, 0x00, 0x99, 0x3b, 0x78, 0x00, 0x99, 0x36, 0x64,
  0x0a, 0x89, 0x2c, 0x40, 0x00, 0x89, 0x26, 0x40, 0x00, 0x89, 0x3b, 0x40,
  0x00, 0x89, 0x36, 0x40, 0x5a, 0x83, 0x32, 0x40, 0x00, 0x83, 0x39, 0x40,
  0x28, 0x87, 0x39, 0x40, 0x14, 0x84, 0x2f, 0x40, 0x00, 0x97, 0x3e, 0x64,
  0x64, 0x81, 0x2f, 0x40, 0x14, 0x85, 0x42, 0x40, 0x00, 0x86, 0x5a, 0x40,
  0x14, 0x80, 0x42, 0x40, 0x00, 0x80, 0x4e, 0x40, 0x00, 0x87, 0x3e, 0x40,
  0x14, 0x90, 0x3e, 0x73, 0x00, 0x90, 0x4a, 0x73, 0x00, 0x92, 0x45, 0x69,
  0x00, 0x92, 0x42, 0x69, 0x00, 0x97, 0x42, 0x64, 0x00, 0x95, 0x3e, 0x7d,
  0x00, 0x96, 0x56, 0x73, 0x0a, 0x91, 0x2f, 0x5a, 0x00, 0x99, 0x2c, 0x55,
  0x0a, 0x89, 0x2c, 0x40, 0x3c, 0x82, 0x45, 0x40, 0x00, 0x82, 0x42, 0x40,
  0x1e, 0x81, 0x2f, 0x40, 0x1e, 0x87, 0x42, 0x40, 0x14, 0x91, 0x2d, 0x64,
  0x00, 0x92, 0x45, 0x69, 0x00, 0x92, 0x42, 0x69, 0x00, 0x94, 0x2d, 0x6e,
  0x00, 0x97, 0x45, 0x64, 0x00, 0x99, 0x24, 0x6e, 0x00, 0x99, 0x2c, 0x69,
  0x00, 0x99, 0x3b, 0x78, 0x0a, 0x89, 0x24, 0x40, 0x00, 0x89, 0x2c, 0x40,
  0x00, 0x89, 0x3b, 0x40, 0x81, 0x02, 0x86, 0x56, 0x40, 0x00, 0x85, 0x3e,
  0x40, 0x14, 0x84, 0x2d, 0x40, 0x14, 0x80, 0x4a, 0x40, 0x00, 0x80, 0x3e,
  0x40, 0x50, 0x81, 0x2d, 0x40, 0x3c, 0x90, 0x3d, 0x73, 0x00, 0x90, 0x49,
  0x73, 0x00, 0x96, 0x55, 0x73, 0x00, 0x95, 0x3d, 0x7d, 0x0a, 0x91, 0x2d,
  0x5a, 0x00, 0x99, 0x2c, 0x55, 0x0a, 0x89, 0x2c, 0x40, 0x5a, 0x81, 0x2d,
  0x40, 0x32, 0x91, 0x2a, 0x64, 0x00, 0x94, 0x2a, 0x6e, 0x00, 0x93, 0x39,
  0x78, 0x00, 0x93, 0x32, 0x78, 0x00, 0x99, 0x2c, 0x69, 0x00, 0x99, 0x26,
  0x6e, 0x00, 0x99, 0x3b, 0x78, 0x00, 0x99, 0x36, 0x64, 0x0a, 0x89, 0x2c,
  0x40, 0x00, 0x89, 0x36, 0x40, 0x00, 0x89, 0x26, 0x40, 0x00, 0x89, 0x3b,
  0x40, 0x5a, 0x83, 0x32, 0x40, 0x00, 0x83, 0x39, 0x40, 0x14, 0x82, 0x42,
  0x40, 0x00, 0x82, 0x45, 0x40, 0x28, 0x84, 0x2a, 0x40, 0x64, 0x81, 0x2a,
  0x40, 0x28, 0x87, 0x45, 0x40, 0x1e, 0x91, 0x2a, 0x5a, 0x00, 0x99, 0x2c,
  0x55, 0x0a, 0x89, 0x2c, 0x40, 0x5a, 0x81, 0x2a, 0x40, 0x1e, 0x85, 0x3d,
  0x40, 0x00, 0x80, 0x3d, 0x40, 0x00, 0x86, 0x55, 0x40, 0x00, 0x80, 0x49,
  0x40, 0x14, 0x90, 0x3e, 0x6e, 0x00, 0x90, 0x4a, 0x6e, 0x00, 0x91, 0x1f,
  0x64, 0x00, 0x92, 0x43, 0x69, 0x00, 0x92, 0x3e, 0x69, 0x00, 0x94, 0x1f,
  0x6e, 0x00, 0x95, 0x3e, 0x78, 0x00, 0x96, 0x56, 0x73, 0x00, 0x99, 0x24,
  0x6e, 0x00, 0x97, 0x3b, 0x64, 0x00, 0x99, 0x2c, 0x69, 0x00, 0x99, 0x3b,
  0x78, 0x0a, 0x89, 0x24, 0x40, 0x00, 0x89, 0x2c, 0x40, 0x00, 0x89, 0x3b,
  0x40, 0x46, 0x82, 0x3e, 0x40, 0x00, 0x82, 0x43, 0x40, 0x3c, 0x87, 0x3b,
  0x40, 0x14, 0x84, 0x1f, 0x40, 0x00, 0x97, 0x3e, 0x64, 0x64, 0x81, 0x1f,
  0x40, 0x14, 0x86, 0x56, 0x40, 0x00, 0x85, 0x3e, 0x40, 0x14, 0x80, 0x4a,
  0x40, 0x00, 0x80, 0x3e, 0x40, 0x00, 0x87, 0x3e, 0x40, 0x14, 0x90, 0x3e,
  0x64, 0x00, 0x90, 0x4a, 0x64, 0x00, 0x97, 0x43, 0x64, 0x00, 0x96, 0x56,
  0x69, 0x00, 0x95, 0x3e, 0x5f, 0x0a, 0x91, 0x1f, 0x5a, 0x00, 0x99, 0x2c,
  0x55, 0x0a, 0x89, 0x2c, 0x40, 0x50, 0x85, 0x3e, 0x40, 0x00, 0x86, 0x56,
  0x40, 0x0a, 0x81, 0x1f, 0x40, 0x0a, 0x80, 0x4a, 0x40, 0x00, 0x80, 0x3e,
  0x40, 0x14, 0x87, 0x43, 0x40, 0x14, 0x90, 0x3e, 0x73, 0x00, 0x90, 0x4a,
  0x73, 0x00, 0x91, 0x23, 0x64, 0x00, 0x92, 0x43, 0x69, 0x00, 0x92, 0x3e,
  0x69, 0x00, 0x94, 0x23, 0x6e, 0x00, 0x93, 0x3b, 0x78, 0x00, 0x93, 0x37,
  0x78, 0x00, 0x95, 0x3e, 0x7d, 0x00, 0x96, 0x56, 0x78, 0x00, 0x97, 0x3b,
  0x64, 0x00, 0x99, 0x2c, 0x69, 0x00, 0x99, 0x26, 0x6e, 0x00, 0x99, 0x3b,
  0x78, 0x00, 0x99, 0x36, 0x64, 0x0a, 0x89, 0x2c, 0x40, 0x00, 0x89, 0x36,
  0x40, 0x00, 0x89, 0x26, 0x40, 0x00, 0x89, 0x3b, 0x40, 0x46, 0x82, 0x3e,
  0x40, 0x00, 0x82, 0x43, 0x40, 0x14, 0x83, 0x37, 0x40, 0x00, 0x83, 0x3b,
  0x40, 0x28, 0x87, 0x3b, 0x40, 0x14, 0x84, 0x23, 0x40, 0x00, 0x97, 0x3e,
  0x64, 0x64, 0x81, 0x23, 0x40, 0x14, 0x85, 0x3e, 0x40, 0x00, 0x86, 0x56,
  0x40, 0x14, 0x80, 0x4a, 0x40, 0x00, 0x80, 0x3e, 0x40, 0x00, 0x87, 0x3e,
  0x40, 0x14, 0x90, 0x3e, 0x64, 0x00, 0x90, 0x4a, 0x64, 0x00, 0x97, 0x40,
  0x64, 0x00, 0x96, 0x56, 0x69, 0x00, 0x95, 0x3e, 0x5f, 0x0a, 0x91, 0x23,
  0x5a, 0x00, 0x99, 0x2c, 0x55, 0x0a, 0x89, 0x2c, 0x40, 0x50, 0x85, 0x3e,
  0x40, 0x00, 0x86, 0x56, 0x40, 0x0a, 0x81, 0x23, 0x40, 0x0a, 0x80, 0x4a,
  0x40, 0x00, 0x80, 0x3e, 0x40, 0x14, 0x87, 0x40, 0x40, 0x14, 0x90, 0x3e,
  0x6e, 0x00, 0x90, 0x4a, 0x6e, 0x00, 0x91, 0x26, 0x64, 0x00, 0x92, 0x3e,
  0x69, 0x00, 0x92, 0x43, 0x69, 0x00, 0x94, 0x26, 0x6e, 0x00, 0x95, 0x3e,
  0x78, 0x00, 0x96, 0x56, 0x73, 0x00, 0x97, 0x43, 0x64, 0x00, 0x99, 0x24,
  0x6e, 0x00, 0x99, 0x2c, 0x69, 0x00, 0x99, 0x3b, 0x78, 0x0a, 0x89, 0x24,
  0x40, 0x00, 0x89, 0x2c, 0x40, 0x00, 0x89, 0x3b, 0x40, 0x81, 0x16, 0x84,
  0x26, 0x40, 0x64, 0x81, 0x26, 0x40, 0x14, 0x86, 0x56, 0x40, 0x00, 0x85,
  0x3e, 0x40, 0x14, 0x80, 0x4a, 0x40, 0x00, 0x80, 0x3e, 0x40, 0x14, 0x90,
  0x3d, 0x6e, 0x00, 0x90, 0x49, 0x6e, 0x00, 0x96, 0x55, 0x73, 0x00, 0x95,
  0x3d, 0x78, 0x0a, 0x91, 0x26, 0x5a, 0x00, 0x99, 0x2c, 0x55, 0x0a, 0x89,
  0x2c, 0x40, 0x50, 0x86, 0x55, 0x40, 0x00, 0x85, 0x3d, 0x40, 0x0a, 0x81,
  0x26, 0x40, 0x1e, 0x82, 0x3e, 0x40, 0x00, 0x82, 0x43, 0x40, 0x14, 0x91,
  0x28, 0x64, 0x00, 0x94, 0x28, 0x6e, 0x00, 0x93, 0x3b, 0x78, 0x00, 0x93,
  0x37, 0x78, 0x00, 0x99, 0x2c, 0x69, 0x00, 0x99, 0x26, 0x6e, 0x00, 0x99,
  0x3b, 0x78, 0x00, 0x99, 0x36, 0x64, 0x0a, 0x89, 0x2c, 0x40, 0x00, 0x89,
  0x36, 0x40, 0x00, 0x89, 0x26, 0x40, 0x00, 0x89, 0x3b, 0x40, 0x5a, 0x83,
  0x3b, 0x40, 0x00, 0x83, 0x37, 0x40, 0x14, 0x80, 0x49, 0x40, 0x00, 0x80,
  0x3d, 0x40, 0x28, 0x84, 0x28, 0x40, 0x64, 0x81, 0x28, 0x40, 0x28, 0x87,
  0x43, 0x40, 0x14, 0x90, 0x3b, 0x69, 0x00, 0x90, 0x47, 0x69, 0x00, 0x92,
  0x3e, 0x69, 0x00, 0x92, 0x43, 0x69, 0x00, 0x95, 0x3b, 0x73, 0x00, 0x96,
  0x53, 0x6e, 0x0a, 0x91, 0x28, 0x5a, 0x00, 0x99, 0x2c, 0x55, 0x0a, 0x89,
  0x2c, 0x40, 0x3c, 0x82, 0x3e, 0x40, 0x00, 0x82, 0x43, 0x40, 0x1e, 0x81,
  0x28, 0x40, 0x32, 0x91, 0x2b, 0x64, 0x00, 0x94, 0x2b, 0x6e, 0x00, 0x99,
  0x24, 0x6e, 0x00, 0x97, 0x3b, 0x64, 0x00, 0x99, 0x2c, 0x69, 0x00, 0x99,
  0x3b, 0x78, 0x0a, 0x89, 0x24, 0x40, 0x00, 0x89, 0x2c, 0x40, 0x00, 0x89,
  0x3b, 0x40, 0x81, 0x02, 0x87, 0x3b, 0x40, 0x14, 0x84, 0x2b, 0x40, 0x00,
  0x97, 0x3e, 0x64, 0x64, 0x81, 0x2b, 0x40, 0x28, 0x87, 0x3e, 0x40, 0x14,
  0x92, 0x43, 0x69, 0x00, 0x92, 0x3e, 0x69, 0x00, 0x97, 0x43, 0x64, 0x0a,
  0x91, 0x2b, 0x5a, 0x00, 0x99, 0x2c, 0x55, 0x0a, 0x89, 0x2c, 0x40, 0x3c,
  0x82, 0x43, 0x40, 0x00, 0x82, 0x3e, 0x40, 0x1e, 0x81, 0x2b, 0x40, 0x1e,
  0x87, 0x43, 0x40, 0x14, 0x91, 0x28, 0x64, 0x00, 0x94, 0x28, 0x6e, 0x00,
  0x93, 0x3b, 0x78, 0x00, 0x93, 0x37, 0x78, 0x00, 0x97, 0x3b, 0x64, 0x00,
  0x99, 0x2c, 0x69, 0x00, 0x99, 0x26, 0x6e, 0x00, 0x99, 0x3b, 0x78, 0x00,
  0x99, 0x36, 0x64, 0x0a, 0x89, 0x2c, 0x40, 0x00, 0x89, 0x26, 0x40, 0x00,
  0x89, 0x3b, 0x40, 0x00, 0x89, 0x36, 0x40, 0x5a, 0x83, 0x3b, 0x40, 0x00,
  0x83, 0x37, 0x40, 0x28, 0x87, 0x3b, 0x40, 0x14, 0x84, 0x28, 0x40, 0x00,
  0x97, 0x3e, 0x64, 0x3c, 0x86, 0x53, 0x40, 0x00, 0x80, 0x3b, 0x40, 0x00,
  0x85, 0x3b, 0x40, 0x00, 0x80, 0x47, 0x40, 0x28, 0x81, 0x28, 0x40, 0x28,
  0x87, 0x3e, 0x40, 0x14, 0x90, 0x37, 0x6e, 0x00, 0x90, 0x43, 0x6e, 0x00,
  0x92, 0x43, 0x69, 0x00, 0x92, 0x3e, 0x69, 0x00, 0x97, 0x40, 0x64, 0x00,
  0x96, 0x4f, 0x73, 0x00, 0x95, 0x37, 0x78, 0x0a, 0x91, 0x28, 0x5a, 0x00,
  0x99, 0x2c, 0x55, 0x0a, 0x89, 0x2c, 0x40, 0x3c, 0x82, 0x43, 0x40, 0x00,
  0x82, 0x3e, 0x40, 0x1e, 0x81, 0x28, 0x40, 0x1e, 0x87, 0x40, 0x40, 0x14,
  0x91, 0x26, 0x64, 0x00, 0x92, 0x43, 0x69, 0x00, 0x92, 0x3e, 0x69, 0x00,
  0x94, 0x26, 0x6e, 0x00, 0x97, 0x43, 0x64, 0x00, 0x99, 0x24, 0x6e, 0x00,
  0x99, 0x2c, 0x69, 0x00, 0x99, 0x3b, 0x78, 0x0a, 0x89, 0x24, 0x40, 0x00,
  0x89, 0x2c, 0x40, 0x00, 0x89, 0x3b, 0x40, 0x81, 0x16, 0x84, 0x26, 0x40,
  0x50, 0x80, 0x43, 0x40, 0x00, 0x80, 0x37, 0x40, 0x14, 0x81, 0x26, 0x40,
  0x28, 0x86, 0x4f, 0x40, 0x00, 0x85, 0x37, 0x40, 0x14, 0x90, 0x3b, 0x6e,
  0x00, 0x90, 0x47, 0x6e, 0x00, 0x95, 0x3b, 0x78, 0x00, 0x96, 0x53, 0x73,
  0x0a, 0x91, 0x26, 0x5a, 0x00, 0x99, 0x2c, 0x55, 0x0a, 0x89, 0x2c, 0x40,
  0x5a, 0x85, 0x3b, 0x40, 0x00, 0x81, 0x26, 0x40, 0x00, 0x86, 0x53, 0x40,
  0x0a, 0x80, 0x47, 0x40, 0x00, 0x80, 0x3b, 0x40, 0x28, 0x90, 0x3d, 0x73,
  0x00, 0x90, 0x49, 0x73, 0x00, 0x91, 0x23, 0x64, 0x00, 0x94, 0x23, 0x6e,
  0x00, 0x93, 0x3b, 0x78, 0x00, 0x93, 0x37, 0x78, 0x00, 0x96, 0x55, 0x73,
  0x00, 0x95, 0x3d, 0x7d, 0x00, 0x99, 0x2c, 0x69, 0x00, 0x99, 0x26, 0x6e,
  0x00, 0x99, 0x36, 0x64, 0x0a, 0x89, 0x2c, 0x40, 0x00, 0x89, 0x26, 0x40,
  0x00, 0x89, 0x36, 0x40, 0x5a, 0x83, 0x37, 0x40, 0x00, 0x83, 0x3b, 0x40,
  0x14, 0x82, 0x43, 0x40, 0x00, 0x82, 0x3e, 0x40, 0x28, 0x84, 0x23, 0x40,
  0x00, 0x99, 0x36, 0x50, 0x00, 0x99, 0x26, 0x50, 0x0a, 0x89, 0x36, 0x40,
  0x00, 0x89, 0x26, 0x40, 0x5a, 0x81, 0x23, 0x40, 0x28, 0x85, 0x3d, 0x40,
  0x00, 0x80, 0x49, 0x40, 0x00, 0x87, 0x43, 0x40, 0x00, 0x80, 0x3d, 0x40,
  0x00, 0x86, 0x55, 0x40, 0x14, 0x90, 0x3e, 0x73, 0x00, 0x90, 0x4a, 0x73,
  0x00, 0x95, 0x3e, 0x7d, 0x00, 0x96, 0x56, 0x73, 0x00, 0x99, 0x26, 0x64,
  0x00, 0x99, 0x36, 0x46, 0x0a, 0x89, 0x26, 0x40, 0x00, 0x89, 0x36, 0x40,
  0x00, 0x91, 0x23, 0x5a, 0x00, 0x99, 0x2c, 0x55, 0x0a, 0x89, 0x2c, 0x40,
  0x5a, 0x85, 0x3e, 0x40, 0x00, 0x81, 0x23, 0x40, 0x00, 0x86, 0x56, 0x40,
  0x0a, 0x80, 0x4a, 0x40, 0x00, 0x80, 0x3e, 0x40, 0x28, 0x90, 0x4e, 0x6e,
  0x00, 0x90, 0x42, 0x6e, 0x00, 0x91, 0x21, 0x64, 0x00, 0x92, 0x45, 0x69,
  0x00, 0x92, 0x40, 0x69, 0x00, 0x94, 0x21, 0x6e, 0x00, 0x96, 0x5a, 0x6e,
  0x00, 0x95, 0x42, 0x7d, 0x00, 0x99, 0x24, 0x6e, 0x00, 0x97, 0x39, 0x64,
  0x00, 0x99, 0x2c, 0x69, 0x00, 0x99, 0x3b, 0x78, 0x0a, 0x89, 0x24, 0x40,
  0x00, 0x89, 0x2c, 0x40, 0x00, 0x89, 0x3b, 0x40, 0x46, 0x82, 0x40, 0x40,
  0x00, 0x82, 0x45, 0x40, 0x3c, 0x87, 0x39, 0x40, 0x14, 0x84, 0x21, 0x40,
  0x00, 0x97, 0x3d, 0x64, 0x64, 0x81, 0x21, 0x40, 0x28, 0x87, 0x3d, 0x40,
  0x00, 0x80, 0x42, 0x40, 0x00, 0x80, 0x4e, 0x40, 0x00, 0x86, 0x5a, 0x40,
  0x00, 0x85, 0x42, 0x40, 0x14, 0x90, 0x42, 0x5a, 0x00, 0x90, 0x4e, 0x5a,
  0x00, 0x97, 0x40, 0x64, 0x00, 0x95, 0x42, 0x5f, 0x00, 0x96, 0x5a, 0x5a,
  0x0a, 0x91, 0x21, 0x5a, 0x00, 0x99, 0x2c, 0x55, 0x0a, 0x89, 0x2c, 0x40,
  0x5a, 0x81, 0x21, 0x40, 0x0a, 0x80, 0x4e, 0x40, 0x00, 0x86, 0x5a, 0x40,
  0x00, 0x85, 0x42, 0x40, 0x00, 0x80, 0x42, 0x40, 0x14, 0x87, 0x40, 0x40,
  0x14, 0x90, 0x40, 0x6e, 0x00, 0x90, 0x4c, 0x6e, 0x00, 0x91, 0x25, 0x64,
  0x00, 0x92, 0x45, 0x69, 0x00, 0x92, 0x40, 0x69, 0x00, 0x94, 0x25, 0x6e,
  0x00, 0x93, 0x39, 0x78, 0x00, 0x93, 0x34, 0x78, 0x00, 0x96, 0x58, 0x6e,
  0x00, 0x95, 0x40, 0x78, 0x00, 0x97, 0x39, 0x64, 0x00, 0x99, 0x2c, 0x69,
  0x00, 0x99, 0x26, 0x6e, 0x00, 0x99, 0x3b, 0x78, 0x00, 0x99, 0x36, 0x64,
  0x0a, 0x89, 0x2c, 0x40, 0x00, 0x89, 0x36, 0x40, 0x00, 0x89, 0x26, 0x40,
  0x00, 0x89, 0x3b, 0x40, 0x46, 0x82, 0x40, 0x40, 0x00, 0x82, 0x45, 0x40,
  0x14, 0x83, 0x34, 0x40, 0x00, 0x83, 0x39, 0x40, 0x28, 0x87, 0x39, 0x40,
  0x14, 0x84, 0x25, 0x40, 0x00, 0x97, 0x3d, 0x64, 0x64, 0x81, 0x25, 0x40,
  0x28, 0x87, 0x3d, 0x40, 0x00, 0x85, 0x40, 0x40, 0x00, 0x80, 0x40, 0x40,
  0x00, 0x86, 0x58, 0x40, 0x00, 0x80, 0x4c, 0x40, 0x14, 0x90, 0x40, 0x5a,
  0x00, 0x90, 0x4c, 0x5a, 0x00, 0x97, 0x40, 0x64, 0x00, 0x95, 0x40, 0x5f,
  0x00, 0x96, 0x58, 0x5a, 0x0a, 0x91, 0x25, 0x5a, 0x00, 0x99, 0x2c, 0x55,
  0x0a, 0x89, 0x2c, 0x40, 0x50, 0x80, 0x4c, 0x40, 0x00, 0x85, 0x40, 0x40,
  0x00, 0x86, 0x58, 0x40, 0x00, 0x80, 0x40, 0x40, 0x0a, 0x81, 0x25, 0x40,
  0x1e, 0x87, 0x40, 0x40, 0x14, 0x90, 0x3e, 0x73, 0x00, 0x90, 0x4a, 0x73,
  0x00, 0x91, 0x28, 0x64, 0x00, 0x92, 0x45, 0x69, 0x00, 0x92, 0x40, 0x69,
  0x00, 0x94, 0x28, 0x6e, 0x00, 0x96, 0x56, 0x73, 0x00, 0x95, 0x3e, 0x78,
  0x00, 0x97, 0x43, 0x64, 0x00, 0x99, 0x24, 0x6e, 0x00, 0x99, 0x2c, 0x69,
  0x00, 0x99, 0x3b, 0x78, 0x0a, 0x89, 0x24, 0x40, 0x00, 0x89, 0x2c, 0x40,
  0x00, 0x89, 0x3b, 0x40, 0x81, 0x16, 0x84, 0x28, 0x40, 0x64, 0x81, 0x28,
  0x40, 0x14, 0x85, 0x3e, 0x40, 0x00, 0x86, 0x56, 0x40, 0x00, 0x80, 0x3e,
  0x40, 0x00, 0x80, 0x4a, 0x40, 0x28, 0x90, 0x3b, 0x6e, 0x00, 0x90, 0x47,
  0x6e, 0x00, 0x95, 0x3b, 0x73, 0x00, 0x96, 0x53, 0x6e, 0x0a, 0x91, 0x28,
  0x5a, 0x00, 0x99, 0x2c, 0x55, 0x0a, 0x89, 0x2c, 0x40, 0x5a, 0x81, 0x28,
  0x40, 0x0a, 0x80, 0x47, 0x40, 0x00, 0x86, 0x53, 0x40, 0x00, 0x80, 0x3b,
  0x40, 0x00, 0x85, 0x3b, 0x40, 0x14, 0x82, 0x45, 0x40, 0x00, 0x82, 0x40,
  0x40, 0x14, 0x91, 0x2a, 0x64, 0x00, 0x94, 0x2a, 0x6e, 0x00, 0x93, 0x39,
  0x78, 0x00, 0x93, 0x34, 0x78, 0x00, 0x99, 0x2c, 0x69, 0x00, 0x99, 0x26,
  0x6e, 0x00, 0x99, 0x3b, 0x78, 0x00, 0x99, 0x36, 0x64, 0x0a, 0x89, 0x2c,
  0x40, 0x00, 0x89, 0x3b, 0x40, 0x00, 0x89, 0x36, 0x40, 0x00, 0x89, 0x26,
  0x40, 0x5a, 0x83, 0x34, 0x40, 0x00, 0x83, 0x39, 0x40, 0x3c, 0x84, 0x2a,
  0x40, 0x64, 0x81, 0x2a, 0x40, 0x28, 0x87, 0x43, 0x40, 0x14, 0x90, 0x42,
  0x73, 0x00, 0x90, 0x4e, 0x73, 0x00, 0x92, 0x45, 0x69, 0x00, 0x92, 0x40,
  0x69, 0x00, 0x96, 0x5a, 0x73, 0x00, 0x95, 0x42, 0x78, 0x0a, 0x91, 0x2a,
  0x5a, 0x00, 0x99, 0x2c, 0x55, 0x0a, 0x89, 0x2c, 0x40, 0x3c, 0x82, 0x45,
  0x40, 0x00, 0x82, 0x40, 0x40, 0x1e, 0x81, 0x2a, 0x40, 0x32, 0x91, 0x2b,
  0x64, 0x00, 0x94, 0x2b, 0x6e, 0x00, 0x99, 0x24, 0x6e, 0x00, 0x97, 0x39,
  0x64, 0x00, 0x99, 0x2c, 0x69, 0x00, 0x99, 0x3b, 0x78, 0x0a, 0x89, 0x24,
  0x40, 0x00, 0x89, 0x2c, 0x40, 0x00, 0x89, 0x3b, 0x40, 0x81, 0x02, 0x87,
  0x39, 0x40, 0x14, 0x84, 0x2b, 0x40, 0x00, 0x97, 0x3d, 0x64, 0x50, 0x85,
  0x42, 0x40, 0x00, 0x80, 0x4e, 0x40, 0x00, 0x80, 0x42, 0x40, 0x00, 0x86,
  0x5a, 0x40, 0x14, 0x81, 0x2b, 0x40, 0x28, 0x87, 0x3d, 0x40, 0x14, 0x90,
  0x42, 0x5a, 0x00, 0x90, 0x4e, 0x5a, 0x00, 0x92, 0x45, 0x69, 0x00, 0x92,
  0x40, 0x69, 0x00, 0x97, 0x40, 0x64, 0x00, 0x95, 0x42, 0x5f, 0x00, 0x96,
  0x5a, 0x5a, 0x0a, 0x91, 0x2b, 0x5a, 0x00, 0x99, 0x2c, 0x55, 0x0a, 0x89,
  0x2c, 0x40, 0x3c, 0x82, 0x45, 0x40, 0x00, 0x82, 0x40, 0x40, 0x14, 0x86,
  0x5a, 0x40, 0x00, 0x85, 0x42, 0x40, 0x00, 0x80, 0x4e, 0x40, 0x00, 0x80,
  0x42, 0x40, 0x0a, 0x81, 0x2b, 0x40, 0x1e, 0x87, 0x40, 0x40, 0x14, 0x90,
  0x40, 0x6e, 0x00, 0x90, 0x4c, 0x6e, 0x00, 0x91, 0x2a, 0x64, 0x00, 0x94,
  0x2a, 0x6e, 0x00, 0x93, 0x39, 0x78, 0x00, 0x93, 0x34, 0x78, 0x00, 0x96,
  0x58, 0x6e, 0x00, 0x95, 0x40, 0x7d, 0x00, 0x97, 0x39, 0x64, 0x00, 0x99,
  0x2c, 0x69, 0x00, 0x99, 0x26, 0x6e, 0x00, 0x99, 0x3b, 0x78, 0x00, 0x99,
  0x36, 0x64, 0x0a, 0x89, 0x2c, 0x40, 0x00, 0x89, 0x26, 0x40, 0x00, 0x89,
  0x3b, 0x40, 0x00, 0x89, 0x36, 0x40, 0x5a, 0x83, 0x34, 0x40, 0x00, 0x83,
  0x39, 0x40, 0x28, 0x87, 0x39, 0x40, 0x14, 0x84, 0x2a, 0x40, 0x00, 0x97,
  0x3d, 0x64, 0x64, 0x81, 0x2a, 0x40, 0x14, 0x80, 0x40, 0x40, 0x00, 0x86,
  0x58, 0x40, 0x00, 0x80, 0x4c, 0x40, 0x00, 0x85, 0x40, 0x40, 0x14, 0x87,
  0x3d, 0x40, 0x14, 0x90, 0x4c, 0x5a, 0x00, 0x90, 0x40, 0x5a, 0x00, 0x92,
  0x45, 0x69, 0x00, 0x92, 0x40, 0x69, 0x00, 0x97, 0x40, 0x64, 0x00, 0x95,
  0x40, 0x5f, 0x00, 0x96, 0x58, 0x5a, 0x0a, 0x91, 0x2a, 0x5a, 0x00, 0x99,
  0x2c, 0x55, 0x0a, 0x89, 0x2c, 0x40, 0x3c, 0x82, 0x45, 0x40, 0x00, 0x82,
  0x40, 0x40, 0x14, 0x86, 0x58, 0x40, 0x00, 0x85, 0x40, 0x40, 0x00, 0x80,
  0x40, 0x40, 0x00, 0x80, 0x4c, 0x40, 0x0a, 0x81, 0x2a, 0x40, 0x1e, 0x87,
  0x40, 0x40, 0x14, 0x90, 0x3e, 0x73, 0x00, 0x90, 0x4a, 0x73, 0x00, 0x91,
  0x28, 0x64, 0x00, 0x92, 0x45, 0x69, 0x00, 0x92, 0x40, 0x69, 0x00, 0x94,
  0x28, 0x6e, 0x00, 0x96, 0x56, 0x73, 0x00, 0x95, 0x3e, 0x78, 0x00, 0x97,
  0x43, 0x64, 0x00, 0x99, 0x24, 0x6e, 0x00, 0x99, 0x2c, 0x69, 0x00, 0x99,
  0x3b, 0x78, 0x0a, 0x89, 0x24, 0x40, 0x00, 0x89, 0x2c, 0x40, 0x00, 0x89,
  0x3b, 0x40, 0x81, 0x16, 0x84, 0x28, 0x40, 0x64, 0x81, 0x28, 0x40, 0x28,
  0x85, 0x3e, 0x40, 0x00, 0x86, 0x56, 0x40, 0x00, 0x80, 0x3e, 0x40, 0x00,
  0x80, 0x4a, 0x40, 0x14, 0x90, 0x3e, 0x5a, 0x00, 0x90, 0x4a, 0x5a, 0x00,
  0x95, 0x3e, 0x5f, 0x00, 0x96, 0x56, 0x5a, 0x0a, 0x91, 0x28, 0x5a, 0x00,
  0x99, 0x2c, 0x55, 0x0a, 0x89, 0x2c, 0x40, 0x50, 0x80, 0x3e, 0x40, 0x00,
  0x80, 0x4a, 0x40, 0x00, 0x86, 0x56, 0x40, 0x00, 0x85, 0x3e, 0x40, 0x0a,
  0x81, 0x28, 0x40, 0x32, 0x90, 0x40, 0x6e, 0x00, 0x90, 0x4c, 0x6e, 0x00,
  0x91, 0x25, 0x64, 0x00, 0x94, 0x25, 0x6e, 0x00, 0x93, 0x39, 0x78, 0x00,
  0x93, 0x34, 0x78, 0x00, 0x96, 0x58, 0x6e, 0x00, 0x95, 0x40, 0x78, 0x00,
  0x99, 0x2c, 0x69, 0x00, 0x99, 0x26, 0x6e, 0x00, 0x99, 0x39, 0x64, 0x00,
  0x99, 0x36, 0x64, 0x0a, 0x89, 0x2c, 0x40, 0x00, 0x89, 0x36, 0x40, 0x00,
  0x89, 0x26, 0x40, 0x00, 0x89, 0x39, 0x40, 0x5a, 0x83, 0x34, 0x40, 0x00,
  0x83, 0x39, 0x40, 0x14, 0x82, 0x40, 0x40, 0x00, 0x82, 0x45, 0x40, 0x28,
  0x84, 0x25, 0x40, 0x64, 0x81, 0x25, 0x40, 0x14, 0x80, 0x40, 0x40, 0x00,
  0x80, 0x4c, 0x40, 0x00, 0x86, 0x58, 0x40, 0x00, 0x85, 0x40, 0x40, 0x14,
  0x87, 0x43, 0x40, 0x14, 0x90, 0x40, 0x5a, 0x00, 0x90, 0x4c, 0x5a, 0x00,
  0x95, 0x40, 0x5f, 0x00, 0x96, 0x58, 0x5a, 0x0a, 0x91, 0x25, 0x5a, 0x00,
  0x99, 0x2c, 0x55, 0x0a, 0x89, 0x2c, 0x40, 0x50, 0x85, 0x40, 0x40, 0x00,
  0x80, 0x4c, 0x40, 0x00, 0x86, 0x58, 0x40, 0x00, 0x80, 0x40, 0x40, 0x0a,
  0x81, 0x25, 0x40, 0x32, 0x90, 0x3e, 0x6e, 0x00, 0x90, 0x4a, 0x6e, 0x00,
  0x91, 0x26, 0x64, 0x00, 0x92, 0x3e, 0x69, 0x00, 0x92, 0x42, 0x69, 0x00,
  0x93, 0x36, 0x6e, 0x00, 0x93, 0x32, 0x6e, 0x00, 0x94, 0x26, 0x6e, 0x00,
  0x96, 0x56, 0x78, 0x00, 0x95, 0x3e, 0x7d, 0x00, 0x97, 0x39, 0x64, 0x00,
  0x99, 0x2c, 0x69, 0x00, 0x99, 0x26, 0x6e, 0x00, 0x99, 0x36, 0x64, 0x00,
  0x99, 0x31, 0x64, 0x0a, 0x89, 0x2c, 0x40, 0x00, 0x89, 0x31, 0x40, 0x00,
  0x89, 0x26, 0x40, 0x00, 0x89, 0x36, 0x40, 0x81, 0x02, 0x87, 0x39, 0x40,
  0x14, 0x84, 0x26, 0x40, 0x00, 0x97, 0x3e, 0x64, 0x64, 0x81, 0x26, 0x40,
  0x28, 0x87, 0x3e, 0x40, 0x14, 0x97, 0x42, 0x64, 0x00, 0x99, 0x24, 0x6e,
  0x0a, 0x89, 0x24, 0x40, 0x00, 0x91, 0x32, 0x5a, 0x00, 0x99, 0x2c, 0x55,
  0x0a, 0x89, 0x2c, 0x40, 0x5a, 0x81, 0x32, 0x40, 0x1e, 0x87, 0x42, 0x40,
  0x14, 0x91, 0x26, 0x64, 0x00, 0x94, 0x26, 0x6e, 0x00, 0x97, 0x45, 0x64,
  0x00, 0x99, 0x2c, 0x69, 0x00, 0x99, 0x26, 0x6e, 0x00, 0x99, 0x31, 0x5a,
  0x00, 0x99, 0x36, 0x64, 0x0a, 0x89, 0x2c, 0x40, 0x00, 0x89, 0x36, 0x40,
  0x00, 0x89, 0x26, 0x40, 0x00, 0x89, 0x31, 0x40, 0x81, 0x02, 0x87, 0x45,
  0x40, 0x14, 0x84, 0x26, 0x40, 0x00, 0x97, 0x42, 0x64, 0x64, 0x81, 0x26,
  0x40, 0x28, 0x87, 0x42, 0x40, 0x14, 0x97, 0x3e, 0x64, 0x00, 0x99, 0x24,
  0x6e, 0x0a, 0x89, 0x24, 0x40, 0x00, 0x91, 0x25, 0x5a, 0x00, 0x99, 0x2c,
  0x55, 0x0a, 0x89, 0x2c, 0x40, 0x3c, 0x82, 0x3e, 0x40, 0x00, 0x85, 0x3e,
  0x40, 0x00, 0x86, 0x56, 0x40, 0x00, 0x82, 0x42, 0x40, 0x00, 0x83, 0x32,
  0x40, 0x00, 0x83, 0x36, 0x40, 0x1e, 0x81, 0x25, 0x40, 0x1e, 0x80, 0x4a,
  0x40, 0x00, 0x80, 0x3e, 0x40, 0x00, 0x87, 0x3e, 0x40, 0x14, 0x90, 0x3b,
  0x6e, 0x00, 0x90, 0x47, 0x6e, 0x00, 0x91, 0x23, 0x64, 0x00, 0x92, 0x3b,
  0x69, 0x00, 0x92, 0x3e, 0x69, 0x00, 0x94, 0x23, 0x6e, 0x00, 0x93, 0x32,
  0x6e, 0x00, 0x93, 0x37, 0x6e, 0x00, 0x97, 0x37, 0x64, 0x00, 0x95, 0x3b,
  0x73, 0x00, 0x96, 0x53, 0x6e, 0x00, 0x99, 0x2c, 0x69, 0x00, 0x99, 0x26,
  0x6e, 0x00, 0x99, 0x36, 0x64, 0x00, 0x99, 0x39, 0x64, 0x0a, 0x89, 0x2c,
  0x40, 0x00, 0x89, 0x39, 0x40, 0x00, 0x89, 0x26, 0x40, 0x00, 0x89, 0x36,
  0x40, 0x81, 0x02, 0x87, 0x37, 0x40, 0x14, 0x84, 0x23, 0x40, 0x00, 0x97,
  0x3b, 0x64, 0x64, 0x81, 0x23, 0x40, 0x28, 0x87, 0x3b, 0x40, 0x14, 0x97,
  0x3e, 0x64, 0x0a, 0x91, 0x2f, 0x5a, 0x00, 0x99, 0x2c, 0x55, 0x0a, 0x89,
  0x2c, 0x40, 0x5a, 0x81, 0x2f, 0x40, 0x1e, 0x87, 0x3e, 0x40, 0x14, 0x91,
  0x23, 0x64, 0x00, 0x94, 0x23, 0x6e, 0x00, 0x97, 0x47, 0x64, 0x00, 0x99,
  0x2c, 0x69, 0x00, 0x99, 0x36, 0x64, 0x0a, 0x89, 0x2c, 0x40, 0x00, 0x89,
  0x36, 0x40, 0x81, 0x02, 0x87, 0x47, 0x40, 0x14, 0x84, 0x23, 0x40, 0x00,
  0x97, 0x43, 0x64, 0x64, 0x85, 0x3b, 0x40, 0x00, 0x81, 0x23, 0x40, 0x00,
  0x86, 0x53, 0x40, 0x14, 0x83, 0x37, 0x40, 0x00, 0x83, 0x32, 0x40, 0x00,
  0x82, 0x3b, 0x40, 0x00, 0x82, 0x3e, 0x40, 0x14, 0x80, 0x47, 0x40, 0x00,
  0x87, 0x43, 0x40, 0x00, 0x80, 0x3b, 0x40, 0x14, 0x90, 0x3e, 0x73, 0x00,
  0x90, 0x4a, 0x73, 0x00, 0x92, 0x3e, 0x69, 0x00, 0x92, 0x42, 0x69, 0x00,
  0x93, 0x32, 0x6e, 0x00, 0x93, 0x39, 0x6e, 0x00, 0x97, 0x3e, 0x64, 0x00,
  0x96, 0x56, 0x73, 0x00, 0x95, 0x3e, 0x78, 0x00, 0x99, 0x39, 0x5a, 0x00,
  0x99, 0x26, 0x6e, 0x0a, 0x89, 0x39, 0x40, 0x00, 0x89, 0x26, 0x40, 0x00,
  0x91, 0x26, 0x5a, 0x00, 0x99, 0x2c, 0x55, 0x0a, 0x89, 0x2c, 0x40, 0x50,
  0x80, 0x3e, 0x40, 0x00, 0x83, 0x32, 0x40, 0x00, 0x85, 0x3e, 0x40, 0x00,
  0x82, 0x42, 0x40, 0x00, 0x86, 0x56, 0x40, 0x00, 0x83, 0x39, 0x40, 0x00,
  0x80, 0x4a, 0x40, 0x00, 0x82, 0x3e, 0x40, 0x0a, 0x81, 0x26, 0x40, 0x1e,
  0x87, 0x3e, 0x40, 0x14, 0x94, 0x26, 0x6e, 0x00, 0x97, 0x39, 0x64, 0x00,
  0x97, 0x3e, 0x64, 0x00, 0x99, 0x2c, 0x69, 0x0a, 0x89, 0x2c, 0x40, 0x81,
  0x02, 0x87, 0x39, 0x40, 0x00, 0x87, 0x3e, 0x40, 0x14, 0x84, 0x26, 0x40,
  0x81, 0x20, 0x90, 0x3e, 0x6e, 0x00, 0x90, 0x4a, 0x6e, 0x00, 0x92, 0x3e,
  0x69, 0x00, 0x92, 0x42, 0x69, 0x00, 0x93, 0x32, 0x6e, 0x00, 0x93, 0x36,
  0x6e, 0x00, 0x99, 0x24, 0x6e, 0x00, 0x95, 0x3e, 0x78, 0x00, 0x96, 0x56,
  0x73, 0x00, 0x99, 0x31, 0x64, 0x00, 0x99, 0x36, 0x64, 0x00, 0x9a, 0x54,
  0x73, 0x0a, 0x89, 0x24, 0x40, 0x00, 0x89, 0x31, 0x40, 0x00, 0x89, 0x36,
  0x40, 0x00, 0x8a, 0x54, 0x40, 0x00, 0x91, 0x26, 0x5a, 0x00, 0x99, 0x2c,
  0x55, 0x0a, 0x89, 0x2c, 0x40, 0x5a, 0x81, 0x26, 0x40, 0x32, 0x91, 0x26,
  0x64, 0x00, 0x94, 0x26, 0x6e, 0x00, 0x97, 0x39, 0x64, 0x00, 0x97, 0x3e,
  0x64, 0x00, 0x99, 0x2c, 0x69, 0x00, 0x99, 0x26, 0x6e, 0x00, 0x99, 0x36,
  0x50, 0x0a, 0x89, 0x2c, 0x40, 0x00, 0x89, 0x26, 0x40, 0x00, 0x89, 0x36,
  0x40, 0x6e, 0x82, 0x3e, 0x40, 0x00, 0x82, 0x42, 0x40, 0x14, 0x80, 0x4a,
  0x40, 0x00, 0x83, 0x36, 0x40, 0x00, 0x80, 0x3e, 0x40, 0x00, 0x83, 0x32,
  0x40, 0x14, 0x84, 0x26, 0x40, 0x00, 0x90, 0x3e, 0x50, 0x00, 0x90, 0x4a,
  0x50, 0x00, 0x92, 0x3e, 0x69, 0x00, 0x92, 0x43, 0x69, 0x3c, 0x86, 0x56,
  0x40, 0x00, 0x85, 0x3e, 0x40, 0x28, 0x81, 0x26, 0x40, 0x00, 0x80, 0x4a,
  0x40, 0x00, 0x80, 0x3e, 0x40, 0x3c, 0x90, 0x3e, 0x6e, 0x00, 0x90, 0x4a,
  0x6e, 0x00, 0x93, 0x37, 0x6e, 0x00, 0x93, 0x32, 0x6e, 0x00, 0x99, 0x24,
  0x6e, 0x00, 0x96, 0x56, 0x6e, 0x00, 0x95, 0x3e, 0x73, 0x00, 0x9a, 0x4c,
  0x73, 0x0a, 0x89, 0x24, 0x40, 0x00, 0x8a, 0x4c, 0x40, 0x00, 0x91, 0x26,
  0x5a, 0x00, 0x99, 0x2c, 0x55, 0x0a, 0x89, 0x2c, 0x40, 0x3c, 0x87, 0x3e,
  0x40, 0x00, 0x87, 0x39, 0x40, 0x14, 0x85, 0x3e, 0x40, 0x00, 0x86, 0x56,
  0x40, 0x0a, 0x81, 0x26, 0x40, 0x0a, 0x83, 0x37, 0x40, 0x00, 0x80, 0x4a,
  0x40, 0x00, 0x80, 0x3e, 0x40, 0x00, 0x82, 0x43, 0x40, 0x00, 0x83, 0x32,
  0x40, 0x00, 0x82, 0x3e, 0x40, 0x28, 0x90, 0x40, 0x6e, 0x00, 0x90, 0x4c,
  0x6e, 0x00, 0x91, 0x25, 0x64, 0x00, 0x92, 0x40, 0x69, 0x00, 0x92, 0x45,
  0x69, 0x00, 0x93, 0x34, 0x6e, 0x00, 0x93, 0x39, 0x6e, 0x00, 0x94, 0x25,
  0x6e, 0x00, 0x95, 0x40, 0x73, 0x00, 0x96, 0x58, 0x6e, 0x00, 0x97, 0x39,
  0x64, 0x00, 0x97, 0x40, 0x64, 0x00, 0x99, 0x2c, 0x69, 0x00, 0x9a, 0x54,
  0x73, 0x00, 0x99, 0x36, 0x50, 0x00, 0x99, 0x32, 0x78, 0x0a, 0x89, 0x2c,
  0x40, 0x00, 0x89, 0x32, 0x40, 0x00, 0x8a, 0x54, 0x40, 0x00, 0x89, 0x36,
  0x40, 0x81, 0x16, 0x84, 0x25, 0x40, 0x00, 0x99, 0x30, 0x6e, 0x0a, 0x89,
  0x30, 0x40, 0x6e, 0x80, 0x40, 0x40, 0x00, 0x80, 0x4c, 0x40, 0x00, 0x82,
  0x45, 0x40, 0x00, 0x82, 0x40, 0x40, 0x28, 0x90, 0x40, 0x5a, 0x00, 0x90,
  0x4c, 0x5a, 0x00, 0x99, 0x30, 0x64, 0x0a, 0x89, 0x30, 0x40, 0x00, 0x99,
  0x2c, 0x55, 0x0a, 0x89, 0x2c, 0x40, 0x14, 0x85, 0x40, 0x40, 0x28, 0x87,
  0x40, 0x40, 0x00, 0x87, 0x39, 0x40, 0x00, 0x83, 0x39, 0x40, 0x00, 0x83,
  0x34, 0x40, 0x00, 0x81, 0x25, 0x40, 0x14, 0x86, 0x58, 0x40, 0x00, 0x80,
  0x4c, 0x40, 0x00, 0x80, 0x40, 0x40, 0x3c, 0x90, 0x41, 0x73, 0x00, 0x90,
  0x4d, 0x73, 0x00, 0x92, 0x41, 0x69, 0x00, 0x92, 0x46, 0x69, 0x00, 0x91,
  0x22, 0x64, 0x00, 0x94, 0x22, 0x6e, 0x00, 0x93, 0x35, 0x6e, 0x00, 0x93,
  0x3a, 0x6e, 0x00, 0x97, 0x3a, 0x64, 0x00, 0x97, 0x41, 0x64, 0x00, 0x96,
  0x59, 0x78, 0x00, 0x95, 0x41, 0x7d, 0x00, 0x99, 0x2c, 0x69, 0x00, 0x99,
  0x30, 0x6e, 0x00, 0x99, 0x36, 0x50, 0x00, 0x9a, 0x54, 0x73, 0x0a, 0x89,
  0x2c, 0x40, 0x00, 0x8a, 0x54, 0x40, 0x00, 0x89, 0x30, 0x40, 0x00, 0x89,
  0x36, 0x40, 0x81, 0x16, 0x84, 0x22, 0x40, 0x00, 0x99, 0x2f, 0x6e, 0x0a,
  0x89, 0x2f, 0x40, 0x81, 0x16, 0x99, 0x2b, 0x6e, 0x0a, 0x89, 0x2b, 0x40,
  0x00, 0x99, 0x2c, 0x55, 0x0a, 0x89, 0x2c, 0x40, 0x3c, 0x82, 0x46, 0x40,
  0x00, 0x87, 0x3a, 0x40, 0x00, 0x81, 0x22, 0x40, 0x00, 0x87, 0x41, 0x40,
  0x00, 0x82, 0x41, 0x40, 0x00, 0x83, 0x35, 0x40, 0x00, 0x83, 0x3a, 0x40,
  0x14, 0x86, 0x59, 0x40, 0x00, 0x85, 0x41, 0x40, 0x28, 0x80, 0x4d, 0x40,
  0x00, 0x80, 0x41, 0x40, 0x14, 0xb2, 0x0b, 0x7f, 0x00, 0x94, 0x23, 0x64,
  0x00, 0x91, 0x23, 0x64, 0x00, 0x96, 0x4a, 0x64, 0x00, 0x96, 0x4e, 0x64,
  0x00, 0x97, 0x4a, 0x50, 0x00, 0x97, 0x47, 0x50, 0x00, 0x97, 0x42, 0x50,
  0x00, 0x99, 0x24, 0x64, 0x00, 0x99, 0x2c, 0x69, 0x00, 0x99, 0x3b, 0x78,
  0x00, 0x9a, 0x54, 0x73, 0x0a, 0x89, 0x24, 0x40, 0x00, 0x8a, 0x54, 0x40,
  0x00, 0x89, 0x2c, 0x40, 0x00, 0x89, 0x3b, 0x40, 0x5a, 0x86, 0x4e, 0x40,
  0x00, 0x86, 0x4a, 0x40, 0x50, 0x84, 0x23, 0x40, 0x81, 0x0c, 0xe5, 0x28,
  0x3b, 0x00, 0x95, 0x3b, 0x64, 0x00, 0x95, 0x3e, 0x64, 0x00, 0x95, 0x42,
  0x78, 0x00, 0x96, 0x4a, 0x46, 0x00, 0x96, 0x4e, 0x46, 0x0a, 0x99, 0x2c,
  0x55, 0x0a, 0x89, 0x2c, 0x40, 0x28, 0xe5, 0x54, 0x3d, 0x28, 0x81, 0x23,
  0x40, 0x00, 0x86, 0x4e, 0x40, 0x00, 0x86, 0x4a, 0x40, 0x14, 0xe5, 0x00,
  0x40, 0x28, 0x96, 0x4e, 0x64, 0x00, 0x96, 0x4a, 0x64, 0x00, 0x91, 0x25,
  0x64, 0x00, 0x94, 0x25, 0x64, 0x00, 0x99, 0x2c, 0x69, 0x00, 0x99, 0x26,
  0x6e, 0x00, 0x9a, 0x4c, 0x73, 0x00, 0x99, 0x3b, 0x78, 0x0a, 0x89, 0x2c,
  0x40, 0x00, 0x89, 0x26, 0x40, 0x00, 0x8a, 0x4c, 0x40, 0x00, 0x89, 0x3b,
  0x40, 0x5a, 0x86, 0x4e, 0x40, 0x00, 0x86, 0x4a, 0x40, 0x50, 0x84, 0x25,
  0x40, 0x81, 0x0c, 0x96, 0x4e, 0x46, 0x00, 0x96, 0x4a, 0x46, 0x00, 0x99,
  0x24, 0x64, 0x0a, 0x89, 0x24, 0x40, 0x00, 0x99, 0x2c, 0x55, 0x0a, 0x89,
  0x2c, 0x40, 0x50, 0x85, 0x3b, 0x40, 0x00, 0x81, 0x25, 0x40, 0x00, 0x86,
  0x4a, 0x40, 0x00, 0x85, 0x42, 0x40, 0x00, 0x86, 0x4e, 0x40, 0x00, 0x85,
  0x3e, 0x40, 0x3c, 0x91, 0x26, 0x64, 0x00, 0x94, 0x26, 0x64, 0x00, 0x99,
  0x24, 0x64, 0x00, 0x96, 0x4e, 0x64, 0x00, 0x96, 0x4a, 0x64, 0x00, 0x95,
  0x36, 0x64, 0x00, 0x95, 0x3b, 0x64, 0x00, 0x95, 0x3e, 0x78, 0x00, 0x99,
  0x2c, 0x69, 0x00, 0x99, 0x3b, 0x78, 0x00, 0x9a, 0x54, 0x73, 0x0a, 0x89,
  0x24, 0x40, 0x00, 0x89, 0x2c, 0x40, 0x00, 0x89, 0x3b, 0x40, 0x00, 0x8a,
  0x54, 0x40, 0x5a, 0x86, 0x4a, 0x40, 0x00, 0x86, 0x4e, 0x40, 0x50, 0x84,
  0x26, 0x40, 0x3c, 0x85, 0x3e, 0x40, 0x00, 0x85, 0x36, 0x40, 0x00, 0x85,
  0x3b, 0x40, 0x50, 0x96, 0x4a, 0x46, 0x00, 0x96, 0x4e, 0x46, 0x0a, 0x99,
  0x2c, 0x55, 0x0a, 0x89, 0x2c, 0x40, 0x50, 0x86, 0x4e, 0x40, 0x00, 0x86,
  0x4a, 0x40, 0x00, 0x81, 0x26, 0x40, 0x3c, 0x91, 0x27, 0x64, 0x00, 0x94,
  0x27, 0x64, 0x00, 0x96, 0x4e, 0x64, 0x00, 0x96, 0x4a, 0x64, 0x00, 0x95,
  0x3b, 0x64, 0x00, 0x95, 0x3e, 0x64, 0x00, 0x95, 0x42, 0x78, 0x00, 0x99,
  0x2c, 0x69, 0x00, 0x99, 0x26, 0x6e, 0x00, 0x9a, 0x4c, 0x73, 0x00, 0x99,
  0x3b, 0x78, 0x0a, 0x89, 0x2c, 0x40, 0x00, 0x89, 0x26, 0x40, 0x00, 0x8a,
  0x4c, 0x40, 0x00, 0x89, 0x3b, 0x40, 0x5a, 0x86, 0x4e, 0x40, 0x00, 0x86,
  0x4a, 0x40, 0x50, 0x84, 0x27, 0x40, 0x78, 0x85, 0x42, 0x40, 0x00, 0x85,
  0x3e, 0x40, 0x00, 0x85, 0x3b, 0x40, 0x14, 0x96, 0x4e, 0x46, 0x00, 0x96,
  0x4a, 0x46, 0x0a, 0x99, 0x2c, 0x55, 0x0a, 0x89, 0x2c, 0x40, 0x50, 0x87,
  0x47, 0x40, 0x00, 0x86, 0x4a, 0x40, 0x00, 0x86, 0x4e, 0x40, 0x00, 0x81,
  0x27, 0x40, 0x00, 0x87, 0x4a, 0x40, 0x00, 0x87, 0x42, 0x40, 0x3c, 0x91,
  0x28, 0x64, 0x00, 0x94, 0x28, 0x64, 0x00, 0x96, 0x53, 0x64, 0x00, 0x96,
  0x56, 0x64, 0x00, 0x95, 0x3b, 0x64, 0x00, 0x95, 0x40, 0x64, 0x00, 0x95,
  0x44, 0x78, 0x00, 0x99, 0x24, 0x64, 0x00, 0x97, 0x4c, 0x50, 0x00, 0x97,
  0x47, 0x50, 0x00, 0x97, 0x44, 0x50, 0x00, 0x99, 0x2c, 0x69, 0x00, 0x99,
  0x3b, 0x78, 0x00, 0x9a, 0x54, 0x73, 0x0a, 0x89, 0x24, 0x40, 0x00, 0x89,
  0x2c, 0x40, 0x00, 0x89, 0x3b, 0x40, 0x00, 0x8a, 0x54, 0x40, 0x5a, 0x86,
  0x53, 0x40, 0x00, 0x86, 0x56, 0x40, 0x0a, 0x85, 0x3b, 0x40, 0x00, 0x85,
  0x44, 0x40, 0x00, 0x85, 0x40, 0x40, 0x46, 0x84, 0x28, 0x40, 0x81, 0x0c,
  0x95, 0x3b, 0x64, 0x00, 0x95, 0x3e, 0x64, 0x00, 0x95, 0x44, 0x78, 0x00,
  0x96, 0x53, 0x46, 0x00, 0x96, 0x56, 0x46, 0x0a, 0x99, 0x2c, 0x55, 0x0a,
  0x89, 0x2c, 0x40, 0x50, 0x81, 0x28, 0x40, 0x00, 0x86, 0x56, 0x40, 0x00,
  0x86, 0x53, 0x40, 0x3c, 0x91, 0x2a, 0x64, 0x00, 0x94, 0x2a, 0x64, 0x00,
  0x96, 0x56, 0x64, 0x00, 0x96, 0x53, 0x64, 0x00, 0x99, 0x2c, 0x69, 0x00,
  0x99, 0x26, 0x6e, 0x00, 0x9a, 0x4c, 0x73, 0x00, 0x99, 0x3b, 0x78, 0x0a,
  0x89, 0x2c, 0x40, 0x00, 0x89, 0x26, 0x40, 0x00, 0x8a, 0x4c, 0x40, 0x00,
  0x89, 0x3b, 0x40, 0x5a, 0x86, 0x56, 0x40, 0x00, 0x86, 0x53, 0x40, 0x50,
  0x84, 0x2a, 0x40, 0x50, 0x85, 0x3b, 0x40, 0x00, 0x85, 0x44, 0x40, 0x00,
  0x85, 0x3e, 0x40, 0x3c, 0x96, 0x56, 0x46, 0x00, 0x96, 0x53, 0x46, 0x00,
  0x95, 0x38, 0x64, 0x00, 0x95, 0x3e, 0x64, 0x00, 0x95, 0x40, 0x78, 0x00,
  0x99, 0x24, 0x64, 0x0a, 0x89, 0x24, 0x40, 0x00, 0x99, 0x2c, 0x55, 0x0a,
  0x89, 0x2c, 0x40, 0x50, 0x86, 0x56, 0x40, 0x00, 0x81, 0x2a, 0x40, 0x00,
  0x85, 0x40, 0x40, 0x00, 0x85, 0x38, 0x40, 0x00, 0x85, 0x3e, 0x40, 0x00,
  0x86, 0x53, 0x40, 0x3c, 0x91, 0x2b, 0x64, 0x00, 0x94, 0x2b, 0x64, 0x00,
  0x99, 0x24, 0x64, 0x00, 0x95, 0x3b, 0x64, 0x00, 0x95, 0x3e, 0x64, 0x00,
  0x95, 0x44, 0x78, 0x00, 0x96, 0x56, 0x64, 0x00, 0x96, 0x53, 0x64, 0x00,
  0x99, 0x2c, 0x69, 0x00, 0x99, 0x3b, 0x78, 0x00, 0x9a, 0x54, 0x73, 0x0a,
  0x89, 0x24, 0x40, 0x00, 0x89, 0x2c, 0x40, 0x00, 0x89, 0x3b, 0x40, 0x00,
  0x8a, 0x54, 0x40, 0x5a, 0x86, 0x56, 0x40, 0x00, 0x86, 0x53, 0x40, 0x50,
  0x84, 0x2b, 0x40, 0x3c, 0x85, 0x44, 0x40, 0x00, 0x85, 0x3e, 0x40, 0x00,
  0x85, 0x3b, 0x40, 0x50, 0x96, 0x53, 0x46, 0x00, 0x96, 0x56, 0x46, 0x00,
  0x95, 0x3e, 0x64, 0x00, 0x95, 0x44, 0x64, 0x00, 0x95, 0x47, 0x78, 0x0a,
  0x99, 0x2c, 0x55, 0x0a, 0x89, 0x2c, 0x40, 0x50, 0x81, 0x2b, 0x40, 0x00,
  0x86, 0x53, 0x40, 0x00, 0x86, 0x56, 0x40, 0x3c, 0x91, 0x2c, 0x64, 0x00,
  0x94, 0x2c, 0x64, 0x00, 0x96, 0x56, 0x64, 0x00, 0x96, 0x53, 0x64, 0x00,
  0x99, 0x2c, 0x69, 0x00, 0x99, 0x26, 0x6e, 0x00, 0x9a, 0x4c, 0x73, 0x00,
  0x99, 0x3b, 0x78, 0x0a, 0x89, 0x2c, 0x40, 0x00, 0x89, 0x26, 0x40, 0x00,
  0x8a, 0x4c, 0x40, 0x00, 0x89, 0x3b, 0x40, 0x5a, 0x86, 0x56, 0x40, 0x00,
  0x86, 0x53, 0x40, 0x50, 0x84, 0x2c, 0x40, 0x50, 0x85, 0x44, 0x40, 0x00,
  0x85, 0x47, 0x40, 0x00, 0x85, 0x3e, 0x40, 0x3c, 0x96, 0x56, 0x46, 0x00,
  0x96, 0x53, 0x46, 0x00, 0x95, 0x40, 0x64, 0x00, 0x95, 0x44, 0x64, 0x00,
  0x95, 0x4a, 0x78, 0x0a, 0x99, 0x2c, 0x55, 0x0a, 0x89, 0x2c, 0x40, 0x3c,
  0x85, 0x40, 0x40, 0x00, 0x85, 0x4a, 0x40, 0x00, 0x85, 0x44, 0x40, 0x14,
  0x87, 0x4c, 0x40, 0x00, 0x86, 0x53, 0x40, 0x00, 0x81, 0x2c, 0x40, 0x00,
  0x86, 0x56, 0x40, 0x00, 0x87, 0x44, 0x40, 0x00, 0x87, 0x47, 0x40, 0x3c,
  0x91, 0x2d, 0x64, 0x00, 0x94, 0x2d, 0x64, 0x00, 0x96, 0x49, 0x64, 0x00,
  0x96, 0x4f, 0x64, 0x00, 0x99, 0x24, 0x64, 0x00, 0x97, 0x45, 0x50, 0x00,
  0x97, 0x49, 0x50, 0x00, 0x97, 0x4c, 0x50, 0x00, 0x99, 0x2c, 0x69, 0x00,
  0x99, 0x3b, 0x78, 0x00, 0x9a, 0x54, 0x73, 0x0a, 0x89, 0x24, 0x40, 0x00,
  0x8a, 0x54, 0x40, 0x00, 0x89, 0x2c, 0x40, 0x00, 0x89, 0x3b, 0x40, 0x5a,
  0x86, 0x49, 0x40, 0x00, 0x86, 0x4f, 0x40, 0x50, 0x84, 0x2d, 0x40, 0x81,
  0x0c, 0x96, 0x49, 0x46, 0x00, 0x96, 0x4f, 0x46, 0x0a, 0x99, 0x2c, 0x55,
  0x0a, 0x89, 0x2c, 0x40, 0x50, 0x86, 0x4f, 0x40, 0x00, 0x86, 0x49, 0x40,
  0x00, 0x81, 0x2d, 0x40, 0x32, 0xe5, 0x28, 0x3b, 0x0a, 0x95, 0x40, 0x64,
  0x00, 0x95, 0x43, 0x64, 0x00, 0x95, 0x49, 0x78, 0x00, 0x96, 0x4f, 0x64,
  0x00, 0x96, 0x49, 0x64, 0x00, 0x91, 0x2b, 0x64, 0x00, 0x94, 0x2b, 0x64,
  0x00, 0x99, 0x2c, 0x69, 0x00, 0x99, 0x26, 0x6e, 0x00, 0x9a, 0x4c, 0x73,
  0x00, 0x99, 0x3b, 0x78, 0x0a, 0x89, 0x2c, 0x40, 0x00, 0x89, 0x26, 0x40,
  0x00, 0x8a, 0x4c, 0x40, 0x00, 0x89, 0x3b, 0x40, 0x32, 0xe5, 0x54, 0x3d,
  0x28, 0x86, 0x4f, 0x40, 0x00, 0x86, 0x49, 0x40, 0x14, 0xe5, 0x00, 0x40,
  0x3c, 0x84, 0x2b, 0x40, 0x81, 0x0c, 0x96, 0x4f, 0x46, 0x00, 0x96, 0x49,
  0x46, 0x00, 0x99, 0x24, 0x64, 0x0a, 0x89, 0x24, 0x40, 0x00, 0x99, 0x2c,
  0x55, 0x0a, 0x89, 0x2c, 0x40, 0x3c, 0x85, 0x43, 0x40, 0x00, 0x85, 0x49,
  0x40, 0x00, 0x85, 0x40, 0x40, 0x14, 0x81, 0x2b, 0x40, 0x00, 0x86, 0x49,
  0x40, 0x00, 0x86, 0x4f, 0x40, 0x3c, 0x91, 0x2a, 0x64, 0x00, 0x94, 0x2a,
  0x64, 0x00, 0x99, 0x24, 0x64, 0x00, 0x96, 0x4f, 0x64, 0x00, 0x96, 0x49,
  0x64, 0x00, 0x95, 0x3d, 0x64, 0x00, 0x95, 0x40, 0x64, 0x00, 0x95, 0x45,
  0x78, 0x00, 0x99, 0x2c, 0x69, 0x00, 0x99, 0x3b, 0x78, 0x00, 0x9a, 0x54,
  0x73, 0x0a, 0x89, 0x24, 0x40, 0x00, 0x89, 0x2c, 0x40, 0x00, 0x89, 0x3b,
  0x40, 0x00, 0x8a, 0x54, 0x40, 0x5a, 0x86, 0x49, 0x40, 0x00, 0x86, 0x4f,
  0x40, 0x50, 0x84, 0x2a, 0x40, 0x81, 0x0c, 0x96, 0x49, 0x46, 0x00, 0x96,
  0x4f, 0x46, 0x0a, 0x99, 0x2c, 0x55, 0x0a, 0x89, 0x2c, 0x40, 0x28, 0x85,
  0x40, 0x40, 0x00, 0x85, 0x45, 0x40, 0x00, 0x85, 0x3d, 0x40, 0x28, 0x86,
  0x49, 0x40, 0x00, 0x86, 0x4f, 0x40, 0x00, 0x81, 0x2a, 0x40, 0x3c, 0x91,
  0x28, 0x64, 0x00, 0x94, 0x28, 0x64, 0x00, 0x96, 0x4f, 0x64, 0x00, 0x96,
  0x49, 0x64, 0x00, 0x95, 0x39, 0x64, 0x00, 0x95, 0x3d, 0x64, 0x00, 0x95,
  0x40, 0x78, 0x00, 0x99, 0x2c, 0x69, 0x00, 0x99, 0x26, 0x6e, 0x00, 0x9a,
  0x4c, 0x73, 0x00, 0x99, 0x3b, 0x78, 0x0a, 0x89, 0x2c, 0x40, 0x00, 0x89,
  0x26, 0x40, 0x00, 0x8a, 0x4c, 0x40, 0x00, 0x89, 0x3b, 0x40, 0x5a, 0x86,
  0x4f, 0x40, 0x00, 0x86, 0x49, 0x40, 0x50, 0x84, 0x28, 0x40, 0x81, 0x0c,
  0x96, 0x4f, 0x46, 0x00, 0x96, 0x49, 0x46, 0x0a, 0x99, 0x2c, 0x55, 0x0a,
  0x89, 0x2c, 0x40, 0x3c, 0x85, 0x39, 0x40, 0x00, 0x85, 0x40, 0x40, 0x00,
  0x85, 0x3d, 0x40, 0x14, 0x87, 0x45, 0x40, 0x00, 0x87, 0x49, 0x40, 0x00,
  0x86, 0x49, 0x40, 0x00, 0x81, 0x28, 0x40, 0x00, 0x87, 0x4c, 0x40, 0x00,
  0x86, 0x4f, 0x40, 0x3c, 0x91, 0x26, 0x64, 0x00, 0x94, 0x26, 0x64, 0x00,
  0x96, 0x4e, 0x64, 0x00, 0x96, 0x51, 0x64, 0x00, 0x95, 0x39, 0x64, 0x00,
  0x95, 0x3e, 0x64, 0x00, 0x95, 0x42, 0x78, 0x00, 0x99, 0x24, 0x64, 0x00,
  0x97, 0x42, 0x50, 0x00, 0x97, 0x45, 0x50, 0x00, 0x97, 0x4a, 0x50, 0x00,
  0x99, 0x2c, 0x69, 0x00, 0x99, 0x3b, 0x78, 0x00, 0x9a, 0x54, 0x73, 0x0a,
  0x89, 0x24, 0x40, 0x00, 0x89, 0x2c, 0x40, 0x00, 0x89, 0x3b, 0x40, 0x00,
  0x8a, 0x54, 0x40, 0x5a, 0x86, 0x4e, 0x40, 0x00, 0x86, 0x51, 0x40, 0x50,
  0x84, 0x26, 0x40, 0x28, 0x85, 0x39, 0x40, 0x00, 0x85, 0x42, 0x40, 0x00,
  0x85, 0x3e, 0x40, 0x64, 0x95, 0x39, 0x64, 0x00, 0x95, 0x3e, 0x64, 0x00,
  0x95, 0x41, 0x78, 0x00, 0x96, 0x4e, 0x46, 0x00, 0x96, 0x51, 0x46, 0x0a,
  0x99, 0x2c, 0x55, 0x0a, 0x89, 0x2c, 0x40, 0x3c, 0x85, 0x39, 0x40, 0x00,
  0x85, 0x3e, 0x40, 0x00, 0x85, 0x41, 0x40, 0x14, 0x86, 0x4e, 0x40, 0x00,
  0x86, 0x51, 0x40, 0x00, 0x81, 0x26, 0x40, 0x3c, 0x91, 0x1f, 0x64, 0x00,
  0x94, 0x1f, 0x64, 0x00, 0x96, 0x51, 0x64, 0x00, 0x96, 0x4e, 0x64, 0x00,
  0x95, 0x39, 0x64, 0x00, 0x95, 0x3e, 0x64, 0x00, 0x95, 0x42, 0x78, 0x00,
  0x99, 0x2c, 0x69, 0x00, 0x99, 0x26, 0x6e, 0x00, 0x9a, 0x4c, 0x73, 0x00,
  0x99, 0x3b, 0x78, 0x0a, 0x89, 0x2c, 0x40, 0x00, 0x89, 0x26, 0x40, 0x00,
  0x8a, 0x4c, 0x40, 0x00, 0x89, 0x3b, 0x40, 0x5a, 0x86, 0x51, 0x40, 0x00,
  0x86, 0x4e, 0x40, 0x14, 0x85, 0x42, 0x40, 0x00, 0x85, 0x3e, 0x40, 0x00,
  0x85, 0x39, 0x40, 0x3c, 0x84, 0x1f, 0x40, 0x81, 0x02, 0xe5, 0x28, 0x3b,
  0x0a, 0x95, 0x42, 0x64, 0x00, 0x95, 0x45, 0x64, 0x00, 0x95, 0x49, 0x78,
  0x00, 0x96, 0x51, 0x46, 0x00, 0x96, 0x4e, 0x46, 0x00, 0x99, 0x24, 0x64,
  0x0a, 0x89, 0x24, 0x40, 0x00, 0x99, 0x2c, 0x55, 0x0a, 0x89, 0x2c, 0x40,
  0x3c, 0xe5, 0x54, 0x3d, 0x14, 0x86, 0x51, 0x40, 0x00, 0x81, 0x1f, 0x40,
  0x00, 0x86, 0x4e, 0x40, 0x28, 0xe5, 0x00, 0x40, 0x14, 0x96, 0x51, 0x64,
  0x00, 0x96, 0x4e, 0x64, 0x00, 0x99, 0x24, 0x64, 0x00, 0x91, 0x20, 0x64,
  0x00, 0x94, 0x20, 0x64, 0x00, 0x99, 0x2c, 0x69, 0x00, 0x99, 0x3b, 0x78,
  0x00, 0x9a, 0x54, 0x73, 0x0a, 0x89, 0x24, 0x40, 0x00, 0x89, 0x2c, 0x40,
  0x00, 0x89, 0x3b, 0x40, 0x00, 0x8a, 0x54, 0x40, 0x46, 0x84, 0x20, 0x40,
  0x14, 0x86, 0x4e, 0x40, 0x00, 0x86, 0x51, 0x40, 0x81, 0x5c, 0x96, 0x4e,
  0x46, 0x00, 0x96, 0x51, 0x46, 0x0a, 0x99, 0x2c, 0x55, 0x0a, 0x89, 0x2c,
  0x40, 0x50, 0x81, 0x20, 0x40, 0x00, 0x86, 0x51, 0x40, 0x00, 0x86, 0x4e,
  0x40, 0x3c, 0x91, 0x21, 0x64, 0x00, 0x94, 0x21, 0x64, 0x00, 0x96, 0x51,
  0x64, 0x00, 0x96, 0x4e, 0x64, 0x00, 0x99, 0x2c, 0x69, 0x00, 0x99, 0x26,
  0x6e, 0x00, 0x9a, 0x4c, 0x73, 0x00, 0x99, 0x3b, 0x78, 0x0a, 0x89, 0x2c,
  0x40, 0x00, 0x89, 0x26, 0x40, 0x00, 0x8a, 0x4c, 0x40, 0x00, 0x89, 0x3b,
  0x40, 0x5a, 0x86, 0x51, 0x40, 0x00, 0x86, 0x4e, 0x40, 0x3c, 0x99, 0x26,
  0x5a, 0x0a, 0x89, 0x26, 0x40, 0x0a, 0x84, 0x21, 0x40, 0x81, 0x0c, 0x96,
  0x51, 0x46, 0x00, 0x96, 0x4e, 0x46, 0x00, 0x99, 0x26, 0x64, 0x0a, 0x89,
  0x26, 0x40, 0x00, 0x99, 0x2c, 0x55, 0x0a, 0x89, 0x2c, 0x40, 0x3c, 0x85,
  0x49, 0x40, 0x00, 0x85, 0x42, 0x40, 0x00, 0x85, 0x45, 0x40, 0x14, 0x81,
  0x21, 0x40, 0x00, 0x87, 0x4a, 0x40, 0x00, 0x87, 0x42, 0x40, 0x00, 0x87,
  0x45, 0x40, 0x00, 0x86, 0x51, 0x40, 0x00, 0x86, 0x4e, 0x40, 0x3c, 0x91,
  0x1f, 0x64, 0x00, 0x94, 0x1f, 0x64, 0x00, 0x96, 0x53, 0x64, 0x00, 0x96,
  0x56, 0x64, 0x00, 0x99, 0x24, 0x64, 0x00, 0x97, 0x43, 0x50, 0x00, 0x97,
  0x47, 0x50, 0x00, 0x97, 0x4a, 0x50, 0x00, 0x99, 0x2c, 0x69, 0x00, 0x99,
  0x3b, 0x78, 0x00, 0x9a, 0x54, 0x73, 0x0a, 0x89, 0x24, 0x40, 0x00, 0x8a,
  0x54, 0x40, 0x00, 0x89, 0x2c, 0x40, 0x00, 0x89, 0x3b, 0x40, 0x5a, 0x86,
  0x53, 0x40, 0x00, 0x86, 0x56, 0x40, 0x50, 0x84, 0x1f, 0x40, 0x81, 0x0c,
  0x96, 0x53, 0x46, 0x00, 0x96, 0x56, 0x46, 0x0a, 0x99, 0x2c, 0x55, 0x0a,
  0x89, 0x2c, 0x40, 0x50, 0x86, 0x56, 0x40, 0x00, 0x86, 0x53, 0x40, 0x00,
  0x81, 0x1f, 0x40, 0x3c, 0x91, 0x26, 0x64, 0x00, 0x92, 0x47, 0x73, 0x00,
  0x92, 0x3b, 0x5f, 0x00, 0x94, 0x26, 0x64, 0x00, 0x93, 0x3b, 0x7d, 0x00,
  0x93, 0x37, 0x69, 0x00, 0x96, 0x56, 0x64, 0x00, 0x96, 0x53, 0x64, 0x00,
  0x95, 0x47, 0x69, 0x00, 0x95, 0x37, 0x69, 0x00, 0x99, 0x2c, 0x69, 0x00,
  0x99, 0x26, 0x6e, 0x00, 0x9a, 0x4c, 0x73, 0x00, 0x99, 0x3b, 0x78, 0x0a,
  0x89, 0x2c, 0x40, 0x00, 0x8a, 0x4c, 0x40, 0x00, 0x89, 0x3b, 0x40, 0x00,
  0x89, 0x26, 0x40, 0x5a, 0x86, 0x53, 0x40, 0x00, 0x86, 0x56, 0x40, 0x50,
  0x84, 0x26, 0x40, 0x81, 0x0c, 0x96, 0x56, 0x46, 0x00, 0x96, 0x53, 0x46,
  0x00, 0x99, 0x24, 0x64, 0x0a, 0x89, 0x24, 0x40, 0x00, 0x99, 0x2c, 0x55,
  0x0a, 0x89, 0x2c, 0x40, 0x3c, 0x85, 0x37, 0x40, 0x00, 0x83, 0x37, 0x40,
  0x00, 0x82, 0x3b, 0x40, 0x00, 0x85, 0x47, 0x40, 0x00, 0x83, 0x3b, 0x40,
  0x00, 0x82, 0x47, 0x40, 0x14, 0x86, 0x56, 0x40, 0x00, 0x81, 0x26, 0x40,
  0x00, 0x86, 0x53, 0x40, 0x3c, 0x92, 0x3d, 0x5f, 0x00, 0x92, 0x49, 0x73,
  0x00, 0x91, 0x2b, 0x64, 0x00, 0x93, 0x39, 0x69, 0x00, 0x93, 0x3d, 0x7d,
  0x00, 0x94, 0x2b, 0x64, 0x00, 0x99, 0x24, 0x64, 0x00, 0x96, 0x56, 0x64,
  0x00, 0x96, 0x53, 0x64, 0x00, 0x95, 0x39, 0x69, 0x00, 0x95, 0x49, 0x69,
  0x00, 0x99, 0x2c, 0x69, 0x00, 0x99, 0x3b, 0x78, 0x00, 0x9a, 0x54, 0x73,
  0x0a, 0x89, 0x24, 0x40, 0x00, 0x89, 0x3b, 0x40, 0x00, 0x8a, 0x54, 0x40,
  0x00, 0x89, 0x2c, 0x40, 0x5a, 0x83, 0x3d, 0x40, 0x00, 0x85, 0x39, 0x40,
  0x00, 0x82, 0x3d, 0x40, 0x00, 0x82, 0x49, 0x40, 0x00, 0x86, 0x56, 0x40,
  0x00, 0x85, 0x49, 0x40, 0x00, 0x86, 0x53, 0x40, 0x00, 0x83, 0x39, 0x40,
  0x50, 0x84, 0x2b, 0x40, 0x81, 0x0c, 0x92, 0x3e, 0x5f, 0x00, 0x92, 0x4a,
  0x73, 0x00, 0x93, 0x3b, 0x69, 0x00, 0x93, 0x3e, 0x7d, 0x00, 0x95, 0x3b,
  0x69, 0x00, 0x95, 0x4a, 0x69, 0x00, 0x96, 0x53, 0x46, 0x00, 0x96, 0x56,
  0x46, 0x0a, 0x99, 0x2c, 0x55, 0x0a, 0x89, 0x2c, 0x40, 0x50, 0x86, 0x53,
  0x40, 0x00, 0x81, 0x2b, 0x40, 0x00, 0x86, 0x56, 0x40, 0x3c, 0x91, 0x26,
  0x64, 0x00, 0x94, 0x26, 0x64, 0x00, 0x96, 0x56, 0x64, 0x00, 0x96, 0x53,
  0x64, 0x00, 0x99, 0x2c, 0x69, 0x00, 0x99, 0x26, 0x6e, 0x00, 0x9a, 0x4c,
  0x73, 0x00, 0x99, 0x3b, 0x78, 0x0a, 0x89, 0x2c, 0x40, 0x00, 0x8a, 0x4c,
  0x40, 0x00, 0x89, 0x3b, 0x40, 0x00, 0x89, 0x26, 0x40, 0x5a, 0x86, 0x53,
  0x40, 0x00, 0x86, 0x56, 0x40, 0x50, 0x84, 0x26, 0x40, 0x28, 0x82, 0x3e,
  0x40, 0x00, 0x85, 0x3b, 0x40, 0x00, 0x82, 0x4a, 0x40, 0x00, 0x83, 0x3e,
  0x40, 0x00, 0x83, 0x3b, 0x40, 0x00, 0x85, 0x4a, 0x40, 0x64, 0xe2, 0x28,
  0x3b, 0x00, 0x93, 0x3b, 0x69, 0x00, 0x93, 0x40, 0x7d, 0x00, 0x92, 0x40,
  0x64, 0x00, 0x92, 0x4c, 0x78, 0x00, 0x96, 0x56, 0x46, 0x00, 0x96, 0x53,
  0x46, 0x00, 0x95, 0x3d, 0x69, 0x00, 0x95, 0x4c, 0x69, 0x0a, 0x99, 0x2c,
  0x55, 0x0a, 0x89, 0x2c, 0x40, 0x28, 0xe2, 0x54, 0x3d, 0x28, 0x87, 0x4a,
  0x40, 0x00, 0x81, 0x26, 0x40, 0x00, 0x86, 0x56, 0x40, 0x00, 0x86, 0x53,
  0x40, 0x00, 0x87, 0x43, 0x40, 0x00, 0x87, 0x47, 0x40, 0x14, 0xe2, 0x00,
  0x40, 0x28, 0x94, 0x20, 0x64, 0x00, 0x91, 0x20, 0x64, 0x00, 0x96, 0x53,
  0x64, 0x00, 0x96, 0x56, 0x64, 0x00, 0x99, 0x24, 0x64, 0x00, 0x97, 0x44,
  0x50, 0x00, 0x97, 0x47, 0x50, 0x00, 0x97, 0x4a, 0x50, 0x00, 0x99, 0x2c,
  0x69, 0x00, 0x99, 0x3b, 0x78, 0x00, 0x9a, 0x54, 0x73, 0x0a, 0x89, 0x24,
  0x40, 0x00, 0x89, 0x3b, 0x40, 0x00, 0x8a, 0x54, 0x40, 0x00, 0x89, 0x2c,
  0x40, 0x5a, 0x86, 0x53, 0x40, 0x00, 0x86, 0x56, 0x40, 0x50, 0x84, 0x20,
  0x40, 0x28, 0x83, 0x3b, 0x40, 0x00, 0x85, 0x4c, 0x40, 0x00, 0x85, 0x3d,
  0x40, 0x00, 0x82, 0x4c, 0x40, 0x00, 0x82, 0x40, 0x40, 0x00, 0x83, 0x40,
  0x40, 0x64, 0x92, 0x40, 0x5f, 0x00, 0x92, 0x4c, 0x73, 0x00, 0x93, 0x3b,
  0x69, 0x00, 0x93, 0x40, 0x7d, 0x00, 0x96, 0x53, 0x46, 0x00, 0x96, 0x56,
  0x46, 0x00, 0x95, 0x3d, 0x69, 0x00, 0x95, 0x4c, 0x69, 0x0a, 0x99, 0x2c,
  0x55, 0x0a, 0x89, 0x2c, 0x40, 0x50, 0x85, 0x4c, 0x40, 0x00, 0x82, 0x40,
  0x40, 0x00, 0x85, 0x3d, 0x40, 0x00, 0x83, 0x40, 0x40, 0x00, 0x86, 0x53,
  0x40, 0x00, 0x86, 0x56, 0x40, 0x00, 0x83, 0x3b, 0x40, 0x00, 0x82, 0x4c,
  0x40, 0x00, 0x81, 0x20, 0x40, 0x3c, 0x92, 0x3e, 0x5f, 0x00, 0x92, 0x4a,
  0x73, 0x00, 0x91, 0x28, 0x64, 0x00, 0x93, 0x3b, 0x69, 0x00, 0x93, 0x3e,
  0x7d, 0x00, 0x94, 0x28, 0x64, 0x00, 0x95, 0x3b, 0x69, 0x00, 0x95, 0x4a,
  0x69, 0x00, 0x96, 0x56, 0x64, 0x00, 0x96, 0x53, 0x64, 0x00, 0x99, 0x2c,
  0x69, 0x00, 0x99, 0x26, 0x6e, 0x00, 0x9a, 0x4c, 0x73, 0x00, 0x99, 0x3b,
  0x78, 0x0a, 0x89, 0x2c, 0x40, 0x00, 0x8a, 0x4c, 0x40, 0x00, 0x89, 0x3b,
  0x40, 0x00, 0x89, 0x26, 0x40, 0x5a, 0x83, 0x3e, 0x40, 0x00, 0x86, 0x53,
  0x40, 0x00, 0x82, 0x4a, 0x40, 0x00, 0x85, 0x3b, 0x40, 0x00, 0x85, 0x4a,
  0x40, 0x00, 0x83, 0x3b, 0x40, 0x00, 0x86, 0x56, 0x40, 0x00, 0x82, 0x3e,
  0x40, 0x50, 0x84, 0x28, 0x40, 0x81, 0x0c, 0x96, 0x56, 0x46, 0x00, 0x96,
  0x53, 0x46, 0x00, 0x99, 0x24, 0x64, 0x0a, 0x89, 0x24, 0x40, 0x00, 0x99,
  0x2c, 0x55, 0x0a, 0x89, 0x2c, 0x40, 0x50, 0x81, 0x28, 0x40, 0x00, 0x86,
  0x56, 0x40, 0x00, 0x86, 0x53, 0x40, 0x3c, 0x91, 0x2c, 0x64, 0x00, 0x92,
  0x3d, 0x5f, 0x00, 0x92, 0x49, 0x73, 0x00, 0x94, 0x2c, 0x64, 0x00, 0x93,
  0x3b, 0x69, 0x00, 0x93, 0x3d, 0x7d, 0x00, 0x99, 0x24, 0x64, 0x00, 0x96,
  0x56, 0x64, 0x00, 0x96, 0x53, 0x64, 0x00, 0x95, 0x39, 0x69, 0x00, 0x95,
  0x49, 0x69, 0x00, 0x99, 0x2c, 0x69, 0x00, 0x99, 0x3b, 0x78, 0x00, 0x9a,
  0x54, 0x73, 0x0a, 0x89, 0x24, 0x40, 0x00, 0x89, 0x3b, 0x40, 0x00, 0x8a,
  0x54, 0x40, 0x00, 0x89, 0x2c, 0x40, 0x5a, 0x83, 0x3d, 0x40, 0x00, 0x85,
  0x39, 0x40, 0x00, 0x82, 0x3d, 0x40, 0x00, 0x83, 0x3b, 0x40, 0x00, 0x86,
  0x56, 0x40, 0x00, 0x85, 0x49, 0x40, 0x00, 0x86, 0x53, 0x40, 0x00, 0x82,
  0x49, 0x40, 0x50, 0x84, 0x2c, 0x40, 0x81, 0x0c, 0x96, 0x53, 0x46, 0x00,
  0x96, 0x56, 0x46, 0x0a, 0x99, 0x2c, 0x55, 0x0a, 0x89, 0x2c, 0x40, 0x50,
  0x86, 0x56, 0x40, 0x00, 0x86, 0x53, 0x40, 0x00, 0x81, 0x2c, 0x40, 0x3c,
  0x92, 0x3e, 0x5f, 0x00, 0x92, 0x4a, 0x73, 0x00, 0x91, 0x2f, 0x64, 0x00,
  0x93, 0x3b, 0x69, 0x00, 0x93, 0x3e, 0x7d, 0x00, 0x94, 0x2f, 0x64, 0x00,
  0x96, 0x56, 0x64, 0x00, 0x96, 0x53, 0x64, 0x00, 0x95, 0x3b, 0x69, 0x00,
  0x95, 0x4a, 0x69, 0x00, 0x99, 0x2c, 0x69, 0x00, 0x99, 0x26, 0x6e, 0x00,
  0x9a, 0x4c, 0x73, 0x00, 0x99, 0x3b, 0x78, 0x0a, 0x89, 0x2c, 0x40, 0x00,
  0x8a, 0x4c, 0x40, 0x00, 0x89, 0x3b, 0x40, 0x00, 0x89, 0x26, 0x40, 0x5a,
  0x86, 0x53, 0x40, 0x00, 0x86, 0x56, 0x40, 0x50, 0x84, 0x2f, 0x40, 0x81,
  0x0c, 0x96, 0x56, 0x46, 0x00, 0x96, 0x53, 0x46, 0x0a, 0x99, 0x2c, 0x55,
  0x0a, 0x89, 0x2c, 0x40, 0x28, 0x85, 0x3b, 0x40, 0x00, 0x83, 0x3e, 0x40,
  0x00, 0x82, 0x3e, 0x40, 0x00, 0x82, 0x4a, 0x40, 0x00, 0x85, 0x4a, 0x40,
  0x00, 0x83, 0x3b, 0x40, 0x28, 0x81, 0x2f, 0x40, 0x00, 0x87, 0x47, 0x40,
  0x00, 0x86, 0x53, 0x40, 0x00, 0x87, 0x4a, 0x40, 0x00, 0x87, 0x44, 0x40,
  0x00, 0x86, 0x56, 0x40, 0x3c, 0x91, 0x21, 0x64, 0x00, 0x92, 0x3d, 0x5f,
  0x00, 0x92, 0x49, 0x73, 0x00, 0x94, 0x21, 0x64, 0x00, 0x93, 0x39, 0x69,
  0x00, 0x93, 0x3d, 0x7d, 0x00, 0x96, 0x55, 0x64, 0x00, 0x96, 0x58, 0x64,
  0x00, 0x95, 0x39, 0x69, 0x00, 0x95, 0x49, 0x69, 0x00, 0x99, 0x24, 0x64,
  0x00, 0x97, 0x4c, 0x50, 0x00, 0x97, 0x49, 0x50, 0x00, 0x97, 0x45, 0x50,
  0x00, 0x99, 0x2c, 0x69, 0x00, 0x99, 0x3b, 0x78, 0x00, 0x9a, 0x54, 0x73,
  0x0a, 0x89, 0x24, 0x40, 0x00, 0x89, 0x3b, 0x40, 0x00, 0x8a, 0x54, 0x40,
  0x00, 0x89, 0x2c, 0x40, 0x5a, 0x86, 0x55, 0x40, 0x00, 0x86, 0x58, 0x40,
  0x50, 0x84, 0x21, 0x40, 0x64, 0x81, 0x21, 0x40, 0x28, 0x96, 0x55, 0x46,
  0x00, 0x96, 0x58, 0x46, 0x0a, 0x99, 0x2c, 0x55, 0x0a, 0x89, 0x2c, 0x40,
  0x28, 0x82, 0x3d, 0x40, 0x00, 0x85, 0x39, 0x40, 0x00, 0x85, 0x49, 0x40,
  0x00, 0x83, 0x39, 0x40, 0x00, 0x83, 0x3d, 0x40, 0x00, 0x82, 0x49, 0x40,
  0x28, 0x86, 0x55, 0x40, 0x00, 0x86, 0x58, 0x40, 0x3c, 0x92, 0x40, 0x64,
  0x00, 0x92, 0x4c, 0x78, 0x00, 0x93, 0x40, 0x7d, 0x00, 0x93, 0x39, 0x69,
  0x00, 0x96, 0x58, 0x64, 0x00, 0x96, 0x55, 0x64, 0x00, 0x95, 0x39, 0x69,
  0x00, 0x95, 0x4c, 0x69, 0x00, 0x99, 0x2c, 0x69, 0x00, 0x99, 0x26, 0x6e,
  0x00, 0x9a, 0x4c, 0x73, 0x00, 0x99, 0x3b, 0x78, 0x0a, 0x89, 0x2c, 0x40,
  0x00, 0x89, 0x3b, 0x40, 0x00, 0x89, 0x26, 0x40, 0x00, 0x8a, 0x4c, 0x40,
  0x5a, 0x82, 0x4c, 0x40, 0x00, 0x86, 0x58, 0x40, 0x00, 0x86, 0x55, 0x40,
  0x00, 0x82, 0x40, 0x40, 0x64, 0x85, 0x4c, 0x40, 0x00, 0x83, 0x39, 0x40,
  0x00, 0x85, 0x39, 0x40, 0x00, 0x83, 0x40, 0x40, 0x78, 0x92, 0x51, 0x7d,
  0x00, 0x92, 0x45, 0x6e, 0x00, 0x93, 0x3d, 0x6e, 0x00, 0x93, 0x45, 0x7d,
  0x00, 0x95, 0x51, 0x69, 0x00, 0x95, 0x3d, 0x69, 0x00, 0x96, 0x58, 0x46,
  0x00, 0x96, 0x55, 0x46, 0x00, 0x99, 0x24, 0x64, 0x00, 0x99, 0x26, 0x46,
  0x0a, 0x89, 0x24, 0x40, 0x00, 0x89, 0x26, 0x40, 0x00, 0x91, 0x21, 0x64,
  0x00, 0x99, 0x2c, 0x55, 0x0a, 0x89, 0x2c, 0x40, 0x50, 0x86, 0x55, 0x40,
  0x00, 0x86, 0x58, 0x40, 0x0a, 0x81, 0x21, 0x40, 0x32, 0x91, 0x21, 0x64,
  0x00, 0x94, 0x21, 0x64, 0x00, 0x99, 0x24, 0x64, 0x00, 0x96, 0x58, 0x64,
  0x00, 0x96, 0x55, 0x64, 0x00, 0x99, 0x2c, 0x69, 0x00, 0x99, 0x26, 0x55,
  0x00, 0x99, 0x3b, 0x78, 0x00, 0x9a, 0x54, 0x73, 0x0a, 0x89, 0x24, 0x40,
  0x00, 0x89, 0x26, 0x40, 0x00, 0x89, 0x3b, 0x40, 0x00, 0x8a, 0x54, 0x40,
  0x00, 0x89, 0x2c, 0x40, 0x5a, 0x86, 0x55, 0x40, 0x00, 0x86, 0x58, 0x40,
  0x50, 0x84, 0x21, 0x40, 0x50, 0x81, 0x21, 0x40, 0x3c, 0x96, 0x55, 0x46,
  0x00, 0x96, 0x58, 0x46, 0x0a, 0x91, 0x21, 0x5a, 0x00, 0x99, 0x2c, 0x55,
  0x0a, 0x89, 0x2c, 0x40, 0x50, 0x86, 0x58, 0x40, 0x00, 0x86, 0x55, 0x40,
  0x0a, 0x81, 0x21, 0x40, 0x32, 0x91, 0x28, 0x64, 0x00, 0x94, 0x28, 0x64,
  0x00, 0x96, 0x58, 0x64, 0x00, 0x96, 0x55, 0x64, 0x00, 0x99, 0x2c, 0x69,
  0x00, 0x99, 0x26, 0x73, 0x00, 0x9a, 0x4c, 0x73, 0x00, 0x99, 0x3b, 0x78,
  0x0a, 0x89, 0x2c, 0x40, 0x00, 0x8a, 0x4c, 0x40, 0x00, 0x89, 0x3b, 0x40,
  0x00, 0x89, 0x26, 0x40, 0x5a, 0x86, 0x55, 0x40, 0x00, 0x86, 0x58, 0x40,
  0x50, 0x84, 0x28, 0x40, 0x50, 0x81, 0x28, 0x40, 0x3c, 0x96, 0x58, 0x46,
  0x00, 0x96, 0x55, 0x46, 0x0a, 0x91, 0x2d, 0x5a, 0x00, 0x99, 0x2c, 0x55,
  0x0a, 0x89, 0x2c, 0x40, 0x50, 0x86, 0x55, 0x40, 0x00, 0x86, 0x58, 0x40,
  0x0a, 0x81, 0x2d, 0x40, 0x32, 0x91, 0x2d, 0x64, 0x00, 0x94, 0x2d, 0x64,
  0x00, 0x96, 0x55, 0x64, 0x00, 0x96, 0x58, 0x64, 0x00, 0x99, 0x24, 0x64,
  0x00, 0x99, 0x2c, 0x69, 0x00, 0x99, 0x3b, 0x78, 0x00, 0x9a, 0x54, 0x73,
  0x0a, 0x89, 0x24, 0x40, 0x00, 0x89, 0x3b, 0x40, 0x00, 0x8a, 0x54, 0x40,
  0x00, 0x89, 0x2c, 0x40, 0x5a, 0x86, 0x58, 0x40, 0x00, 0x86, 0x55, 0x40,
  0x50, 0x84, 0x2d, 0x40, 0x81, 0x0c, 0x96, 0x55, 0x46, 0x00, 0x96, 0x58,
  0x46, 0x0a, 0x99, 0x2c, 0x55, 0x0a, 0x89, 0x2c, 0x40, 0x50, 0x86, 0x55,
  0x40, 0x00, 0x81, 0x2d, 0x40, 0x00, 0x86, 0x58, 0x40, 0x3c, 0x91, 0x2b,
  0x64, 0x00, 0x94, 0x2b, 0x64, 0x00, 0x96, 0x58, 0x64, 0x00, 0x96, 0x55,
  0x64, 0x00, 0x99, 0x2c, 0x69, 0x00, 0x99, 0x26, 0x6e, 0x00, 0x9a, 0x4c,
  0x73, 0x00, 0x99, 0x3b, 0x78, 0x0a, 0x89, 0x2c, 0x40, 0x00, 0x8a, 0x4c,
  0x40, 0x00, 0x89, 0x3b, 0x40, 0x00, 0x89, 0x26, 0x40, 0x5a, 0x86, 0x55,
  0x40, 0x00, 0x86, 0x58, 0x40, 0x50, 0x84, 0x2b, 0x40, 0x81, 0x0c, 0x96,
  0x58, 0x46, 0x00, 0x96, 0x55, 0x46, 0x00, 0x99, 0x24, 0x64, 0x0a, 0x89,
  0x24, 0x40, 0x00, 0x99, 0x2c, 0x55, 0x0a, 0x89, 0x2c, 0x40, 0x50, 0x86,
  0x55, 0x40, 0x00, 0x86, 0x58, 0x40, 0x00, 0x81, 0x2b, 0x40, 0x3c, 0x91,
  0x2a, 0x64, 0x00, 0x94, 0x2a, 0x64, 0x00, 0x99, 0x24, 0x64, 0x00, 0x96,
  0x58, 0x64, 0x00, 0x96, 0x55, 0x64, 0x00, 0x99, 0x2c, 0x69, 0x00, 0x99,
  0x26, 0x5f, 0x00, 0x9a, 0x54, 0x73, 0x0a, 0x89, 0x24, 0x40, 0x00, 0x89,
  0x26, 0x40, 0x00, 0x8a, 0x54, 0x40, 0x00, 0x89, 0x2c, 0x40, 0x5a, 0x86,
  0x55, 0x40, 0x00, 0x86, 0x58, 0x40, 0x3c, 0x99, 0x26, 0x64, 0x0a, 0x89,
  0x26, 0x40, 0x0a, 0x84, 0x2a, 0x40, 0x81, 0x0c, 0x90, 0x45, 0x73, 0x00,
  0x96, 0x53, 0x46, 0x00, 0x96, 0x56, 0x46, 0x00, 0x98, 0x45, 0x78, 0x00,
  0x98, 0x39, 0x69, 0x00, 0x99, 0x26, 0x69, 0x0a, 0x89, 0x26, 0x40, 0x00,
  0x99, 0x2c, 0x55, 0x0a, 0x89, 0x2c, 0x40, 0x50, 0x81, 0x2a, 0x40, 0x00,
  0x86, 0x53, 0x40, 0x00, 0x86, 0x56, 0x40, 0x3c, 0x91, 0x28, 0x64, 0x00,
  0x94, 0x28, 0x64, 0x00, 0x96, 0x55, 0x64, 0x00, 0x96, 0x51, 0x64, 0x00,
  0x99, 0x2c, 0x69, 0x00, 0x99, 0x26, 0x6e, 0x00, 0x9a, 0x4c, 0x73, 0x0a,
  0x89, 0x2c, 0x40, 0x00, 0x89, 0x26, 0x40, 0x00, 0x8a, 0x4c, 0x40, 0x5a,
  0x86, 0x51, 0x40, 0x00, 0x86, 0x55, 0x40, 0x14, 0x88, 0x39, 0x40, 0x00,
  0x88, 0x45, 0x40, 0x14, 0x83, 0x3d, 0x40, 0x00, 0x82, 0x45, 0x40, 0x00,
  0x85, 0x3d, 0x40, 0x00, 0x83, 0x45, 0x40, 0x00, 0x85, 0x51, 0x40, 0x00,
  0x82, 0x51, 0x40, 0x14, 0x99, 0x26, 0x73, 0x0a, 0x89, 0x26, 0x40, 0x0a,
  0x84, 0x28, 0x40, 0x78, 0x80, 0x45, 0x40, 0x14, 0x90, 0x45, 0x73, 0x00,
  0x96, 0x53, 0x46, 0x00, 0x96, 0x4f, 0x46, 0x00, 0x98, 0x45, 0x78, 0x00,
  0x98, 0x39, 0x69, 0x00, 0x99, 0x26, 0x78, 0x0a, 0x89, 0x26, 0x40, 0x00,
  0x99, 0x2c, 0x55, 0x0a, 0x89, 0x2c, 0x40, 0x3c, 0x88, 0x45, 0x40, 0x00,
  0x88, 0x39, 0x40, 0x14, 0x87, 0x4c, 0x40, 0x00, 0x86, 0x4f, 0x40, 0x00,
  0x86, 0x53, 0x40, 0x00, 0x80, 0x45, 0x40, 0x00, 0x87, 0x45, 0x40, 0x00,
  0x87, 0x49, 0x40, 0x00, 0x81, 0x28, 0x40, 0x3c, 0x90, 0x42, 0x73, 0x00,
  0x90, 0x4e, 0x73, 0x00, 0x91, 0x26, 0x64, 0x00, 0x92, 0x42, 0x69, 0x00,
  0x92, 0x4e, 0x78, 0x00, 0x94, 0x26, 0x6e, 0x00, 0x98, 0x42, 0x69, 0x00,
  0x98, 0x4e, 0x78, 0x00, 0x97, 0x39, 0x64, 0x00, 0x99, 0x24, 0x6e, 0x00,
  0x96, 0x45, 0x64, 0x00, 0x95, 0x45, 0x5f, 0x00, 0x95, 0x42, 0x5f, 0x00,
  0x99, 0x2c, 0x69, 0x00, 0x99, 0x3b, 0x78, 0x0a, 0x89, 0x24, 0x40, 0x00,
  0x89, 0x2c, 0x40, 0x00, 0x89, 0x3b, 0x40, 0x46, 0x85, 0x42, 0x40, 0x00,
  0x85, 0x45, 0x40, 0x3c, 0x87, 0x39, 0x40, 0x00, 0x86, 0x45, 0x40, 0x14,
  0x84, 0x26, 0x40, 0x00, 0x96, 0x4a, 0x64, 0x00, 0x97, 0x3e, 0x64, 0x64,
  0x81, 0x26, 0x40, 0x28, 0x87, 0x3e, 0x40, 0x00, 0x86, 0x4a, 0x40, 0x00,
  0x88, 0x42, 0x40, 0x00, 0x80, 0x42, 0x40, 0x00, 0x82, 0x4e, 0x40, 0x00,
  0x80, 0x4e, 0x40, 0x00, 0x88, 0x4e, 0x40, 0x00, 0x82, 0x42, 0x40, 0x14,
  0x90, 0x42, 0x64, 0x00, 0x90, 0x4e, 0x64, 0x00, 0x97, 0x42, 0x64, 0x00,
  0x96, 0x4e, 0x64, 0x0a, 0x91, 0x26, 0x5a, 0x00, 0x99, 0x2c, 0x55, 0x0a,
  0x89, 0x2c, 0x40, 0x5a, 0x81, 0x26, 0x40, 0x0a, 0x80, 0x4e, 0x40, 0x00,
  0x80, 0x42, 0x40, 0x14, 0x87, 0x42, 0x40, 0x00, 0x86, 0x4e, 0x40, 0x14,
  0x90, 0x3e, 0x73, 0x00, 0x90, 0x4a, 0x73, 0x00, 0x91, 0x2a, 0x64, 0x00,
  0x92, 0x3e, 0x69, 0x00, 0x92, 0x4a, 0x78, 0x00, 0x94, 0x2a, 0x6e, 0x00,
  0x96, 0x45, 0x64, 0x00, 0x95, 0x45, 0x5f, 0x00, 0x95, 0x42, 0x5f, 0x00,
  0x97, 0x39, 0x64, 0x00, 0x98, 0x3e, 0x69, 0x00, 0x98, 0x4a, 0x78, 0x00,
  0x99, 0x2c, 0x69, 0x00, 0x99, 0x26, 0x6e, 0x00, 0x99, 0x3b, 0x78, 0x00,
  0x99, 0x36, 0x64, 0x0a, 0x89, 0x2c, 0x40, 0x00, 0x89, 0x36, 0x40, 0x00,
  0x89, 0x26, 0x40, 0x00, 0x89, 0x3b, 0x40, 0x46, 0x85, 0x42, 0x40, 0x00,
  0x85, 0x45, 0x40, 0x3c, 0x86, 0x45, 0x40, 0x00, 0x87, 0x39, 0x40, 0x14,
  0x84, 0x2a, 0x40, 0x00, 0x97, 0x3e, 0x64, 0x00, 0x96, 0x4a, 0x64, 0x64,
  0x81, 0x2a, 0x40, 0x28, 0x86, 0x4a, 0x40, 0x00, 0x87, 0x3e, 0x40, 0x00,
  0x80, 0x4a, 0x40, 0x00, 0x88, 0x4a, 0x40, 0x00, 0x88, 0x3e, 0x40, 0x00,
  0x80, 0x3e, 0x40, 0x00, 0x82, 0x3e, 0x40, 0x00, 0x82, 0x4a, 0x40, 0x14,
  0x90, 0x3e, 0x64, 0x00, 0x90, 0x4a, 0x64, 0x00, 0x96, 0x4e, 0x64, 0x00,
  0x97, 0x42, 0x64, 0x0a, 0x91, 0x2a, 0x5a, 0x00, 0x99, 0x2c, 0x55, 0x0a,
  0x89, 0x2c, 0x40, 0x5a, 0x81, 0x2a, 0x40, 0x0a, 0x80, 0x4a, 0x40, 0x00,
  0x80, 0x3e, 0x40, 0x14, 0x86, 0x4e, 0x40, 0x00, 0x87, 0x42, 0x40, 0x14,
  0x90, 0x42, 0x6e, 0x00, 0x90, 0x4e, 0x6e, 0x00, 0x91, 0x2d, 0x64, 0x00,
  0x92, 0x42, 0x69, 0x00, 0x92, 0x4e, 0x73, 0x00, 0x94, 0x2d, 0x6e, 0x00,
  0x97, 0x45, 0x64, 0x00, 0x98, 0x42, 0x69, 0x00, 0x98, 0x4e, 0x73, 0x00,
  0x99, 0x24, 0x6e, 0x00, 0x96, 0x51, 0x64, 0x00, 0x95, 0x45, 0x5f, 0x00,
  0x95, 0x42, 0x5f, 0x00, 0x99, 0x2c, 0x69, 0x00, 0x99, 0x3b, 0x78, 0x0a,
  0x89, 0x24, 0x40, 0x00, 0x89, 0x2c, 0x40, 0x00, 0x89, 0x3b, 0x40, 0x81,
  0x16, 0x84, 0x2d, 0x40, 0x64, 0x81, 0x2d, 0x40, 0x28, 0x85, 0x42, 0x40,
  0x00, 0x82, 0x4e, 0x40, 0x00, 0x88, 0x4e, 0x40, 0x00, 0x82, 0x42, 0x40,
  0x00, 0x88, 0x42, 0x40, 0x00, 0x80, 0x42, 0x40, 0x00, 0x80, 0x4e, 0x40,
  0x00, 0x85, 0x45, 0x40, 0x14, 0x90, 0x3e, 0x6e, 0x00, 0x90, 0x4a, 0x6e,
  0x00, 0x92, 0x3e, 0x69, 0x00, 0x92, 0x4a, 0x73, 0x00, 0x98, 0x3e, 0x69,
  0x00, 0x98, 0x4a, 0x73, 0x0a, 0x91, 0x2d, 0x5a, 0x00, 0x99, 0x2c, 0x55,
  0x0a, 0x89, 0x2c, 0x40, 0x5a, 0x81, 0x2d, 0x40, 0x32, 0x91, 0x2f, 0x64,
  0x00, 0x94, 0x2f, 0x6e, 0x00, 0x99, 0x2c, 0x69, 0x00, 0x99, 0x26, 0x6e,
  0x00, 0x99, 0x3b, 0x78, 0x00, 0x99, 0x36, 0x64, 0x0a, 0x89, 0x2c, 0x40,
  0x00, 0x89, 0x26, 0x40, 0x00, 0x89, 0x3b, 0x40, 0x00, 0x89, 0x36, 0x40,
  0x6e, 0x80, 0x3e, 0x40, 0x00, 0x88, 0x4a, 0x40, 0x00, 0x80, 0x4a, 0x40,
  0x00, 0x82, 0x3e, 0x40, 0x00, 0x82, 0x4a, 0x40, 0x00, 0x88, 0x3e, 0x40,
  0x28, 0x84, 0x2f, 0x40, 0x64, 0x81, 0x2f, 0x40, 0x28, 0x87, 0x45, 0x40,
  0x0a, 0xe8, 0x28, 0x3b, 0x0a, 0xe2, 0x28, 0x3b, 0x00, 0x90, 0x43, 0x73,
  0x00, 0x90, 0x4f, 0x73, 0x00, 0x92, 0x43, 0x69, 0x00, 0x92, 0x4f, 0x78,
  0x00, 0x98, 0x43, 0x69, 0x00, 0x98, 0x4f, 0x78, 0x00, 0x95, 0x45, 0x5f,
  0x00, 0x95, 0x42, 0x5f, 0x0a, 0x91, 0x2f, 0x5a, 0x00, 0x99, 0x2c, 0x55,
  0x0a, 0x89, 0x2c, 0x40, 0x28, 0xe2, 0x54, 0x3d, 0x00, 0xe8, 0x54, 0x3d,
  0x14, 0x85, 0x45, 0x40, 0x00, 0x85, 0x42, 0x40, 0x14, 0x86, 0x51, 0x40,
  0x0a, 0x81, 0x2f, 0x40, 0x0a, 0xe2, 0x00, 0x40, 0x00, 0xe8, 0x00, 0x40,
  0x28, 0x97, 0x39, 0x64, 0x00, 0x99, 0x24, 0x6e, 0x00, 0x96, 0x45, 0x64,
  0x00, 0x91, 0x30, 0x64, 0x00, 0x94, 0x30, 0x6e, 0x00, 0x99, 0x2c, 0x69,
  0x00, 0x99, 0x3b, 0x78, 0x0a, 0x89, 0x24, 0x40, 0x00, 0x89, 0x2c, 0x40,
  0x00, 0x89, 0x3b, 0x40, 0x81, 0x02, 0x87, 0x39, 0x40, 0x00, 0x86, 0x45,
  0x40, 0x14, 0x84, 0x30, 0x40, 0x00, 0x96, 0x4a, 0x64, 0x00, 0x97, 0x3e,
  0x64, 0x50, 0x82, 0x4f, 0x40, 0x00, 0x82, 0x43, 0x40, 0x00, 0x80, 0x43,
  0x40, 0x00, 0x80, 0x4f, 0x40, 0x00, 0x88, 0x4f, 0x40, 0x00, 0x88, 0x43,
  0x40, 0x14, 0x81, 0x30, 0x40, 0x28, 0x86, 0x4a, 0x40, 0x00, 0x87, 0x3e,
  0x40, 0x14, 0x90, 0x43, 0x69, 0x00, 0x90, 0x4f, 0x69, 0x00, 0x97, 0x42,
  0x64, 0x00, 0x96, 0x4e, 0x64, 0x00, 0x95, 0x45, 0x5f, 0x00, 0x95, 0x42,
  0x5f, 0x0a, 0x91, 0x30, 0x5a, 0x00, 0x99, 0x2c, 0x55, 0x0a, 0x89, 0x2c,
  0x40, 0x3c, 0x85, 0x45, 0x40, 0x00, 0x85, 0x42, 0x40, 0x1e, 0x81, 0x30,
  0x40, 0x0a, 0x80, 0x4f, 0x40, 0x00, 0x80, 0x43, 0x40, 0x14, 0x87, 0x42,
  0x40, 0x00, 0x86, 0x4e, 0x40, 0x14, 0x90, 0x42, 0x73, 0x00, 0x90, 0x4e,
  0x73, 0x00, 0x91, 0x2f, 0x64, 0x00, 0x92, 0x42, 0x69, 0x00, 0x92, 0x4e,
  0x78, 0x00, 0x94, 0x2f, 0x6e, 0x00, 0x96, 0x45, 0x64, 0x00, 0x97, 0x39,
  0x64, 0x00, 0x98, 0x42, 0x69, 0x00, 0x98, 0x4e, 0x78, 0x00, 0x99, 0x2c,
  0x69, 0x00, 0x99, 0x26, 0x6e, 0x00, 0x99, 0x3b, 0x78, 0x00, 0x99, 0x36,
  0x64, 0x0a, 0x89, 0x2c, 0x40, 0x00, 0x89, 0x26, 0x40, 0x00, 0x89, 0x3b,
  0x40, 0x00, 0x89, 0x36, 0x40, 0x81, 0x02, 0x86, 0x45, 0x40, 0x00, 0x87,
  0x39, 0x40, 0x14, 0x84, 0x2f, 0x40, 0x00, 0x97, 0x3e, 0x64, 0x00, 0x96,
  0x4a, 0x64, 0x64, 0x81, 0x2f, 0x40, 0x28, 0x86, 0x4a, 0x40, 0x00, 0x87,
  0x3e, 0x40, 0x00, 0x88, 0x42, 0x40, 0x00, 0x80, 0x42, 0x40, 0x00, 0x82,
  0x4e, 0x40, 0x00, 0x80, 0x4e, 0x40, 0x00, 0x82, 0x42, 0x40, 0x00, 0x88,
  0x4e, 0x40, 0x14, 0x90, 0x3e, 0x73, 0x00, 0x90, 0x4a, 0x73, 0x00, 0x92,
  0x3e, 0x69, 0x00, 0x92, 0x4a, 0x78, 0x00, 0x96, 0x4e, 0x64, 0x00, 0x95,
  0x45, 0x5f, 0x00, 0x95, 0x42, 0x5f, 0x00, 0x97, 0x42, 0x64, 0x00, 0x98,
  0x3e, 0x69, 0x00, 0x98, 0x4a, 0x78, 0x0a, 0x91, 0x2f, 0x5a, 0x00, 0x99,
  0x2c, 0x55, 0x0a, 0x89, 0x2c, 0x40, 0x3c, 0x85, 0x45, 0x40, 0x00, 0x85,
  0x42, 0x40, 0x1e, 0x81, 0x2f, 0x40, 0x1e, 0x87, 0x42, 0x40, 0x00, 0x86,
  0x4e, 0x40, 0x14, 0x91, 0x2d, 0x64, 0x00, 0x94, 0x2d, 0x6e, 0x00, 0x97,
  0x45, 0x64, 0x00, 0x99, 0x24, 0x6e, 0x00, 0x95, 0x45, 0x5f, 0x00, 0x95,
  0x42, 0x5f, 0x00, 0x96, 0x51, 0x64, 0x00, 0x99, 0x2c, 0x69, 0x00, 0x99,
  0x3b, 0x78, 0x0a, 0x89, 0x24, 0x40, 0x00, 0x89, 0x2c, 0x40, 0x00, 0x89,
  0x3b, 0x40, 0x81, 0x16, 0x84, 0x2d, 0x40, 0x14, 0x88, 0x3e, 0x40, 0x00,
  0x80, 0x3e, 0x40, 0x00, 0x80, 0x4a, 0x40, 0x00, 0x88, 0x4a, 0x40, 0x00,
  0x82, 0x3e, 0x40, 0x00, 0x82, 0x4a, 0x40, 0x50, 0x81, 0x2d, 0x40, 0x3c,
  0x90, 0x3d, 0x73, 0x00, 0x90, 0x49, 0x73, 0x00, 0x92, 0x3d, 0x69, 0x00,
  0x92, 0x49, 0x78, 0x00, 0x98, 0x3d, 0x69, 0x00, 0x98, 0x49, 0x78, 0x0a,
  0x91, 0x2d, 0x5a, 0x00, 0x99, 0x2c, 0x55, 0x0a, 0x89, 0x2c, 0x40, 0x5a,
  0x81, 0x2d, 0x40, 0x1e, 0x85, 0x45, 0x40, 0x00, 0x85, 0x42, 0x40, 0x14,
  0x91, 0x2a, 0x64, 0x00, 0x94, 0x2a, 0x6e, 0x00, 0x99, 0x2c, 0x69, 0x00,
  0x99, 0x26, 0x6e, 0x00, 0x99, 0x3b, 0x78, 0x00, 0x99, 0x36, 0x64, 0x0a,
  0x89, 0x2c, 0x40, 0x00, 0x89, 0x26, 0x40, 0x00, 0x89, 0x3b, 0x40, 0x00,
  0x89, 0x36, 0x40, 0x81, 0x16, 0x84, 0x2a, 0x40, 0x64, 0x81, 0x2a, 0x40,
  0x28, 0x87, 0x45, 0x40, 0x1e, 0x91, 0x2a, 0x5a, 0x00, 0x99, 0x2c, 0x55,
  0x0a, 0x89, 0x2c, 0x40, 0x50, 0x86, 0x51, 0x40, 0x0a, 0x81, 0x2a, 0x40,
  0x1e, 0x82, 0x3d, 0x40, 0x00, 0x80, 0x49, 0x40, 0x00, 0x80, 0x3d, 0x40,
  0x00, 0x88, 0x49, 0x40, 0x00, 0x82, 0x49, 0x40, 0x00, 0x88, 0x3d, 0x40,
  0x14, 0x90, 0x3e, 0x6e, 0x00, 0x90, 0x4a, 0x6e, 0x00, 0x91, 0x1f, 0x64,
  0x00, 0x92, 0x3e, 0x69, 0x00, 0x92, 0x4a, 0x73, 0x00, 0x94, 0x1f, 0x6e,
  0x00, 0x98, 0x3e, 0x69, 0x00, 0x98, 0x4a, 0x73, 0x00, 0x97, 0x3b, 0x64,
  0x00, 0x99, 0x24, 0x6e, 0x00, 0x96, 0x47, 0x64, 0x00, 0x95, 0x43, 0x5f,
  0x00, 0x95, 0x3e, 0x5f, 0x00, 0x99, 0x2c, 0x69, 0x00, 0x99, 0x3b, 0x78,
  0x0a, 0x89, 0x24, 0x40, 0x00, 0x89, 0x2c, 0x40, 0x00, 0x89, 0x3b, 0x40,
  0x46, 0x85, 0x3e, 0x40, 0x00, 0x85, 0x43, 0x40, 0x3c, 0x87, 0x3b, 0x40,
  0x00, 0x86, 0x47, 0x40, 0x14, 0x84, 0x1f, 0x40, 0x00, 0x96, 0x4a, 0x64,
  0x00, 0x97, 0x3e, 0x64, 0x64, 0x81, 0x1f, 0x40, 0x28, 0x87, 0x3e, 0x40,
  0x00, 0x86, 0x4a, 0x40, 0x00, 0x88, 0x3e, 0x40, 0x00, 0x80, 0x3e, 0x40,
  0x00, 0x82, 0x4a, 0x40, 0x00, 0x80, 0x4a, 0x40, 0x00, 0x88, 0x4a, 0x40,
  0x00, 0x82, 0x3e, 0x40, 0x14, 0x90, 0x3e, 0x64, 0x00, 0x90, 0x4a, 0x64,
  0x00, 0x97, 0x43, 0x64, 0x00, 0x96, 0x4f, 0x64, 0x0a, 0x91, 0x1f, 0x5a,
  0x00, 0x99, 0x2c, 0x55, 0x0a, 0x89, 0x2c, 0x40, 0x5a, 0x81, 0x1f, 0x40,
  0x0a, 0x80, 0x4a, 0x40, 0x00, 0x80, 0x3e, 0x40, 0x14, 0x87, 0x43, 0x40,
  0x00, 0x86, 0x4f, 0x40, 0x14, 0x90, 0x3e, 0x73, 0x00, 0x90, 0x4a, 0x73,
  0x00, 0x91, 0x23, 0x64, 0x00, 0x92, 0x3e, 0x69, 0x00, 0x92, 0x4a, 0x78,
  0x00, 0x94, 0x23, 0x6e, 0x00, 0x96, 0x47, 0x64, 0x00, 0x95, 0x43, 0x5f,
  0x00, 0x95, 0x3e, 0x5f, 0x00, 0x97, 0x3b, 0x64, 0x00, 0x98, 0x3e, 0x69,
  0x00, 0x98, 0x4a, 0x78, 0x00, 0x99, 0x2c, 0x69, 0x00, 0x99, 0x26, 0x6e,
  0x00, 0x99, 0x3b, 0x78, 0x00, 0x99, 0x36, 0x64, 0x0a, 0x89, 0x2c, 0x40,
  0x00, 0x89, 0x36, 0x40, 0x00, 0x89, 0x26, 0x40, 0x00, 0x89, 0x3b, 0x40,
  0x46, 0x85, 0x3e, 0x40, 0x00, 0x85, 0x43, 0x40, 0x3c, 0x86, 0x47, 0x40,
  0x00, 0x87, 0x3b, 0x40, 0x14, 0x84, 0x23, 0x40, 0x00, 0x97, 0x3e, 0x64,
  0x00, 0x96, 0x4a, 0x64, 0x64, 0x81, 0x23, 0x40, 0x28, 0x86, 0x4a, 0x40,
  0x00, 0x87, 0x3e, 0x40, 0x00, 0x80, 0x4a, 0x40, 0x00, 0x88, 0x4a, 0x40,
  0x00, 0x88, 0x3e, 0x40, 0x00, 0x80, 0x3e, 0x40, 0x00, 0x82, 0x3e, 0x40,
  0x00, 0x82, 0x4a, 0x40, 0x14, 0x90, 0x3e, 0x64, 0x00, 0x90, 0x4a, 0x64,
  0x00, 0x96, 0x4c, 0x64, 0x00, 0x97, 0x40, 0x64, 0x0a, 0x91, 0x23, 0x5a,
  0x00, 0x99, 0x2c, 0x55, 0x0a, 0x89, 0x2c, 0x40, 0x5a, 0x81, 0x23, 0x40,
  0x0a, 0x80, 0x4a, 0x40, 0x00, 0x80, 0x3e, 0x40, 0x14, 0x86, 0x4c, 0x40,
  0x00, 0x87, 0x40, 0x40, 0x14, 0x90, 0x3e, 0x6e, 0x00, 0x90, 0x4a, 0x6e,
  0x00, 0x91, 0x26, 0x64, 0x00, 0x92, 0x3e, 0x69, 0x00, 0x92, 0x4a, 0x73,
  0x00, 0x94, 0x26, 0x6e, 0x00, 0x97, 0x43, 0x64, 0x00, 0x98, 0x3e, 0x69,
  0x00, 0x98, 0x4a, 0x73, 0x00, 0x99, 0x24, 0x6e, 0x00, 0x96, 0x4f, 0x64,
  0x00, 0x95, 0x3e, 0x5f, 0x00, 0x95, 0x43, 0x5f, 0x00, 0x99, 0x2c, 0x69,
  0x00, 0x99, 0x3b, 0x78, 0x0a, 0x89, 0x24, 0x40, 0x00, 0x89, 0x2c, 0x40,
  0x00, 0x89, 0x3b, 0x40, 0x81, 0x16, 0x84, 0x26, 0x40, 0x64, 0x81, 0x26,
  0x40, 0x28, 0x82, 0x3e, 0x40, 0x00, 0x82, 0x4a, 0x40, 0x00, 0x88, 0x3e,
  0x40, 0x00, 0x88, 0x4a, 0x40, 0x00, 0x80, 0x4a, 0x40, 0x00, 0x80, 0x3e,
  0x40, 0x14, 0x90, 0x3d, 0x6e, 0x00, 0x90, 0x49, 0x6e, 0x00, 0x92, 0x3d,
  0x69, 0x00, 0x92, 0x49, 0x73, 0x00, 0x98, 0x3d, 0x69, 0x00, 0x98, 0x49,
  0x73, 0x0a, 0x91, 0x26, 0x5a, 0x00, 0x99, 0x2c, 0x55, 0x0a, 0x89, 0x2c,
  0x40, 0x3c, 0x85, 0x43, 0x40, 0x00, 0x85, 0x3e, 0x40, 0x1e, 0x81, 0x26,
  0x40, 0x32, 0x91, 0x28, 0x64, 0x00, 0x94, 0x28, 0x6e, 0x00, 0x99, 0x2c,
  0x69, 0x00, 0x99, 0x26, 0x6e, 0x00, 0x99, 0x3b, 0x78, 0x00, 0x99, 0x36,
  0x64, 0x0a, 0x89, 0x2c, 0x40, 0x00, 0x89, 0x26, 0x40, 0x00, 0x89, 0x3b,
  0x40, 0x00, 0x89, 0x36, 0x40, 0x6e, 0x80, 0x3d, 0x40, 0x00, 0x82, 0x49,
  0x40, 0x00, 0x88, 0x3d, 0x40, 0x00, 0x80, 0x49, 0x40, 0x00, 0x88, 0x49,
  0x40, 0x00, 0x82, 0x3d, 0x40, 0x28, 0x84, 0x28, 0x40, 0x64, 0x81, 0x28,
  0x40, 0x28, 0x87, 0x43, 0x40, 0x14, 0x90, 0x3b, 0x69, 0x00, 0x90, 0x47,
  0x69, 0x00, 0x92, 0x3b, 0x69, 0x00, 0x92, 0x47, 0x6e, 0x00, 0x98, 0x3b,
  0x69, 0x00, 0x98, 0x47, 0x6e, 0x00, 0x95, 0x3e, 0x5f, 0x00, 0x95, 0x43,
  0x5f, 0x0a, 0x91, 0x28, 0x5a, 0x00, 0x99, 0x2c, 0x55, 0x0a, 0x89, 0x2c,
  0x40, 0x3c, 0x85, 0x3e, 0x40, 0x00, 0x85, 0x43, 0x40, 0x14, 0x86, 0x4f,
  0x40, 0x0a, 0x81, 0x28, 0x40, 0x32, 0x91, 0x2b, 0x64, 0x00, 0x94, 0x2b,
  0x6e, 0x00, 0x96, 0x47, 0x64, 0x00, 0x97, 0x3b, 0x64, 0x00, 0x99, 0x24,
  0x6e, 0x00, 0x99, 0x2c, 0x69, 0x00, 0x99, 0x3b, 0x78, 0x0a, 0x89, 0x24,
  0x40, 0x00, 0x89, 0x2c, 0x40, 0x00, 0x89, 0x3b, 0x40, 0x81, 0x02, 0x86,
  0x47, 0x40, 0x00, 0x87, 0x3b, 0x40, 0x14, 0x84, 0x2b, 0x40, 0x00, 0x97,
  0x3e, 0x64, 0x00, 0x96, 0x4a, 0x64, 0x64, 0x81, 0x2b, 0x40, 0x28, 0x87,
  0x3e, 0x40, 0x00, 0x86, 0x4a, 0x40, 0x14, 0x96, 0x4f, 0x64, 0x00, 0x95,
  0x43, 0x5f, 0x00, 0x95, 0x3e, 0x5f, 0x00, 0x97, 0x43, 0x64, 0x0a, 0x91,
  0x2b, 0x5a, 0x00, 0x99, 0x2c, 0x55, 0x0a, 0x89, 0x2c, 0x40, 0x3c, 0x85,
  0x3e, 0x40, 0x00, 0x85, 0x43, 0x40, 0x1e, 0x81, 0x2b, 0x40, 0x1e, 0x86,
  0x4f, 0x40, 0x00, 0x87, 0x43, 0x40, 0x14, 0x91, 0x28, 0x64, 0x00, 0x94,
  0x28, 0x6e, 0x00, 0x97, 0x3b, 0x64, 0x00, 0x96, 0x47, 0x64, 0x00, 0x99,
  0x2c, 0x69, 0x00, 0x99, 0x26, 0x6e, 0x00, 0x99, 0x3b, 0x78, 0x00, 0x99,
  0x36, 0x64, 0x0a, 0x89, 0x2c, 0x40, 0x00, 0x89, 0x26, 0x40, 0x00, 0x89,
  0x3b, 0x40, 0x00, 0x89, 0x36, 0x40, 0x81, 0x02, 0x87, 0x3b, 0x40, 0x00,
  0x86, 0x47, 0x40, 0x14, 0x84, 0x28, 0x40, 0x00, 0x96, 0x4a, 0x64, 0x00,
  0x97, 0x3e, 0x64, 0x3c, 0x80, 0x3b, 0x40, 0x00, 0x82, 0x47, 0x40, 0x00,
  0x88, 0x3b, 0x40, 0x00, 0x88, 0x47, 0x40, 0x00, 0x82, 0x3b, 0x40, 0x00,
  0x80, 0x47, 0x40, 0x28, 0x81, 0x28, 0x40, 0x28, 0x86, 0x4a, 0x40, 0x00,
  0x87, 0x3e, 0x40, 0x14, 0x90, 0x37, 0x6e, 0x00, 0x90, 0x43, 0x6e, 0x00,
  0x92, 0x37, 0x69, 0x00, 0x92, 0x43, 0x73, 0x00, 0x97, 0x40, 0x64, 0x00,
  0x98, 0x37, 0x69, 0x00, 0x98, 0x43, 0x73, 0x00, 0x96, 0x4c, 0x64, 0x00,
  0x95, 0x43, 0x5f, 0x00, 0x95, 0x3e, 0x5f, 0x0a, 0x91, 0x28, 0x5a, 0x00,
  0x99, 0x2c, 0x55, 0x0a, 0x89, 0x2c, 0x40, 0x3c, 0x85, 0x3e, 0x40, 0x00,
  0x85, 0x43, 0x40, 0x1e, 0x81, 0x28, 0x40, 0x1e, 0x86, 0x4c, 0x40, 0x00,
  0x87, 0x40, 0x40, 0x14, 0x91, 0x26, 0x64, 0x00, 0x94, 0x26, 0x6e, 0x00,
  0x95, 0x43, 0x5f, 0x00, 0x95, 0x3e, 0x5f, 0x00, 0x96, 0x4f, 0x64, 0x00,
  0x97, 0x43, 0x64, 0x00, 0x99, 0x24, 0x6e, 0x00, 0x99, 0x2c, 0x69, 0x00,
  0x99, 0x3b, 0x78, 0x0a, 0x89, 0x24, 0x40, 0x00, 0x89, 0x2c, 0x40, 0x00,
  0x89, 0x3b, 0x40, 0x81, 0x16, 0x84, 0x26, 0x40, 0x50, 0x88, 0x43, 0x40,
  0x00, 0x82, 0x43, 0x40, 0x00, 0x80, 0x43, 0x40, 0x00, 0x80, 0x37, 0x40,
  0x00, 0x82, 0x37, 0x40, 0x00, 0x88, 0x37, 0x40, 0x14, 0x81, 0x26, 0x40,
  0x3c, 0x90, 0x3b, 0x6e, 0x00, 0x90, 0x47, 0x6e, 0x00, 0x92, 0x3b, 0x69,
  0x00, 0x92, 0x47, 0x73, 0x00, 0x98, 0x3b, 0x69, 0x00, 0x98, 0x47, 0x73,
  0x0a, 0x91, 0x26, 0x5a, 0x00, 0x99, 0x2c, 0x55, 0x0a, 0x89, 0x2c, 0x40,
  0x5a, 0x81, 0x26, 0x40, 0x0a, 0x88, 0x47, 0x40, 0x00, 0x80, 0x3b, 0x40,
  0x00, 0x88, 0x3b, 0x40, 0x00, 0x82, 0x47, 0x40, 0x00, 0x82, 0x3b, 0x40,
  0x00, 0x80, 0x47, 0x40, 0x14, 0x85, 0x3e, 0x40, 0x00, 0x85, 0x43, 0x40,
  0x14, 0x90, 0x3d, 0x73, 0x00, 0x90, 0x49, 0x73, 0x00, 0x91, 0x23, 0x64,
  0x00, 0x92, 0x3d, 0x69, 0x00, 0x92, 0x49, 0x78, 0x00, 0x94, 0x23, 0x6e,
  0x00, 0x98, 0x3d, 0x69, 0x00, 0x98, 0x49, 0x78, 0x00, 0x99, 0x2c, 0x69,
  0x00, 0x99, 0x26, 0x6e, 0x00, 0x99, 0x36, 0x64, 0x0a, 0x89, 0x2c, 0x40,
  0x00, 0x89, 0x26, 0x40, 0x00, 0x89, 0x36, 0x40, 0x81, 0x16, 0x84, 0x23,
  0x40, 0x00, 0x99, 0x36, 0x50, 0x00, 0x99, 0x26, 0x50, 0x0a, 0x89, 0x36,
  0x40, 0x00, 0x89, 0x26, 0x40, 0x5a, 0x81, 0x23, 0x40, 0x28, 0x88, 0x3d,
  0x40, 0x00, 0x80, 0x49, 0x40, 0x00, 0x82, 0x49, 0x40, 0x00, 0x80, 0x3d,
  0x40, 0x00, 0x88, 0x49, 0x40, 0x00, 0x87, 0x43, 0x40, 0x00, 0x82, 0x3d,
  0x40, 0x14, 0x90, 0x3e, 0x73, 0x00, 0x90, 0x4a, 0x73, 0x00, 0x92, 0x3e,
  0x69, 0x00, 0x92, 0x4a, 0x78, 0x00, 0x98, 0x3e, 0x69, 0x00, 0x98, 0x4a,
  0x78, 0x00, 0x99, 0x26, 0x64, 0x00, 0x99, 0x36, 0x46, 0x0a, 0x89, 0x26,
  0x40, 0x00, 0x89, 0x36, 0x40, 0x00, 0x91, 0x23, 0x5a, 0x00, 0x99, 0x2c,
  0x55, 0x0a, 0x89, 0x2c, 0x40, 0x50, 0x86, 0x4f, 0x40, 0x0a, 0x81, 0x23,
  0x40, 0x0a, 0x88, 0x4a, 0x40, 0x00, 0x88, 0x3e, 0x40, 0x00, 0x82, 0x4a,
  0x40, 0x00, 0x82, 0x3e, 0x40, 0x00, 0x80, 0x4a, 0x40, 0x00, 0x80, 0x3e,
  0x40, 0x1e, 0xe8, 0x28, 0x3b, 0x0a, 0xe2, 0x28, 0x3b, 0x00, 0x94, 0x21,
  0x6e, 0x00, 0x90, 0x4e, 0x6e, 0x00, 0x90, 0x42, 0x6e, 0x00, 0x91, 0x21,
  0x64, 0x00, 0x92, 0x4e, 0x73, 0x00, 0x92, 0x42, 0x69, 0x00, 0x98, 0x4e,
  0x73, 0x00, 0x98, 0x42, 0x69, 0x00, 0x97, 0x39, 0x64, 0x00, 0x99, 0x24,
  0x6e, 0x00, 0x96, 0x45, 0x64, 0x00, 0x95, 0x45, 0x5f, 0x00, 0x95, 0x40,
  0x5f, 0x00, 0x99, 0x2c, 0x69, 0x00, 0x99, 0x3b, 0x78, 0x0a, 0x89, 0x24,
  0x40, 0x00, 0x89, 0x2c, 0x40, 0x00, 0x89, 0x3b, 0x40, 0x32, 0xe2, 0x54,
  0x3d, 0x00, 0xe8, 0x54, 0x3d, 0x14, 0x85, 0x40, 0x40, 0x00, 0x85, 0x45,
  0x40, 0x28, 0xe2, 0x00, 0x40, 0x00, 0xe8, 0x00, 0x40, 0x14, 0x87, 0x39,
  0x40, 0x00, 0x86, 0x45, 0x40, 0x14, 0x84, 0x21, 0x40, 0x00, 0x97, 0x3d,
  0x64, 0x00, 0x96, 0x49, 0x64, 0x64, 0x81, 0x21, 0x40, 0x28, 0x86, 0x49,
  0x40, 0x00, 0x87, 0x3d, 0x40, 0x00, 0x80, 0x42, 0x40, 0x00, 0x88, 0x4e,
  0x40, 0x00, 0x82, 0x4e, 0x40, 0x00, 0x80, 0x4e, 0x40, 0x00, 0x82, 0x42,
  0x40, 0x00, 0x88, 0x42, 0x40, 0x14, 0x90, 0x42, 0x5a, 0x00, 0x90, 0x4e,
  0x5a, 0x00, 0x96, 0x4c, 0x64, 0x00, 0x97, 0x40, 0x64, 0x0a, 0x91, 0x21,
  0x5a, 0x00, 0x99, 0x2c, 0x55, 0x0a, 0x89, 0x2c, 0x40, 0x5a, 0x81, 0x21,
  0x40, 0x0a, 0x80, 0x4e, 0x40, 0x00, 0x80, 0x42, 0x40, 0x14, 0x86, 0x4c,
  0x40, 0x00, 0x87, 0x40, 0x40, 0x14, 0x90, 0x40, 0x6e, 0x00, 0x90, 0x4c,
  0x6e, 0x00, 0x91, 0x25, 0x64, 0x00, 0x92, 0x40, 0x69, 0x00, 0x92, 0x4c,
  0x73, 0x00, 0x94, 0x25, 0x6e, 0x00, 0x97, 0x39, 0x64, 0x00, 0x98, 0x40,
  0x69, 0x00, 0x98, 0x4c, 0x73, 0x00, 0x96, 0x45, 0x64, 0x00, 0x95, 0x45,
  0x5f, 0x00, 0x95, 0x40, 0x5f, 0x00, 0x99, 0x2c, 0x69, 0x00, 0x99, 0x26,
  0x6e, 0x00, 0x99, 0x3b, 0x78, 0x00, 0x99, 0x36, 0x64, 0x0a, 0x89, 0x2c,
  0x40, 0x00, 0x89, 0x36, 0x40, 0x00, 0x89, 0x26, 0x40, 0x00, 0x89, 0x3b,
  0x40, 0x46, 0x85, 0x40, 0x40, 0x00, 0x85, 0x45, 0x40, 0x3c, 0x87, 0x39,
  0x40, 0x00, 0x86, 0x45, 0x40, 0x14, 0x84, 0x25, 0x40, 0x00, 0x96, 0x49,
  0x64, 0x00, 0x97, 0x3d, 0x64, 0x64, 0x81, 0x25, 0x40, 0x28, 0x87, 0x3d,
  0x40, 0x00, 0x86, 0x49, 0x40, 0x00, 0x88, 0x4c, 0x40, 0x00, 0x80, 0x40,
  0x40, 0x00, 0x80, 0x4c, 0x40, 0x00, 0x88, 0x40, 0x40, 0x00, 0x82, 0x40,
  0x40, 0x00, 0x82, 0x4c, 0x40, 0x14, 0x90, 0x40, 0x5a, 0x00, 0x90, 0x4c,
  0x5a, 0x00, 0x97, 0x40, 0x64, 0x00, 0x96, 0x4c, 0x64, 0x0a, 0x91, 0x25,
  0x5a, 0x00, 0x99, 0x2c, 0x55, 0x0a, 0x89, 0x2c, 0x40, 0x50, 0x80, 0x4c,
  0x40, 0x00, 0x80, 0x40, 0x40, 0x0a, 0x81, 0x25, 0x40, 0x1e, 0x87, 0x40,
  0x40, 0x00, 0x86, 0x4c, 0x40, 0x14, 0x90, 0x3e, 0x73, 0x00, 0x90, 0x4a,
  0x73, 0x00, 0x91, 0x28, 0x64, 0x00, 0x92, 0x3e, 0x69, 0x00, 0x92, 0x4a,
  0x78, 0x00, 0x94, 0x28, 0x6e, 0x00, 0x96, 0x4f, 0x64, 0x00, 0x95, 0x45,
  0x5f, 0x00, 0x95, 0x40, 0x5f, 0x00, 0x97, 0x45, 0x64, 0x00, 0x98, 0x3e,
  0x69, 0x00, 0x98, 0x4a, 0x78, 0x00, 0x99, 0x24, 0x6e, 0x00, 0x99, 0x2c,
  0x69, 0x00, 0x99, 0x3b, 0x78, 0x0a, 0x89, 0x24, 0x40, 0x00, 0x89, 0x2c,
  0x40, 0x00, 0x89, 0x3b, 0x40, 0x81, 0x16, 0x84, 0x28, 0x40, 0x64, 0x81,
  0x28, 0x40, 0x14, 0x88, 0x3e, 0x40, 0x00, 0x80, 0x4a, 0x40, 0x00, 0x82,
  0x3e, 0x40, 0x00, 0x82, 0x4a, 0x40, 0x00, 0x88, 0x4a, 0x40, 0x00, 0x80,
  0x3e, 0x40, 0x28, 0x90, 0x3b, 0x6e, 0x00, 0x90, 0x47, 0x6e, 0x00, 0x92,
  0x3b, 0x69, 0x00, 0x92, 0x47, 0x73, 0x00, 0x98, 0x3b, 0x69, 0x00, 0x98,
  0x47, 0x73, 0x0a, 0x91, 0x28, 0x5a, 0x00, 0x99, 0x2c, 0x55, 0x0a, 0x89,
  0x2c, 0x40, 0x3c, 0x85, 0x45, 0x40, 0x00, 0x85, 0x40, 0x40, 0x1e, 0x81,
  0x28, 0x40, 0x0a, 0x82, 0x47, 0x40, 0x00, 0x88, 0x3b, 0x40, 0x00, 0x82,
  0x3b, 0x40, 0x00, 0x80, 0x47, 0x40, 0x00, 0x88, 0x47, 0x40, 0x00, 0x80,
  0x3b, 0x40, 0x28, 0x91, 0x2a, 0x64, 0x00, 0x94, 0x2a, 0x6e, 0x00, 0x99,
  0x2c, 0x69, 0x00, 0x99, 0x26, 0x6e, 0x00, 0x99, 0x3b, 0x78, 0x00, 0x99,
  0x36, 0x64, 0x0a, 0x89, 0x2c, 0x40, 0x00, 0x89, 0x36, 0x40, 0x00, 0x89,
  0x3b, 0x40, 0x00, 0x89, 0x26, 0x40, 0x81, 0x16, 0x84, 0x2a, 0x40, 0x64,
  0x81, 0x2a, 0x40, 0x28, 0x87, 0x45, 0x40, 0x0a, 0xe8, 0x28, 0x3b, 0x0a,
  0xe2, 0x28, 0x3b, 0x00, 0x90, 0x42, 0x73, 0x00, 0x90, 0x4e, 0x73, 0x00,
  0x92, 0x42, 0x69, 0x00, 0x92, 0x4e, 0x78, 0x00, 0x98, 0x42, 0x69, 0x00,
  0x98, 0x4e, 0x78, 0x00, 0x95, 0x45, 0x5f, 0x00, 0x95, 0x40, 0x5f, 0x0a,
  0x91, 0x2a, 0x5a, 0x00, 0x99, 0x2c, 0x55, 0x0a, 0x89, 0x2c, 0x40, 0x28,
  0xe2, 0x54, 0x3d, 0x00, 0xe8, 0x54, 0x3d, 0x14, 0x85, 0x45, 0x40, 0x00,
  0x85, 0x40, 0x40, 0x14, 0x86, 0x4f, 0x40, 0x0a, 0x81, 0x2a, 0x40, 0x0a,
  0xe2, 0x00, 0x40, 0x00, 0xe8, 0x00, 0x40, 0x28, 0x97, 0x39, 0x64, 0x00,
  0x99, 0x24, 0x6e, 0x00, 0x96, 0x45, 0x64, 0x00, 0x91, 0x2b, 0x64, 0x00,
  0x94, 0x2b, 0x6e, 0x00, 0x99, 0x2c, 0x69, 0x00, 0x99, 0x3b, 0x78, 0x0a,
  0x89, 0x24, 0x40, 0x00, 0x89, 0x2c, 0x40, 0x00, 0x89, 0x3b, 0x40, 0x81,
  0x02, 0x87, 0x39, 0x40, 0x00, 0x86, 0x45, 0x40, 0x14, 0x84, 0x2b, 0x40,
  0x00, 0x96, 0x49, 0x64, 0x00, 0x97, 0x3d, 0x64, 0x50, 0x82, 0x4e, 0x40,
  0x00, 0x82, 0x42, 0x40, 0x00, 0x80, 0x42, 0x40, 0x00, 0x80, 0x4e, 0x40,
  0x00, 0x88, 0x4e, 0x40, 0x00, 0x88, 0x42, 0x40, 0x14, 0x81, 0x2b, 0x40,
  0x28, 0x86, 0x49, 0x40, 0x00, 0x87, 0x3d, 0x40, 0x14, 0x90, 0x42, 0x5a,
  0x00, 0x90, 0x4e, 0x5a, 0x00, 0x97, 0x40, 0x64, 0x00, 0x96, 0x4c, 0x64,
  0x00, 0x95, 0x45, 0x5f, 0x00, 0x95, 0x40, 0x5f, 0x0a, 0x91, 0x2b, 0x5a,
  0x00, 0x99, 0x2c, 0x55, 0x0a, 0x89, 0x2c, 0x40, 0x3c, 0x85, 0x45, 0x40,
  0x00, 0x85, 0x40, 0x40, 0x14, 0x80, 0x42, 0x40, 0x00, 0x80, 0x4e, 0x40,
  0x0a, 0x81, 0x2b, 0x40, 0x1e, 0x86, 0x4c, 0x40, 0x00, 0x87, 0x40, 0x40,
  0x14, 0x90, 0x40, 0x6e, 0x00, 0x90, 0x4c, 0x6e, 0x00, 0x91, 0x2a, 0x64,
  0x00, 0x92, 0x40, 0x69, 0x00, 0x92, 0x4c, 0x73, 0x00, 0x94, 0x2a, 0x6e,
  0x00, 0x96, 0x45, 0x64, 0x00, 0x97, 0x39, 0x64, 0x00, 0x98, 0x40, 0x69,
  0x00, 0x98, 0x4c, 0x73, 0x00, 0x99, 0x2c, 0x69, 0x00, 0x99, 0x26, 0x6e,
  0x00, 0x99, 0x3b, 0x78, 0x00, 0x99, 0x36, 0x64, 0x0a, 0x89, 0x2c, 0x40,
  0x00, 0x89, 0x26, 0x40, 0x00, 0x89, 0x3b, 0x40, 0x00, 0x89, 0x36, 0x40,
  0x81, 0x02, 0x86, 0x45, 0x40, 0x00, 0x87, 0x39, 0x40, 0x14, 0x84, 0x2a,
  0x40, 0x00, 0x97, 0x3d, 0x64, 0x00, 0x96, 0x49, 0x64, 0x64, 0x81, 0x2a,
  0x40, 0x14, 0x88, 0x4c, 0x40, 0x00, 0x80, 0x4c, 0x40, 0x00, 0x88, 0x40,
  0x40, 0x00, 0x80, 0x40, 0x40, 0x00, 0x82, 0x4c, 0x40, 0x00, 0x82, 0x40,
  0x40, 0x14, 0x86, 0x49, 0x40, 0x00, 0x87, 0x3d, 0x40, 0x14, 0x90, 0x4c,
  0x5a, 0x00, 0x90, 0x40, 0x5a, 0x00, 0x96, 0x4c, 0x64, 0x00, 0x95, 0x45,
  0x5f, 0x00, 0x95, 0x40, 0x5f, 0x00, 0x97, 0x40, 0x64, 0x0a, 0x91, 0x2a,
  0x5a, 0x00, 0x99, 0x2c, 0x55, 0x0a, 0x89, 0x2c, 0x40, 0x3c, 0x85, 0x45,
  0x40, 0x00, 0x85, 0x40, 0x40, 0x14, 0x80, 0x40, 0x40, 0x00, 0x80, 0x4c,
  0x40, 0x0a, 0x81, 0x2a, 0x40, 0x1e, 0x86, 0x4c, 0x40, 0x00, 0x87, 0x40,
  0x40, 0x14, 0x90, 0x3e, 0x73, 0x00, 0x90, 0x4a, 0x73, 0x00, 0x91, 0x28,
  0x64, 0x00, 0x92, 0x3e, 0x69, 0x00, 0x92, 0x4a, 0x78, 0x00, 0x94, 0x28,
  0x6e, 0x00, 0x97, 0x45, 0x64, 0x00, 0x98, 0x3e, 0x69, 0x00, 0x98, 0x4a,
  0x78, 0x00, 0x99, 0x24, 0x6e, 0x00, 0x95, 0x45, 0x5f, 0x00, 0x95, 0x40,
  0x5f, 0x00, 0x96, 0x4f, 0x64, 0x00, 0x99, 0x2c, 0x69, 0x00, 0x99, 0x3b,
  0x78, 0x0a, 0x89, 0x24, 0x40, 0x00, 0x89, 0x2c, 0x40, 0x00, 0x89, 0x3b,
  0x40, 0x81, 0x16, 0x84, 0x28, 0x40, 0x64, 0x81, 0x28, 0x40, 0x28, 0x82,
  0x3e, 0x40, 0x00, 0x82, 0x4a, 0x40, 0x00, 0x88, 0x3e, 0x40, 0x00, 0x88,
  0x4a, 0x40, 0x00, 0x80, 0x4a, 0x40, 0x00, 0x80, 0x3e, 0x40, 0x14, 0x90,
  0x3e, 0x5a, 0x00, 0x90, 0x4a, 0x5a, 0x0a, 0x91, 0x28, 0x5a, 0x00, 0x99,
  0x2c, 0x55, 0x0a, 0x89, 0x2c, 0x40, 0x50, 0x80, 0x3e, 0x40, 0x00, 0x80,
  0x4a, 0x40, 0x0a, 0x81, 0x28, 0x40, 0x1e, 0x85, 0x45, 0x40, 0x00, 0x85,
  0x40, 0x40, 0x14, 0x90, 0x40, 0x6e, 0x00, 0x90, 0x4c, 0x6e, 0x00, 0x91,
  0x25, 0x64, 0x00, 0x92, 0x40, 0x69, 0x00, 0x92, 0x4c, 0x73, 0x00, 0x94,
  0x25, 0x6e, 0x00, 0x98, 0x40, 0x69, 0x00, 0x98, 0x4c, 0x73, 0x00, 0x99,
  0x2c, 0x69, 0x00, 0x99, 0x26, 0x6e, 0x00, 0x99, 0x3b, 0x78, 0x00, 0x99,
  0x36, 0x64, 0x0a, 0x89, 0x2c, 0x40, 0x00, 0x89, 0x26, 0x40, 0x00, 0x89,
  0x3b, 0x40, 0x00, 0x89, 0x36, 0x40, 0x81, 0x16, 0x84, 0x25, 0x40, 0x64,
  0x81, 0x25, 0x40, 0x14, 0x88, 0x40, 0x40, 0x00, 0x88, 0x4c, 0x40, 0x00,
  0x82, 0x40, 0x40, 0x00, 0x80, 0x40, 0x40, 0x00, 0x80, 0x4c, 0x40, 0x00,
  0x82, 0x4c, 0x40, 0x14, 0x87, 0x45, 0x40, 0x14, 0x90, 0x40, 0x5a, 0x00,
  0x90, 0x4c, 0x5a, 0x0a, 0x91, 0x25, 0x5a, 0x00, 0x99, 0x2c, 0x55, 0x0a,
  0x89, 0x2c, 0x40, 0x50, 0x80, 0x40, 0x40, 0x00, 0x86, 0x4f, 0x40, 0x00,
  0x80, 0x4c, 0x40, 0x0a, 0x81, 0x25, 0x40, 0x32, 0x90, 0x3e, 0x73, 0x00,
  0x90, 0x4a, 0x73, 0x00, 0x91, 0x26, 0x64, 0x00, 0x92, 0x3e, 0x69, 0x00,
  0x92, 0x4a, 0x78, 0x00, 0x94, 0x26, 0x6e, 0x00, 0x98, 0x3e, 0x69, 0x00,
  0x98, 0x4a, 0x78, 0x00, 0x97, 0x39, 0x64, 0x00, 0x99, 0x24, 0x6e, 0x00,
  0x96, 0x45, 0x64, 0x00, 0x95, 0x45, 0x5f, 0x00, 0x95, 0x42, 0x5f, 0x00,
  0x99, 0x2c, 0x69, 0x00, 0x99, 0x3b, 0x78, 0x0a, 0x89, 0x24, 0x40, 0x00,
  0x89, 0x2c, 0x40, 0x00, 0x89, 0x3b, 0x40, 0x46, 0x85, 0x42, 0x40, 0x00,
  0x85, 0x45, 0x40, 0x3c, 0x87, 0x39, 0x40, 0x00, 0x86, 0x45, 0x40, 0x14,
  0x84, 0x26, 0x40, 0x00, 0x96, 0x4a, 0x64, 0x00, 0x97, 0x3e, 0x64, 0x64,
  0x81, 0x26, 0x40, 0x28, 0x86, 0x4a, 0x40, 0x00, 0x87, 0x3e, 0x40, 0x14,
  0x97, 0x42, 0x64, 0x00, 0x96, 0x4e, 0x64, 0x0a, 0x91, 0x26, 0x5a, 0x00,
  0x99, 0x2c, 0x55, 0x0a, 0x89, 0x2c, 0x40, 0x5a, 0x81, 0x26, 0x40, 0x1e,
  0x86, 0x4e, 0x40, 0x00, 0x87, 0x42, 0x40, 0x14, 0x91, 0x2a, 0x64, 0x00,
  0x94, 0x2a, 0x6e, 0x00, 0x96, 0x45, 0x64, 0x00, 0x95, 0x45, 0x5f, 0x00,
  0x95, 0x42, 0x5f, 0x00, 0x97, 0x39, 0x64, 0x00, 0x99, 0x2c, 0x69, 0x00,
  0x99, 0x26, 0x6e, 0x00, 0x99, 0x3b, 0x78, 0x00, 0x99, 0x36, 0x64, 0x0a,
  0x89, 0x2c, 0x40, 0x00, 0x89, 0x36, 0x40, 0x00, 0x89, 0x26, 0x40, 0x00,
  0x89, 0x3b, 0x40, 0x46, 0x85, 0x42, 0x40, 0x00, 0x85, 0x45, 0x40, 0x3c,
  0x86, 0x45, 0x40, 0x00, 0x87, 0x39, 0x40, 0x14, 0x84, 0x2a, 0x40, 0x00,
  0x97, 0x3e, 0x64, 0x00, 0x96, 0x4a, 0x64, 0x28, 0x82, 0x4a, 0x40, 0x00,
  0x88, 0x3e, 0x40, 0x00, 0x82, 0x3e, 0x40, 0x00, 0x88, 0x4a, 0x40, 0x3c,
  0x81, 0x2a, 0x40, 0x14, 0x80, 0x4a, 0x40, 0x00, 0x80, 0x3e, 0x40, 0x14,
  0x87, 0x3e, 0x40, 0x00, 0x86, 0x4a, 0x40, 0x14, 0x90, 0x3b, 0x73, 0x00,
  0x90, 0x47, 0x73, 0x00, 0x92, 0x3b, 0x69, 0x00, 0x92, 0x47, 0x78, 0x00,
  0x96, 0x4e, 0x64, 0x00, 0x97, 0x42, 0x64, 0x00, 0x98, 0x3b, 0x69, 0x00,
  0x98, 0x47, 0x78, 0x0a, 0x91, 0x2a, 0x5a, 0x00, 0x99, 0x2c, 0x55, 0x0a,
  0x89, 0x2c, 0x40, 0x5a, 0x81, 0x2a, 0x40, 0x1e, 0x86, 0x4e, 0x40, 0x00,
  0x87, 0x42, 0x40, 0x14, 0x91, 0x2d, 0x64, 0x00, 0x94, 0x2d, 0x6e, 0x00,
  0x97, 0x45, 0x64, 0x00, 0x99, 0x24, 0x6e, 0x00, 0x96, 0x51, 0x64, 0x00,
  0x95, 0x42, 0x5f, 0x00, 0x95, 0x45, 0x5f, 0x00, 0x99, 0x2c, 0x69, 0x00,
  0x99, 0x3b, 0x78, 0x0a, 0x89, 0x24, 0x40, 0x00, 0x89, 0x2c, 0x40, 0x00,
  0x89, 0x3b, 0x40, 0x81, 0x16, 0x84, 0x2d, 0x40, 0x64, 0x81, 0x2d, 0x40,
  0x46, 0x91, 0x2d, 0x5a, 0x00, 0x99, 0x2c, 0x55, 0x0a, 0x89, 0x2c, 0x40,
  0x3c, 0x85, 0x45, 0x40, 0x00, 0x85, 0x42, 0x40, 0x14, 0x82, 0x47, 0x40,
  0x00, 0x82, 0x3b, 0x40, 0x00, 0x88, 0x47, 0x40, 0x00, 0x88, 0x3b, 0x40,
  0x0a, 0x81, 0x2d, 0x40, 0x32, 0x90, 0x39, 0x73, 0x00, 0x90, 0x45, 0x73,
  0x00, 0x91, 0x2f, 0x64, 0x00, 0x92, 0x39, 0x69, 0x00, 0x92, 0x45, 0x78,
  0x00, 0x94, 0x2f, 0x6e, 0x00, 0x98, 0x39, 0x69, 0x00, 0x98, 0x45, 0x78,
  0x00, 0x99, 0x2c, 0x69, 0x00, 0x99, 0x26, 0x6e, 0x00, 0x99, 0x3b, 0x78,
  0x00, 0x99, 0x36, 0x64, 0x0a, 0x89, 0x2c, 0x40, 0x00, 0x89, 0x36, 0x40,
  0x00, 0x89, 0x26, 0x40, 0x00, 0x89, 0x3b, 0x40, 0x6e, 0x80, 0x3b, 0x40,
  0x00, 0x80, 0x47, 0x40, 0x28, 0x84, 0x2f, 0x40, 0x64, 0x81, 0x2f, 0x40,
  0x28, 0x87, 0x45, 0x40, 0x14, 0x95, 0x42, 0x5f, 0x00, 0x95, 0x45, 0x5f,
  0x0a, 0x91, 0x2f, 0x5a, 0x00, 0x99, 0x2c, 0x55, 0x0a, 0x89, 0x2c, 0x40,
  0x3c, 0x85, 0x42, 0x40, 0x00, 0x85, 0x45, 0x40, 0x14, 0x86, 0x51, 0x40,
  0x0a, 0x81, 0x2f, 0x40, 0x32, 0x91, 0x30, 0x64, 0x00, 0x94, 0x30, 0x6e,
  0x00, 0x96, 0x45, 0x64, 0x00, 0x97, 0x39, 0x64, 0x00, 0x99, 0x24, 0x6e,
  0x00, 0x99, 0x2c, 0x69, 0x00, 0x99, 0x3b, 0x78, 0x0a, 0x89, 0x24, 0x40,
  0x00, 0x89, 0x2c, 0x40, 0x00, 0x89, 0x3b, 0x40, 0x81, 0x02, 0x86, 0x45,
  0x40, 0x00, 0x87, 0x39, 0x40, 0x14, 0x84, 0x30, 0x40, 0x00, 0x97, 0x3e,
  0x64, 0x00, 0x96, 0x4a, 0x64, 0x64, 0x81, 0x30, 0x40, 0x28, 0x87, 0x3e,
  0x40, 0x00, 0x86, 0x4a, 0x40, 0x14, 0x96, 0x4e, 0x64, 0x00, 0x95, 0x45,
  0x5f, 0x00, 0x95, 0x42, 0x5f, 0x00, 0x97, 0x42, 0x64, 0x0a, 0x91, 0x30,
  0x5a, 0x00, 0x99, 0x2c, 0x55, 0x0a, 0x89, 0x2c, 0x40, 0x3c, 0x85, 0x42,
  0x40, 0x00, 0x85, 0x45, 0x40, 0x1e, 0x81, 0x30, 0x40, 0x1e, 0x86, 0x4e,
  0x40, 0x00, 0x87, 0x42, 0x40, 0x14, 0x91, 0x2f, 0x64, 0x00, 0x94, 0x2f,
  0x6e, 0x00, 0x97, 0x45, 0x64, 0x00, 0x96, 0x51, 0x64, 0x00, 0x99, 0x2c,
  0x69, 0x00, 0x99, 0x26, 0x6e, 0x00, 0x99, 0x3b, 0x78, 0x00, 0x99, 0x36,
  0x64, 0x0a, 0x89, 0x2c, 0x40, 0x00, 0x89, 0x26, 0x40, 0x00, 0x89, 0x3b,
  0x40, 0x00, 0x89, 0x36, 0x40, 0x81, 0x02, 0x87, 0x45, 0x40, 0x00, 0x86,
  0x51, 0x40, 0x14, 0x84, 0x2f, 0x40, 0x00, 0x96, 0x56, 0x64, 0x00, 0x97,
  0x4a, 0x64, 0x64, 0x81, 0x2f, 0x40, 0x28, 0x86, 0x56, 0x40, 0x00, 0x87,
  0x4a, 0x40, 0x14, 0x97, 0x4e, 0x64, 0x00, 0x96, 0x5a, 0x64, 0x00, 0x95,
  0x45, 0x5f, 0x00, 0x95, 0x42, 0x5f, 0x0a, 0x91, 0x2f, 0x5a, 0x00, 0x99,
  0x2c, 0x55, 0x0a, 0x89, 0x2c, 0x40, 0x3c, 0x80, 0x39, 0x40, 0x00, 0x80,
  0x45, 0x40, 0x00, 0x85, 0x42, 0x40, 0x00, 0x82, 0x45, 0x40, 0x00, 0x85,
  0x45, 0x40, 0x00, 0x88, 0x39, 0x40, 0x00, 0x82, 0x39, 0x40, 0x00, 0x88,
  0x45, 0x40, 0x1e, 0x81, 0x2f, 0x40, 0x1e, 0x86, 0x5a, 0x40, 0x00, 0x87,
  0x4e, 0x40, 0x14, 0x90, 0x39, 0x73, 0x00, 0x90, 0x45, 0x73, 0x00, 0x91,
  0x2d, 0x64, 0x00, 0x92, 0x39, 0x69, 0x00, 0x92, 0x45, 0x78, 0x00, 0x94,
  0x2d, 0x6e, 0x00, 0x95, 0x45, 0x5f, 0x00, 0x95, 0x42, 0x5f, 0x00, 0x96,
  0x5d, 0x64, 0x00, 0x97, 0x51, 0x64, 0x00, 0x98, 0x39, 0x69, 0x00, 0x98,
  0x45, 0x78, 0x00, 0x99, 0x24, 0x6e, 0x00, 0x99, 0x2c, 0x69, 0x00, 0x99,
  0x3b, 0x78, 0x0a, 0x89, 0x24, 0x40, 0x00, 0x89, 0x2c, 0x40, 0x00, 0x89,
  0x3b, 0x40, 0x81, 0x02, 0x87, 0x51, 0x40, 0x00, 0x86, 0x5d, 0x40, 0x14,
  0x84, 0x2d, 0x40, 0x00, 0x97, 0x4e, 0x64, 0x00, 0x96, 0x5a, 0x64, 0x64,
  0x81, 0x2d, 0x40, 0x28, 0x86, 0x5a, 0x40, 0x00, 0x87, 0x4e, 0x40, 0x00,
  0x82, 0x39, 0x40, 0x00, 0x88, 0x39, 0x40, 0x00, 0x80, 0x45, 0x40, 0x00,
  0x88, 0x45, 0x40, 0x00, 0x80, 0x39, 0x40, 0x00, 0x82, 0x45, 0x40, 0x14,
  0x90, 0x3b, 0x69, 0x00, 0x90, 0x47, 0x69, 0x00, 0x92, 0x3b, 0x69, 0x00,
  0x92, 0x47, 0x6e, 0x00, 0x96, 0x56, 0x64, 0x00, 0x97, 0x4a, 0x64, 0x00,
  0x98, 0x3b, 0x69, 0x00, 0x98, 0x47, 0x6e, 0x0a, 0x91, 0x2d, 0x5a, 0x00,
  0x99, 0x2c, 0x55, 0x0a, 0x89, 0x2c, 0x40, 0x5a, 0x81, 0x2d, 0x40, 0x0a,
  0x82, 0x3b, 0x40, 0x00, 0x88, 0x47, 0x40, 0x00, 0x80, 0x3b, 0x40, 0x00,
  0x88, 0x3b, 0x40, 0x00, 0x80, 0x47, 0x40, 0x00, 0x82, 0x47, 0x40, 0x14,
  0x87, 0x4a, 0x40, 0x00, 0x85, 0x45, 0x40, 0x00, 0x85, 0x42, 0x40, 0x00,
  0x86, 0x56, 0x40, 0x14, 0x90, 0x3d, 0x73, 0x00, 0x90, 0x49, 0x73, 0x00,
  0x91, 0x2a, 0x64, 0x00, 0x92, 0x3d, 0x69, 0x00, 0x92, 0x49, 0x78, 0x00,
  0x94, 0x2a, 0x6e, 0x00, 0x98, 0x3d, 0x69, 0x00, 0x98, 0x49, 0x78, 0x00,
  0x97, 0x45, 0x64, 0x00, 0x96, 0x51, 0x64, 0x00, 0x99, 0x2c, 0x69, 0x00,
  0x99, 0x26, 0x6e, 0x00, 0x99, 0x36, 0x64, 0x0a, 0x89, 0x2c, 0x40, 0x00,
  0x89, 0x26, 0x40, 0x00, 0x89, 0x36, 0x40, 0x81, 0x02, 0x87, 0x45, 0x40,
  0x00, 0x86, 0x51, 0x40, 0x14, 0x84, 0x2a, 0x40, 0x00, 0x96, 0x4e, 0x64,
  0x00, 0x97, 0x42, 0x64, 0x00, 0x99, 0x36, 0x50, 0x00, 0x99, 0x26, 0x50,
  0x0a, 0x89, 0x36, 0x40, 0x00, 0x89, 0x26, 0x40, 0x5a, 0x81, 0x2a, 0x40,
  0x28, 0x87, 0x42, 0x40, 0x00, 0x86, 0x4e, 0x40, 0x00, 0x88, 0x3d, 0x40,
  0x00, 0x80, 0x3d, 0x40, 0x00, 0x82, 0x3d, 0x40, 0x00, 0x80, 0x49, 0x40,
  0x00, 0x88, 0x49, 0x40, 0x00, 0x82, 0x49, 0x40, 0x14, 0x90, 0x40, 0x64,
  0x00, 0x90, 0x4c, 0x64, 0x00, 0x92, 0x40, 0x69, 0x00, 0x92, 0x4c, 0x69,
  0x00, 0x97, 0x3d, 0x64, 0x00, 0x98, 0x40, 0x69, 0x00, 0x98, 0x4c, 0x69,
  0x00, 0x96, 0x49, 0x64, 0x00, 0x99, 0x26, 0x64, 0x00, 0x99, 0x36, 0x46,
  0x0a, 0x89, 0x26, 0x40, 0x00, 0x89, 0x36, 0x40, 0x00, 0x91, 0x2a, 0x5a,
  0x00, 0x99, 0x2c, 0x55, 0x0a, 0x89, 0x2c, 0x40, 0x50, 0x80, 0x40, 0x40,
  0x00, 0x80, 0x4c, 0x40, 0x00, 0x82, 0x4c, 0x40, 0x00, 0x88, 0x4c, 0x40,
  0x00, 0x88, 0x40, 0x40, 0x00, 0x82, 0x40, 0x40, 0x0a, 0x81, 0x2a, 0x40,
  0x1e, 0x87, 0x3d, 0x40, 0x00, 0x86, 0x49, 0x40, 0x14, 0x90, 0x42, 0x73,
  0x00, 0x90, 0x4e, 0x73, 0x00, 0x91, 0x26, 0x64, 0x00, 0x92, 0x42, 0x69,
  0x00, 0x92, 0x4e, 0x78, 0x00, 0x94, 0x26, 0x6e, 0x00, 0x96, 0x45, 0x64,
  0x00, 0x95, 0x45, 0x5f, 0x00, 0x95, 0x42, 0x5f, 0x00, 0x98, 0x42, 0x69,
  0x00, 0x98, 0x4e, 0x78, 0x00, 0x97, 0x39, 0x64, 0x00, 0x99, 0x24, 0x6e,
  0x00, 0x99, 0x2c, 0x69, 0x00, 0x99, 0x3b, 0x78, 0x0a, 0x89, 0x24, 0x40,
  0x00, 0x89, 0x2c, 0x40, 0x00, 0x89, 0x3b, 0x40, 0x46, 0x85, 0x42, 0x40,
  0x00, 0x85, 0x45, 0x40, 0x3c, 0x86, 0x45, 0x40, 0x00, 0x87, 0x39, 0x40,
  0x14, 0x84, 0x26, 0x40, 0x00, 0x97, 0x3e, 0x64, 0x00, 0x96, 0x4a, 0x64,
  0x64, 0x81, 0x26, 0x40, 0x28, 0x86, 0x4a, 0x40, 0x00, 0x87, 0x3e, 0x40,
  0x00, 0x88, 0x42, 0x40, 0x00, 0x80, 0x42, 0x40, 0x00, 0x82, 0x4e, 0x40,
  0x00, 0x88, 0x4e, 0x40, 0x00, 0x82, 0x42, 0x40, 0x00, 0x80, 0x4e, 0x40,
  0x14, 0x90, 0x42, 0x64, 0x00, 0x90, 0x4e, 0x64, 0x00, 0x96, 0x4e, 0x64,
  0x00, 0x97, 0x42, 0x64, 0x0a, 0x91, 0x26, 0x5a, 0x00, 0x99, 0x2c, 0x55,
  0x0a, 0x89, 0x2c, 0x40, 0x5a, 0x81, 0x26, 0x40, 0x0a, 0x80, 0x4e, 0x40,
  0x00, 0x80, 0x42, 0x40, 0x14, 0x86, 0x4e, 0x40, 0x00, 0x87, 0x42, 0x40,
  0x14, 0x90, 0x3e, 0x73, 0x00, 0x90, 0x4a, 0x73, 0x00, 0x91, 0x2a, 0x64,
  0x00, 0x92, 0x3e, 0x69, 0x00, 0x92, 0x4a, 0x78, 0x00, 0x94, 0x2a, 0x6e,
  0x00, 0x97, 0x39, 0x64, 0x00, 0x98, 0x3e, 0x69, 0x00, 0x98, 0x4a, 0x78,
  0x00, 0x96, 0x45, 0x64, 0x00, 0x95, 0x45, 0x5f, 0x00, 0x95, 0x42, 0x5f,
  0x00, 0x99, 0x2c, 0x69, 0x00, 0x99, 0x26, 0x6e, 0x00, 0x99, 0x3b, 0x78,
  0x00, 0x99, 0x36, 0x64, 0x0a, 0x89, 0x2c, 0x40, 0x00, 0x89, 0x36, 0x40,
  0x00, 0x89, 0x26, 0x40, 0x00, 0x89, 0x3b, 0x40, 0x46, 0x85, 0x42, 0x40,
  0x00, 0x85, 0x45, 0x40, 0x3c, 0x87, 0x39, 0x40, 0x00, 0x86, 0x45, 0x40,
  0x14, 0x84, 0x2a, 0x40, 0x00, 0x96, 0x4a, 0x64, 0x00, 0x97, 0x3e, 0x64,
  0x64, 0x81, 0x2a, 0x40, 0x28, 0x87, 0x3e, 0x40, 0x00, 0x86, 0x4a, 0x40,
  0x00, 0x88, 0x4a, 0x40, 0x00, 0x80, 0x3e, 0x40, 0x00, 0x80, 0x4a, 0x40,
  0x00, 0x88, 0x3e, 0x40, 0x00, 0x82, 0x3e, 0x40, 0x00, 0x82, 0x4a, 0x40,
  0x14, 0x90, 0x3e, 0x64, 0x00, 0x90, 0x4a, 0x64, 0x00, 0x97, 0x42, 0x64,
  0x00, 0x96, 0x4e, 0x64, 0x0a, 0x91, 0x2a, 0x5a, 0x00, 0x99, 0x2c, 0x55,
  0x0a, 0x89, 0x2c, 0x40, 0x5a, 0x81, 0x2a, 0x40, 0x0a, 0x80, 0x4a, 0x40,
  0x00, 0x80, 0x3e, 0x40, 0x14, 0x87, 0x42, 0x40, 0x00, 0x86, 0x4e, 0x40,
  0x14, 0x90, 0x42, 0x6e, 0x00, 0x90, 0x4e, 0x6e, 0x00, 0x91, 0x2d, 0x64,
  0x00, 0x92, 0x42, 0x69, 0x00, 0x92, 0x4e, 0x73, 0x00, 0x94, 0x2d, 0x6e,
  0x00, 0x96, 0x51, 0x64, 0x00, 0x95, 0x45, 0x5f, 0x00, 0x95, 0x42, 0x5f,
  0x00, 0x97, 0x45, 0x64, 0x00, 0x98, 0x42, 0x69, 0x00, 0x98, 0x4e, 0x73,
  0x00, 0x99, 0x24, 0x6e, 0x00, 0x99, 0x2c, 0x69, 0x00, 0x99, 0x3b, 0x78,
  0x0a, 0x89, 0x24, 0x40, 0x00, 0x89, 0x2c, 0x40, 0x00, 0x89, 0x3b, 0x40,
  0x81, 0x16, 0x84, 0x2d, 0x40, 0x64, 0x81, 0x2d, 0x40, 0x28, 0x88, 0x42,
  0x40, 0x00, 0x80, 0x4e, 0x40, 0x00, 0x82, 0x42, 0x40, 0x00, 0x82, 0x4e,
  0x40, 0x00, 0x88, 0x4e, 0x40, 0x00, 0x80, 0x42, 0x40, 0x0a, 0xe8, 0x28,
  0x3b, 0x0a, 0xe2, 0x28, 0x3b, 0x00, 0x90, 0x3e, 0x6e, 0x00, 0x90, 0x4a,
  0x6e, 0x00, 0x92, 0x3e, 0x69, 0x00, 0x92, 0x4a, 0x73, 0x00, 0x98, 0x3e,
  0x69, 0x00, 0x98, 0x4a, 0x73, 0x0a, 0x91, 0x2d, 0x5a, 0x00, 0x99, 0x2c,
  0x55, 0x0a, 0x89, 0x2c, 0x40, 0x28, 0xe2, 0x54, 0x3d, 0x00, 0xe8, 0x54,
  0x3d, 0x14, 0x85, 0x45, 0x40, 0x00, 0x85, 0x42, 0x40, 0x1e, 0x81, 0x2d,
  0x40, 0x0a, 0xe2, 0x00, 0x40, 0x00, 0xe8, 0x00, 0x40, 0x28, 0x94, 0x2f,
  0x6e, 0x00, 0x91, 0x2f, 0x64, 0x00, 0x99, 0x2c, 0x69, 0x00, 0x99, 0x26,
  0x6e, 0x00, 0x99, 0x3b, 0x78, 0x00, 0x99, 0x36, 0x64, 0x0a, 0x89, 0x2c,
  0x40, 0x00, 0x89, 0x26, 0x40, 0x00, 0x89, 0x3b, 0x40, 0x00, 0x89, 0x36,
  0x40, 0x6e, 0x88, 0x4a, 0x40, 0x00, 0x82, 0x4a, 0x40, 0x00, 0x88, 0x3e,
  0x40, 0x00, 0x80, 0x4a, 0x40, 0x00, 0x80, 0x3e, 0x40, 0x00, 0x82, 0x3e,
  0x40, 0x28, 0x84, 0x2f, 0x40, 0x64, 0x81, 0x2f, 0x40, 0x28, 0x87, 0x45,
  0x40, 0x14, 0x90, 0x43, 0x73, 0x00, 0x90, 0x4f, 0x73, 0x00, 0x92, 0x43,
  0x69, 0x00, 0x92, 0x4f, 0x78, 0x00, 0x98, 0x43, 0x69, 0x00, 0x98, 0x4f,
  0x78, 0x00, 0x95, 0x45, 0x5f, 0x00, 0x95, 0x42, 0x5f, 0x0a, 0x91, 0x2f,
  0x5a, 0x00, 0x99, 0x2c, 0x55, 0x0a, 0x89, 0x2c, 0x40, 0x3c, 0x85, 0x45,
  0x40, 0x00, 0x85, 0x42, 0x40, 0x14, 0x86, 0x51, 0x40, 0x0a, 0x81, 0x2f,
  0x40, 0x32, 0x91, 0x30, 0x64, 0x00, 0x94, 0x30, 0x6e, 0x00, 0x96, 0x45,
  0x64, 0x00, 0x97, 0x39, 0x64, 0x00, 0x99, 0x24, 0x6e, 0x00, 0x99, 0x2c,
  0x69, 0x00, 0x99, 0x3b, 0x78, 0x0a, 0x89, 0x24, 0x40, 0x00, 0x89, 0x2c,
  0x40, 0x00, 0x89, 0x3b, 0x40, 0x81, 0x02, 0x86, 0x45, 0x40, 0x00, 0x87,
  0x39, 0x40, 0x14, 0x84, 0x30, 0x40, 0x00, 0x97, 0x3e, 0x64, 0x00, 0x96,
  0x4a, 0x64, 0x50, 0x82, 0x4f, 0x40, 0x00, 0x82, 0x43, 0x40, 0x00, 0x88,
  0x4f, 0x40, 0x00, 0x80, 0x43, 0x40, 0x00, 0x80, 0x4f, 0x40, 0x00, 0x88,
  0x43, 0x40, 0x14, 0x81, 0x30, 0x40, 0x28, 0x87, 0x3e, 0x40, 0x00, 0x86,
  0x4a, 0x40, 0x14, 0x90, 0x43, 0x69, 0x00, 0x90, 0x4f, 0x69, 0x00, 0x96,
  0x4e, 0x64, 0x00, 0x95, 0x45, 0x5f, 0x00, 0x95, 0x42, 0x5f, 0x00, 0x97,
  0x42, 0x64, 0x0a, 0x91, 0x30, 0x5a, 0x00, 0x99, 0x2c, 0x55, 0x0a, 0x89,
  0x2c, 0x40, 0x3c, 0x85, 0x45, 0x40, 0x00, 0x85, 0x42, 0x40, 0x1e, 0x81,
  0x30, 0x40, 0x0a, 0x80, 0x43, 0x40, 0x00, 0x80, 0x4f, 0x40, 0x14, 0x87,
  0x42, 0x40, 0x00, 0x86, 0x4e, 0x40, 0x14, 0x90, 0x42, 0x73, 0x00, 0x90,
  0x4e, 0x73, 0x00, 0x91, 0x2f, 0x64, 0x00, 0x92, 0x42, 0x69, 0x00, 0x92,
  0x4e, 0x78, 0x00, 0x94, 0x2f, 0x6e, 0x00, 0x97, 0x39, 0x64, 0x00, 0x98,
  0x42, 0x69, 0x00, 0x98, 0x4e, 0x78, 0x00, 0x96, 0x45, 0x64, 0x00, 0x99,
  0x2c, 0x69, 0x00, 0x99, 0x26, 0x6e, 0x00, 0x99, 0x3b, 0x78, 0x00, 0x99,
  0x36, 0x64, 0x0a, 0x89, 0x2c, 0x40, 0x00, 0x89, 0x26, 0x40, 0x00, 0x89,
  0x3b, 0x40, 0x00, 0x89, 0x36, 0x40, 0x81, 0x02, 0x87, 0x39, 0x40, 0x00,
  0x86, 0x45, 0x40, 0x14, 0x84, 0x2f, 0x40, 0x00, 0x96, 0x4a, 0x64, 0x00,
  0x97, 0x3e, 0x64, 0x64, 0x81, 0x2f, 0x40, 0x28, 0x87, 0x3e, 0x40, 0x00,
  0x86, 0x4a, 0x40, 0x00, 0x88, 0x4e, 0x40, 0x00, 0x80, 0x42, 0x40, 0x00,
  0x80, 0x4e, 0x40, 0x00, 0x82, 0x42, 0x40, 0x00, 0x88, 0x42, 0x40, 0x00,
  0x82, 0x4e, 0x40, 0x14, 0x90, 0x3e, 0x73, 0x00, 0x90, 0x4a, 0x73, 0x00,
  0x92, 0x3e, 0x69, 0x00, 0x92, 0x4a, 0x78, 0x00, 0x97, 0x42, 0x64, 0x00,
  0x98, 0x3e, 0x69, 0x00, 0x98, 0x4a, 0x78, 0x00, 0x96, 0x4e, 0x64, 0x00,
  0x95, 0x45, 0x5f, 0x00, 0x95, 0x42, 0x5f, 0x0a, 0x91, 0x2f, 0x5a, 0x00,
  0x99, 0x2c, 0x55, 0x0a, 0x89, 0x2c, 0x40, 0x3c, 0x85, 0x42, 0x40, 0x00,
  0x85, 0x45, 0x40, 0x1e, 0x81, 0x2f, 0x40, 0x1e, 0x86, 0x4e, 0x40, 0x00,
  0x87, 0x42, 0x40, 0x14, 0x91, 0x2d, 0x64, 0x00, 0x94, 0x2d, 0x6e, 0x00,
  0x95, 0x45, 0x5f, 0x00, 0x95, 0x42, 0x5f, 0x00, 0x96, 0x51, 0x64, 0x00,
  0x97, 0x45, 0x64, 0x00, 0x99, 0x24, 0x6e, 0x00, 0x99, 0x2c, 0x69, 0x00,
  0x99, 0x3b, 0x78, 0x0a, 0x89, 0x24, 0x40, 0x00, 0x89, 0x2c, 0x40, 0x00,
  0x89, 0x3b, 0x40, 0x81, 0x16, 0x84, 0x2d, 0x40, 0x14, 0x88, 0x4a, 0x40,
  0x00, 0x82, 0x4a, 0x40, 0x00, 0x80, 0x4a, 0x40, 0x00, 0x80, 0x3e, 0x40,
  0x00, 0x82, 0x3e, 0x40, 0x00, 0x88, 0x3e, 0x40, 0x50, 0x81, 0x2d, 0x40,
  0x3c, 0x90, 0x3d, 0x73, 0x00, 0x90, 0x49, 0x73, 0x00, 0x92, 0x3d, 0x69,
  0x00, 0x92, 0x49, 0x78, 0x00, 0x98, 0x3d, 0x69, 0x00, 0x98, 0x49, 0x78,
  0x0a, 0x91, 0x2d, 0x5a, 0x00, 0x99, 0x2c, 0x55, 0x0a, 0x89, 0x2c, 0x40,
  0x5a, 0x81, 0x2d, 0x40, 0x1e, 0x85, 0x42, 0x40, 0x00, 0x85, 0x45, 0x40,
  0x14, 0x91, 0x2a, 0x64, 0x00, 0x94, 0x2a, 0x6e, 0x00, 0x99, 0x2c, 0x69,
  0x00, 0x99, 0x26, 0x6e, 0x00, 0x99, 0x3b, 0x78, 0x00, 0x99, 0x36, 0x64,
  0x0a, 0x89, 0x2c, 0x40, 0x00, 0x89, 0x26, 0x40, 0x00, 0x89, 0x3b, 0x40,
  0x00, 0x89, 0x36, 0x40, 0x81, 0x16, 0x84, 0x2a, 0x40, 0x64, 0x81, 0x2a,
  0x40, 0x28, 0x87, 0x45, 0x40, 0x1e, 0x91, 0x2a, 0x5a, 0x00, 0x99, 0x2c,
  0x55, 0x0a, 0x89, 0x2c, 0x40, 0x50, 0x86, 0x51, 0x40, 0x0a, 0x81, 0x2a,
  0x40, 0x1e, 0x82, 0x3d, 0x40, 0x00, 0x80, 0x49, 0x40, 0x00, 0x80, 0x3d,
  0x40, 0x00, 0x88, 0x49, 0x40, 0x00, 0x82, 0x49, 0x40, 0x00, 0x88, 0x3d,
  0x40, 0x14, 0x90, 0x3e, 0x6e, 0x00, 0x90, 0x4a, 0x6e, 0x00, 0x91, 0x1f,
  0x64, 0x00, 0x92, 0x3e, 0x69, 0x00, 0x92, 0x4a, 0x73, 0x00, 0x94, 0x1f,
  0x6e, 0x00, 0x98, 0x3e, 0x69, 0x00, 0x98, 0x4a, 0x73, 0x00, 0x97, 0x3b,
  0x64, 0x00, 0x99, 0x24, 0x6e, 0x00, 0x96, 0x47, 0x64, 0x00, 0x95, 0x43,
  0x5f, 0x00, 0x95, 0x3e, 0x5f, 0x00, 0x99, 0x2c, 0x69, 0x00, 0x99, 0x3b,
  0x78, 0x0a, 0x89, 0x24, 0x40, 0x00, 0x89, 0x2c, 0x40, 0x00, 0x89, 0x3b,
  0x40, 0x46, 0x85, 0x3e, 0x40, 0x00, 0x85, 0x43, 0x40, 0x3c, 0x87, 0x3b,
  0x40, 0x00, 0x86, 0x47, 0x40, 0x14, 0x84, 0x1f, 0x40, 0x00, 0x96, 0x4a,
  0x64, 0x00, 0x97, 0x3e, 0x64, 0x64, 0x81, 0x1f, 0x40, 0x28, 0x87, 0x3e,
  0x40, 0x00, 0x86, 0x4a, 0x40, 0x00, 0x88, 0x3e, 0x40, 0x00, 0x80, 0x3e,
  0x40, 0x00, 0x82, 0x4a, 0x40, 0x00, 0x80, 0x4a, 0x40, 0x00, 0x88, 0x4a,
  0x40, 0x00, 0x82, 0x3e, 0x40, 0x14, 0x90, 0x3e, 0x64, 0x00, 0x90, 0x4a,
  0x64, 0x00, 0x97, 0x43, 0x64, 0x00, 0x96, 0x4f, 0x64, 0x0a, 0x91, 0x1f,
  0x5a, 0x00, 0x99, 0x2c, 0x55, 0x0a, 0x89, 0x2c, 0x40, 0x5a, 0x81, 0x1f,
  0x40, 0x0a, 0x80, 0x4a, 0x40, 0x00, 0x80, 0x3e, 0x40, 0x14, 0x87, 0x43,
  0x40, 0x00, 0x86, 0x4f, 0x40, 0x14, 0x90, 0x3e, 0x73, 0x00, 0x90, 0x4a,
  0x73, 0x00, 0x91, 0x23, 0x64, 0x00, 0x92, 0x3e, 0x69, 0x00, 0x92, 0x4a,
  0x78, 0x00, 0x94, 0x23, 0x6e, 0x00, 0x96, 0x47, 0x64, 0x00, 0x95, 0x43,
  0x5f, 0x00, 0x95, 0x3e, 0x5f, 0x00, 0x97, 0x3b, 0x64, 0x00, 0x98, 0x3e,
  0x69, 0x00, 0x98, 0x4a, 0x78, 0x00, 0x99, 0x2c, 0x69, 0x00, 0x99, 0x26,
  0x6e, 0x00, 0x99, 0x3b, 0x78, 0x00, 0x99, 0x36, 0x64, 0x0a, 0x89, 0x2c,
  0x40, 0x00, 0x89, 0x36, 0x40, 0x00, 0x89, 0x26, 0x40, 0x00, 0x89, 0x3b,
  0x40, 0x46, 0x85, 0x3e, 0x40, 0x00, 0x85, 0x43, 0x40, 0x3c, 0x86, 0x47,
  0x40, 0x00, 0x87, 0x3b, 0x40, 0x14, 0x84, 0x23, 0x40, 0x00, 0x97, 0x3e,
  0x64, 0x00, 0x96, 0x4a, 0x64, 0x64, 0x81, 0x23, 0x40, 0x28, 0x86, 0x4a,
  0x40, 0x00, 0x87, 0x3e, 0x40, 0x00, 0x80, 0x4a, 0x40, 0x00, 0x88, 0x4a,
  0x40, 0x00, 0x88, 0x3e, 0x40, 0x00, 0x80, 0x3e, 0x40, 0x00, 0x82, 0x3e,
  0x40, 0x00, 0x82, 0x4a, 0x40, 0x14, 0x90, 0x3e, 0x64, 0x00, 0x90, 0x4a,
  0x64, 0x00, 0x96, 0x4c, 0x64, 0x00, 0x97, 0x40, 0x64, 0x0a, 0x91, 0x23,
  0x5a, 0x00, 0x99, 0x2c, 0x55, 0x0a, 0x89, 0x2c, 0x40, 0x5a, 0x81, 0x23,
  0x40, 0x0a, 0x80, 0x4a, 0x40, 0x00, 0x80, 0x3e, 0x40, 0x14, 0x86, 0x4c,
  0x40, 0x00, 0x87, 0x40, 0x40, 0x14, 0x90, 0x3e, 0x6e, 0x00, 0x90, 0x4a,
  0x6e, 0x00, 0x91, 0x26, 0x64, 0x00, 0x92, 0x3e, 0x69, 0x00, 0x92, 0x4a,
  0x73, 0x00, 0x94, 0x26, 0x6e, 0x00, 0x97, 0x43, 0x64, 0x00, 0x98, 0x3e,
  0x69, 0x00, 0x98, 0x4a, 0x73, 0x00, 0x99, 0x24, 0x6e, 0x00, 0x96, 0x4f,
  0x64, 0x00, 0x95, 0x3e, 0x5f, 0x00, 0x95, 0x43, 0x5f, 0x00, 0x99, 0x2c,
  0x69, 0x00, 0x99, 0x3b, 0x78, 0x0a, 0x89, 0x24, 0x40, 0x00, 0x89, 0x2c,
  0x40, 0x00, 0x89, 0x3b, 0x40, 0x81, 0x16, 0x84, 0x26, 0x40, 0x64, 0x81,
  0x26, 0x40, 0x28, 0x82, 0x3e, 0x40, 0x00, 0x82, 0x4a, 0x40, 0x00, 0x88,
  0x3e, 0x40, 0x00, 0x88, 0x4a, 0x40, 0x00, 0x80, 0x4a, 0x40, 0x00, 0x80,
  0x3e, 0x40, 0x14, 0x90, 0x3d, 0x6e, 0x00, 0x90, 0x49, 0x6e, 0x00, 0x92,
  0x3d, 0x69, 0x00, 0x92, 0x49, 0x73, 0x00, 0x98, 0x3d, 0x69, 0x00, 0x98,
  0x49, 0x73, 0x0a, 0x91, 0x26, 0x5a, 0x00, 0x99, 0x2c, 0x55, 0x0a, 0x89,
  0x2c, 0x40, 0x3c, 0x85, 0x43, 0x40, 0x00, 0x85, 0x3e, 0x40, 0x1e, 0x81,
  0x26, 0x40, 0x32, 0x91, 0x28, 0x64, 0x00, 0x94, 0x28, 0x6e, 0x00, 0x99,
  0x2c, 0x69, 0x00, 0x99, 0x26, 0x6e, 0x00, 0x99, 0x3b, 0x78, 0x00, 0x99,
  0x36, 0x64, 0x0a, 0x89, 0x2c, 0x40, 0x00, 0x89, 0x26, 0x40, 0x00, 0x89,
  0x3b, 0x40, 0x00, 0x89, 0x36, 0x40, 0x6e, 0x80, 0x3d, 0x40, 0x00, 0x82,
  0x49, 0x40, 0x00, 0x88, 0x3d, 0x40, 0x00, 0x80, 0x49, 0x40, 0x00, 0x88,
  0x49, 0x40, 0x00, 0x82, 0x3d, 0x40, 0x28, 0x84, 0x28, 0x40, 0x64, 0x81,
  0x28, 0x40, 0x28, 0x87, 0x43, 0x40, 0x14, 0x90, 0x3b, 0x69, 0x00, 0x90,
  0x47, 0x69, 0x00, 0x92, 0x3b, 0x69, 0x00, 0x92, 0x47, 0x6e, 0x00, 0x98,
  0x3b, 0x69, 0x00, 0x98, 0x47, 0x6e, 0x00, 0x95, 0x3e, 0x5f, 0x00, 0x95,
  0x43, 0x5f, 0x0a, 0x91, 0x28, 0x5a, 0x00, 0x99, 0x2c, 0x55, 0x0a, 0x89,
  0x2c, 0x40, 0x3c, 0x85, 0x3e, 0x40, 0x00, 0x85, 0x43, 0x40, 0x14, 0x86,
  0x4f, 0x40, 0x0a, 0x81, 0x28, 0x40, 0x32, 0x91, 0x2b, 0x64, 0x00, 0x94,
  0x2b, 0x6e, 0x00, 0x96, 0x47, 0x64, 0x00, 0x97, 0x3b, 0x64, 0x00, 0x99,
  0x24, 0x6e, 0x00, 0x99, 0x2c, 0x69, 0x00, 0x99, 0x3b, 0x78, 0x0a, 0x89,
  0x24, 0x40, 0x00, 0x89, 0x2c, 0x40, 0x00, 0x89, 0x3b, 0x40, 0x81, 0x02,
  0x86, 0x47, 0x40, 0x00, 0x87, 0x3b, 0x40, 0x14, 0x84, 0x2b, 0x40, 0x00,
  0x97, 0x3e, 0x64, 0x00, 0x96, 0x4a, 0x64, 0x64, 0x81, 0x2b, 0x40, 0x28,
  0x87, 0x3e, 0x40, 0x00, 0x86, 0x4a, 0x40, 0x14, 0x96, 0x4f, 0x64, 0x00,
  0x95, 0x43, 0x5f, 0x00, 0x95, 0x3e, 0x5f, 0x00, 0x97, 0x43, 0x64, 0x0a,
  0x91, 0x2b, 0x5a, 0x00, 0x99, 0x2c, 0x55, 0x0a, 0x89, 0x2c, 0x40, 0x3c,
  0x85, 0x3e, 0x40, 0x00, 0x85, 0x43, 0x40, 0x1e, 0x81, 0x2b, 0x40, 0x1e,
  0x86, 0x4f, 0x40, 0x00, 0x87, 0x43, 0x40, 0x14, 0x91, 0x28, 0x64, 0x00,
  0x94, 0x28, 0x6e, 0x00, 0x97, 0x3b, 0x64, 0x00, 0x96, 0x47, 0x64, 0x00,
  0x99, 0x2c, 0x69, 0x00, 0x99, 0x26, 0x6e, 0x00, 0x99, 0x3b, 0x78, 0x00,
  0x99, 0x36, 0x64, 0x0a, 0x89, 0x2c, 0x40, 0x00, 0x89, 0x26, 0x40, 0x00,
  0x89, 0x3b, 0x40, 0x00, 0x89, 0x36, 0x40, 0x81, 0x02, 0x87, 0x3b, 0x40,
  0x00, 0x86, 0x47, 0x40, 0x14, 0x84, 0x28, 0x40, 0x00, 0x96, 0x4a, 0x64,
  0x00, 0x97, 0x3e, 0x64, 0x3c, 0x80, 0x3b, 0x40, 0x00, 0x82, 0x47, 0x40,
  0x00, 0x88, 0x3b, 0x40, 0x00, 0x88, 0x47, 0x40, 0x00, 0x82, 0x3b, 0x40,
  0x00, 0x80, 0x47, 0x40, 0x28, 0x81, 0x28, 0x40, 0x28, 0x86, 0x4a, 0x40,
  0x00, 0x87, 0x3e, 0x40, 0x14, 0x90, 0x37, 0x6e, 0x00, 0x90, 0x43, 0x6e,
  0x00, 0x92, 0x37, 0x69, 0x00, 0x92, 0x43, 0x73, 0x00, 0x97, 0x40, 0x64,
  0x00, 0x98, 0x37, 0x69, 0x00, 0x98, 0x43, 0x73, 0x00, 0x96, 0x4c, 0x64,
  0x00, 0x95, 0x43, 0x5f, 0x00, 0x95, 0x3e, 0x5f, 0x0a, 0x91, 0x28, 0x5a,
  0x00, 0x99, 0x2c, 0x55, 0x0a, 0x89, 0x2c, 0x40, 0x3c, 0x85, 0x3e, 0x40,
  0x00, 0x85, 0x43, 0x40, 0x1e, 0x81, 0x28, 0x40, 0x1e, 0x86, 0x4c, 0x40,
  0x00, 0x87, 0x40, 0x40, 0x14, 0x91, 0x26, 0x64, 0x00, 0x94, 0x26, 0x6e,
  0x00, 0x95, 0x43, 0x5f, 0x00, 0x95, 0x3e, 0x5f, 0x00, 0x96, 0x4f, 0x64,
  0x00, 0x97, 0x43, 0x64, 0x00, 0x99, 0x24, 0x6e, 0x00, 0x99, 0x2c, 0x69,
  0x00, 0x99, 0x3b, 0x78, 0x0a, 0x89, 0x24, 0x40, 0x00, 0x89, 0x2c, 0x40,
  0x00, 0x89, 0x3b, 0x40, 0x81, 0x16, 0x84, 0x26, 0x40, 0x50, 0x88, 0x43,
  0x40, 0x00, 0x82, 0x43, 0x40, 0x00, 0x80, 0x43, 0x40, 0x00, 0x80, 0x37,
  0x40, 0x00, 0x82, 0x37, 0x40, 0x00, 0x88, 0x37, 0x40, 0x14, 0x81, 0x26,
  0x40, 0x3c, 0x90, 0x3b, 0x6e, 0x00, 0x90, 0x47, 0x6e, 0x00, 0x92, 0x3b,
  0x69, 0x00, 0x92, 0x47, 0x73, 0x00, 0x98, 0x3b, 0x69, 0x00, 0x98, 0x47,
  0x73, 0x0a, 0x91, 0x26, 0x5a, 0x00, 0x99, 0x2c, 0x55, 0x0a, 0x89, 0x2c,
  0x40, 0x5a, 0x81, 0x26, 0x40, 0x0a, 0x88, 0x47, 0x40, 0x00, 0x80, 0x3b,
  0x40, 0x00, 0x88, 0x3b, 0x40, 0x00, 0x82, 0x47, 0x40, 0x00, 0x82, 0x3b,
  0x40, 0x00, 0x80, 0x47, 0x40, 0x14, 0x85, 0x3e, 0x40, 0x00, 0x85, 0x43,
  0x40, 0x14, 0x90, 0x3d, 0x73, 0x00, 0x90, 0x49, 0x73, 0x00, 0x91, 0x23,
  0x64, 0x00, 0x92, 0x3d, 0x69, 0x00, 0x92, 0x49, 0x78, 0x00, 0x94, 0x23,
  0x6e, 0x00, 0x98, 0x3d, 0x69, 0x00, 0x98, 0x49, 0x78, 0x00, 0x99, 0x2c,
  0x69, 0x00, 0x99, 0x26, 0x6e, 0x00, 0x99, 0x36, 0x64, 0x0a, 0x89, 0x2c,
  0x40, 0x00, 0x89, 0x26, 0x40, 0x00, 0x89, 0x36, 0x40, 0x81, 0x16, 0x84,
  0x23, 0x40, 0x00, 0x99, 0x36, 0x50, 0x00, 0x99, 0x26, 0x50, 0x0a, 0x89,
  0x36, 0x40, 0x00, 0x89, 0x26, 0x40, 0x5a, 0x81, 0x23, 0x40, 0x28, 0x88,
  0x3d, 0x40, 0x00, 0x80, 0x49, 0x40, 0x00, 0x82, 0x49, 0x40, 0x00, 0x80,
  0x3d, 0x40, 0x00, 0x88, 0x49, 0x40, 0x00, 0x87, 0x43, 0x40, 0x00, 0x82,
  0x3d, 0x40, 0x14, 0x90, 0x3e, 0x73, 0x00, 0x90, 0x4a, 0x73, 0x00, 0x92,
  0x3e, 0x69, 0x00, 0x92, 0x4a, 0x78, 0x00, 0x98, 0x3e, 0x69, 0x00, 0x98,
  0x4a, 0x78, 0x00, 0x99, 0x26, 0x64, 0x00, 0x99, 0x36, 0x46, 0x0a, 0x89,
  0x26, 0x40, 0x00, 0x89, 0x36, 0x40, 0x00, 0x91, 0x23, 0x5a, 0x00, 0x99,
  0x2c, 0x55, 0x0a, 0x89, 0x2c, 0x40, 0x50, 0x86, 0x4f, 0x40, 0x0a, 0x81,
  0x23, 0x40, 0x0a, 0x88, 0x4a, 0x40, 0x00, 0x88, 0x3e, 0x40, 0x00, 0x82,
  0x4a, 0x40, 0x00, 0x82, 0x3e, 0x40, 0x00, 0x80, 0x4a, 0x40, 0x00, 0x80,
  0x3e, 0x40, 0x1e, 0xe8, 0x28, 0x3b, 0x0a, 0xe2, 0x28, 0x3b, 0x00, 0x94,
  0x21, 0x6e, 0x00, 0x90, 0x4e, 0x6e, 0x00, 0x90, 0x42, 0x6e, 0x00, 0x91,
  0x21, 0x64, 0x00, 0x92, 0x4e, 0x73, 0x00, 0x92, 0x42, 0x69, 0x00, 0x98,
  0x4e, 0x73, 0x00, 0x98, 0x42, 0x69, 0x00, 0x97, 0x39, 0x64, 0x00, 0x99,
  0x24, 0x6e, 0x00, 0x96, 0x45, 0x64, 0x00, 0x95, 0x45, 0x5f, 0x00, 0x95,
  0x40, 0x5f, 0x00, 0x99, 0x2c, 0x69, 0x00, 0x99, 0x3b, 0x78, 0x0a, 0x89,
  0x24, 0x40, 0x00, 0x89, 0x2c, 0x40, 0x00, 0x89, 0x3b, 0x40, 0x32, 0xe2,
  0x54, 0x3d, 0x00, 0xe8, 0x54, 0x3d, 0x14, 0x85, 0x40, 0x40, 0x00, 0x85,
  0x45, 0x40, 0x28, 0xe2, 0x00, 0x40, 0x00, 0xe8, 0x00, 0x40, 0x14, 0x87,
  0x39, 0x40, 0x00, 0x86, 0x45, 0x40, 0x14, 0x84, 0x21, 0x40, 0x00, 0x97,
  0x3d, 0x64, 0x00, 0x96, 0x49, 0x64, 0x64, 0x81, 0x21, 0x40, 0x28, 0x86,
  0x49, 0x40, 0x00, 0x87, 0x3d, 0x40, 0x00, 0x80, 0x42, 0x40, 0x00, 0x88,
  0x4e, 0x40, 0x00, 0x82, 0x4e, 0x40, 0x00, 0x80, 0x4e, 0x40, 0x00, 0x82,
  0x42, 0x40, 0x00, 0x88, 0x42, 0x40, 0x14, 0x90, 0x42, 0x5a, 0x00, 0x90,
  0x4e, 0x5a, 0x00, 0x96, 0x4c, 0x64, 0x00, 0x97, 0x40, 0x64, 0x0a, 0x91,
  0x21, 0x5a, 0x00, 0x99, 0x2c, 0x55, 0x0a, 0x89, 0x2c, 0x40, 0x5a, 0x81,
  0x21, 0x40, 0x0a, 0x80, 0x4e, 0x40, 0x00, 0x80, 0x42, 0x40, 0x14, 0x86,
  0x4c, 0x40, 0x00, 0x87, 0x40, 0x40, 0x14, 0x90, 0x40, 0x6e, 0x00, 0x90,
  0x4c, 0x6e, 0x00, 0x91, 0x25, 0x64, 0x00, 0x92, 0x40, 0x69, 0x00, 0x92,
  0x4c, 0x73, 0x00, 0x94, 0x25, 0x6e, 0x00, 0x97, 0x39, 0x64, 0x00, 0x98,
  0x40, 0x69, 0x00, 0x98, 0x4c, 0x73, 0x00, 0x96, 0x45, 0x64, 0x00, 0x95,
  0x45, 0x5f, 0x00, 0x95, 0x40, 0x5f, 0x00, 0x99, 0x2c, 0x69, 0x00, 0x99,
  0x26, 0x6e, 0x00, 0x99, 0x3b, 0x78, 0x00, 0x99, 0x36, 0x64, 0x0a, 0x89,
  0x2c, 0x40, 0x00, 0x89, 0x36, 0x40, 0x00, 0x89, 0x26, 0x40, 0x00, 0x89,
  0x3b, 0x40, 0x46, 0x85, 0x40, 0x40, 0x00, 0x85, 0x45, 0x40, 0x3c, 0x87,
  0x39, 0x40, 0x00, 0x86, 0x45, 0x40, 0x14, 0x84, 0x25, 0x40, 0x00, 0x96,
  0x49, 0x64, 0x00, 0x97, 0x3d, 0x64, 0x64, 0x81, 0x25, 0x40, 0x28, 0x87,
  0x3d, 0x40, 0x00, 0x86, 0x49, 0x40, 0x00, 0x88, 0x4c, 0x40, 0x00, 0x80,
  0x40, 0x40, 0x00, 0x80, 0x4c, 0x40, 0x00, 0x88, 0x40, 0x40, 0x00, 0x82,
  0x40, 0x40, 0x00, 0x82, 0x4c, 0x40, 0x14, 0x90, 0x40, 0x5a, 0x00, 0x90,
  0x4c, 0x5a, 0x00, 0x97, 0x40, 0x64, 0x00, 0x96, 0x4c, 0x64, 0x0a, 0x91,
  0x25, 0x5a, 0x00, 0x99, 0x2c, 0x55, 0x0a, 0x89, 0x2c, 0x40, 0x50, 0x80,
  0x4c, 0x40, 0x00, 0x80, 0x40, 0x40, 0x0a, 0x81, 0x25, 0x40, 0x1e, 0x87,
  0x40, 0x40, 0x00, 0x86, 0x4c, 0x40, 0x14, 0x90, 0x3e, 0x73, 0x00, 0x90,
  0x4a, 0x73, 0x00, 0x91, 0x28, 0x64, 0x00, 0x92, 0x3e, 0x69, 0x00, 0x92,
  0x4a, 0x78, 0x00, 0x94, 0x28, 0x6e, 0x00, 0x96, 0x4f, 0x64, 0x00, 0x95,
  0x45, 0x5f, 0x00, 0x95, 0x40, 0x5f, 0x00, 0x97, 0x45, 0x64, 0x00, 0x98,
  0x3e, 0x69, 0x00, 0x98, 0x4a, 0x78, 0x00, 0x99, 0x24, 0x6e, 0x00, 0x99,
  0x2c, 0x69, 0x00, 0x99, 0x3b, 0x78, 0x0a, 0x89, 0x24, 0x40, 0x00, 0x89,
  0x2c, 0x40, 0x00, 0x89, 0x3b, 0x40, 0x81, 0x16, 0x84, 0x28, 0x40, 0x64,
  0x81, 0x28, 0x40, 0x14, 0x88, 0x3e, 0x40, 0x00, 0x80, 0x4a, 0x40, 0x00,
  0x82, 0x3e, 0x40, 0x00, 0x82, 0x4a, 0x40, 0x00, 0x88, 0x4a, 0x40, 0x00,
  0x80, 0x3e, 0x40, 0x28, 0x90, 0x3b, 0x6e, 0x00, 0x90, 0x47, 0x6e, 0x00,
  0x92, 0x3b, 0x69, 0x00, 0x92, 0x47, 0x73, 0x00, 0x98, 0x3b, 0x69, 0x00,
  0x98, 0x47, 0x73, 0x0a, 0x91, 0x28, 0x5a, 0x00, 0x99, 0x2c, 0x55, 0x0a,
  0x89, 0x2c, 0x40, 0x3c, 0x85, 0x45, 0x40, 0x00, 0x85, 0x40, 0x40, 0x1e,
  0x81, 0x28, 0x40, 0x0a, 0x82, 0x47, 0x40, 0x00, 0x88, 0x3b, 0x40, 0x00,
  0x82, 0x3b, 0x40, 0x00, 0x80, 0x47, 0x40, 0x00, 0x88, 0x47, 0x40, 0x00,
  0x80, 0x3b, 0x40, 0x28, 0x91, 0x2a, 0x64, 0x00, 0x94, 0x2a, 0x6e, 0x00,
  0x99, 0x2c, 0x69, 0x00, 0x99, 0x26, 0x6e, 0x00, 0x99, 0x3b, 0x78, 0x00,
  0x99, 0x36, 0x64, 0x0a, 0x89, 0x2c, 0x40, 0x00, 0x89, 0x36, 0x40, 0x00,
  0x89, 0x3b, 0x40, 0x00, 0x89, 0x26, 0x40, 0x81, 0x16, 0x84, 0x2a, 0x40,
  0x64, 0x81, 0x2a, 0x40, 0x28, 0x87, 0x45, 0x40, 0x0a, 0xe8, 0x28, 0x3b,
  0x0a, 0xe2, 0x28, 0x3b, 0x00, 0x90, 0x42, 0x73, 0x00, 0x90, 0x4e, 0x73,
  0x00, 0x92, 0x42, 0x69, 0x00, 0x92, 0x4e, 0x78, 0x00, 0x98, 0x42, 0x69,
  0x00, 0x98, 0x4e, 0x78, 0x00, 0x95, 0x45, 0x5f, 0x00, 0x95, 0x40, 0x5f,
  0x0a, 0x91, 0x2a, 0x5a, 0x00, 0x99, 0x2c, 0x55, 0x0a, 0x89, 0x2c, 0x40,
  0x28, 0xe2, 0x54, 0x3d, 0x00, 0xe8, 0x54, 0x3d, 0x14, 0x85, 0x45, 0x40,
  0x00, 0x85, 0x40, 0x40, 0x14, 0x86, 0x4f, 0x40, 0x0a, 0x81, 0x2a, 0x40,
  0x0a, 0xe2, 0x00, 0x40, 0x00, 0xe8, 0x00, 0x40, 0x28, 0x97, 0x39, 0x64,
  0x00, 0x99, 0x24, 0x6e, 0x00, 0x96, 0x45, 0x64, 0x00, 0x91, 0x2b, 0x64,
  0x00, 0x94, 0x2b, 0x6e, 0x00, 0x99, 0x2c, 0x69, 0x00, 0x99, 0x3b, 0x78,
  0x0a, 0x89, 0x24, 0x40, 0x00, 0x89, 0x2c, 0x40, 0x00, 0x89, 0x3b, 0x40,
  0x81, 0x02, 0x87, 0x39, 0x40, 0x00, 0x86, 0x45, 0x40, 0x14, 0x84, 0x2b,
  0x40, 0x00, 0x96, 0x49, 0x64, 0x00, 0x97, 0x3d, 0x64, 0x50, 0x82, 0x4e,
  0x40, 0x00, 0x82, 0x42, 0x40, 0x00, 0x80, 0x42, 0x40, 0x00, 0x80, 0x4e,
  0x40, 0x00, 0x88, 0x4e, 0x40, 0x00, 0x88, 0x42, 0x40, 0x14, 0x81, 0x2b,
  0x40, 0x28, 0x86, 0x49, 0x40, 0x00, 0x87, 0x3d, 0x40, 0x14, 0x90, 0x42,
  0x5a, 0x00, 0x90, 0x4e, 0x5a, 0x00, 0x97, 0x40, 0x64, 0x00, 0x96, 0x4c,
  0x64, 0x00, 0x95, 0x45, 0x5f, 0x00, 0x95, 0x40, 0x5f, 0x0a, 0x91, 0x2b,
  0x5a, 0x00, 0x99, 0x2c, 0x55, 0x0a, 0x89, 0x2c, 0x40, 0x3c, 0x85, 0x45,
  0x40, 0x00, 0x85, 0x40, 0x40, 0x14, 0x80, 0x42, 0x40, 0x00, 0x80, 0x4e,
  0x40, 0x0a, 0x81, 0x2b, 0x40, 0x1e, 0x86, 0x4c, 0x40, 0x00, 0x87, 0x40,
  0x40, 0x14, 0x90, 0x40, 0x6e, 0x00, 0x90, 0x4c, 0x6e, 0x00, 0x91, 0x2a,
  0x64, 0x00, 0x92, 0x40, 0x69, 0x00, 0x92, 0x4c, 0x73, 0x00, 0x94, 0x2a,
  0x6e, 0x00, 0x96, 0x45, 0x64, 0x00, 0x97, 0x39, 0x64, 0x00, 0x98, 0x40,
  0x69, 0x00, 0x98, 0x4c, 0x73, 0x00, 0x99, 0x2c, 0x69, 0x00, 0x99, 0x26,
  0x6e, 0x00, 0x99, 0x3b, 0x78, 0x00, 0x99, 0x36, 0x64, 0x0a, 0x89, 0x2c,
  0x40, 0x00, 0x89, 0x26, 0x40, 0x00, 0x89, 0x3b, 0x40, 0x00, 0x89, 0x36,
  0x40, 0x81, 0x02, 0x86, 0x45, 0x40, 0x00, 0x87, 0x39, 0x40, 0x14, 0x84,
  0x2a, 0x40, 0x00, 0x97, 0x3d, 0x64, 0x00, 0x96, 0x49, 0x64, 0x64, 0x81,
  0x2a, 0x40, 0x14, 0x88, 0x4c, 0x40, 0x00, 0x80, 0x4c, 0x40, 0x00, 0x88,
  0x40, 0x40, 0x00, 0x80, 0x40, 0x40, 0x00, 0x82, 0x4c, 0x40, 0x00, 0x82,
  0x40, 0x40, 0x14, 0x86, 0x49, 0x40, 0x00, 0x87, 0x3d, 0x40, 0x14, 0x90,
  0x4c, 0x5a, 0x00, 0x90, 0x40, 0x5a, 0x00, 0x96, 0x4c, 0x64, 0x00, 0x95,
  0x45, 0x5f, 0x00, 0x95, 0x40, 0x5f, 0x00, 0x97, 0x40, 0x64, 0x0a, 0x91,
  0x2a, 0x5a, 0x00, 0x99, 0x2c, 0x55, 0x0a, 0x89, 0x2c, 0x40, 0x3c, 0x85,
  0x45, 0x40, 0x00, 0x85, 0x40, 0x40, 0x14, 0x80, 0x40, 0x40, 0x00, 0x80,
  0x4c, 0x40, 0x0a, 0x81, 0x2a, 0x40, 0x1e, 0x86, 0x4c, 0x40, 0x00, 0x87,
  0x40, 0x40, 0x14, 0x90, 0x3e, 0x73, 0x00, 0x90, 0x4a, 0x73, 0x00, 0x91,
  0x28, 0x64, 0x00, 0x92, 0x3e, 0x69, 0x00, 0x92, 0x4a, 0x78, 0x00, 0x94,
  0x28, 0x6e, 0x00, 0x97, 0x45, 0x64, 0x00, 0x98, 0x3e, 0x69, 0x00, 0x98,
  0x4a, 0x78, 0x00, 0x99, 0x24, 0x6e, 0x00, 0x95, 0x45, 0x5f, 0x00, 0x95,
  0x40, 0x5f, 0x00, 0x96, 0x4f, 0x64, 0x00, 0x99, 0x2c, 0x69, 0x00, 0x99,
  0x3b, 0x78, 0x0a, 0x89, 0x24, 0x40, 0x00, 0x89, 0x2c, 0x40, 0x00, 0x89,
  0x3b, 0x40, 0x81, 0x16, 0x84, 0x28, 0x40, 0x64, 0x81, 0x28, 0x40, 0x28,
  0x82, 0x3e, 0x40, 0x00, 0x82, 0x4a, 0x40, 0x00, 0x88, 0x3e, 0x40, 0x00,
  0x88, 0x4a, 0x40, 0x00, 0x80, 0x4a, 0x40, 0x00, 0x80, 0x3e, 0x40, 0x14,
  0x90, 0x3e, 0x5a, 0x00, 0x90, 0x4a, 0x5a, 0x0a, 0x91, 0x28, 0x5a, 0x00,
  0x99, 0x2c, 0x55, 0x0a, 0x89, 0x2c, 0x40, 0x50, 0x80, 0x3e, 0x40, 0x00,
  0x80, 0x4a, 0x40, 0x0a, 0x81, 0x28, 0x40, 0x1e, 0x85, 0x45, 0x40, 0x00,
  0x85, 0x40, 0x40, 0x14, 0x90, 0x40, 0x6e, 0x00, 0x90, 0x4c, 0x6e, 0x00,
  0x91, 0x25, 0x64, 0x00, 0x92, 0x40, 0x69, 0x00, 0x92, 0x4c, 0x73, 0x00,
  0x94, 0x25, 0x6e, 0x00, 0x98, 0x40, 0x69, 0x00, 0x98, 0x4c, 0x73, 0x00,
  0x99, 0x2c, 0x69, 0x00, 0x99, 0x26, 0x6e, 0x00, 0x99, 0x39, 0x64, 0x00,
  0x99, 0x36, 0x64, 0x0a, 0x89, 0x2c, 0x40, 0x00, 0x89, 0x26, 0x40, 0x00,
  0x89, 0x39, 0x40, 0x00, 0x89, 0x36, 0x40, 0x81, 0x16, 0x84, 0x25, 0x40,
  0x64, 0x81, 0x25, 0x40, 0x14, 0x88, 0x40, 0x40, 0x00, 0x88, 0x4c, 0x40,
  0x00, 0x82, 0x40, 0x40, 0x00, 0x80, 0x40, 0x40, 0x00, 0x80, 0x4c, 0x40,
  0x00, 0x82, 0x4c, 0x40, 0x14, 0x87, 0x45, 0x40, 0x14, 0x90, 0x40, 0x5a,
  0x00, 0x90, 0x4c, 0x5a, 0x0a, 0x91, 0x25, 0x5a, 0x00, 0x99, 0x2c, 0x55,
  0x0a, 0x89, 0x2c, 0x40, 0x50, 0x80, 0x40, 0x40, 0x00, 0x86, 0x4f, 0x40,
  0x00, 0x80, 0x4c, 0x40, 0x0a, 0x81, 0x25, 0x40, 0x32, 0x90, 0x3e, 0x6e,
  0x00, 0x90, 0x4a, 0x6e, 0x00, 0x91, 0x26, 0x64, 0x00, 0x92, 0x3e, 0x69,
  0x00, 0x92, 0x4a, 0x73, 0x00, 0x94, 0x26, 0x6e, 0x00, 0x98, 0x3e, 0x69,
  0x00, 0x98, 0x4a, 0x73, 0x00, 0x97, 0x39, 0x64, 0x00, 0x96, 0x45, 0x64,
  0x00, 0x95, 0x3e, 0x5f, 0x00, 0x95, 0x42, 0x5f, 0x00, 0x99, 0x2c, 0x69,
  0x00, 0x99, 0x26, 0x6e, 0x00, 0x99, 0x36, 0x64, 0x00, 0x99, 0x31, 0x64,
  0x0a, 0x89, 0x2c, 0x40, 0x00, 0x89, 0x31, 0x40, 0x00, 0x89, 0x26, 0x40,
  0x00, 0x89, 0x36, 0x40, 0x81, 0x02, 0x86, 0x45, 0x40, 0x00, 0x87, 0x39,
  0x40, 0x14, 0x84, 0x26, 0x40, 0x00, 0x96, 0x4a, 0x64, 0x00, 0x97, 0x3e,
  0x64, 0x64, 0x81, 0x26, 0x40, 0x28, 0x86, 0x4a, 0x40, 0x00, 0x87, 0x3e,
  0x40, 0x14, 0x97, 0x42, 0x64, 0x00, 0x99, 0x24, 0x6e, 0x00, 0x96, 0x4e,
  0x64, 0x0a, 0x89, 0x24, 0x40, 0x00, 0x91, 0x32, 0x5a, 0x00, 0x99, 0x2c,
  0x55, 0x0a, 0x89, 0x2c, 0x40, 0x5a, 0x81, 0x32, 0x40, 0x1e, 0x87, 0x42,
  0x40, 0x00, 0x86, 0x4e, 0x40, 0x14, 0x91, 0x26, 0x64, 0x00, 0x94, 0x26,
  0x6e, 0x00, 0x96, 0x51, 0x64, 0x00, 0x97, 0x45, 0x64, 0x00, 0x99, 0x2c,
  0x69, 0x00, 0x99, 0x26, 0x6e, 0x00, 0x99, 0x31, 0x5a, 0x00, 0x99, 0x36,
  0x64, 0x0a, 0x89, 0x2c, 0x40, 0x00, 0x89, 0x36, 0x40, 0x00, 0x89, 0x26,
  0x40, 0x00, 0x89, 0x31, 0x40, 0x81, 0x02, 0x87, 0x45, 0x40, 0x00, 0x86,
  0x51, 0x40, 0x14, 0x84, 0x26, 0x40, 0x00, 0x97, 0x42, 0x64, 0x00, 0x96,
  0x4e, 0x64, 0x64, 0x81, 0x26, 0x40, 0x28, 0x87, 0x42, 0x40, 0x00, 0x86,
  0x4e, 0x40, 0x14, 0x96, 0x4a, 0x64, 0x00, 0x97, 0x3e, 0x64, 0x00, 0x99,
  0x24, 0x6e, 0x0a, 0x89, 0x24, 0x40, 0x00, 0x91, 0x25, 0x5a, 0x00, 0x99,
  0x2c, 0x55, 0x0a, 0x89, 0x2c, 0x40, 0x28, 0x82, 0x3e, 0x40, 0x00, 0x88,
  0x4a, 0x40, 0x00, 0x82, 0x4a, 0x40, 0x00, 0x88, 0x3e, 0x40, 0x14, 0x85,
  0x3e, 0x40, 0x00, 0x80, 0x4a, 0x40, 0x00, 0x85, 0x42, 0x40, 0x00, 0x80,
  0x3e, 0x40, 0x1e, 0x81, 0x25, 0x40, 0x1e, 0x86, 0x4a, 0x40, 0x00, 0x87,
  0x3e, 0x40, 0x14, 0x90, 0x3b, 0x6e, 0x00, 0x90, 0x47, 0x6e, 0x00, 0x91,
  0x23, 0x64, 0x00, 0x92, 0x3b, 0x69, 0x00, 0x92, 0x47, 0x73, 0x00, 0x94,
  0x23, 0x6e, 0x00, 0x97, 0x37, 0x64, 0x00, 0x98, 0x3b, 0x69, 0x00, 0x98,
  0x47, 0x73, 0x00, 0x96, 0x43, 0x64, 0x00, 0x95, 0x43, 0x5f, 0x00, 0x95,
  0x3e, 0x5f, 0x00, 0x99, 0x2c, 0x69, 0x00, 0x99, 0x26, 0x6e, 0x00, 0x99,
  0x36, 0x64, 0x00, 0x99, 0x39, 0x64, 0x0a, 0x89, 0x2c, 0x40, 0x00, 0x89,
  0x39, 0x40, 0x00, 0x89, 0x26, 0x40, 0x00, 0x89, 0x36, 0x40, 0x81, 0x02,
  0x86, 0x43, 0x40, 0x00, 0x87, 0x37, 0x40, 0x14, 0x84, 0x23, 0x40, 0x00,
  0x96, 0x47, 0x64, 0x00, 0x97, 0x3b, 0x64, 0x64, 0x81, 0x23, 0x40, 0x28,
  0x86, 0x47, 0x40, 0x00, 0x87, 0x3b, 0x40, 0x14, 0x97, 0x3e, 0x64, 0x00,
  0x96, 0x4a, 0x64, 0x00, 0x99, 0x26, 0x5a, 0x0a, 0x89, 0x26, 0x40, 0x00,
  0x91, 0x2f, 0x5a, 0x00, 0x99, 0x2c, 0x55, 0x0a, 0x89, 0x2c, 0x40, 0x5a,
  0x81, 0x2f, 0x40, 0x1e, 0x87, 0x3e, 0x40, 0x00, 0x86, 0x4a, 0x40, 0x14,
  0x91, 0x23, 0x64, 0x00, 0x94, 0x23, 0x6e, 0x00, 0x96, 0x4f, 0x64, 0x00,
  0x97, 0x47, 0x64, 0x00, 0x99, 0x2c, 0x69, 0x00, 0x99, 0x26, 0x6e, 0x00,
  0x99, 0x36, 0x64, 0x0a, 0x89, 0x2c, 0x40, 0x00, 0x89, 0x26, 0x40, 0x00,
  0x89, 0x36, 0x40, 0x81, 0x02, 0x87, 0x47, 0x40, 0x00, 0x86, 0x4f, 0x40,
  0x14, 0x84, 0x23, 0x40, 0x00, 0x97, 0x43, 0x64, 0x00, 0x96, 0x53, 0x64,
  0x00, 0x99, 0x26, 0x5a, 0x0a, 0x89, 0x26, 0x40, 0x5a, 0x81, 0x23, 0x40,
  0x14, 0x88, 0x47, 0x40, 0x00, 0x80, 0x3b, 0x40, 0x00, 0x82, 0x3b, 0x40,
  0x00, 0x80, 0x47, 0x40, 0x00, 0x85, 0x3e, 0x40, 0x00, 0x82, 0x47, 0x40,
  0x00, 0x88, 0x3b, 0x40, 0x00, 0x85, 0x43, 0x40, 0x14, 0x87, 0x43, 0x40,
  0x00, 0x86, 0x53, 0x40, 0x14, 0x90, 0x3e, 0x73, 0x00, 0x90, 0x4a, 0x73,
  0x00, 0x92, 0x4a, 0x78, 0x00, 0x92, 0x3e, 0x69, 0x00, 0x96, 0x56, 0x64,
  0x00, 0x95, 0x42, 0x5f, 0x00, 0x95, 0x3e, 0x5f, 0x00, 0x97, 0x3e, 0x64,
  0x00, 0x98, 0x4a, 0x78, 0x00, 0x98, 0x3e, 0x69, 0x00, 0x99, 0x26, 0x6e,
  0x00, 0x99, 0x39, 0x5a, 0x0a, 0x89, 0x26, 0x40, 0x00, 0x89, 0x39, 0x40,
  0x00, 0x91, 0x26, 0x64, 0x00, 0x99, 0x2c, 0x55, 0x0a, 0x89, 0x2c, 0x40,
  0x5a, 0x81, 0x26, 0x40, 0x1e, 0x86, 0x56, 0x40, 0x14, 0x91, 0x26, 0x64,
  0x00, 0x90, 0x26, 0x64, 0x00, 0x94, 0x26, 0x6e, 0x00, 0x99, 0x24, 0x6e,
  0x00, 0x99, 0x2c, 0x69, 0x0a, 0x89, 0x24, 0x40, 0x00, 0x89, 0x2c, 0x40,
  0x81, 0x16, 0x84, 0x26, 0x40, 0x50, 0x85, 0x42, 0x40, 0x00, 0x87, 0x3e,
  0x40, 0x00, 0x85, 0x3e, 0x40, 0x5a, 0x99, 0x2c, 0x55, 0x0a, 0x89, 0x2c,
  0x40, 0x3c, 0x80, 0x26, 0x40, 0x28, 0x81, 0x26, 0x40, 0x28, 0x90, 0x32,
  0x64, 0x00, 0x91, 0x32, 0x64, 0x00, 0x94, 0x32, 0x6e, 0x00, 0x99, 0x24,
  0x6e, 0x00, 0x99, 0x2c, 0x69, 0x00, 0x99, 0x26, 0x78, 0x00, 0x99, 0x39,
  0x64, 0x00, 0x99, 0x36, 0x64, 0x0a, 0x89, 0x24, 0x40, 0x00, 0x89, 0x2c,
  0x40, 0x00, 0x89, 0x26, 0x40, 0x00, 0x89, 0x39, 0x40, 0x00, 0x89, 0x36,
  0x40, 0x81, 0x16, 0x84, 0x32, 0x40, 0x81, 0x2a, 0x99, 0x2c, 0x55, 0x0a,
  0x89, 0x2c, 0x40, 0x3c, 0x80, 0x32, 0x40, 0x28, 0x81, 0x32, 0x40, 0x28,
  0x91, 0x30, 0x64, 0x00, 0x90, 0x30, 0x64, 0x00, 0x94, 0x30, 0x6e, 0x00,
  0x99, 0x24, 0x6e, 0x00, 0x99, 0x2c, 0x69, 0x00, 0x99, 0x26, 0x6e, 0x00,
  0x99, 0x36, 0x64, 0x00, 0x99, 0x32, 0x6e, 0x0a, 0x89, 0x24, 0x40, 0x00,
  0x89, 0x2c, 0x40, 0x00, 0x89, 0x26, 0x40, 0x00, 0x89, 0x36, 0x40, 0x00,
  0x89, 0x32, 0x40, 0x81, 0x16, 0x84, 0x30, 0x40, 0x00, 0x99, 0x32, 0x6e,
  0x0a, 0x89, 0x32, 0x40, 0x81, 0x16, 0x99, 0x2f, 0x6e, 0x0a, 0x89, 0x2f,
  0x40, 0x00, 0x99, 0x2c, 0x55, 0x0a, 0x89, 0x2c, 0x40, 0x3c, 0x80, 0x30,
  0x40, 0x28, 0x81, 0x30, 0x40, 0x28, 0x90, 0x2d, 0x64, 0x00, 0x91, 0x2d,
  0x64, 0x00, 0x94, 0x2d, 0x6e, 0x00, 0x99, 0x24, 0x6e, 0x00, 0x99, 0x2c,
  0x69, 0x00, 0x99, 0x30, 0x6e, 0x00, 0x99, 0x31, 0x64, 0x00, 0x99, 0x36,
  0x64, 0x0a, 0x89, 0x24, 0x40, 0x00, 0x89, 0x2c, 0x40, 0x00, 0x89, 0x30,
  0x40, 0x00, 0x89, 0x31, 0x40, 0x00, 0x89, 0x36, 0x40, 0x81, 0x02, 0x80,
  0x3e, 0x40, 0x00, 0x80, 0x4a, 0x40, 0x14, 0x84, 0x2d, 0x40, 0x00, 0x99,
  0x2f, 0x6e, 0x0a, 0x89, 0x2f, 0x40, 0x0a, 0x88, 0x3e, 0x40, 0x00, 0x82,
  0x3e, 0x40, 0x00, 0x88, 0x4a, 0x40, 0x00, 0x82, 0x4a, 0x40, 0x78, 0x81,
  0x2d, 0x40, 0x00, 0x80, 0x2d, 0x40, 0x14, 0x99, 0x2d, 0x6e, 0x00, 0x99,
  0x36, 0x50, 0x0a, 0x89, 0x2d, 0x40, 0x00, 0x89, 0x36, 0x40, 0x00, 0x99,
  0x2c, 0x55, 0x0a, 0x89, 0x2c, 0x40, 0x0a, 0x91, 0x25, 0x64, 0x0a, 0x90,
  0x25, 0x64, 0x00, 0x94, 0x25, 0x6e, 0x6e, 0x81, 0x25, 0x40, 0x0a, 0x90,
  0x26, 0x50, 0x00, 0x91, 0x26, 0x64, 0x00, 0x94, 0x26, 0x6e, 0x00, 0x99,
  0x24, 0x6e, 0x00, 0x99, 0x2a, 0x64, 0x00, 0x99, 0x31, 0x64, 0x00, 0x99,
  0x3b, 0x78, 0x0a, 0x89, 0x24, 0x40, 0x00, 0x89, 0x31, 0x40, 0x00, 0x89,
  0x3b, 0x40, 0x00, 0x89, 0x2a, 0x40, 0x1e, 0x80, 0x25, 0x40, 0x00, 0x84,
  0x25, 0x40, 0x78, 0x84, 0x26, 0x40, 0x64, 0x81, 0x26, 0x40, 0x14, 0x80,
  0x26, 0x40, 0x28, 0x90, 0x32, 0x50, 0x0a, 0x91, 0x26, 0x5a, 0x5a, 0x80,
  0x32, 0x40, 0x0a, 0x81, 0x26, 0x40, 0x32, 0x91, 0x26, 0x64, 0x00, 0x90,
  0x26, 0x55, 0x00, 0x94, 0x26, 0x6e, 0x00, 0x99, 0x3b, 0x78, 0x00, 0x99,
  0x27, 0x7d, 0x00, 0x99, 0x2e, 0x5a, 0x00, 0x99, 0x26, 0x64, 0x0a, 0x89,
  0x3b, 0x40, 0x00, 0x89, 0x26, 0x40, 0x00, 0x89, 0x27, 0x40, 0x00, 0x89,
  0x2e, 0x40, 0x81, 0x16, 0x84, 0x26, 0x40, 0x64, 0x81, 0x26, 0x40, 0x14,
  0x80, 0x26, 0x40, 0x28, 0x90, 0x32, 0x55, 0x0a, 0x91, 0x26, 0x5a, 0x5a,
  0x80, 0x32, 0x40, 0x0a, 0x81, 0x26, 0x40, 0x32, 0x90, 0x39, 0x6e, 0x00,
  0x90, 0x3c, 0x6e, 0x00, 0x90, 0x3e, 0x6e, 0x00, 0x91, 0x26, 0x64, 0x00,
  0x90, 0x26, 0x5a, 0x00, 0x94, 0x26, 0x6e, 0x00, 0x99, 0x24, 0x6e, 0x00,
  0x99, 0x2a, 0x64, 0x00, 0x99, 0x3b, 0x78, 0x0a, 0x89, 0x24, 0x40, 0x00,
  0x89, 0x2a, 0x40, 0x00, 0x89, 0x3b, 0x40, 0x5a, 0x80, 0x3e, 0x40, 0x00,
  0x80, 0x3c, 0x40, 0x00, 0x80, 0x39, 0x40, 0x3c, 0x84, 0x26, 0x40, 0x64,
  0x81, 0x26, 0x40, 0x14, 0x80, 0x26, 0x40, 0x28, 0x90, 0x32, 0x5a, 0x0a,
  0x91, 0x26, 0x5a, 0x00, 0x99, 0x2a, 0x50, 0x0a, 0x89, 0x2a, 0x40, 0x50,
  0x80, 0x32, 0x40, 0x0a, 0x81, 0x26, 0x40, 0x32, 0x91, 0x26, 0x64, 0x00,
  0x90, 0x26, 0x5f, 0x00, 0x94, 0x26, 0x6e, 0x00, 0x99, 0x2e, 0x5a, 0x00,
  0x99, 0x26, 0x64, 0x00, 0x99, 0x3b, 0x78, 0x00, 0x99, 0x27, 0x7d, 0x0a,
  0x89, 0x2e, 0x40, 0x00, 0x89, 0x27, 0x40, 0x00, 0x89, 0x26, 0x40, 0x00,
  0x89, 0x3b, 0x40, 0x81, 0x16, 0x84, 0x26, 0x40, 0x64, 0x81, 0x26, 0x40,
  0x14, 0x80, 0x26, 0x40, 0x28, 0x90, 0x32, 0x5f, 0x0a, 0x91, 0x26, 0x5a,
  0x5a, 0x80, 0x32, 0x40, 0x0a, 0x81, 0x26, 0x40, 0x32, 0x90, 0x39, 0x6e,
  0x00, 0x90, 0x3c, 0x6e, 0x00, 0x90, 0x3e, 0x6e, 0x00, 0x91, 0x26, 0x64,
  0x00, 0x90, 0x26, 0x5a, 0x00, 0x94, 0x26, 0x6e, 0x00, 0x99, 0x24, 0x6e,
  0x00, 0x99, 0x3b, 0x78, 0x00, 0x99, 0x2a, 0x64, 0x0a, 0x89, 0x24, 0x40,
  0x00, 0x89, 0x3b, 0x40, 0x00, 0x89, 0x2a, 0x40, 0x5a, 0x80, 0x3e, 0x40,
  0x00, 0x80, 0x3c, 0x40, 0x00, 0x80, 0x39, 0x40, 0x3c, 0x84, 0x26, 0x40,
  0x64, 0x81, 0x26, 0x40, 0x14, 0x80, 0x26, 0x40, 0x28, 0x90, 0x32, 0x5a,
  0x0a, 0x91, 0x26, 0x5a, 0x5a, 0x80, 0x32, 0x40, 0x0a, 0x81, 0x26, 0x40,
  0x32, 0x91, 0x26, 0x64, 0x00, 0x90, 0x26, 0x55, 0x00, 0x94, 0x26, 0x6e,
  0x00, 0x99, 0x2e, 0x5a, 0x00, 0x99, 0x26, 0x64, 0x00, 0x99, 0x3b, 0x78,
  0x00, 0x99, 0x27, 0x7d, 0x0a, 0x89, 0x2e, 0x40, 0x00, 0x89, 0x27, 0x40,
  0x00, 0x89, 0x26, 0x40, 0x00, 0x89, 0x3b, 0x40, 0x81, 0x16, 0x84, 0x26,
  0x40, 0x64, 0x81, 0x26, 0x40, 0x14, 0x80, 0x26, 0x40, 0x28, 0x90, 0x39,
  0x6e, 0x00, 0x90, 0x3c, 0x6e, 0x00, 0x90, 0x3e, 0x6e, 0x00, 0x90, 0x32,
  0x55, 0x0a, 0x91, 0x26, 0x5a, 0x5a, 0x80, 0x39, 0x40, 0x00, 0x80, 0x3c,
  0x40, 0x00, 0x80, 0x32, 0x40, 0x00, 0x80, 0x3e, 0x40, 0x0a, 0x81, 0x26,
  0x40, 0x32, 0x91, 0x26, 0x64, 0x00, 0x90, 0x26, 0x50, 0x00, 0x94, 0x26,
  0x6e, 0x00, 0x99, 0x24, 0x6e, 0x00, 0x99, 0x3b, 0x78, 0x00, 0x99, 0x2a,
  0x64, 0x0a, 0x89, 0x24, 0x40, 0x00, 0x89, 0x3b, 0x40, 0x00, 0x89, 0x2a,
  0x40, 0x81, 0x16, 0x84, 0x26, 0x40, 0x64, 0x81, 0x26, 0x40, 0x14, 0x80,
  0x26, 0x40, 0x28, 0x90, 0x32, 0x50, 0x0a, 0x91, 0x26, 0x5a, 0x00, 0x99,
  0x2a, 0x50, 0x0a, 0x89, 0x2a, 0x40, 0x50, 0x80, 0x32, 0x40, 0x0a, 0x81,
  0x26, 0x40, 0x32, 0x91, 0x26, 0x64, 0x00, 0x90, 0x26, 0x4b, 0x00, 0x94,
  0x26, 0x6e, 0x00, 0x99, 0x2e, 0x5a, 0x00, 0x99, 0x26, 0x64, 0x00, 0x99,
  0x3b, 0x78, 0x00, 0x99, 0x27, 0x7d, 0x0a, 0x89, 0x2e, 0x40, 0x00, 0x89,
  0x27, 0x40, 0x00, 0x89, 0x26, 0x40, 0x00, 0x89, 0x3b, 0x40, 0x81, 0x16,
  0x84, 0x26, 0x40, 0x64, 0x81, 0x26, 0x40, 0x14, 0x80, 0x26, 0x40, 0x28,
  0x90, 0x32, 0x4b, 0x0a, 0x91, 0x26, 0x5a, 0x5a, 0x80, 0x32, 0x40, 0x0a,
  0x81, 0x26, 0x40, 0x32, 0x91, 0x26, 0x64, 0x00, 0x90, 0x26, 0x50, 0x00,
  0x94, 0x26, 0x6e, 0x00, 0x99, 0x24, 0x6e, 0x00, 0x99, 0x3b, 0x78, 0x00,
  0x99, 0x2a, 0x64, 0x0a, 0x89, 0x24, 0x40, 0x00, 0x89, 0x3b, 0x40, 0x00,
  0x89, 0x2a, 0x40, 0x81, 0x16, 0x84, 0x26, 0x40, 0x64, 0x81, 0x26, 0x40,
  0x14, 0x80, 0x26, 0x40, 0x28, 0x90, 0x39, 0x6e, 0x00, 0x90, 0x3c, 0x6e,
  0x00, 0x90, 0x3e, 0x6e, 0x00, 0x90, 0x32, 0x50, 0x0a, 0x91, 0x26, 0x5a,
  0x5a, 0x80, 0x39, 0x40, 0x00, 0x80, 0x3c, 0x40, 0x00, 0x80, 0x32, 0x40,
  0x00, 0x80, 0x3e, 0x40, 0x0a, 0x81, 0x26, 0x40, 0x32, 0x91, 0x26, 0x64,
  0x00, 0x90, 0x26, 0x55, 0x00, 0x94, 0x26, 0x6e, 0x00, 0x99, 0x2e, 0x5a,
  0x00, 0x99, 0x26, 0x64, 0x00, 0x99, 0x3b, 0x78, 0x00, 0x99, 0x27, 0x7d,
  0x0a, 0x89, 0x2e, 0x40, 0x00, 0x89, 0x27, 0x40, 0x00, 0x89, 0x26, 0x40,
  0x00, 0x89, 0x3b, 0x40, 0x81, 0x16, 0x84, 0x26, 0x40, 0x64, 0x81, 0x26,
  0x40, 0x14, 0x80, 0x26, 0x40, 0x28, 0x90, 0x32, 0x55, 0x0a, 0x91, 0x26,
  0x5a, 0x5a, 0x80, 0x32, 0x40, 0x0a, 0x81, 0x26, 0x40, 0x32, 0x90, 0x39,
  0x6e, 0x00, 0x90, 0x3c, 0x6e, 0x00, 0x90, 0x3e, 0x6e, 0x00, 0x91, 0x26,
  0x64, 0x00, 0x90, 0x26, 0x5a, 0x00, 0x94, 0x26, 0x6e, 0x00, 0x99, 0x24,
  0x6e, 0x00, 0x99, 0x3b, 0x78, 0x00, 0x99, 0x2a, 0x64, 0x0a, 0x89, 0x24,
  0x40, 0x00, 0x89, 0x3b, 0x40, 0x00, 0x89, 0x2a, 0x40, 0x5a, 0x80, 0x3e,
  0x40, 0x00, 0x80, 0x3c, 0x40, 0x00, 0x80, 0x39, 0x40, 0x3c, 0x84, 0x26,
  0x40, 0x64, 0x81, 0x26, 0x40, 0x14, 0x80, 0x26, 0x40, 0x28, 0x90, 0x32,
  0x5a, 0x0a, 0x91, 0x26, 0x5a, 0x00, 0x99, 0x2a, 0x50, 0x0a, 0x89, 0x2a,
  0x40, 0x50, 0x80, 0x32, 0x40, 0x0a, 0x81, 0x26, 0x40, 0x32, 0x91, 0x26,
  0x64, 0x00, 0x90, 0x26, 0x5f, 0x00, 0x94, 0x26, 0x6e, 0x00, 0x99, 0x2e,
  0x5a, 0x00, 0x99, 0x26, 0x64, 0x00, 0x99, 0x3b, 0x78, 0x00, 0x99, 0x27,
  0x7d, 0x0a, 0x89, 0x2e, 0x40, 0x00, 0x89, 0x27, 0x40, 0x00, 0x89, 0x26,
  0x40, 0x00, 0x89, 0x3b, 0x40, 0x81, 0x16, 0x84, 0x26, 0x40, 0x64, 0x81,
  0x26, 0x40, 0x14, 0x80, 0x26, 0x40, 0x28, 0x90, 0x32, 0x5f, 0x0a, 0x91,
  0x26, 0x5a, 0x5a, 0x80, 0x32, 0x40, 0x0a, 0x81, 0x26, 0x40, 0x32, 0x90,
  0x3c, 0x6e, 0x00, 0x90, 0x42, 0x6e, 0x00, 0x90, 0x3e, 0x6e, 0x00, 0x91,
  0x26, 0x64, 0x00, 0x90, 0x26, 0x5a, 0x00, 0x94, 0x26, 0x6e, 0x00, 0x99,
  0x24, 0x6e, 0x00, 0x99, 0x3b, 0x78, 0x00, 0x99, 0x2a, 0x64, 0x0a, 0x89,
  0x24, 0x40, 0x00, 0x89, 0x3b, 0x40, 0x00, 0x89, 0x2a, 0x40, 0x5a, 0x80,
  0x3e, 0x40, 0x00, 0x80, 0x42, 0x40, 0x00, 0x80, 0x3c, 0x40, 0x3c, 0x84,
  0x26, 0x40, 0x64, 0x81, 0x26, 0x40, 0x14, 0x80, 0x26, 0x40, 0x28, 0x90,
  0x32, 0x5a, 0x0a, 0x91, 0x26, 0x5a, 0x5a, 0x80, 0x32, 0x40, 0x0a, 0x81,
  0x26, 0x40, 0x32, 0x91, 0x28, 0x64, 0x00, 0x90, 0x28, 0x55, 0x00, 0x94,
  0x28, 0x6e, 0x00, 0x99, 0x2e, 0x5a, 0x00, 0x99, 0x26, 0x64, 0x00, 0x99,
  0x3b, 0x78, 0x00, 0x99, 0x27, 0x7d, 0x0a, 0x89, 0x2e, 0x40, 0x00, 0x89,
  0x27, 0x40, 0x00, 0x89, 0x26, 0x40, 0x00, 0x89, 0x3b, 0x40, 0x81, 0x16,
  0x84, 0x28, 0x40, 0x64, 0x81, 0x28, 0x40, 0x14, 0x80, 0x28, 0x40, 0x28,
  0x90, 0x3c, 0x6e, 0x00, 0x90, 0x3e, 0x6e, 0x00, 0x90, 0x42, 0x6e, 0x00,
  0x90, 0x34, 0x55, 0x0a, 0x91, 0x28, 0x5a, 0x5a, 0x80, 0x3c, 0x40, 0x00,
  0x80, 0x3e, 0x40, 0x00, 0x80, 0x34, 0x40, 0x00, 0x80, 0x42, 0x40, 0x0a,
  0x81, 0x28, 0x40, 0x32, 0x91, 0x29, 0x64, 0x00, 0x90, 0x29, 0x50, 0x00,
  0x94, 0x29, 0x6e, 0x00, 0x99, 0x24, 0x6e, 0x00, 0x99, 0x3b, 0x78, 0x00,
  0x99, 0x2a, 0x64, 0x0a, 0x89, 0x24, 0x40, 0x00, 0x89, 0x3b, 0x40, 0x00,
  0x89, 0x2a, 0x40, 0x81, 0x16, 0x84, 0x29, 0x40, 0x00, 0x99, 0x2a, 0x50,
  0x0a, 0x89, 0x2a, 0x40, 0x5a, 0x81, 0x29, 0x40, 0x14, 0x80, 0x29, 0x40,
  0x28, 0x90, 0x35, 0x50, 0x00, 0x99, 0x2a, 0x50, 0x0a, 0x89, 0x2a, 0x40,
  0x00, 0x90, 0x3c, 0x6e, 0x00, 0x90, 0x45, 0x6e, 0x00, 0x90, 0x42, 0x6e,
  0x00, 0x91, 0x29, 0x5a, 0x5a, 0x80, 0x35, 0x40, 0x0a, 0x81, 0x29, 0x40,
  0x32, 0x91, 0x2a, 0x64, 0x00, 0x90, 0x2a, 0x4b, 0x00, 0x94, 0x2a, 0x6e,
  0x00, 0x99, 0x2e, 0x5a, 0x00, 0x99, 0x26, 0x64, 0x00, 0x99, 0x3b, 0x78,
  0x00, 0x99, 0x27, 0x7d, 0x0a, 0x89, 0x2e, 0x40, 0x00, 0x89, 0x26, 0x40,
  0x00, 0x89, 0x3b, 0x40, 0x00, 0x89, 0x27, 0x40, 0x81, 0x16, 0x84, 0x2a,
  0x40, 0x64, 0x81, 0x2a, 0x40, 0x0a, 0x80, 0x42, 0x40, 0x00, 0x80, 0x3c,
  0x40, 0x00, 0x80, 0x45, 0x40, 0x0a, 0x80, 0x2a, 0x40, 0x28, 0x90, 0x36,
  0x4b, 0x0a, 0x91, 0x2a, 0x5a, 0x00, 0x99, 0x2a, 0x50, 0x0a, 0x89, 0x2a,
  0x40, 0x50, 0x80, 0x36, 0x40, 0x0a, 0x81, 0x2a, 0x40, 0x32, 0x91, 0x2b,
  0x64, 0x00, 0x90, 0x2b, 0x50, 0x00, 0x94, 0x2b, 0x6e, 0x00, 0x99, 0x24,
  0x6e, 0x00, 0x99, 0x2a, 0x64, 0x00, 0x99, 0x3b, 0x78, 0x0a, 0x89, 0x24,
  0x40, 0x00, 0x89, 0x2a, 0x40, 0x00, 0x89, 0x3b, 0x40, 0x81, 0x16, 0x84,
  0x2b, 0x40, 0x64, 0x81, 0x2b, 0x40, 0x14, 0x80, 0x2b, 0x40, 0x28, 0x90,
  0x3b, 0x6e, 0x00, 0x90, 0x3e, 0x6e, 0x00, 0x90, 0x43, 0x6e, 0x00, 0x90,
  0x37, 0x50, 0x0a, 0x91, 0x2b, 0x5a, 0x5a, 0x80, 0x3b, 0x40, 0x00, 0x80,
  0x3e, 0x40, 0x00, 0x80, 0x37, 0x40, 0x00, 0x80, 0x43, 0x40, 0x0a, 0x81,
  0x2b, 0x40, 0x32, 0x91, 0x2b, 0x64, 0x00, 0x90, 0x2b, 0x55, 0x00, 0x94,
  0x2b, 0x6e, 0x00, 0x99, 0x3b, 0x78, 0x00, 0x99, 0x27, 0x7d, 0x00, 0x99,
  0x2e, 0x5a, 0x00, 0x99, 0x26, 0x64, 0x0a, 0x89, 0x3b, 0x40, 0x00, 0x89,
  0x26, 0x40, 0x00, 0x89, 0x27, 0x40, 0x00, 0x89, 0x2e, 0x40, 0x81, 0x16,
  0x84, 0x2b, 0x40, 0x64, 0x81, 0x2b, 0x40, 0x14, 0x80, 0x2b, 0x40, 0x28,
  0x90, 0x37, 0x55, 0x0a, 0x91, 0x2b, 0x5a, 0x5a, 0x80, 0x37, 0x40, 0x0a,
  0x81, 0x2b, 0x40, 0x32, 0x90, 0x3b, 0x6e, 0x00, 0x90, 0x3e, 0x6e, 0x00,
  0x90, 0x43, 0x6e, 0x00, 0x91, 0x2b, 0x64, 0x00, 0x90, 0x2b, 0x5a, 0x00,
  0x94, 0x2b, 0x6e, 0x00, 0x99, 0x24, 0x6e, 0x00, 0x99, 0x2a, 0x64, 0x00,
  0x99, 0x3b, 0x78, 0x0a, 0x89, 0x24, 0x40, 0x00, 0x89, 0x2a, 0x40, 0x00,
  0x89, 0x3b, 0x40, 0x5a, 0x80, 0x43, 0x40, 0x00, 0x80, 0x3e, 0x40, 0x00,
  0x80, 0x3b, 0x40, 0x3c, 0x84, 0x2b, 0x40, 0x64, 0x81, 0x2b, 0x40, 0x14,
  0x80, 0x2b, 0x40, 0x28, 0x90, 0x37, 0x5a, 0x0a, 0x91, 0x2b, 0x5a, 0x00,
  0x99, 0x2a, 0x50, 0x0a, 0x89, 0x2a, 0x40, 0x50, 0x80, 0x37, 0x40, 0x0a,
  0x81, 0x2b, 0x40, 0x32, 0x91, 0x2b, 0x64, 0x00, 0x90, 0x2b, 0x5f, 0x00,
  0x94, 0x2b, 0x6e, 0x00, 0x99, 0x2e, 0x5a, 0x00, 0x99, 0x26, 0x64, 0x00,
  0x99, 0x3b, 0x78, 0x00, 0x99, 0x27, 0x7d, 0x0a, 0x89, 0x2e, 0x40, 0x00,
  0x89, 0x27, 0x40, 0x00, 0x89, 0x26, 0x40, 0x00, 0x89, 0x3b, 0x40, 0x81,
  0x16, 0x84, 0x2b, 0x40, 0x64, 0x81, 0x2b, 0x40, 0x14, 0x80, 0x2b, 0x40,
  0x28, 0x90, 0x37, 0x5f, 0x0a, 0x91, 0x2b, 0x5a, 0x5a, 0x80, 0x37, 0x40,
  0x0a, 0x81, 0x2b, 0x40, 0x32, 0x90, 0x3c, 0x6e, 0x00, 0x90, 0x3e, 0x6e,
  0x00, 0x90, 0x43, 0x6e, 0x00, 0x91, 0x2b, 0x64, 0x00, 0x90, 0x2b, 0x5a,
  0x00, 0x94, 0x2b, 0x6e, 0x00, 0x99, 0x24, 0x6e, 0x00, 0x99, 0x3b, 0x78,
  0x00, 0x99, 0x2a, 0x64, 0x0a, 0x89, 0x24, 0x40, 0x00, 0x89, 0x3b, 0x40,
  0x00, 0x89, 0x2a, 0x40, 0x5a, 0x80, 0x43, 0x40, 0x00, 0x80, 0x3e, 0x40,
  0x00, 0x80, 0x3c, 0x40, 0x3c, 0x84, 0x2b, 0x40, 0x64, 0x81, 0x2b, 0x40,
  0x14, 0x80, 0x2b, 0x40, 0x28, 0x90, 0x37, 0x5a, 0x0a, 0x91, 0x2b, 0x5a,
  0x5a, 0x80, 0x37, 0x40, 0x0a, 0x81, 0x2b, 0x40, 0x32, 0x91, 0x2b, 0x64,
  0x00, 0x90, 0x2b, 0x55, 0x00, 0x94, 0x2b, 0x6e, 0x00, 0x99, 0x2e, 0x5a,
  0x00, 0x99, 0x26, 0x64, 0x00, 0x99, 0x3b, 0x78, 0x00, 0x99, 0x27, 0x7d,
  0x0a, 0x89, 0x2e, 0x40, 0x00, 0x89, 0x27, 0x40, 0x00, 0x89, 0x26, 0x40,
  0x00, 0x89, 0x3b, 0x40, 0x81, 0x16, 0x84, 0x2b, 0x40, 0x64, 0x81, 0x2b,
  0x40, 0x14, 0x80, 0x2b, 0x40, 0x28, 0x90, 0x3b, 0x6e, 0x00, 0x90, 0x3e,
  0x6e, 0x00, 0x90, 0x43, 0x6e, 0x00, 0x90, 0x37, 0x55, 0x0a, 0x91, 0x2b,
  0x5a, 0x5a, 0x80, 0x37, 0x40, 0x0a, 0x81, 0x2b, 0x40, 0x32, 0x91, 0x2b,
  0x64, 0x00, 0x90, 0x2b, 0x50, 0x00, 0x94, 0x2b, 0x6e, 0x00, 0x99, 0x24,
  0x6e, 0x00, 0x99, 0x3b, 0x78, 0x00, 0x99, 0x2a, 0x64, 0x0a, 0x89, 0x24,
  0x40, 0x00, 0x89, 0x3b, 0x40, 0x00, 0x89, 0x2a, 0x40, 0x81, 0x16, 0x84,
  0x2b, 0x40, 0x64, 0x80, 0x43, 0x40, 0x00, 0x81, 0x2b, 0x40, 0x00, 0x80,
  0x3b, 0x40, 0x00, 0x80, 0x3e, 0x40, 0x14, 0x80, 0x2b, 0x40, 0x28, 0x90,
  0x37, 0x50, 0x0a, 0x91, 0x2b, 0x5a, 0x00, 0x99, 0x2a, 0x50, 0x0a, 0x89,
  0x2a, 0x40, 0x50, 0x80, 0x37, 0x40, 0x0a, 0x81, 0x2b, 0x40, 0x32, 0x91,
  0x2b, 0x64, 0x00, 0x90, 0x2b, 0x4b, 0x00, 0x94, 0x2b, 0x6e, 0x00, 0x99,
  0x2e, 0x5a, 0x00, 0x99, 0x26, 0x64, 0x00, 0x99, 0x3b, 0x78, 0x00, 0x99,
  0x27, 0x7d, 0x0a, 0x89, 0x2e, 0x40, 0x00, 0x89, 0x27, 0x40, 0x00, 0x89,
  0x26, 0x40, 0x00, 0x89, 0x3b, 0x40, 0x81, 0x16, 0x84, 0x2b, 0x40, 0x64,
  0x81, 0x2b, 0x40, 0x14, 0x80, 0x2b, 0x40, 0x28, 0x90, 0x37, 0x4b, 0x0a,
  0x91, 0x2b, 0x5a, 0x5a, 0x80, 0x37, 0x40, 0x0a, 0x81, 0x2b, 0x40, 0x32,
  0x91, 0x26, 0x64, 0x00, 0x90, 0x26, 0x50, 0x00, 0x94, 0x26, 0x6e, 0x00,
  0x99, 0x24, 0x6e, 0x00, 0x99, 0x3b, 0x78, 0x00, 0x99, 0x2a, 0x64, 0x0a,
  0x89, 0x24, 0x40, 0x00, 0x89, 0x3b, 0x40, 0x00, 0x89, 0x2a, 0x40, 0x81,
  0x16, 0x84, 0x26, 0x40, 0x64, 0x81, 0x26, 0x40, 0x14, 0x80, 0x26, 0x40,
  0x28, 0x90, 0x3c, 0x6e, 0x00, 0x90, 0x3e, 0x6e, 0x00, 0x90, 0x42, 0x6e,
  0x00, 0x90, 0x32, 0x50, 0x0a, 0x91, 0x26, 0x5a, 0x5a, 0x80, 0x3c, 0x40,
  0x00, 0x80, 0x3e, 0x40, 0x00, 0x80, 0x32, 0x40, 0x00, 0x80, 0x42, 0x40,
  0x0a, 0x81, 0x26, 0x40, 0x32, 0x91, 0x26, 0x64, 0x00, 0x90, 0x26, 0x55,
  0x00, 0x94, 0x26, 0x6e, 0x00, 0x99, 0x2e, 0x5a, 0x00, 0x99, 0x26, 0x64,
  0x00, 0x99, 0x3b, 0x78, 0x00, 0x99, 0x27, 0x7d, 0x0a, 0x89, 0x2e, 0x40,
  0x00, 0x89, 0x27, 0x40, 0x00, 0x89, 0x26, 0x40, 0x00, 0x89, 0x3b, 0x40,
  0x81, 0x16, 0x84, 0x26, 0x40, 0x64, 0x81, 0x26, 0x40, 0x14, 0x80, 0x26,
  0x40, 0x28, 0x90, 0x32, 0x55, 0x0a, 0x91, 0x26, 0x5a, 0x5a, 0x80, 0x32,
  0x40, 0x0a, 0x81, 0x26, 0x40, 0x32, 0x90, 0x3c, 0x6e, 0x00, 0x90, 0x3e,
  0x6e, 0x00, 0x90, 0x42, 0x6e, 0x00, 0x91, 0x26, 0x64, 0x00, 0x90, 0x26,
  0x5a, 0x00, 0x94, 0x26, 0x6e, 0x00, 0x99, 0x24, 0x6e, 0x00, 0x99, 0x3b,
  0x78, 0x00, 0x99, 0x2a, 0x64, 0x0a, 0x89, 0x24, 0x40, 0x00, 0x89, 0x3b,
  0x40, 0x00, 0x89, 0x2a, 0x40, 0x5a, 0x80, 0x42, 0x40, 0x00, 0x80, 0x3e,
  0x40, 0x00, 0x80, 0x3c, 0x40, 0x3c, 0x84, 0x26, 0x40, 0x64, 0x81, 0x26,
  0x40, 0x14, 0x80, 0x26, 0x40, 0x28, 0x90, 0x32, 0x5a, 0x0a, 0x91, 0x26,
  0x5a, 0x00, 0x99, 0x2a, 0x50, 0x0a, 0x89, 0x2a, 0x40, 0x50, 0x80, 0x32,
  0x40, 0x0a, 0x81, 0x26, 0x40, 0x32, 0x91, 0x26, 0x64, 0x00, 0x90, 0x26,
  0x5f, 0x00, 0x94, 0x26, 0x6e, 0x00, 0x99, 0x2e, 0x5a, 0x00, 0x99, 0x26,
  0x64, 0x00, 0x99, 0x3b, 0x78, 0x00, 0x99, 0x27, 0x7d, 0x0a, 0x89, 0x2e,
  0x40, 0x00, 0x89, 0x27, 0x40, 0x00, 0x89, 0x26, 0x40, 0x00, 0x89, 0x3b,
  0x40, 0x81, 0x16, 0x84, 0x26, 0x40, 0x64, 0x81, 0x26, 0x40, 0x14, 0x80,
  0x26, 0x40, 0x28, 0x90, 0x32, 0x5f, 0x0a, 0x91, 0x26, 0x5a, 0x5a, 0x80,
  0x32, 0x40, 0x0a, 0x81, 0x26, 0x40, 0x32, 0x90, 0x3c, 0x6e, 0x00, 0x90,
  0x3e, 0x6e, 0x00, 0x90, 0x43, 0x6e, 0x00, 0x91, 0x26, 0x64, 0x00, 0x90,
  0x26, 0x5a, 0x00, 0x94, 0x26, 0x6e, 0x00, 0x99, 0x24, 0x6e, 0x00, 0x99,
  0x3b, 0x78, 0x00, 0x99, 0x2a, 0x64, 0x0a, 0x89, 0x24, 0x40, 0x00, 0x89,
  0x3b, 0x40, 0x00, 0x89, 0x2a, 0x40, 0x5a, 0x80, 0x43, 0x40, 0x00, 0x80,
  0x3e, 0x40, 0x00, 0x80, 0x3c, 0x40, 0x3c, 0x84, 0x26, 0x40, 0x64, 0x81,
  0x26, 0x40, 0x14, 0x80, 0x26, 0x40, 0x28, 0x90, 0x32, 0x5a, 0x0a, 0x91,
  0x26, 0x5a, 0x5a, 0x80, 0x32, 0x40, 0x0a, 0x81, 0x26, 0x40, 0x32, 0x91,
  0x26, 0x64, 0x00, 0x90, 0x26, 0x55, 0x00, 0x94, 0x26, 0x6e, 0x00, 0x99,
  0x2e, 0x5a, 0x00, 0x99, 0x26, 0x64, 0x00, 0x99, 0x3b, 0x78, 0x00, 0x99,
  0x27, 0x7d, 0x0a, 0x89, 0x2e, 0x40, 0x00, 0x89, 0x27, 0x40, 0x00, 0x89,
  0x26, 0x40, 0x00, 0x89, 0x3b, 0x40, 0x81, 0x16, 0x84, 0x26, 0x40, 0x64,
  0x81, 0x26, 0x40, 0x14, 0x80, 0x26, 0x40, 0x28, 0x90, 0x3c, 0x6e, 0x00,
  0x90, 0x3e, 0x6e, 0x00, 0x90, 0x42, 0x6e, 0x00, 0x90, 0x32, 0x55, 0x0a,
  0x91, 0x26, 0x5a, 0x5a, 0x80, 0x32, 0x40, 0x0a, 0x81, 0x26, 0x40, 0x32,
  0x91, 0x26, 0x64, 0x00, 0x90, 0x26, 0x50, 0x00, 0x94, 0x26, 0x6e, 0x00,
  0x99, 0x24, 0x6e, 0x00, 0x99, 0x3b, 0x78, 0x00, 0x99, 0x2a, 0x64, 0x0a,
  0x89, 0x24, 0x40, 0x00, 0x89, 0x3b, 0x40, 0x00, 0x89, 0x2a, 0x40, 0x81,
  0x16, 0x84, 0x26, 0x40, 0x64, 0x80, 0x42, 0x40, 0x00, 0x81, 0x26, 0x40,
  0x00, 0x80, 0x3c, 0x40, 0x00, 0x80, 0x3e, 0x40, 0x14, 0x80, 0x26, 0x40,
  0x28, 0x90, 0x32, 0x50, 0x0a, 0x91, 0x26, 0x5a, 0x00, 0x99, 0x2a, 0x50,
  0x0a, 0x89, 0x2a, 0x40, 0x50, 0x80, 0x32, 0x40, 0x0a, 0x81, 0x26, 0x40,
  0x32, 0x91, 0x26, 0x64, 0x00, 0x90, 0x26, 0x4b, 0x00, 0x94, 0x26, 0x6e,
  0x00, 0x99, 0x2e, 0x5a, 0x00, 0x99, 0x26, 0x64, 0x00, 0x99, 0x3b, 0x78,
  0x00, 0x99, 0x27, 0x7d, 0x0a, 0x89, 0x2e, 0x40, 0x00, 0x89, 0x27, 0x40,
  0x00, 0x89, 0x26, 0x40, 0x00, 0x89, 0x3b, 0x40, 0x81, 0x16, 0x84, 0x26,
  0x40, 0x64, 0x81, 0x26, 0x40, 0x14, 0x80, 0x26, 0x40, 0x28, 0x90, 0x32,
  0x4b, 0x0a, 0x91, 0x26, 0x5a, 0x5a, 0x80, 0x32, 0x40, 0x0a, 0x81, 0x26,
  0x40, 0x32, 0x91, 0x2d, 0x64, 0x00, 0x90, 0x2d, 0x50, 0x00, 0x94, 0x2d,
  0x6e, 0x00, 0x99, 0x24, 0x6e, 0x00, 0x99, 0x3b, 0x78, 0x00, 0x99, 0x2a,
  0x64, 0x0a, 0x89, 0x24, 0x40, 0x00, 0x89, 0x3b, 0x40, 0x00, 0x89, 0x2a,
  0x40, 0x81, 0x16, 0x84, 0x2d, 0x40, 0x64, 0x81, 0x2d, 0x40, 0x14, 0x80,
  0x2d, 0x40, 0x28, 0x90, 0x40, 0x6e, 0x00, 0x90, 0x45, 0x6e, 0x00, 0x90,
  0x43, 0x6e, 0x00, 0x90, 0x39, 0x50, 0x0a, 0x91, 0x2d, 0x5a, 0x5a, 0x80,
  0x40, 0x40, 0x00, 0x80, 0x45, 0x40, 0x00, 0x80, 0x39, 0x40, 0x00, 0x80,
  0x43, 0x40, 0x0a, 0x81, 0x2d, 0x40, 0x32, 0x91, 0x2d, 0x64, 0x00, 0x90,
  0x2d, 0x55, 0x00, 0x94, 0x2d, 0x6e, 0x00, 0x99, 0x2e, 0x5a, 0x00, 0x99,
  0x26, 0x64, 0x00, 0x99, 0x3b, 0x78, 0x00, 0x99, 0x27, 0x7d, 0x0a, 0x89,
  0x2e, 0x40, 0x00, 0x89, 0x27, 0x40, 0x00, 0x89, 0x26, 0x40, 0x00, 0x89,
  0x3b, 0x40, 0x81, 0x16, 0x84, 0x2d, 0x40, 0x64, 0x81, 0x2d, 0x40, 0x14,
  0x80, 0x2d, 0x40, 0x28, 0x90, 0x39, 0x55, 0x0a, 0x91, 0x2d, 0x5a, 0x5a,
  0x80, 0x39, 0x40, 0x0a, 0x81, 0x2d, 0x40, 0x32, 0x90, 0x40, 0x6e, 0x00,
  0x90, 0x43, 0x6e, 0x00, 0x90, 0x45, 0x6e, 0x00, 0x91, 0x2d, 0x64, 0x00,
  0x90, 0x2d, 0x5a, 0x00, 0x94, 0x2d, 0x6e, 0x00, 0x99, 0x24, 0x6e, 0x00,
  0x99, 0x3b, 0x78, 0x00, 0x99, 0x2a, 0x64, 0x0a, 0x89, 0x24, 0x40, 0x00,
  0x89, 0x3b, 0x40, 0x00, 0x89, 0x2a, 0x40, 0x5a, 0x80, 0x45, 0x40, 0x00,
  0x80, 0x43, 0x40, 0x00, 0x80, 0x40, 0x40, 0x3c, 0x84, 0x2d, 0x40, 0x64,
  0x81, 0x2d, 0x40, 0x14, 0x80, 0x2d, 0x40, 0x28, 0x90, 0x39, 0x5a, 0x0a,
  0x91, 0x2d, 0x5a, 0x00, 0x99, 0x2a, 0x50, 0x0a, 0x89, 0x2a, 0x40, 0x50,
  0x80, 0x39, 0x40, 0x0a, 0x81, 0x2d, 0x40, 0x32, 0x91, 0x2d, 0x64, 0x00,
  0x90, 0x2d, 0x5f, 0x00, 0x94, 0x2d, 0x6e, 0x00, 0x99, 0x2e, 0x5a, 0x00,
  0x99, 0x26, 0x64, 0x00, 0x99, 0x3b, 0x78, 0x00, 0x99, 0x27, 0x7d, 0x0a,
  0x89, 0x2e, 0x40, 0x00, 0x89, 0x27, 0x40, 0x00, 0x89, 0x26, 0x40, 0x00,
  0x89, 0x3b, 0x40, 0x81, 0x16, 0x84, 0x2d, 0x40, 0x64, 0x81, 0x2d, 0x40,
  0x14, 0x80, 0x2d, 0x40, 0x28, 0x90, 0x39, 0x5f, 0x0a, 0x91, 0x2d, 0x5a,
  0x5a, 0x80, 0x39, 0x40, 0x0a, 0x81, 0x2d, 0x40, 0x32, 0x90, 0x3c, 0x6e,
  0x00, 0x90, 0x3e, 0x6e, 0x00, 0x90, 0x43, 0x6e, 0x00, 0x91, 0x2b, 0x64,
  0x00, 0x90, 0x2b, 0x5a, 0x00, 0x94, 0x2b, 0x6e, 0x00, 0x99, 0x24, 0x6e,
  0x00, 0x99, 0x3b, 0x78, 0x00, 0x99, 0x2a, 0x64, 0x0a, 0x89, 0x24, 0x40,
  0x00, 0x89, 0x3b, 0x40, 0x00, 0x89, 0x2a, 0x40, 0x5a, 0x80, 0x43, 0x40,
  0x00, 0x80, 0x3e, 0x40, 0x00, 0x80, 0x3c, 0x40, 0x3c, 0x84, 0x2b, 0x40,
  0x64, 0x81, 0x2b, 0x40, 0x14, 0x80, 0x2b, 0x40, 0x28, 0x90, 0x37, 0x5a,
  0x0a, 0x91, 0x2b, 0x5a, 0x5a, 0x80, 0x37, 0x40, 0x0a, 0x81, 0x2b, 0x40,
  0x32, 0x91, 0x2b, 0x64, 0x00, 0x90, 0x2b, 0x55, 0x00, 0x94, 0x2b, 0x6e,
  0x00, 0x99, 0x2e, 0x5a, 0x00, 0x99, 0x26, 0x64, 0x00, 0x99, 0x3b, 0x78,
  0x00, 0x99, 0x27, 0x7d, 0x0a, 0x89, 0x2e, 0x40, 0x00, 0x89, 0x27, 0x40,
  0x00, 0x89, 0x26, 0x40, 0x00, 0x89, 0x3b, 0x40, 0x81, 0x16, 0x84, 0x2b,
  0x40, 0x64, 0x81, 0x2b, 0x40, 0x14, 0x80, 0x2b, 0x40, 0x28, 0x90, 0x3b,
  0x6e, 0x00, 0x90, 0x3e, 0x6e, 0x00, 0x90, 0x43, 0x6e, 0x00, 0x90, 0x37,
  0x55, 0x0a, 0x91, 0x2b, 0x5a, 0x5a, 0x80, 0x37, 0x40, 0x0a, 0x81, 0x2b,
  0x40, 0x32, 0x91, 0x2b, 0x64, 0x00, 0x90, 0x2b, 0x50, 0x00, 0x94, 0x2b,
  0x6e, 0x00, 0x99, 0x24, 0x6e, 0x00, 0x99, 0x3b, 0x78, 0x00, 0x99, 0x2a,
  0x64, 0x0a, 0x89, 0x24, 0x40, 0x00, 0x89, 0x3b, 0x40, 0x00, 0x89, 0x2a,
  0x40, 0x81, 0x16, 0x84, 0x2b, 0x40, 0x50, 0x80, 0x43, 0x40, 0x00, 0x80,
  0x3b, 0x40, 0x00, 0x80, 0x3e, 0x40, 0x14, 0x81, 0x2b, 0x40, 0x14, 0x80,
  0x2b, 0x40, 0x28, 0x90, 0x41, 0x6e, 0x00, 0x90, 0x4d, 0x6e, 0x00, 0x90,
  0x35, 0x50, 0x0a, 0x91, 0x29, 0x5a, 0x00, 0x99, 0x2a, 0x50, 0x0a, 0x89,
  0x2a, 0x40, 0x50, 0x80, 0x35, 0x40, 0x0a, 0x81, 0x29, 0x40, 0x1e, 0x80,
  0x41, 0x40, 0x00, 0x80, 0x4d, 0x40, 0x14, 0x90, 0x3c, 0x6e, 0x00, 0x90,
  0x48, 0x6e, 0x00, 0x91, 0x24, 0x64, 0x00, 0x90, 0x30, 0x4b, 0x00, 0x94,
  0x25, 0x6e, 0x00, 0x99, 0x2e, 0x5a, 0x00, 0x99, 0x26, 0x64, 0x00, 0x99,
  0x3b, 0x78, 0x00, 0x99, 0x27, 0x7d, 0x0a, 0x89, 0x2e, 0x40, 0x00, 0x89,
  0x3b, 0x40, 0x00, 0x89, 0x27, 0x40, 0x00, 0x89, 0x26, 0x40, 0x81, 0x16,
  0x84, 0x25, 0x40, 0x64, 0x81, 0x24, 0x40, 0x14, 0x80, 0x30, 0x40, 0x1e,
  0x80, 0x3c, 0x40, 0x00, 0x80, 0x48, 0x40, 0x0a, 0x90, 0x31, 0x4b, 0x0a,
  0x91, 0x25, 0x5a, 0x0a, 0x90, 0x49, 0x6e, 0x00, 0x90, 0x3d, 0x6e, 0x50,
  0x80, 0x31, 0x40, 0x0a, 0x81, 0x25, 0x40, 0x32, 0x80, 0x49, 0x40, 0x00,
  0x80, 0x3d, 0x40, 0x00, 0x91, 0x26, 0x64, 0x00, 0x90, 0x26, 0x64, 0x00,
  0x90, 0x32, 0x64, 0x00, 0x94, 0x26, 0x6e, 0x00, 0x99, 0x24, 0x6e, 0x00,
  0x99, 0x39, 0x6e, 0x00, 0x99, 0x2a, 0x64, 0x0a, 0x89, 0x24, 0x40, 0x00,
  0x89, 0x2a, 0x40, 0x00, 0x89, 0x39, 0x40, 0x6e, 0x80, 0x26, 0x40, 0x00,
  0x80, 0x32, 0x40, 0x28, 0x84, 0x26, 0x40, 0x81, 0x34, 0x90, 0x4a, 0x6e,
  0x00, 0x90, 0x3e, 0x6e, 0x64, 0x80, 0x4a, 0x40, 0x00, 0x80, 0x3e, 0x40,
  0x28, 0x90, 0x42, 0x6e, 0x00, 0x90, 0x4e, 0x6e, 0x82, 0x2c, 0x80, 0x42,
  0x40, 0x00, 0x80, 0x4e, 0x40, 0x32, 0x90, 0x4a, 0x6e, 0x00, 0x90, 0x3e,
  0x6e, 0x64, 0x80, 0x4a, 0x40, 0x00, 0x80, 0x3e, 0x40, 0x1e, 0x90, 0x43,
  0x6e, 0x00, 0x90, 0x4f, 0x6e, 0x82, 0x2c, 0x80, 0x43, 0x40, 0x00, 0x80,
  0x4f, 0x40, 0x1e, 0x90, 0x4a, 0x6e, 0x00, 0x90, 0x3e, 0x6e, 0x64, 0x80,
  0x4a, 0x40, 0x00, 0x80, 0x3e, 0x40, 0x32, 0x90, 0x44, 0x6e, 0x00, 0x90,
  0x50, 0x6e, 0x82, 0x2c, 0x80, 0x44, 0x40, 0x00, 0x80, 0x50, 0x40, 0x14,
  0x99, 0x30, 0x64, 0x0a, 0x89, 0x30, 0x40, 0x0a, 0x90, 0x4a, 0x6e, 0x00,
  0x90, 0x3e, 0x6e, 0x64, 0x80, 0x4a, 0x40, 0x00, 0x80, 0x3e, 0x40, 0x28,
  0x90, 0x45, 0x6e, 0x00, 0x90, 0x49, 0x6e, 0x00, 0x90, 0x4c, 0x6e, 0x00,
  0x90, 0x51, 0x6e, 0x00, 0x99, 0x24, 0x6e, 0x00, 0x99, 0x32, 0x6e, 0x00,
  0x99, 0x39, 0x6e, 0x00, 0x99, 0x2c, 0x64, 0x0a, 0x89, 0x24, 0x40, 0x00,
  0x89, 0x39, 0x40, 0x00, 0x89, 0x2c, 0x40, 0x00, 0x89, 0x32, 0x40, 0x6e,
  0x80, 0x49, 0x40, 0x00, 0x80, 0x51, 0x40, 0x00, 0x80, 0x4c, 0x40, 0x00,
  0x80, 0x45, 0x40, 0x81, 0x20, 0x81, 0x26, 0x40, 0x28, 0x90, 0x45, 0x64,
  0x00, 0x90, 0x49, 0x64, 0x00, 0x90, 0x4c, 0x64, 0x00, 0x90, 0x51, 0x64,
  0x00, 0x90, 0x2d, 0x64, 0x00, 0x94, 0x2d, 0x6e, 0x00, 0x99, 0x32, 0x5a,
  0x0a, 0x89, 0x32, 0x40, 0x00, 0x91, 0x2d, 0x64, 0x00, 0x99, 0x2c, 0x50,
  0x0a, 0x89, 0x2c, 0x40, 0x50, 0x84, 0x2d, 0x40, 0x0a, 0x81, 0x2d, 0x40,
  0x0a, 0x80, 0x4c, 0x40, 0x00, 0x80, 0x2d, 0x40, 0x00, 0x80, 0x49, 0x40,
  0x00, 0x80, 0x45, 0x40, 0x00, 0x80, 0x51, 0x40, 0x28, 0x90, 0x47, 0x6e,
  0x00, 0x90, 0x4a, 0x6e, 0x00, 0x90, 0x4c, 0x6e, 0x00, 0x90, 0x53, 0x6e,
  0x00, 0x91, 0x2b, 0x64, 0x00, 0x90, 0x2b, 0x64, 0x00, 0x94, 0x2b, 0x6e,
  0x00, 0x99, 0x24, 0x6e, 0x00, 0x99, 0x2c, 0x64, 0x00, 0x99, 0x30, 0x64,
  0x0a, 0x89, 0x24, 0x40, 0x00, 0x89, 0x2c, 0x40, 0x00, 0x89, 0x30, 0x40,
  0x6e, 0x80, 0x53, 0x40, 0x00, 0x80, 0x4a, 0x40, 0x00, 0x80, 0x47, 0x40,
  0x00, 0x80, 0x4c, 0x40, 0x28, 0x84, 0x2b, 0x40, 0x81, 0x20, 0x90, 0x45,
  0x6e, 0x00, 0x90, 0x49, 0x6e, 0x00, 0x90, 0x4c, 0x6e, 0x00, 0x90, 0x51,
  0x6e, 0x0a, 0x99, 0x2c, 0x50, 0x0a, 0x89, 0x2c, 0x40, 0x3c, 0x80, 0x2b,
  0x40, 0x00, 0x81, 0x2b, 0x40, 0x50, 0x90, 0x2a, 0x64, 0x00, 0x91, 0x2a,
  0x64, 0x00, 0x94, 0x2a, 0x6e, 0x00, 0x99, 0x24, 0x6e, 0x00, 0x99, 0x2c,
  0x64, 0x00, 0x99, 0x2f, 0x64, 0x0a, 0x89, 0x24, 0x40, 0x00, 0x89, 0x2c,
  0x40, 0x00, 0x89, 0x2f, 0x40, 0x81, 0x16, 0x84, 0x2a, 0x40, 0x00, 0x99,
  0x2f, 0x50, 0x0a, 0x89, 0x2f, 0x40, 0x81, 0x16, 0x95, 0x39, 0x73, 0x00,
  0x99, 0x2f, 0x50, 0x0a, 0x89, 0x2f, 0x40, 0x00, 0x99, 0x2c, 0x50, 0x0a,
  0x89, 0x2c, 0x40, 0x3c, 0x80, 0x2a, 0x40, 0x00, 0x81, 0x2a, 0x40, 0x28,
  0x85, 0x39, 0x40, 0x28, 0x91, 0x28, 0x64, 0x00, 0x90, 0x28, 0x64, 0x00,
  0x94, 0x28, 0x6e, 0x00, 0x95, 0x3b, 0x78, 0x00, 0x99, 0x24, 0x6e, 0x00,
  0x99, 0x2c, 0x64, 0x00, 0x99, 0x2d, 0x64, 0x00, 0x99, 0x39, 0x78, 0x0a,
  0x89, 0x24, 0x40, 0x00, 0x89, 0x2c, 0x40, 0x00, 0x89, 0x2d, 0x40, 0x00,
  0x89, 0x39, 0x40, 0x81, 0x16, 0x84, 0x28, 0x40, 0x00, 0x99, 0x2d, 0x50,
  0x0a, 0x89, 0x2d, 0x40, 0x81, 0x0c, 0x85, 0x3b, 0x40, 0x0a, 0x95, 0x3d,
  0x78, 0x00, 0x99, 0x2d, 0x5a, 0x0a, 0x89, 0x2d, 0x40, 0x00, 0x99, 0x2c,
  0x50, 0x0a, 0x89, 0x2c, 0x40, 0x3c, 0x80, 0x28, 0x40, 0x00, 0x81, 0x28,
  0x40, 0x28, 0x80, 0x45, 0x40, 0x00, 0x80, 0x51, 0x40, 0x00, 0x80, 0x4c,
  0x40, 0x00, 0x80, 0x49, 0x40, 0x14, 0x85, 0x3d, 0x40, 0x14, 0x90, 0x26,
  0x50, 0x00, 0x91, 0x26, 0x64, 0x00, 0x94, 0x26, 0x6e, 0x00, 0x95, 0x3e,
  0x78, 0x00, 0x99, 0x24, 0x6e, 0x00, 0x99, 0x2a, 0x64, 0x00, 0x99, 0x31,
  0x78, 0x00, 0x99, 0x3b, 0x78, 0x0a, 0x89, 0x24, 0x40, 0x00, 0x89, 0x3b,
  0x40, 0x00, 0x89, 0x31, 0x40, 0x00, 0x89, 0x2a, 0x40, 0x6e, 0x85, 0x3e,
  0x40, 0x28, 0x84, 0x26, 0x40, 0x64, 0x81, 0x26, 0x40, 0x14, 0x80, 0x26,
  0x40, 0x28, 0x90, 0x32, 0x50, 0x00, 0x95, 0x3e, 0x73, 0x0a, 0x91, 0x26,
  0x5a, 0x5a, 0x80, 0x32, 0x40, 0x0a, 0x81, 0x26, 0x40, 0x0a, 0x85, 0x3e,
  0x40, 0x28, 0x91, 0x26, 0x64, 0x00, 0x90, 0x26, 0x55, 0x00, 0x94, 0x26,
  0x6e, 0x00, 0x95, 0x42, 0x7d, 0x00, 0x99, 0x3b, 0x78, 0x00, 0x99, 0x27,
  0x7d, 0x00, 0x99, 0x2e, 0x5a, 0x00, 0x99, 0x26, 0x64, 0x0a, 0x89, 0x3b,
  0x40, 0x00, 0x89, 0x26, 0x40, 0x00, 0x89, 0x2e, 0x40, 0x00, 0x89, 0x27,
  0x40, 0x81, 0x16, 0x84, 0x26, 0x40, 0x64, 0x81, 0x26, 0x40, 0x14, 0x80,
  0x26, 0x40, 0x1e, 0x85, 0x42, 0x40, 0x0a, 0x90, 0x32, 0x55, 0x00, 0x95,
  0x3e, 0x73, 0x0a, 0x91, 0x26, 0x5a, 0x5a, 0x80, 0x32, 0x40, 0x0a, 0x81,
  0x26, 0x40, 0x1e, 0x85, 0x3e, 0x40, 0x14, 0x90, 0x39, 0x6e, 0x00, 0x90,
  0x3c, 0x6e, 0x00, 0x90, 0x3e, 0x6e, 0x00, 0x91, 0x26, 0x64, 0x00, 0x90,
  0x26, 0x5a, 0x00, 0x94, 0x26, 0x6e, 0x00, 0x99, 0x24, 0x6e, 0x00, 0x99,
  0x2a, 0x64, 0x00, 0x99, 0x3b, 0x78, 0x0a, 0x89, 0x24, 0x40, 0x00, 0x89,
  0x2a, 0x40, 0x00, 0x89, 0x3b, 0x40, 0x5a, 0x80, 0x3e, 0x40, 0x00, 0x80,
  0x3c, 0x40, 0x00, 0x80, 0x39, 0x40, 0x3c, 0x84, 0x26, 0x40, 0x64, 0x81,
  0x26, 0x40, 0x14, 0x80, 0x26, 0x40, 0x28, 0x90, 0x32, 0x5a, 0x00, 0x95,
  0x39, 0x6e, 0x0a, 0x91, 0x26, 0x5a, 0x00, 0x99, 0x2a, 0x50, 0x0a, 0x89,
  0x2a, 0x40, 0x50, 0x80, 0x32, 0x40, 0x0a, 0x81, 0x26, 0x40, 0x0a, 0x85,
  0x39, 0x40, 0x28, 0x91, 0x26, 0x64, 0x00, 0x90, 0x26, 0x5f, 0x00, 0x94,
  0x26, 0x6e, 0x00, 0x95, 0x3b, 0x73, 0x00, 0x99, 0x2e, 0x5a, 0x00, 0x99,
  0x26, 0x64, 0x00, 0x99, 0x3b, 0x78, 0x00, 0x99, 0x27, 0x7d, 0x0a, 0x89,
  0x2e, 0x40, 0x00, 0x89, 0x27, 0x40, 0x00, 0x89, 0x3b, 0x40, 0x00, 0x89,
  0x26, 0x40, 0x81, 0x16, 0x84, 0x26, 0x40, 0x64, 0x81, 0x26, 0x40, 0x14,
  0x80, 0x26, 0x40, 0x1e, 0x85, 0x3b, 0x40, 0x0a, 0x90, 0x32, 0x5f, 0x00,
  0x95, 0x3d, 0x73, 0x0a, 0x91, 0x26, 0x5a, 0x5a, 0x80, 0x32, 0x40, 0x0a,
  0x81, 0x26, 0x40, 0x1e, 0x85, 0x3d, 0x40, 0x14, 0x90, 0x39, 0x6e, 0x00,
  0x90, 0x3c, 0x6e, 0x00, 0x90, 0x3e, 0x6e, 0x00, 0x91, 0x26, 0x64, 0x00,
  0x90, 0x26, 0x5a, 0x00, 0x94, 0x26, 0x6e, 0x00, 0x95, 0x3e, 0x78, 0x00,
  0x99, 0x24, 0x6e, 0x00, 0x99, 0x3b, 0x78, 0x00, 0x99, 0x2a, 0x64, 0x0a,
  0x89, 0x24, 0x40, 0x00, 0x89, 0x3b, 0x40, 0x00, 0x89, 0x2a, 0x40, 0x5a,
  0x80, 0x3c, 0x40, 0x00, 0x80, 0x39, 0x40, 0x00, 0x80, 0x3e, 0x40, 0x14,
  0x85, 0x3e, 0x40, 0x28, 0x84, 0x26, 0x40, 0x64, 0x81, 0x26, 0x40, 0x14,
  0x80, 0x26, 0x40, 0x28, 0x90, 0x32, 0x5a, 0x00, 0x95, 0x3e, 0x73, 0x0a,
  0x91, 0x26, 0x5a, 0x5a, 0x80, 0x32, 0x40, 0x0a, 0x81, 0x26, 0x40, 0x0a,
  0x85, 0x3e, 0x40, 0x0a, 0x95, 0x41, 0x73, 0x1e, 0x91, 0x26, 0x64, 0x00,
  0x90, 0x26, 0x55, 0x00, 0x94, 0x26, 0x6e, 0x00, 0x99, 0x2e, 0x5a, 0x00,
  0x99, 0x26, 0x64, 0x00, 0x99, 0x3b, 0x78, 0x00, 0x99, 0x27, 0x7d, 0x0a,
  0x89, 0x2e, 0x40, 0x00, 0x89, 0x27, 0x40, 0x00, 0x89, 0x3b, 0x40, 0x00,
  0x89, 0x26, 0x40, 0x46, 0x95, 0x42, 0x78, 0x14, 0x85, 0x41, 0x40, 0x3c,
  0x84, 0x26, 0x40, 0x64, 0x81, 0x26, 0x40, 0x14, 0x80, 0x26, 0x40, 0x28,
  0x85, 0x42, 0x40, 0x00, 0x90, 0x39, 0x6e, 0x00, 0x90, 0x3c, 0x6e, 0x00,
  0x90, 0x3e, 0x6e, 0x00, 0x90, 0x32, 0x55, 0x00, 0x95, 0x3e, 0x73, 0x0a,
  0x91, 0x26, 0x5a, 0x5a, 0x80, 0x39, 0x40, 0x00, 0x80, 0x3c, 0x40, 0x00,
  0x80, 0x32, 0x40, 0x00, 0x80, 0x3e, 0x40, 0x0a, 0x81, 0x26, 0x40, 0x1e,
  0x85, 0x3e, 0x40, 0x14, 0x91, 0x26, 0x64, 0x00, 0x90, 0x26, 0x50, 0x00,
  0x94, 0x26, 0x6e, 0x00, 0x99, 0x24, 0x6e, 0x00, 0x99, 0x3b, 0x78, 0x00,
  0x99, 0x2a, 0x64, 0x0a, 0x89, 0x24, 0x40, 0x00, 0x89, 0x3b, 0x40, 0x00,
  0x89, 0x2a, 0x40, 0x81, 0x16, 0x84, 0x26, 0x40, 0x64, 0x81, 0x26, 0x40,
  0x14, 0x80, 0x26, 0x40, 0x28, 0x90, 0x32, 0x50, 0x00, 0x95, 0x3e, 0x73,
  0x0a, 0x91, 0x26, 0x5a, 0x00, 0x99, 0x2a, 0x50, 0x0a, 0x89, 0x2a, 0x40,
  0x50, 0x80, 0x32, 0x40, 0x0a, 0x81, 0x26, 0x40, 0x0a, 0x85, 0x3e, 0x40,
  0x28, 0x91, 0x26, 0x64, 0x00, 0x90, 0x26, 0x4b, 0x00, 0x94, 0x26, 0x6e,
  0x00, 0x95, 0x42, 0x78, 0x00, 0x99, 0x2e, 0x5a, 0x00, 0x99, 0x26, 0x64,
  0x00, 0x99, 0x3b, 0x78, 0x00, 0x99, 0x27, 0x7d, 0x0a, 0x89, 0x2e, 0x40,
  0x00, 0x89, 0x27, 0x40, 0x00, 0x89, 0x3b, 0x40, 0x00, 0x89, 0x26, 0x40,
  0x81, 0x16, 0x84, 0x26, 0x40, 0x64, 0x81, 0x26, 0x40, 0x14, 0x80, 0x26,
  0x40, 0x14, 0x85, 0x42, 0x40, 0x14, 0x90, 0x32, 0x4b, 0x00, 0x95, 0x43,
  0x73, 0x0a, 0x91, 0x26, 0x5a, 0x5a, 0x80, 0x32, 0x40, 0x0a, 0x81, 0x26,
  0x40, 0x1e, 0x85, 0x43, 0x40, 0x14, 0x91, 0x26, 0x64, 0x00, 0x90, 0x26,
  0x50, 0x00, 0x94, 0x26, 0x6e, 0x00, 0x95, 0x45, 0x78, 0x00, 0x99, 0x24,
  0x6e, 0x00, 0x99, 0x3b, 0x78, 0x00, 0x99, 0x2a, 0x64, 0x0a, 0x89, 0x24,
  0x40, 0x00, 0x89, 0x2a, 0x40, 0x00, 0x89, 0x3b, 0x40, 0x6e, 0x85, 0x45,
  0x40, 0x28, 0x84, 0x26, 0x40, 0x64, 0x81, 0x26, 0x40, 0x14, 0x80, 0x26,
  0x40, 0x28, 0x90, 0x39, 0x6e, 0x00, 0x90, 0x3c, 0x6e, 0x00, 0x90, 0x3e,
  0x6e, 0x00, 0x90, 0x32, 0x50, 0x00, 0x95, 0x45, 0x73, 0x0a, 0x91, 0x26,
  0x5a, 0x5a, 0x80, 0x39, 0x40, 0x00, 0x80, 0x3c, 0x40, 0x00, 0x80, 0x32,
  0x40, 0x00, 0x80, 0x3e, 0x40, 0x0a, 0x81, 0x26, 0x40, 0x0a, 0x85, 0x45,
  0x40, 0x28, 0x91, 0x26, 0x64, 0x00, 0x90, 0x26, 0x55, 0x00, 0x94, 0x26,
  0x6e, 0x00, 0x95, 0x47, 0x73, 0x00, 0x99, 0x2e, 0x5a, 0x00, 0x99, 0x26,
  0x64, 0x00, 0x99, 0x3b, 0x78, 0x00, 0x99, 0x27, 0x7d, 0x0a, 0x89, 0x2e,
  0x40, 0x00, 0x89, 0x27, 0x40, 0x00, 0x89, 0x3b, 0x40, 0x00, 0x89, 0x26,
  0x40, 0x81, 0x16, 0x84, 0x26, 0x40, 0x64, 0x81, 0x26, 0x40, 0x14, 0x80,
  0x26, 0x40, 0x14, 0x85, 0x47, 0x40, 0x14, 0x90, 0x32, 0x55, 0x00, 0x95,
  0x49, 0x78, 0x0a, 0x91, 0x26, 0x5a, 0x5a, 0x80, 0x32, 0x40, 0x0a, 0x81,
  0x26, 0x40, 0x1e, 0x85, 0x49, 0x40, 0x14, 0x90, 0x39, 0x6e, 0x00, 0x90,
  0x3c, 0x6e, 0x00, 0x90, 0x3e, 0x6e, 0x00, 0x91, 0x26, 0x64, 0x00, 0x90,
  0x26, 0x5a, 0x00, 0x94, 0x26, 0x6e, 0x00, 0x95, 0x4a, 0x78, 0x00, 0x99,
  0x24, 0x6e, 0x00, 0x99, 0x3b, 0x78, 0x00, 0x99, 0x2a, 0x64, 0x0a, 0x89,
  0x24, 0x40, 0x00, 0x89, 0x3b, 0x40, 0x00, 0x89, 0x2a, 0x40, 0x5a, 0x80,
  0x3c, 0x40, 0x00, 0x80, 0x39, 0x40, 0x00, 0x80, 0x3e, 0x40, 0x28, 0x85,
  0x4a, 0x40, 0x14, 0x84, 0x26, 0x40, 0x00, 0x95, 0x4e, 0x7d, 0x64, 0x81,
  0x26, 0x40, 0x14, 0x80, 0x26, 0x40, 0x14, 0x85, 0x4e, 0x40, 0x14, 0x90,
  0x32, 0x5a, 0x00, 0x95, 0x4a, 0x73, 0x0a, 0x91, 0x26, 0x5a, 0x00, 0x99,
  0x2a, 0x50, 0x0a, 0x89, 0x2a, 0x40, 0x50, 0x80, 0x32, 0x40, 0x0a, 0x81,
  0x26, 0x40, 0x00, 0x85, 0x4a, 0x40, 0x32, 0x91, 0x26, 0x64, 0x00, 0x90,
  0x26, 0x5f, 0x00, 0x94, 0x26, 0x6e, 0x00, 0x95, 0x47, 0x78, 0x00, 0x99,
  0x2e, 0x5a, 0x00, 0x99, 0x26, 0x64, 0x00, 0x99, 0x3b, 0x78, 0x00, 0x99,
  0x27, 0x7d, 0x0a, 0x89, 0x2e, 0x40, 0x00, 0x89, 0x27, 0x40, 0x00, 0x89,
  0x3b, 0x40, 0x00, 0x89, 0x26, 0x40, 0x81, 0x16, 0x84, 0x26, 0x40, 0x28,
  0x85, 0x47, 0x40, 0x3c, 0x81, 0x26, 0x40, 0x14, 0x80, 0x26, 0x40, 0x28,
  0x90, 0x32, 0x5f, 0x00, 0x95, 0x45, 0x73, 0x0a, 0x91, 0x26, 0x5a, 0x5a,
  0x80, 0x32, 0x40, 0x0a, 0x81, 0x26, 0x40, 0x32, 0x90, 0x3c, 0x6e, 0x00,
  0x90, 0x42, 0x6e, 0x00, 0x90, 0x3e, 0x6e, 0x00, 0x91, 0x26, 0x64, 0x00,
  0x90, 0x26, 0x5a, 0x00, 0x94, 0x26, 0x6e, 0x00, 0x99, 0x24, 0x6e, 0x00,
  0x99, 0x3b, 0x78, 0x00, 0x99, 0x2a, 0x64, 0x0a, 0x89, 0x24, 0x40, 0x00,
  0x89, 0x3b, 0x40, 0x00, 0x89, 0x2a, 0x40, 0x5a, 0x80, 0x3e, 0x40, 0x00,
  0x80, 0x3c, 0x40, 0x00, 0x80, 0x42, 0x40, 0x3c, 0x84, 0x26, 0x40, 0x64,
  0x81, 0x26, 0x40, 0x14, 0x80, 0x26, 0x40, 0x28, 0x90, 0x32, 0x5a, 0x0a,
  0x91, 0x26, 0x5a, 0x5a, 0x80, 0x32, 0x40, 0x0a, 0x81, 0x26, 0x40, 0x32,
  0x91, 0x28, 0x64, 0x00, 0x90, 0x28, 0x55, 0x00, 0x94, 0x28, 0x6e, 0x00,
  0x99, 0x2e, 0x5a, 0x00, 0x99, 0x26, 0x64, 0x00, 0x99, 0x3b, 0x78, 0x00,
  0x99, 0x27, 0x7d, 0x0a, 0x89, 0x2e, 0x40, 0x00, 0x89, 0x27, 0x40, 0x00,
  0x89, 0x3b, 0x40, 0x00, 0x89, 0x26, 0x40, 0x81, 0x16, 0x84, 0x28, 0x40,
  0x64, 0x81, 0x28, 0x40, 0x14, 0x80, 0x28, 0x40, 0x28, 0x90, 0x3c, 0x6e,
  0x00, 0x90, 0x3e, 0x6e, 0x00, 0x90, 0x42, 0x6e, 0x00, 0x90, 0x34, 0x55,
  0x0a, 0x91, 0x28, 0x5a, 0x5a, 0x80, 0x3c, 0x40, 0x00, 0x80, 0x42, 0x40,
  0x00, 0x80, 0x34, 0x40, 0x00, 0x80, 0x3e, 0x40, 0x0a, 0x81, 0x28, 0x40,
  0x32, 0x91, 0x29, 0x64, 0x00, 0x90, 0x29, 0x50, 0x00, 0x94, 0x29, 0x6e,
  0x00, 0x99, 0x24, 0x6e, 0x00, 0x99, 0x3b, 0x78, 0x00, 0x99, 0x2a, 0x64,
  0x0a, 0x89, 0x24, 0x40, 0x00, 0x89, 0x2a, 0x40, 0x00, 0x89, 0x3b, 0x40,
  0x81, 0x16, 0x84, 0x29, 0x40, 0x00, 0x99, 0x2a, 0x50, 0x0a, 0x89, 0x2a,
  0x40, 0x5a, 0x81, 0x29, 0x40, 0x14, 0x80, 0x29, 0x40, 0x28, 0x90, 0x35,
  0x50, 0x00, 0x99, 0x2a, 0x50, 0x0a, 0x89, 0x2a, 0x40, 0x00, 0x90, 0x3c,
  0x6e, 0x00, 0x90, 0x45, 0x6e, 0x00, 0x90, 0x42, 0x6e, 0x00, 0x91, 0x29,
  0x5a, 0x5a, 0x85, 0x45, 0x40, 0x00, 0x80, 0x35, 0x40, 0x0a, 0x81, 0x29,
  0x40, 0x32, 0x91, 0x2a, 0x64, 0x00, 0x90, 0x2a, 0x4b, 0x00, 0x94, 0x2a,
  0x6e, 0x00, 0x95, 0x47, 0x73, 0x00, 0x99, 0x2e, 0x5a, 0x00, 0x99, 0x26,
  0x64, 0x00, 0x99, 0x3b, 0x78, 0x00, 0x99, 0x27, 0x7d, 0x0a, 0x89, 0x2e,
  0x40, 0x00, 0x89, 0x27, 0x40, 0x00, 0x89, 0x26, 0x40, 0x00, 0x89, 0x3b,
  0x40, 0x50, 0x80, 0x3c, 0x40, 0x46, 0x84, 0x2a, 0x40, 0x64, 0x81, 0x2a,
  0x40, 0x0a, 0x80, 0x45, 0x40, 0x00, 0x80, 0x42, 0x40, 0x0a, 0x80, 0x2a,
  0x40, 0x14, 0x85, 0x47, 0x40, 0x14, 0x90, 0x36, 0x4b, 0x00, 0x95, 0x49,
  0x73, 0x0a, 0x91, 0x2a, 0x5a, 0x00, 0x99, 0x2a, 0x50, 0x0a, 0x89, 0x2a,
  0x40, 0x50, 0x80, 0x36, 0x40, 0x0a, 0x81, 0x2a, 0x40, 0x1e, 0x85, 0x49,
  0x40, 0x14, 0x91, 0x2b, 0x64, 0x00, 0x90, 0x2b, 0x50, 0x00, 0x94, 0x2b,
  0x6e, 0x00, 0x95, 0x4a, 0x78, 0x00, 0x99, 0x24, 0x6e, 0x00, 0x99, 0x2a,
  0x64, 0x00, 0x99, 0x3b, 0x78, 0x0a, 0x89, 0x24, 0x40, 0x00, 0x89, 0x3b,
  0x40, 0x00, 0x89, 0x2a, 0x40, 0x81, 0x02, 0x85, 0x4a, 0x40, 0x14, 0x84,
  0x2b, 0x40, 0x64, 0x81, 0x2b, 0x40, 0x14, 0x80, 0x2b, 0x40, 0x28, 0x90,
  0x3b, 0x6e, 0x00, 0x90, 0x3e, 0x6e, 0x00, 0x90, 0x43, 0x6e, 0x00, 0x90,
  0x37, 0x50, 0x00, 0x95, 0x4a, 0x78, 0x0a, 0x91, 0x2b, 0x5a, 0x5a, 0x80,
  0x3b, 0x40, 0x00, 0x80, 0x3e, 0x40, 0x00, 0x80, 0x37, 0x40, 0x00, 0x80,
  0x43, 0x40, 0x0a, 0x81, 0x2b, 0x40, 0x1e, 0x85, 0x4a, 0x40, 0x14, 0x91,
  0x2b, 0x64, 0x00, 0x90, 0x2b, 0x55, 0x00, 0x94, 0x2b, 0x6e, 0x00, 0x95,
  0x49, 0x73, 0x00, 0x99, 0x3b, 0x78, 0x00, 0x99, 0x27, 0x7d, 0x00, 0x99,
  0x2e, 0x5a, 0x00, 0x99, 0x26, 0x64, 0x0a, 0x89, 0x3b, 0x40, 0x00, 0x89,
  0x26, 0x40, 0x00, 0x89, 0x2e, 0x40, 0x00, 0x89, 0x27, 0x40, 0x81, 0x16,
  0x84, 0x2b, 0x40, 0x64, 0x81, 0x2b, 0x40, 0x14, 0x80, 0x2b, 0x40, 0x1e,
  0x85, 0x49, 0x40, 0x0a, 0x90, 0x37, 0x55, 0x00, 0x95, 0x4a, 0x73, 0x0a,
  0x91, 0x2b, 0x5a, 0x5a, 0x80, 0x37, 0x40, 0x0a, 0x81, 0x2b, 0x40, 0x14,
  0x85, 0x4a, 0x40, 0x1e, 0x90, 0x3b, 0x6e, 0x00, 0x90, 0x3e, 0x6e, 0x00,
  0x90, 0x43, 0x6e, 0x00, 0x91, 0x2b, 0x64, 0x00, 0x90, 0x2b, 0x5a, 0x00,
  0x94, 0x2b, 0x6e, 0x00, 0x99, 0x24, 0x6e, 0x00, 0x99, 0x2a, 0x64, 0x00,
  0x99, 0x3b, 0x78, 0x0a, 0x89, 0x24, 0x40, 0x00, 0x89, 0x2a, 0x40, 0x00,
  0x89, 0x3b, 0x40, 0x5a, 0x80, 0x43, 0x40, 0x00, 0x80, 0x3e, 0x40, 0x00,
  0x80, 0x3b, 0x40, 0x3c, 0x84, 0x2b, 0x40, 0x64, 0x81, 0x2b, 0x40, 0x14,
  0x80, 0x2b, 0x40, 0x28, 0x90, 0x37, 0x5a, 0x00, 0x95, 0x43, 0x73, 0x0a,
  0x91, 0x2b, 0x5a, 0x00, 0x99, 0x2a, 0x50, 0x0a, 0x89, 0x2a, 0x40, 0x50,
  0x80, 0x37, 0x40, 0x0a, 0x81, 0x2b, 0x40, 0x23, 0x85, 0x43, 0x40, 0x0f,
  0x91, 0x2b, 0x64, 0x00, 0x90, 0x2b, 0x5f, 0x00, 0x94, 0x2b, 0x6e, 0x00,
  0x95, 0x45, 0x78, 0x00, 0x99, 0x2e, 0x5a, 0x00, 0x99, 0x26, 0x64, 0x00,
  0x99, 0x3b, 0x78, 0x00, 0x99, 0x27, 0x7d, 0x0a, 0x89, 0x2e, 0x40, 0x00,
  0x89, 0x27, 0x40, 0x00, 0x89, 0x3b, 0x40, 0x00, 0x89, 0x26, 0x40, 0x81,
  0x07, 0x85, 0x45, 0x40, 0x0f, 0x84, 0x2b, 0x40, 0x00, 0x95, 0x47, 0x78,
  0x64, 0x81, 0x2b, 0x40, 0x14, 0x80, 0x2b, 0x40, 0x19, 0x85, 0x47, 0x40,
  0x0f, 0x90, 0x37, 0x5f, 0x00, 0x95, 0x49, 0x73, 0x0a, 0x91, 0x2b, 0x5a,
  0x5a, 0x80, 0x37, 0x40, 0x0a, 0x81, 0x2b, 0x40, 0x23, 0x85, 0x49, 0x40,
  0x0f, 0x90, 0x3c, 0x6e, 0x00, 0x90, 0x3e, 0x6e, 0x00, 0x90, 0x43, 0x6e,
  0x00, 0x91, 0x2b, 0x64, 0x00, 0x90, 0x2b, 0x5a, 0x00, 0x94, 0x2b, 0x6e,
  0x00, 0x95, 0x4a, 0x7d, 0x00, 0x99, 0x24, 0x6e, 0x00, 0x99, 0x3b, 0x78,
  0x00, 0x99, 0x2a, 0x64, 0x0a, 0x89, 0x24, 0x40, 0x00, 0x89, 0x3b, 0x40,
  0x00, 0x89, 0x2a, 0x40, 0x5a, 0x80, 0x3e, 0x40, 0x00, 0x80, 0x3c, 0x40,
  0x00, 0x80, 0x43, 0x40, 0x28, 0x85, 0x4a, 0x40, 0x14, 0x84, 0x2b, 0x40,
  0x64, 0x81, 0x2b, 0x40, 0x14, 0x80, 0x2b, 0x40, 0x28, 0x90, 0x37, 0x5a,
  0x00, 0x95, 0x4a, 0x73, 0x0a, 0x91, 0x2b, 0x5a, 0x5a, 0x80, 0x37, 0x40,
  0x0a, 0x81, 0x2b, 0x40, 0x1e, 0x85, 0x4a, 0x40, 0x14, 0x91, 0x2b, 0x64,
  0x00, 0x90, 0x2b, 0x55, 0x00, 0x94, 0x2b, 0x6e, 0x00, 0x95, 0x49, 0x73,
  0x00, 0x99, 0x2e, 0x5a, 0x00, 0x99, 0x26, 0x64, 0x00, 0x99, 0x3b, 0x78,
  0x00, 0x99, 0x27, 0x7d, 0x0a, 0x89, 0x2e, 0x40, 0x00, 0x89, 0x27, 0x40,
  0x00, 0x89, 0x3b, 0x40, 0x00, 0x89, 0x26, 0x40, 0x81, 0x16, 0x84, 0x2b,
  0x40, 0x64, 0x81, 0x2b, 0x40, 0x14, 0x80, 0x2b, 0x40, 0x1e, 0x85, 0x49,
  0x40, 0x0a, 0x90, 0x3b, 0x6e, 0x00, 0x90, 0x3e, 0x6e, 0x00, 0x90, 0x43,
  0x6e, 0x00, 0x90, 0x37, 0x55, 0x00, 0x95, 0x4a, 0x78, 0x0a, 0x91, 0x2b,
  0x5a, 0x5a, 0x80, 0x37, 0x40, 0x0a, 0x81, 0x2b, 0x40, 0x14, 0x85, 0x4a,
  0x40, 0x1e, 0x91, 0x2b, 0x64, 0x00, 0x90, 0x2b, 0x50, 0x00, 0x94, 0x2b,
  0x6e, 0x00, 0x99, 0x24, 0x6e, 0x00, 0x99, 0x3b, 0x78, 0x00, 0x99, 0x2a,
  0x64, 0x0a, 0x89, 0x24, 0x40, 0x00, 0x89, 0x3b, 0x40, 0x00, 0x89, 0x2a,
  0x40, 0x46, 0x80, 0x3b, 0x40, 0x50, 0x84, 0x2b, 0x40, 0x64, 0x81, 0x2b,
  0x40, 0x00, 0x80, 0x3e, 0x40, 0x00, 0x80, 0x43, 0x40, 0x14, 0x80, 0x2b,
  0x40, 0x28, 0x90, 0x37, 0x50, 0x00, 0x95, 0x43, 0x73, 0x0a, 0x91, 0x2b,
  0x5a, 0x00, 0x99, 0x2a, 0x50, 0x0a, 0x89, 0x2a, 0x40, 0x50, 0x80, 0x37,
  0x40, 0x0a, 0x81, 0x2b, 0x40, 0x23, 0x85, 0x43, 0x40, 0x0f, 0x91, 0x2b,
  0x64, 0x00, 0x90, 0x2b, 0x4b, 0x00, 0x94, 0x2b, 0x6e, 0x00, 0x95, 0x45,
  0x73, 0x00, 0x99, 0x2e, 0x5a, 0x00, 0x99, 0x26, 0x64, 0x00, 0x99, 0x3b,
  0x78, 0x00, 0x99, 0x27, 0x7d, 0x0a, 0x89, 0x2e, 0x40, 0x00, 0x89, 0x27,
  0x40, 0x00, 0x89, 0x3b, 0x40, 0x00, 0x89, 0x26, 0x40, 0x81, 0x07, 0x85,
  0x45, 0x40, 0x0f, 0x84, 0x2b, 0x40, 0x00, 0x95, 0x47, 0x78, 0x64, 0x81,
  0x2b, 0x40, 0x14, 0x80, 0x2b, 0x40, 0x19, 0x85, 0x47, 0x40, 0x0f, 0x90,
  0x37, 0x4b, 0x00, 0x95, 0x49, 0x73, 0x0a, 0x91, 0x2b, 0x5a, 0x5a, 0x80,
  0x37, 0x40, 0x0a, 0x81, 0x2b, 0x40, 0x23, 0x85, 0x49, 0x40, 0x0f, 0x91,
  0x26, 0x64, 0x00, 0x90, 0x26, 0x50, 0x00, 0x94, 0x26, 0x6e, 0x00, 0x95,
  0x4a, 0x78, 0x00, 0x99, 0x24, 0x6e, 0x00, 0x99, 0x3b, 0x78, 0x00, 0x99,
  0x2a, 0x64, 0x0a, 0x89, 0x24, 0x40, 0x00, 0x89, 0x2a, 0x40, 0x00, 0x89,
  0x3b, 0x40, 0x78, 0x85, 0x4a, 0x40, 0x1e, 0x84, 0x26, 0x40, 0x64, 0x81,
  0x26, 0x40, 0x14, 0x80, 0x26, 0x40, 0x28, 0x90, 0x3c, 0x6e, 0x00, 0x90,
  0x3e, 0x6e, 0x00, 0x90, 0x42, 0x6e, 0x00, 0x90, 0x32, 0x50, 0x00, 0x95,
  0x4a, 0x73, 0x0a, 0x91, 0x26, 0x5a, 0x5a, 0x80, 0x3c, 0x40, 0x00, 0x80,
  0x3e, 0x40, 0x00, 0x80, 0x32, 0x40, 0x00, 0x80, 0x42, 0x40, 0x0a, 0x81,
  0x26, 0x40, 0x14, 0x85, 0x4a, 0x40, 0x1e, 0x91, 0x26, 0x64, 0x00, 0x90,
  0x26, 0x55, 0x00, 0x94, 0x26, 0x6e, 0x00, 0x95, 0x4a, 0x73, 0x00, 0x99,
  0x2e, 0x5a, 0x00, 0x99, 0x26, 0x64, 0x00, 0x99, 0x3b, 0x78, 0x00, 0x99,
  0x27, 0x7d, 0x0a, 0x89, 0x2e, 0x40, 0x00, 0x89, 0x27, 0x40, 0x00, 0x89,
  0x3b, 0x40, 0x00, 0x89, 0x26, 0x40, 0x81, 0x02, 0x85, 0x4a, 0x40, 0x14,
  0x84, 0x26, 0x40, 0x00, 0x95, 0x4e, 0x7d, 0x64, 0x81, 0x26, 0x40, 0x14,
  0x80, 0x26, 0x40, 0x14, 0x85, 0x4e, 0x40, 0x14, 0x90, 0x32, 0x55, 0x00,
  0x95, 0x4a, 0x78, 0x0a, 0x91, 0x26, 0x5a, 0x5a, 0x80, 0x32, 0x40, 0x0a,
  0x81, 0x26, 0x40, 0x1e, 0x85, 0x4a, 0x40, 0x14, 0x90, 0x3c, 0x6e, 0x00,
  0x90, 0x3e, 0x6e, 0x00, 0x90, 0x42, 0x6e, 0x00, 0x91, 0x26, 0x64, 0x00,
  0x90, 0x26, 0x5a, 0x00, 0x94, 0x26, 0x6e, 0x00, 0x95, 0x47, 0x73, 0x00,
  0x99, 0x24, 0x6e, 0x00, 0x99, 0x3b, 0x78, 0x00, 0x99, 0x2a, 0x64, 0x0a,
  0x89, 0x24, 0x40, 0x00, 0x89, 0x3b, 0x40, 0x00, 0x89, 0x2a, 0x40, 0x5a,
  0x80, 0x3e, 0x40, 0x00, 0x80, 0x3c, 0x40, 0x00, 0x80, 0x42, 0x40, 0x3c,
  0x84, 0x26, 0x40, 0x64, 0x81, 0x26, 0x40, 0x14, 0x80, 0x26, 0x40, 0x28,
  0x90, 0x32, 0x5a, 0x0a, 0x91, 0x26, 0x5a, 0x00, 0x99, 0x2a, 0x50, 0x0a,
  0x89, 0x2a, 0x40, 0x50, 0x80, 0x32, 0x40, 0x0a, 0x81, 0x26, 0x40, 0x00,
  0x85, 0x47, 0x40, 0x32, 0x91, 0x26, 0x64, 0x00, 0x90, 0x26, 0x5f, 0x00,
  0x94, 0x26, 0x6e, 0x00, 0x95, 0x46, 0x73, 0x00, 0x99, 0x2e, 0x5a, 0x00,
  0x99, 0x26, 0x64, 0x00, 0x99, 0x3b, 0x78, 0x00, 0x99, 0x27, 0x7d, 0x0a,
  0x89, 0x2e, 0x40, 0x00, 0x89, 0x27, 0x40, 0x00, 0x89, 0x3b, 0x40, 0x00,
  0x89, 0x26, 0x40, 0x81, 0x16, 0x84, 0x26, 0x40, 0x64, 0x81, 0x26, 0x40,
  0x14, 0x80, 0x26, 0x40, 0x1e, 0x85, 0x46, 0x40, 0x0a, 0x90, 0x32, 0x5f,
  0x00, 0x95, 0x45, 0x78, 0x0a, 0x91, 0x26, 0x5a, 0x5a, 0x80, 0x32, 0x40,
  0x0a, 0x81, 0x26, 0x40, 0x32, 0x90, 0x3c, 0x6e, 0x00, 0x90, 0x3e, 0x6e,
  0x00, 0x90, 0x43, 0x6e, 0x00, 0x91, 0x26, 0x64, 0x00, 0x90, 0x26, 0x5a,
  0x00, 0x94, 0x26, 0x6e, 0x00, 0x99, 0x24, 0x6e, 0x00, 0x99, 0x3b, 0x78,
  0x00, 0x99, 0x2a, 0x64, 0x0a, 0x89, 0x24, 0x40, 0x00, 0x89, 0x3b, 0x40,
  0x00, 0x89, 0x2a, 0x40, 0x5a, 0x80, 0x43, 0x40, 0x00, 0x80, 0x3c, 0x40,
  0x00, 0x80, 0x3e, 0x40, 0x3c, 0x84, 0x26, 0x40, 0x64, 0x81, 0x26, 0x40,
  0x14, 0x80, 0x26, 0x40, 0x28, 0x90, 0x32, 0x5a, 0x0a, 0x91, 0x26, 0x5a,
  0x5a, 0x80, 0x32, 0x40, 0x0a, 0x81, 0x26, 0x40, 0x32, 0x91, 0x26, 0x64,
  0x00, 0x90, 0x26, 0x55, 0x00, 0x94, 0x26, 0x6e, 0x00, 0x99, 0x2e, 0x5a,
  0x00, 0x99, 0x26, 0x64, 0x00, 0x99, 0x3b, 0x78, 0x00, 0x99, 0x27, 0x7d,
  0x0a, 0x89, 0x2e, 0x40, 0x00, 0x89, 0x27, 0x40, 0x00, 0x89, 0x3b, 0x40,
  0x00, 0x89, 0x26, 0x40, 0x81, 0x16, 0x84, 0x26, 0x40, 0x64, 0x81, 0x26,
  0x40, 0x14, 0x80, 0x26, 0x40, 0x28, 0x90, 0x3c, 0x6e, 0x00, 0x90, 0x3e,
  0x6e, 0x00, 0x90, 0x42, 0x6e, 0x00, 0x90, 0x32, 0x55, 0x0a, 0x91, 0x26,
  0x5a, 0x5a, 0x80, 0x32, 0x40, 0x0a, 0x81, 0x26, 0x40, 0x32, 0x91, 0x26,
  0x64, 0x00, 0x90, 0x26, 0x50, 0x00, 0x94, 0x26, 0x6e, 0x00, 0x99, 0x24,
  0x6e, 0x00, 0x99, 0x3b, 0x78, 0x00, 0x99, 0x2a, 0x64, 0x0a, 0x89, 0x24,
  0x40, 0x00, 0x89, 0x3b, 0x40, 0x00, 0x89, 0x2a, 0x40, 0x81, 0x16, 0x84,
  0x26, 0x40, 0x64, 0x80, 0x3e, 0x40, 0x00, 0x80, 0x3c, 0x40, 0x00, 0x81,
  0x26, 0x40, 0x00, 0x80, 0x42, 0x40, 0x14, 0x80, 0x26, 0x40, 0x28, 0x90,
  0x32, 0x50, 0x0a, 0x91, 0x26, 0x5a, 0x00, 0x99, 0x2a, 0x50, 0x0a, 0x89,
  0x2a, 0x40, 0x50, 0x80, 0x32, 0x40, 0x0a, 0x81, 0x26, 0x40, 0x00, 0x85,
  0x45, 0x40, 0x32, 0x91, 0x26, 0x64, 0x00, 0x90, 0x26, 0x4b, 0x00, 0x94,
  0x26, 0x6e, 0x00, 0x99, 0x2e, 0x5a, 0x00, 0x99, 0x26, 0x64, 0x00, 0x99,
  0x3b, 0x78, 0x00, 0x99, 0x27, 0x7d, 0x0a, 0x89, 0x2e, 0x40, 0x00, 0x89,
  0x27, 0x40, 0x00, 0x89, 0x26, 0x40, 0x00, 0x89, 0x3b, 0x40, 0x81, 0x16,
  0x84, 0x26, 0x40, 0x64, 0x81, 0x26, 0x40, 0x14, 0x80, 0x26, 0x40, 0x28,
  0x90, 0x32, 0x4b, 0x0a, 0x91, 0x26, 0x5a, 0x5a, 0x80, 0x32, 0x40, 0x0a,
  0x81, 0x26, 0x40, 0x32, 0x91, 0x2d, 0x64, 0x00, 0x90, 0x2d, 0x50, 0x00,
  0x94, 0x2d, 0x6e, 0x00, 0x99, 0x24, 0x6e, 0x00, 0x95, 0x45, 0x78, 0x00,
  0x99, 0x3b, 0x78, 0x00, 0x99, 0x2a, 0x64, 0x0a, 0x89, 0x24, 0x40, 0x00,
  0x89, 0x2a, 0x40, 0x00, 0x89, 0x3b, 0x40, 0x81, 0x02, 0x85, 0x45, 0x40,
  0x14, 0x84, 0x2d, 0x40, 0x64, 0x81, 0x2d, 0x40, 0x14, 0x80, 0x2d, 0x40,
  0x28, 0x90, 0x40, 0x6e, 0x00, 0x90, 0x45, 0x6e, 0x00, 0x90, 0x43, 0x6e,
  0x00, 0x90, 0x39, 0x50, 0x00, 0x95, 0x45, 0x73, 0x0a, 0x91, 0x2d, 0x5a,
  0x5a, 0x80, 0x40, 0x40, 0x00, 0x80, 0x45, 0x40, 0x00, 0x80, 0x39, 0x40,
  0x00, 0x80, 0x43, 0x40, 0x0a, 0x81, 0x2d, 0x40, 0x0a, 0x85, 0x45, 0x40,
  0x28, 0x91, 0x2d, 0x64, 0x00, 0x90, 0x2d, 0x55, 0x00, 0x94, 0x2d, 0x6e,
  0x00, 0x95, 0x49, 0x73, 0x00, 0x99, 0x2e, 0x5a, 0x00, 0x99, 0x26, 0x64,
  0x00, 0x99, 0x3b, 0x78, 0x00, 0x99, 0x27, 0x7d, 0x0a, 0x89, 0x2e, 0x40,
  0x00, 0x89, 0x27, 0x40, 0x00, 0x89, 0x3b, 0x40, 0x00, 0x89, 0x26, 0x40,
  0x81, 0x02, 0x85, 0x49, 0x40, 0x14, 0x84, 0x2d, 0x40, 0x00, 0x95, 0x4c,
  0x73, 0x64, 0x81, 0x2d, 0x40, 0x14, 0x80, 0x2d, 0x40, 0x14, 0x85, 0x4c,
  0x40, 0x14, 0xe5, 0x18, 0x38, 0x00, 0x95, 0x51, 0x7d, 0x00, 0x90, 0x39,
  0x55, 0x0a, 0x91, 0x2d, 0x5a, 0x28, 0xe5, 0x44, 0x3a, 0x32, 0x80, 0x39,
  0x40, 0x00, 0xe5, 0x54, 0x3d, 0x0a, 0x81, 0x2d, 0x40, 0x1e, 0xe5, 0x00,
  0x40, 0x14, 0x99, 0x24, 0x6e, 0x00, 0x90, 0x40, 0x6e, 0x00, 0x90, 0x43,
  0x6e, 0x00, 0x90, 0x45, 0x6e, 0x00, 0x91, 0x2d, 0x64, 0x00, 0x90, 0x2d,
  0x5a, 0x00, 0x94, 0x2d, 0x6e, 0x00, 0x99, 0x3b, 0x78, 0x00, 0x99, 0x2a,
  0x64, 0x0a, 0x89, 0x24, 0x40, 0x00, 0x89, 0x3b, 0x40, 0x00, 0x89, 0x2a,
  0x40, 0x5a, 0x80, 0x43, 0x40, 0x00, 0x80, 0x45, 0x40, 0x00, 0x80, 0x40,
  0x40, 0x3c, 0x84, 0x2d, 0x40, 0x64, 0x81, 0x2d, 0x40, 0x14, 0x80, 0x2d,
  0x40, 0x28, 0x90, 0x39, 0x5a, 0x0a, 0x91, 0x2d, 0x5a, 0x00, 0x99, 0x2a,
  0x50, 0x0a, 0x89, 0x2a, 0x40, 0x50, 0x80, 0x39, 0x40, 0x0a, 0x81, 0x2d,
  0x40, 0x32, 0x91, 0x2d, 0x64, 0x00, 0x90, 0x2d, 0x5f, 0x00, 0x94, 0x2d,
  0x6e, 0x00, 0x99, 0x2e, 0x5a, 0x00, 0x99, 0x26, 0x64, 0x00, 0x99, 0x3b,
  0x78, 0x00, 0x99, 0x27, 0x7d, 0x0a, 0x89, 0x2e, 0x40, 0x00, 0x89, 0x27,
  0x40, 0x00, 0x89, 0x3b, 0x40, 0x00, 0x89, 0x26, 0x40, 0x81, 0x16, 0x84,
  0x2d, 0x40, 0x64, 0x81, 0x2d, 0x40, 0x14, 0x80, 0x2d, 0x40, 0x28, 0x90,
  0x39, 0x5f, 0x0a, 0x91, 0x2d, 0x5a, 0x5a, 0x80, 0x39, 0x40, 0x0a, 0x81,
  0x2d, 0x40, 0x00, 0x85, 0x51, 0x40, 0x32, 0x90, 0x3c, 0x6e, 0x00, 0x90,
  0x3e, 0x6e, 0x00, 0x90, 0x43, 0x6e, 0x00, 0x91, 0x2b, 0x64, 0x00, 0x90,
  0x2b, 0x5a, 0x00, 0x94, 0x2b, 0x6e, 0x00, 0x99, 0x24, 0x6e, 0x00, 0x95,
  0x43, 0x78, 0x00, 0x99, 0x3b, 0x78, 0x00, 0x99, 0x2a, 0x64, 0x0a, 0x89,
  0x24, 0x40, 0x00, 0x89, 0x3b, 0x40, 0x00, 0x89, 0x2a, 0x40, 0x5a, 0x80,
  0x3e, 0x40, 0x00, 0x80, 0x43, 0x40, 0x00, 0x80, 0x3c, 0x40, 0x28, 0x85,
  0x43, 0x40, 0x14, 0x84, 0x2b, 0x40, 0x64, 0x81, 0x2b, 0x40, 0x14, 0x80,
  0x2b, 0x40, 0x28, 0x90, 0x37, 0x5a, 0x00, 0x95, 0x47, 0x73, 0x0a, 0x91,
  0x2b, 0x5a, 0x5a, 0x80, 0x37, 0x40, 0x0a, 0x81, 0x2b, 0x40, 0x0a, 0x85,
  0x47, 0x40, 0x28, 0x91, 0x2b, 0x64, 0x00, 0x90, 0x2b, 0x55, 0x00, 0x94,
  0x2b, 0x6e, 0x00, 0x95, 0x49, 0x73, 0x00, 0x99, 0x2e, 0x5a, 0x00, 0x99,
  0x26, 0x64, 0x00, 0x99, 0x3b, 0x78, 0x00, 0x99, 0x27, 0x7d, 0x0a, 0x89,
  0x2e, 0x40, 0x00, 0x89, 0x27, 0x40, 0x00, 0x89, 0x3b, 0x40, 0x00, 0x89,
  0x26, 0x40, 0x81, 0x02, 0x85, 0x49, 0x40, 0x14, 0x84, 0x2b, 0x40, 0x00,
  0x95, 0x4a, 0x73, 0x64, 0x81, 0x2b, 0x40, 0x14, 0x80, 0x2b, 0x40, 0x0a,
  0x85, 0x4a, 0x40, 0x1e, 0xe5, 0x18, 0x38, 0x00, 0x95, 0x4f, 0x78, 0x00,
  0x90, 0x3b, 0x6e, 0x00, 0x90, 0x3e, 0x6e, 0x00, 0x90, 0x43, 0x6e, 0x00,
  0x90, 0x37, 0x55, 0x0a, 0x91, 0x2b, 0x5a, 0x28, 0xe5, 0x44, 0x3a, 0x32,
  0x80, 0x37, 0x40, 0x00, 0xe5, 0x54, 0x3d, 0x0a, 0x81, 0x2b, 0x40, 0x1e,
  0xe5, 0x00, 0x40, 0x14, 0x99, 0x24, 0x6e, 0x00, 0x91, 0x2b, 0x64, 0x00,
  0x90, 0x2b, 0x50, 0x00, 0x94, 0x2b, 0x6e, 0x00, 0x99, 0x3b, 0x78, 0x00,
  0x99, 0x2a, 0x64, 0x0a, 0x89, 0x24, 0x40, 0x00, 0x89, 0x3b, 0x40, 0x00,
  0x89, 0x2a, 0x40, 0x81, 0x02, 0x80, 0x43, 0x40, 0x00, 0x80, 0x3b, 0x40,
  0x00, 0x80, 0x3e, 0x40, 0x14, 0x84, 0x2b, 0x40, 0x64, 0x81, 0x2b, 0x40,
  0x14, 0x80, 0x2b, 0x40, 0x28, 0x90, 0x41, 0x6e, 0x00, 0x90, 0x4d, 0x6e,
  0x00, 0x90, 0x35, 0x50, 0x0a, 0x91, 0x29, 0x5a, 0x00, 0x99, 0x2a, 0x50,
  0x0a, 0x89, 0x2a, 0x40, 0x50, 0x80, 0x35, 0x40, 0x00, 0x85, 0x4f, 0x40,
  0x0a, 0x81, 0x29, 0x40, 0x1e, 0x80, 0x4d, 0x40, 0x00, 0x80, 0x41, 0x40,
  0x14, 0x90, 0x3d, 0x6e, 0x00, 0x90, 0x49, 0x6e, 0x00, 0x91, 0x25, 0x64,
  0x00, 0x90, 0x25, 0x4b, 0x00, 0x94, 0x25, 0x6e, 0x00, 0x95, 0x49, 0x73,
  0x00, 0x99, 0x2e, 0x5a, 0x00, 0x99, 0x26, 0x64, 0x00, 0x99, 0x3b, 0x78,
  0x00, 0x99, 0x27, 0x7d, 0x0a, 0x89, 0x2e, 0x40, 0x00, 0x89, 0x26, 0x40,
  0x00, 0x89, 0x3b, 0x40, 0x00, 0x89, 0x27, 0x40, 0x81, 0x16, 0x84, 0x25,
  0x40, 0x64, 0x81, 0x25, 0x40, 0x14, 0x80, 0x25, 0x40, 0x14, 0x85, 0x49,
  0x40, 0x0a, 0x80, 0x49, 0x40, 0x00, 0x80, 0x3d, 0x40, 0x0a, 0x90, 0x31,
  0x4b, 0x00, 0x95, 0x4a, 0x7d, 0x0a, 0x91, 0x25, 0x5a, 0x0a, 0x90, 0x49,
  0x6e, 0x00, 0x90, 0x3d, 0x6e, 0x50, 0x80, 0x31, 0x40, 0x0a, 0x81, 0x25,
  0x40, 0x32, 0x80, 0x49, 0x40, 0x00, 0x80, 0x3d, 0x40, 0x00, 0x91, 0x26,
  0x64, 0x00, 0x90, 0x26, 0x64, 0x00, 0x90, 0x32, 0x64, 0x00, 0x94, 0x26,
  0x6e, 0x00, 0x99, 0x24, 0x6e, 0x00, 0x99, 0x39, 0x6e, 0x00, 0x99, 0x2a,
  0x64, 0x0a, 0x89, 0x24, 0x40, 0x00, 0x89, 0x2a, 0x40, 0x00, 0x89, 0x39,
  0x40, 0x1e, 0x85, 0x4a, 0x40, 0x50, 0x80, 0x32, 0x40, 0x00, 0x80, 0x26,
  0x40, 0x28, 0x84, 0x26, 0x40, 0x81, 0x3e, 0x90, 0x4a, 0x6e, 0x00, 0x90,
  0x3e, 0x6e, 0x64, 0x80, 0x4a, 0x40, 0x00, 0x80, 0x3e, 0x40, 0x1e, 0x90,
  0x42, 0x6e, 0x00, 0x90, 0x4e, 0x6e, 0x82, 0x2c, 0x80, 0x42, 0x40, 0x00,
  0x80, 0x4e, 0x40, 0x1e, 0x90, 0x4a, 0x6e, 0x00, 0x90, 0x3e, 0x6e, 0x64,
  0x80, 0x4a, 0x40, 0x00, 0x80, 0x3e, 0x40, 0x32, 0x90, 0x43, 0x6e, 0x00,
  0x90, 0x4f, 0x6e, 0x82, 0x2c, 0x80, 0x43, 0x40, 0x00, 0x80, 0x4f, 0x40,
  0x28, 0x90, 0x4a, 0x6e, 0x00, 0x90, 0x3e, 0x6e, 0x64, 0x80, 0x4a, 0x40,
  0x00, 0x80, 0x3e, 0x40, 0x28, 0x90, 0x45, 0x6e, 0x00, 0x90, 0x51, 0x6e,
  0x82, 0x2c, 0x80, 0x45, 0x40, 0x00, 0x80, 0x51, 0x40, 0x14, 0x99, 0x30,
  0x64, 0x0a, 0x89, 0x30, 0x40, 0x14, 0x90, 0x49, 0x6e, 0x00, 0x90, 0x3d,
  0x6e, 0x64, 0x80, 0x49, 0x40, 0x00, 0x80, 0x3d, 0x40, 0x1e, 0x90, 0x3e,
  0x6e, 0x00, 0x90, 0x45, 0x6e, 0x00, 0x90, 0x42, 0x6e, 0x00, 0x92, 0x42,
  0x6e, 0x00, 0x92, 0x45, 0x6e, 0x00, 0x99, 0x24, 0x6e, 0x00, 0x99, 0x32,
  0x6e, 0x00, 0x99, 0x39, 0x6e, 0x00, 0x99, 0x2c, 0x64, 0x0a, 0x89, 0x24,
  0x40, 0x00, 0x89, 0x32, 0x40, 0x00, 0x89, 0x39, 0x40, 0x00, 0x89, 0x2c,
  0x40, 0x46, 0x82, 0x45, 0x40, 0x00, 0x82, 0x42, 0x40, 0x28, 0x80, 0x3e,
  0x40, 0x00, 0x80, 0x42, 0x40, 0x00, 0x80, 0x45, 0x40, 0x28, 0x81, 0x26,
  0x40, 0x81, 0x20, 0x90, 0x3e, 0x64, 0x00, 0x90, 0x45, 0x64, 0x00, 0x90,
  0x42, 0x64, 0x00, 0x92, 0x42, 0x6e, 0x00, 0x92, 0x45, 0x6e, 0x00, 0x90,
  0x2d, 0x64, 0x00, 0x94, 0x2d, 0x6e, 0x00, 0x99, 0x32, 0x5a, 0x00, 0x9a,
  0x54, 0x73, 0x0a, 0x89, 0x32, 0x40, 0x00, 0x8a, 0x54, 0x40, 0x00, 0x91,
  0x2d, 0x64, 0x00, 0x99, 0x2c, 0x50, 0x0a, 0x89, 0x2c, 0x40, 0x3c, 0x82,
  0x45, 0x40, 0x00, 0x82, 0x42, 0x40, 0x14, 0x84, 0x2d, 0x40, 0x0a, 0x81,
  0x2d, 0x40, 0x0a, 0x80, 0x3e, 0x40, 0x00, 0x80, 0x45, 0x40, 0x00, 0x80,
  0x42, 0x40, 0x00, 0x80, 0x2d, 0x40, 0x28, 0x90, 0x47, 0x6e, 0x00, 0x90,
  0x42, 0x6e, 0x00, 0x90, 0x3e, 0x6e, 0x00, 0x91, 0x26, 0x64, 0x00, 0x90,
  0x26, 0x64, 0x00, 0x92, 0x43, 0x6e, 0x00, 0x92, 0x47, 0x6e, 0x00, 0x94,
  0x26, 0x6e, 0x00, 0x99, 0x24, 0x6e, 0x00, 0x99, 0x2c, 0x64, 0x00, 0x99,
  0x30, 0x64, 0x0a, 0x89, 0x24, 0x40, 0x00, 0x89, 0x2c, 0x40, 0x00, 0x89,
  0x30, 0x40, 0x6e, 0x80, 0x42, 0x40, 0x00, 0x80, 0x47, 0x40, 0x00, 0x80,
  0x3e, 0x40, 0x28, 0x84, 0x26, 0x40, 0x81, 0x0c, 0x82, 0x43, 0x40, 0x00,
  0x82, 0x47, 0x40, 0x14, 0x90, 0x3e, 0x6e, 0x00, 0x90, 0x42, 0x6e, 0x00,
  0x90, 0x45, 0x6e, 0x00, 0x92, 0x42, 0x6e, 0x00, 0x92, 0x45, 0x6e, 0x00,
  0x9a, 0x4c, 0x73, 0x0a, 0x8a, 0x4c, 0x40, 0x00, 0x99, 0x2c, 0x50, 0x0a,
  0x89, 0x2c, 0x40, 0x3c, 0x81, 0x26, 0x40, 0x00, 0x80, 0x26, 0x40, 0x50,
  0x90, 0x28, 0x64, 0x00, 0x91, 0x28, 0x64, 0x00, 0x94, 0x28, 0x6e, 0x00,
  0x99, 0x24, 0x6e, 0x00, 0x99, 0x2c, 0x64, 0x00, 0x9a, 0x54, 0x73, 0x00,
  0x99, 0x2f, 0x64, 0x0a, 0x89, 0x24, 0x40, 0x00, 0x89, 0x2c, 0x40, 0x00,
  0x8a, 0x54, 0x40, 0x00, 0x89, 0x2f, 0x40, 0x81, 0x16, 0x84, 0x28, 0x40,
  0x00, 0x99, 0x2f, 0x50, 0x0a, 0x89, 0x2f, 0x40, 0x81, 0x16, 0x99, 0x2f,
  0x50, 0x0a, 0x89, 0x2f, 0x40, 0x00, 0x99, 0x2c, 0x50, 0x0a, 0x89, 0x2c,
  0x40, 0x3c, 0x80, 0x28, 0x40, 0x00, 0x81, 0x28, 0x40, 0x50, 0x91, 0x29,
  0x64, 0x00, 0x90, 0x29, 0x64, 0x00, 0x94, 0x29, 0x6e, 0x00, 0x99, 0x24,
  0x6e, 0x00, 0x99, 0x2c, 0x64, 0x00, 0x99, 0x2d, 0x64, 0x00, 0x99, 0x31,
  0x78, 0x00, 0x9a, 0x54, 0x73, 0x0a, 0x89, 0x24, 0x40, 0x00, 0x89, 0x2c,
  0x40, 0x00, 0x89, 0x2d, 0x40, 0x00, 0x89, 0x31, 0x40, 0x00, 0x8a, 0x54,
  0x40, 0x81, 0x16, 0x84, 0x29, 0x40, 0x00, 0x99, 0x2d, 0x50, 0x0a, 0x89,
  0x2d, 0x40, 0x81, 0x16, 0x99, 0x2d, 0x5a, 0x0a, 0x89, 0x2d, 0x40, 0x00,
  0x99, 0x2c, 0x50, 0x0a, 0x89, 0x2c, 0x40, 0x3c, 0x81, 0x29, 0x40, 0x00,
  0x80, 0x29, 0x40, 0x14, 0x82, 0x42, 0x40, 0x00, 0x82, 0x45, 0x40, 0x14,
  0x80, 0x45, 0x40, 0x00, 0x80, 0x3e, 0x40, 0x00, 0x80, 0x42, 0x40, 0x28,
  0xb3, 0x0b, 0x7f, 0x00, 0xb7, 0x0b, 0x7f, 0x00, 0x99, 0x24, 0x64, 0x00,
  0x91, 0x23, 0x64, 0x00, 0x94, 0x23, 0x64, 0x00, 0x99, 0x2c, 0x69, 0x00,
  0x99, 0x3b, 0x78, 0x00, 0x9a, 0x54, 0x73, 0x0a, 0x89, 0x24, 0x40, 0x00,
  0x89, 0x2c, 0x40, 0x00, 0x89, 0x3b, 0x40, 0x00, 0x8a, 0x54, 0x40, 0x81,
  0x2a, 0x84, 0x23, 0x40, 0x81, 0x0c, 0x92, 0x4e, 0x78, 0x00, 0x92, 0x4a,
  0x64, 0x00, 0x97, 0x3b, 0x64, 0x00, 0x97, 0x3e, 0x64, 0x00, 0x97, 0x42,
  0x78, 0x0a, 0xe3, 0x5a, 0x3b, 0x00, 0x99, 0x2c, 0x55, 0x0a, 0x89, 0x2c,
  0x40, 0x00, 0x93, 0x3e, 0x78, 0x00, 0x93, 0x42, 0x78, 0x50, 0x81, 0x23,
  0x40, 0x14, 0xe3, 0x6a, 0x3e, 0x28, 0x94, 0x25, 0x64, 0x00, 0x91, 0x25,
  0x64, 0x00, 0x99, 0x2c, 0x69, 0x00, 0x99, 0x26, 0x6e, 0x00, 0x9a, 0x4c,
  0x73, 0x00, 0x99, 0x3b, 0x78, 0x0a, 0x89, 0x2c, 0x40, 0x00, 0x89, 0x26,
  0x40, 0x00, 0x8a, 0x4c, 0x40, 0x00, 0x89, 0x3b, 0x40, 0x1e, 0xe3, 0x32,
  0x40, 0x81, 0x0c, 0x84, 0x25, 0x40, 0x78, 0xe3, 0x22, 0x3d, 0x14, 0x99,
  0x24, 0x64, 0x0a, 0x89, 0x24, 0x40, 0x00, 0x99, 0x2c, 0x55, 0x0a, 0x89,
  0x2c, 0x40, 0x00, 0xe3, 0x12, 0x3a, 0x28, 0xe3, 0x72, 0x33, 0x28, 0x87,
  0x3e, 0x40, 0x00, 0x87, 0x3b, 0x40, 0x00, 0x81, 0x25, 0x40, 0x00, 0x87,
  0x42, 0x40, 0x00, 0x82, 0x4a, 0x40, 0x00, 0x82, 0x4e, 0x40, 0x00, 0xe3,
  0x7a, 0x28, 0x32, 0xe3, 0x32, 0x40, 0x0a, 0x93, 0x3b, 0x78, 0x00, 0x93,
  0x3e, 0x78, 0x00, 0x94, 0x26, 0x64, 0x00, 0x91, 0x26, 0x64, 0x00, 0x92,
  0x47, 0x64, 0x00, 0x92, 0x4a, 0x78, 0x00, 0x99, 0x24, 0x64, 0x00, 0x97,
  0x36, 0x64, 0x00, 0x97, 0x3b, 0x64, 0x00, 0x97, 0x3e, 0x78, 0x00, 0x99,
  0x2c, 0x69, 0x00, 0x99, 0x3b, 0x78, 0x00, 0x9a, 0x54, 0x73, 0x0a, 0x83,
  0x42, 0x40, 0x00, 0x8a, 0x54, 0x40, 0x00, 0x83, 0x3e, 0x40, 0x00, 0x89,
  0x24, 0x40, 0x00, 0x89, 0x2c, 0x40, 0x00, 0x89, 0x3b, 0x40, 0x81, 0x2a,
  0x84, 0x26, 0x40, 0x14, 0x83, 0x3e, 0x40, 0x00, 0x83, 0x3b, 0x40, 0x28,
  0x82, 0x47, 0x40, 0x00, 0x87, 0x3b, 0x40, 0x00, 0x87, 0x3e, 0x40, 0x00,
  0x87, 0x36, 0x40, 0x00, 0x82, 0x4a, 0x40, 0x5a, 0x99, 0x2c, 0x55, 0x0a,
  0x89, 0x2c, 0x40, 0x50, 0x81, 0x26, 0x40, 0x3c, 0x92, 0x4a, 0x64, 0x00,
  0x92, 0x4e, 0x78, 0x00, 0x91, 0x27, 0x64, 0x00, 0x94, 0x27, 0x64, 0x00,
  0x97, 0x3b, 0x64, 0x00, 0x97, 0x3e, 0x64, 0x00, 0x97, 0x42, 0x78, 0x00,
  0x99, 0x2c, 0x69, 0x00, 0x99, 0x26, 0x6e, 0x00, 0x9a, 0x4c, 0x73, 0x00,
  0x99, 0x3b, 0x78, 0x0a, 0x89, 0x2c, 0x40, 0x00, 0x89, 0x3b, 0x40, 0x00,
  0x89, 0x26, 0x40, 0x00, 0x8a, 0x4c, 0x40, 0x81, 0x2a, 0x84, 0x27, 0x40,
  0x78, 0x87, 0x42, 0x40, 0x00, 0x82, 0x4e, 0x40, 0x00, 0x87, 0x3b, 0x40,
  0x00, 0x82, 0x4a, 0x40, 0x00, 0x87, 0x3e, 0x40, 0x1e, 0x99, 0x2c, 0x55,
  0x0a, 0x89, 0x2c, 0x40, 0x50, 0x81, 0x27, 0x40, 0x3c, 0x91, 0x28, 0x64,
  0x00, 0x92, 0x4c, 0x64, 0x00, 0x92, 0x50, 0x78, 0x00, 0x94, 0x28, 0x64,
  0x00, 0x97, 0x3b, 0x64, 0x00, 0x97, 0x40, 0x64, 0x00, 0x97, 0x44, 0x78,
  0x00, 0x99, 0x24, 0x64, 0x00, 0x99, 0x2c, 0x69, 0x00, 0x99, 0x3b, 0x78,
  0x00, 0x9a, 0x54, 0x73, 0x0a, 0x89, 0x24, 0x40, 0x00, 0x8a, 0x54, 0x40,
  0x00, 0x89, 0x2c, 0x40, 0x00, 0x89, 0x3b, 0x40, 0x64, 0x87, 0x3b, 0x40,
  0x00, 0x87, 0x44, 0x40, 0x00, 0x87, 0x40, 0x40, 0x00, 0x82, 0x4c, 0x40,
  0x00, 0x82, 0x50, 0x40, 0x46, 0x84, 0x28, 0x40, 0x81, 0x0c, 0x92, 0x4a,
  0x64, 0x00, 0x92, 0x50, 0x78, 0x00, 0x97, 0x3b, 0x64, 0x00, 0x97, 0x3e,
  0x64, 0x00, 0x97, 0x44, 0x78, 0x0a, 0x99, 0x2c, 0x55, 0x0a, 0x89, 0x2c,
  0x40, 0x50, 0x81, 0x28, 0x40, 0x32, 0xe3, 0x5a, 0x3b, 0x0a, 0x93, 0x44,
  0x78, 0x00, 0x93, 0x3e, 0x78, 0x00, 0x94, 0x2a, 0x64, 0x00, 0x91, 0x2a,
  0x64, 0x00, 0x99, 0x2c, 0x69, 0x00, 0x99, 0x26, 0x6e, 0x00, 0x9a, 0x4c,
  0x73, 0x00, 0x99, 0x3b, 0x78, 0x0a, 0x89, 0x2c, 0x40, 0x00, 0x89, 0x26,
  0x40, 0x00, 0x8a, 0x4c, 0x40, 0x00, 0x89, 0x3b, 0x40, 0x32, 0xe3, 0x6a,
  0x3e, 0x3c, 0xe3, 0x32, 0x40, 0x3c, 0x84, 0x2a, 0x40, 0x50, 0x87, 0x3e,
  0x40, 0x00, 0x82, 0x4a, 0x40, 0x00, 0x87, 0x3b, 0x40, 0x00, 0x82, 0x50,
  0x40, 0x00, 0x87, 0x44, 0x40, 0x28, 0xe3, 0x22, 0x3d, 0x14, 0x92, 0x4a,
  0x64, 0x00, 0x92, 0x4c, 0x78, 0x00, 0x97, 0x38, 0x64, 0x00, 0x97, 0x3e,
  0x64, 0x00, 0x97, 0x40, 0x78, 0x00, 0x99, 0x24, 0x64, 0x0a, 0x89, 0x24,
  0x40, 0x00, 0x99, 0x2c, 0x55, 0x0a, 0x89, 0x2c, 0x40, 0x00, 0xe3, 0x12,
  0x3a, 0x28, 0xe3, 0x72, 0x33, 0x28, 0x82, 0x4a, 0x40, 0x00, 0x87, 0x40,
  0x40, 0x00, 0x87, 0x3e, 0x40, 0x00, 0x81, 0x2a, 0x40, 0x00, 0x82, 0x4c,
  0x40, 0x00, 0x87, 0x38, 0x40, 0x00, 0xe3, 0x7a, 0x28, 0x28, 0x83, 0x44,
  0x40, 0x00, 0x83, 0x3e, 0x40, 0x0a, 0xe3, 0x32, 0x40, 0x0a, 0x93, 0x3b,
  0x78, 0x00, 0x93, 0x40, 0x78, 0x00, 0x94, 0x2b, 0x64, 0x00, 0x92, 0x4a,
  0x64, 0x00, 0x92, 0x50, 0x78, 0x00, 0x91, 0x2b, 0x64, 0x00, 0x99, 0x24,
  0x64, 0x00, 0x97, 0x3b, 0x64, 0x00, 0x97, 0x3e, 0x64, 0x00, 0x97, 0x44,
  0x78, 0x00, 0x99, 0x2c, 0x69, 0x00, 0x99, 0x3b, 0x78, 0x00, 0x9a, 0x54,
  0x73, 0x0a, 0x89, 0x24, 0x40, 0x00, 0x89, 0x2c, 0x40, 0x00, 0x89, 0x3b,
  0x40, 0x00, 0x8a, 0x54, 0x40, 0x81, 0x2a, 0x84, 0x2b, 0x40, 0x14, 0x83,
  0x40, 0x40, 0x00, 0x83, 0x3b, 0x40, 0x28, 0x82, 0x50, 0x40, 0x00, 0x87,
  0x3e, 0x40, 0x00, 0x87, 0x44, 0x40, 0x00, 0x82, 0x4a, 0x40, 0x00, 0x87,
  0x3b, 0x40, 0x50, 0x92, 0x50, 0x64, 0x00, 0x92, 0x53, 0x78, 0x00, 0x97,
  0x3e, 0x64, 0x00, 0x97, 0x44, 0x64, 0x00, 0x97, 0x47, 0x78, 0x0a, 0x99,
  0x2c, 0x55, 0x0a, 0x89, 0x2c, 0x40, 0x50, 0x81, 0x2b, 0x40, 0x3c, 0x91,
  0x2c, 0x64, 0x00, 0x94, 0x2c, 0x64, 0x00, 0x99, 0x2c, 0x69, 0x00, 0x99,
  0x26, 0x6e, 0x00, 0x9a, 0x4c, 0x73, 0x00, 0x99, 0x3b, 0x78, 0x0a, 0x89,
  0x2c, 0x40, 0x00, 0x89, 0x3b, 0x40, 0x00, 0x89, 0x26, 0x40, 0x00, 0x8a,
  0x4c, 0x40, 0x81, 0x2a, 0x84, 0x2c, 0x40, 0x50, 0x82, 0x53, 0x40, 0x00,
  0x87, 0x3e, 0x40, 0x00, 0x87, 0x44, 0x40, 0x00, 0x82, 0x50, 0x40, 0x00,
  0x87, 0x47, 0x40, 0x3c, 0x92, 0x50, 0x64, 0x00, 0x92, 0x56, 0x78, 0x00,
  0x97, 0x40, 0x64, 0x00, 0x97, 0x44, 0x64, 0x00, 0x97, 0x4a, 0x78, 0x0a,
  0x99, 0x2c, 0x55, 0x0a, 0x89, 0x2c, 0x40, 0x3c, 0x82, 0x56, 0x40, 0x00,
  0x87, 0x4a, 0x40, 0x00, 0x87, 0x44, 0x40, 0x00, 0x87, 0x40, 0x40, 0x00,
  0x82, 0x50, 0x40, 0x14, 0x81, 0x2c, 0x40, 0x3c, 0x91, 0x2d, 0x64, 0x00,
  0x94, 0x2d, 0x64, 0x00, 0x99, 0x24, 0x64, 0x00, 0x99, 0x2c, 0x69, 0x00,
  0x99, 0x3b, 0x78, 0x00, 0x9a, 0x54, 0x73, 0x0a, 0x89, 0x24, 0x40, 0x00,
  0x89, 0x2c, 0x40, 0x00, 0x89, 0x3b, 0x40, 0x00, 0x8a, 0x54, 0x40, 0x81,
  0x2a, 0x84, 0x2d, 0x40, 0x81, 0x16, 0xe3, 0x5a, 0x3b, 0x00, 0x99, 0x2c,
  0x55, 0x0a, 0x89, 0x2c, 0x40, 0x00, 0x93, 0x3d, 0x78, 0x00, 0x93, 0x40,
  0x78, 0x50, 0x81, 0x2d, 0x40, 0x14, 0xe3, 0x6a, 0x3e, 0x28, 0x94, 0x2b,
  0x64, 0x00, 0x91, 0x2b, 0x64, 0x00, 0x92, 0x4f, 0x64, 0x00, 0x92, 0x55,
  0x78, 0x00, 0x97, 0x40, 0x64, 0x00, 0x97, 0x43, 0x64, 0x00, 0x97, 0x49,
  0x78, 0x00, 0x99, 0x2c, 0x69, 0x00, 0x99, 0x26, 0x6e, 0x00, 0x9a, 0x4c,
  0x73, 0x00, 0x99, 0x3b, 0x78, 0x0a, 0x89, 0x2c, 0x40, 0x00, 0x89, 0x26,
  0x40, 0x00, 0x8a, 0x4c, 0x40, 0x00, 0x89, 0x3b, 0x40, 0x1e, 0xe3, 0x32,
  0x40, 0x81, 0x0c, 0x84, 0x2b, 0x40, 0x78, 0xe3, 0x22, 0x3d, 0x14, 0x99,
  0x24, 0x64, 0x0a, 0x89, 0x24, 0x40, 0x00, 0x99, 0x2c, 0x55, 0x0a, 0x89,
  0x2c, 0x40, 0x00, 0xe3, 0x12, 0x3a, 0x28, 0xe3, 0x72, 0x33, 0x14, 0x87,
  0x43, 0x40, 0x00, 0x87, 0x49, 0x40, 0x00, 0x87, 0x40, 0x40, 0x00, 0x82,
  0x55, 0x40, 0x00, 0x82, 0x4f, 0x40, 0x14, 0x81, 0x2b, 0x40, 0x00, 0xe3,
  0x7a, 0x28, 0x32, 0xe3, 0x32, 0x40, 0x0a, 0x93, 0x39, 0x78, 0x00, 0x93,
  0x3d, 0x78, 0x00, 0x94, 0x2a, 0x64, 0x00, 0x92, 0x4c, 0x64, 0x00, 0x92,
  0x51, 0x78, 0x00, 0x91, 0x2a, 0x64, 0x00, 0x99, 0x24, 0x64, 0x00, 0x97,
  0x3d, 0x64, 0x00, 0x97, 0x40, 0x64, 0x00, 0x97, 0x45, 0x78, 0x00, 0x99,
  0x2c, 0x69, 0x00, 0x99, 0x3b, 0x78, 0x00, 0x9a, 0x54, 0x73, 0x0a, 0x83,
  0x3d, 0x40, 0x00, 0x8a, 0x54, 0x40, 0x00, 0x83, 0x40, 0x40, 0x00, 0x89,
  0x24, 0x40, 0x00, 0x89, 0x2c, 0x40, 0x00, 0x89, 0x3b, 0x40, 0x81, 0x2a,
  0x84, 0x2a, 0x40, 0x14, 0x83, 0x3d, 0x40, 0x00, 0x83, 0x39, 0x40, 0x81,
  0x02, 0x99, 0x2c, 0x55, 0x0a, 0x89, 0x2c, 0x40, 0x28, 0x87, 0x40, 0x40,
  0x00, 0x82, 0x51, 0x40, 0x00, 0x82, 0x4c, 0x40, 0x00, 0x87, 0x3d, 0x40,
  0x00, 0x87, 0x45, 0x40, 0x28, 0x81, 0x2a, 0x40, 0x3c, 0x91, 0x28, 0x64,
  0x00, 0x92, 0x49, 0x64, 0x00, 0x92, 0x4c, 0x78, 0x00, 0x94, 0x28, 0x64,
  0x00, 0x97, 0x39, 0x64, 0x00, 0x97, 0x3d, 0x64, 0x00, 0x97, 0x40, 0x78,
  0x00, 0x99, 0x2c, 0x69, 0x00, 0x99, 0x26, 0x6e, 0x00, 0x9a, 0x4c, 0x73,
  0x00, 0x99, 0x3b, 0x78, 0x0a, 0x89, 0x2c, 0x40, 0x00, 0x89, 0x3b, 0x40,
  0x00, 0x89, 0x26, 0x40, 0x00, 0x8a, 0x4c, 0x40, 0x81, 0x2a, 0x84, 0x28,
  0x40, 0x81, 0x16, 0x99, 0x2c, 0x55, 0x0a, 0x89, 0x2c, 0x40, 0x3c, 0x82,
  0x4c, 0x40, 0x00, 0x87, 0x3d, 0x40, 0x00, 0x87, 0x39, 0x40, 0x00, 0x82,
  0x49, 0x40, 0x00, 0x87, 0x40, 0x40, 0x14, 0x81, 0x28, 0x40, 0x3c, 0x92,
  0x4a, 0x64, 0x00, 0x92, 0x4e, 0x78, 0x00, 0x91, 0x26, 0x64, 0x00, 0x94,
  0x26, 0x64, 0x00, 0x97, 0x39, 0x64, 0x00, 0x97, 0x3e, 0x64, 0x00, 0x97,
  0x42, 0x78, 0x00, 0x99, 0x24, 0x64, 0x00, 0x99, 0x2c, 0x69, 0x00, 0x99,
  0x3b, 0x78, 0x00, 0x9a, 0x54, 0x73, 0x0a, 0x89, 0x24, 0x40, 0x00, 0x8a,
  0x54, 0x40, 0x00, 0x89, 0x2c, 0x40, 0x00, 0x89, 0x3b, 0x40, 0x81, 0x2a,
  0x84, 0x26, 0x40, 0x28, 0x87, 0x42, 0x40, 0x00, 0x82, 0x4e, 0x40, 0x00,
  0x87, 0x39, 0x40, 0x00, 0x82, 0x4a, 0x40, 0x00, 0x87, 0x3e, 0x40, 0x64,
  0x92, 0x4a, 0x64, 0x00, 0x92, 0x4d, 0x78, 0x00, 0x97, 0x39, 0x64, 0x00,
  0x97, 0x3e, 0x64, 0x00, 0x97, 0x41, 0x78, 0x0a, 0x99, 0x2c, 0x55, 0x0a,
  0x89, 0x2c, 0x40, 0x3c, 0x82, 0x4d, 0x40, 0x00, 0x87, 0x41, 0x40, 0x00,
  0x87, 0x3e, 0x40, 0x00, 0x87, 0x39, 0x40, 0x00, 0x82, 0x4a, 0x40, 0x14,
  0x81, 0x26, 0x40, 0x32, 0xe3, 0x5a, 0x3b, 0x0a, 0x93, 0x42, 0x78, 0x00,
  0x93, 0x3d, 0x78, 0x00, 0x94, 0x1f, 0x64, 0x00, 0x92, 0x4a, 0x64, 0x00,
  0x92, 0x4e, 0x78, 0x00, 0x91, 0x1f, 0x64, 0x00, 0x97, 0x39, 0x64, 0x00,
  0x97, 0x3e, 0x64, 0x00, 0x97, 0x42, 0x78, 0x00, 0x99, 0x2c, 0x69, 0x00,
  0x99, 0x26, 0x6e, 0x00, 0x9a, 0x4c, 0x73, 0x00, 0x99, 0x3b, 0x78, 0x0a,
  0x89, 0x2c, 0x40, 0x00, 0x89, 0x26, 0x40, 0x00, 0x8a, 0x4c, 0x40, 0x00,
  0x89, 0x3b, 0x40, 0x32, 0xe3, 0x6a, 0x3e, 0x3c, 0x87, 0x39, 0x40, 0x00,
  0x87, 0x3e, 0x40, 0x00, 0x87, 0x42, 0x40, 0x00, 0x82, 0x4a, 0x40, 0x00,
  0x82, 0x4e, 0x40, 0x00, 0xe3, 0x32, 0x40, 0x3c, 0x84, 0x1f, 0x40, 0x78,
  0xe3, 0x22, 0x3d, 0x14, 0x92, 0x55, 0x78, 0x00, 0x92, 0x51, 0x64, 0x00,
  0x97, 0x42, 0x64, 0x00, 0x97, 0x45, 0x64, 0x00, 0x97, 0x49, 0x78, 0x00,
  0x99, 0x24, 0x64, 0x0a, 0x89, 0x24, 0x40, 0x00, 0x99, 0x2c, 0x55, 0x0a,
  0x89, 0x2c, 0x40, 0x00, 0xe3, 0x12, 0x3a, 0x28, 0xe3, 0x72, 0x33, 0x28,
  0x81, 0x1f, 0x40, 0x00, 0xe3, 0x7a, 0x28, 0x28, 0x83, 0x3d, 0x40, 0x00,
  0x83, 0x42, 0x40, 0x0a, 0xe3, 0x32, 0x40, 0x0a, 0x93, 0x39, 0x78, 0x00,
  0x93, 0x3d, 0x78, 0x00, 0x94, 0x20, 0x64, 0x00, 0x91, 0x20, 0x64, 0x00,
  0x99, 0x24, 0x64, 0x00, 0x99, 0x2c, 0x69, 0x00, 0x99, 0x3b, 0x78, 0x00,
  0x9a, 0x54, 0x73, 0x0a, 0x89, 0x24, 0x40, 0x00, 0x89, 0x2c, 0x40, 0x00,
  0x89, 0x3b, 0x40, 0x00, 0x8a, 0x54, 0x40, 0x46, 0x84, 0x20, 0x40, 0x78,
  0x83, 0x3d, 0x40, 0x00, 0x83, 0x39, 0x40, 0x81, 0x02, 0x99, 0x2c, 0x55,
  0x0a, 0x89, 0x2c, 0x40, 0x50, 0x81, 0x20, 0x40, 0x3c, 0x91, 0x21, 0x64,
  0x00, 0x94, 0x21, 0x64, 0x00, 0x99, 0x2c, 0x69, 0x00, 0x99, 0x26, 0x6e,
  0x00, 0x9a, 0x4c, 0x73, 0x00, 0x99, 0x3b, 0x78, 0x0a, 0x89, 0x2c, 0x40,
  0x00, 0x89, 0x3b, 0x40, 0x00, 0x89, 0x26, 0x40, 0x00, 0x8a, 0x4c, 0x40,
  0x81, 0x16, 0x99, 0x26, 0x5a, 0x0a, 0x89, 0x26, 0x40, 0x0a, 0x84, 0x21,
  0x40, 0x81, 0x0c, 0x99, 0x26, 0x64, 0x0a, 0x89, 0x26, 0x40, 0x00, 0x99,
  0x2c, 0x55, 0x0a, 0x89, 0x2c, 0x40, 0x3c, 0x82, 0x55, 0x40, 0x00, 0x87,
  0x42, 0x40, 0x00, 0x82, 0x51, 0x40, 0x00, 0x87, 0x49, 0x40, 0x00, 0x87,
  0x45, 0x40, 0x14, 0x81, 0x21, 0x40, 0x3c, 0x91, 0x1f, 0x64, 0x00, 0x94,
  0x1f, 0x64, 0x00, 0x99, 0x24, 0x64, 0x00, 0x99, 0x2c, 0x69, 0x00, 0x99,
  0x3b, 0x78, 0x00, 0x9a, 0x54, 0x73, 0x0a, 0x89, 0x24, 0x40, 0x00, 0x89,
  0x2c, 0x40, 0x00, 0x89, 0x3b, 0x40, 0x00, 0x8a, 0x54, 0x40, 0x81, 0x2a,
  0x84, 0x1f, 0x40, 0x81, 0x16, 0x99, 0x2c, 0x55, 0x0a, 0x89, 0x2c, 0x40,
  0x00, 0x93, 0x37, 0x78, 0x00, 0x93, 0x3b, 0x78, 0x50, 0x81, 0x1f, 0x40,
  0x14, 0x83, 0x3b, 0x40, 0x00, 0x83, 0x37, 0x40, 0x28, 0x91, 0x26, 0x64,
  0x00, 0x92, 0x47, 0x78, 0x00, 0x92, 0x43, 0x64, 0x00, 0x94, 0x26, 0x64,
  0x00, 0x97, 0x3b, 0x69, 0x00, 0x97, 0x43, 0x69, 0x00, 0x99, 0x2c, 0x69,
  0x00, 0x99, 0x26, 0x6e, 0x00, 0x9a, 0x4c, 0x73, 0x00, 0x99, 0x3b, 0x78,
  0x0a, 0x89, 0x2c, 0x40, 0x00, 0x89, 0x26, 0x40, 0x00, 0x8a, 0x4c, 0x40,
  0x00, 0x89, 0x3b, 0x40, 0x81, 0x2a, 0x84, 0x26, 0x40, 0x81, 0x0c, 0x99,
  0x24, 0x64, 0x0a, 0x89, 0x24, 0x40, 0x00, 0x99, 0x2c, 0x55, 0x0a, 0x89,
  0x2c, 0x40, 0x3c, 0x87, 0x43, 0x40, 0x00, 0x82, 0x47, 0x40, 0x00, 0x87,
  0x3b, 0x40, 0x00, 0x82, 0x43, 0x40, 0x14, 0x81, 0x26, 0x40, 0x3c, 0x92,
  0x43, 0x64, 0x00, 0x92, 0x49, 0x78, 0x00, 0x91, 0x2b, 0x64, 0x00, 0x94,
  0x2b, 0x64, 0x00, 0x93, 0x37, 0x78, 0x00, 0x93, 0x3b, 0x78, 0x00, 0x99,
  0x24, 0x64, 0x00, 0x97, 0x43, 0x69, 0x00, 0x97, 0x3d, 0x69, 0x00, 0x99,
  0x2c, 0x69, 0x00, 0x99, 0x3b, 0x78, 0x00, 0x9a, 0x54, 0x73, 0x0a, 0x89,
  0x24, 0x40, 0x00, 0x89, 0x2c, 0x40, 0x00, 0x89, 0x3b, 0x40, 0x00, 0x8a,
  0x54, 0x40, 0x5a, 0x87, 0x43, 0x40, 0x00, 0x87, 0x3d, 0x40, 0x00, 0x82,
  0x49, 0x40, 0x00, 0x82, 0x43, 0x40, 0x50, 0x84, 0x2b, 0x40, 0x78, 0x83,
  0x3b, 0x40, 0x00, 0x83, 0x37, 0x40, 0x14, 0x92, 0x47, 0x64, 0x00, 0x92,
  0x4a, 0x78, 0x00, 0x97, 0x43, 0x69, 0x00, 0x97, 0x3e, 0x69, 0x0a, 0x99,
  0x2c, 0x55, 0x0a, 0x89, 0x2c, 0x40, 0x50, 0x81, 0x2b, 0x40, 0x3c, 0x91,
  0x26, 0x64, 0x00, 0x94, 0x26, 0x64, 0x00, 0x99, 0x2c, 0x69, 0x00, 0x99,
  0x26, 0x6e, 0x00, 0x9a, 0x4c, 0x73, 0x00, 0x99, 0x3b, 0x78, 0x0a, 0x89,
  0x2c, 0x40, 0x00, 0x89, 0x26, 0x40, 0x00, 0x8a, 0x4c, 0x40, 0x00, 0x89,
  0x3b, 0x40, 0x81, 0x2a, 0x84, 0x26, 0x40, 0x28, 0x82, 0x4a, 0x40, 0x00,
  0x82, 0x47, 0x40, 0x00, 0x87, 0x43, 0x40, 0x00, 0x87, 0x3e, 0x40, 0x64,
  0x92, 0x47, 0x64, 0x00, 0x92, 0x4c, 0x78, 0x00, 0x97, 0x44, 0x69, 0x00,
  0x97, 0x40, 0x69, 0x0a, 0x99, 0x2c, 0x55, 0x0a, 0x89, 0x2c, 0x40, 0x50,
  0x81, 0x26, 0x40, 0x3c, 0x91, 0x20, 0x64, 0x00, 0x94, 0x20, 0x64, 0x00,
  0x93, 0x3e, 0x78, 0x00, 0x93, 0x38, 0x78, 0x00, 0x99, 0x24, 0x64, 0x00,
  0x99, 0x2c, 0x69, 0x00, 0x99, 0x3b, 0x78, 0x00, 0x9a, 0x54, 0x73, 0x0a,
  0x89, 0x24, 0x40, 0x00, 0x89, 0x2c, 0x40, 0x00, 0x89, 0x3b, 0x40, 0x00,
  0x8a, 0x54, 0x40, 0x5a, 0x83, 0x38, 0x40, 0x00, 0x83, 0x3e, 0x40, 0x50,
  0x84, 0x20, 0x40, 0x28, 0x87, 0x44, 0x40, 0x00, 0x82, 0x47, 0x40, 0x00,
  0x82, 0x4c, 0x40, 0x00, 0x87, 0x40, 0x40, 0x64, 0x92, 0x47, 0x64, 0x00,
  0x92, 0x4c, 0x78, 0x00, 0x97, 0x44, 0x69, 0x00, 0x97, 0x40, 0x69, 0x0a,
  0x99, 0x2c, 0x55, 0x0a, 0x89, 0x2c, 0x40, 0x50, 0x82, 0x4c, 0x40, 0x00,
  0x87, 0x40, 0x40, 0x00, 0x87, 0x44, 0x40, 0x00, 0x81, 0x20, 0x40, 0x00,
  0x82, 0x47, 0x40, 0x3c, 0x92, 0x47, 0x64, 0x00, 0x92, 0x4a, 0x78, 0x00,
  0x91, 0x28, 0x64, 0x00, 0x94, 0x28, 0x64, 0x00, 0x97, 0x44, 0x69, 0x00,
  0x97, 0x3e, 0x69, 0x00, 0x99, 0x2c, 0x69, 0x00, 0x99, 0x26, 0x6e, 0x00,
  0x9a, 0x4c, 0x73, 0x00, 0x99, 0x3b, 0x78, 0x0a, 0x89, 0x2c, 0x40, 0x00,
  0x89, 0x26, 0x40, 0x00, 0x8a, 0x4c, 0x40, 0x00, 0x89, 0x3b, 0x40, 0x5a,
  0x87, 0x3e, 0x40, 0x00, 0x87, 0x44, 0x40, 0x00, 0x82, 0x4a, 0x40, 0x00,
  0x82, 0x47, 0x40, 0x50, 0x84, 0x28, 0x40, 0x81, 0x0c, 0x99, 0x24, 0x64,
  0x0a, 0x89, 0x24, 0x40, 0x00, 0x93, 0x38, 0x78, 0x00, 0x93, 0x3e, 0x78,
  0x00, 0x99, 0x2c, 0x55, 0x0a, 0x89, 0x2c, 0x40, 0x50, 0x81, 0x28, 0x40,
  0x3c, 0x91, 0x2c, 0x64, 0x00, 0x92, 0x44, 0x64, 0x00, 0x92, 0x49, 0x78,
  0x00, 0x94, 0x2c, 0x64, 0x00, 0x99, 0x24, 0x64, 0x00, 0x97, 0x44, 0x69,
  0x00, 0x97, 0x3d, 0x69, 0x00, 0x99, 0x2c, 0x69, 0x00, 0x99, 0x3b, 0x78,
  0x00, 0x9a, 0x54, 0x73, 0x0a, 0x89, 0x24, 0x40, 0x00, 0x89, 0x2c, 0x40,
  0x00, 0x89, 0x3b, 0x40, 0x00, 0x8a, 0x54, 0x40, 0x5a, 0x87, 0x44, 0x40,
  0x00, 0x87, 0x3d, 0x40, 0x00, 0x82, 0x49, 0x40, 0x00, 0x82, 0x44, 0x40,
  0x32, 0x83, 0x38, 0x40, 0x00, 0x83, 0x3e, 0x40, 0x1e, 0x84, 0x2c, 0x40,
  0x81, 0x16, 0x99, 0x2c, 0x55, 0x0a, 0x89, 0x2c, 0x40, 0x50, 0x81, 0x2c,
  0x40, 0x3c, 0x92, 0x44, 0x64, 0x00, 0x92, 0x4a, 0x78, 0x00, 0x91, 0x2f,
  0x64, 0x00, 0x94, 0x2f, 0x64, 0x00, 0x97, 0x44, 0x69, 0x00, 0x97, 0x3e,
  0x69, 0x00, 0x99, 0x2c, 0x69, 0x00, 0x99, 0x26, 0x6e, 0x00, 0x9a, 0x4c,
  0x73, 0x00, 0x99, 0x3b, 0x78, 0x0a, 0x89, 0x2c, 0x40, 0x00, 0x89, 0x26,
  0x40, 0x00, 0x8a, 0x4c, 0x40, 0x00, 0x89, 0x3b, 0x40, 0x81, 0x2a, 0x84,
  0x2f, 0x40, 0x81, 0x16, 0x99, 0x2c, 0x55, 0x0a, 0x89, 0x2c, 0x40, 0x28,
  0x87, 0x3e, 0x40, 0x00, 0x82, 0x44, 0x40, 0x00, 0x87, 0x44, 0x40, 0x00,
  0x82, 0x4a, 0x40, 0x28, 0x81, 0x2f, 0x40, 0x3c, 0x91, 0x21, 0x64, 0x00,
  0x92, 0x45, 0x64, 0x00, 0x92, 0x49, 0x78, 0x00, 0x94, 0x21, 0x64, 0x00,
  0x93, 0x39, 0x78, 0x00, 0x93, 0x3d, 0x78, 0x00, 0x97, 0x45, 0x69, 0x00,
  0x97, 0x3d, 0x69, 0x00, 0x99, 0x24, 0x64, 0x00, 0x99, 0x2c, 0x69, 0x00,
  0x99, 0x3b, 0x78, 0x00, 0x9a, 0x54, 0x73, 0x0a, 0x89, 0x24, 0x40, 0x00,
  0x89, 0x2c, 0x40, 0x00, 0x89, 0x3b, 0x40, 0x00, 0x8a, 0x54, 0x40, 0x5a,
  0x83, 0x39, 0x40, 0x00, 0x83, 0x3d, 0x40, 0x50, 0x84, 0x21, 0x40, 0x64,
  0x81, 0x21, 0x40, 0x32, 0x99, 0x2c, 0x55, 0x0a, 0x89, 0x2c, 0x40, 0x28,
  0x82, 0x49, 0x40, 0x00, 0x82, 0x45, 0x40, 0x00, 0x87, 0x3d, 0x40, 0x00,
  0x87, 0x45, 0x40, 0x64, 0x92, 0x45, 0x64, 0x00, 0x92, 0x4c, 0x78, 0x00,
  0x97, 0x45, 0x69, 0x00, 0x97, 0x40, 0x69, 0x00, 0x99, 0x2c, 0x69, 0x00,
  0x99, 0x26, 0x6e, 0x00, 0x9a, 0x4c, 0x73, 0x00, 0x99, 0x3b, 0x78, 0x0a,
  0x89, 0x2c, 0x40, 0x00, 0x89, 0x3b, 0x40, 0x00, 0x8a, 0x4c, 0x40, 0x00,
  0x89, 0x26, 0x40, 0x81, 0x3e, 0x82, 0x4c, 0x40, 0x00, 0x82, 0x45, 0x40,
  0x00, 0x87, 0x45, 0x40, 0x00, 0x87, 0x40, 0x40, 0x78, 0x92, 0x51, 0x78,
  0x00, 0x92, 0x49, 0x64, 0x00, 0x97, 0x45, 0x69, 0x00, 0x97, 0x49, 0x69,
  0x00, 0x99, 0x24, 0x64, 0x00, 0x99, 0x26, 0x46, 0x0a, 0x89, 0x24, 0x40,
  0x00, 0x89, 0x26, 0x40, 0x00, 0x91, 0x21, 0x64, 0x00, 0x99, 0x2c, 0x55,
  0x0a, 0x89, 0x2c, 0x40, 0x00, 0x93, 0x3d, 0x6e, 0x00, 0x93, 0x39, 0x6e,
  0x5a, 0x81, 0x21, 0x40, 0x0a, 0x83, 0x39, 0x40, 0x00, 0x83, 0x3d, 0x40,
  0x28, 0x91, 0x21, 0x64, 0x00, 0x93, 0x39, 0x78, 0x00, 0x93, 0x3d, 0x78,
  0x00, 0x94, 0x21, 0x64, 0x00, 0x99, 0x24, 0x64, 0x00, 0x99, 0x2c, 0x69,
  0x00, 0x99, 0x26, 0x55, 0x00, 0x99, 0x3b, 0x78, 0x00, 0x9a, 0x54, 0x73,
  0x0a, 0x89, 0x24, 0x40, 0x00, 0x89, 0x2c, 0x40, 0x00, 0x89, 0x26, 0x40,
  0x00, 0x89, 0x3b, 0x40, 0x00, 0x8a, 0x54, 0x40, 0x5a, 0x83, 0x3d, 0x40,
  0x00, 0x83, 0x39, 0x40, 0x50, 0x84, 0x21, 0x40, 0x50, 0x81, 0x21, 0x40,
  0x46, 0x91, 0x21, 0x5a, 0x00, 0x99, 0x2c, 0x55, 0x0a, 0x89, 0x2c, 0x40,
  0x5a, 0x81, 0x21, 0x40, 0x32, 0x91, 0x28, 0x64, 0x00, 0x94, 0x28, 0x64,
  0x00, 0x99, 0x2c, 0x69, 0x00, 0x99, 0x26, 0x73, 0x00, 0x9a, 0x4c, 0x73,
  0x00, 0x99, 0x3b, 0x78, 0x0a, 0x89, 0x2c, 0x40, 0x00, 0x89, 0x26, 0x40,
  0x00, 0x8a, 0x4c, 0x40, 0x00, 0x89, 0x3b, 0x40, 0x81, 0x2a, 0x84, 0x28,
  0x40, 0x50, 0x81, 0x28, 0x40, 0x46, 0x91, 0x2d, 0x5a, 0x00, 0x99, 0x2c,
  0x55, 0x0a, 0x89, 0x2c, 0x40, 0x5a, 0x81, 0x2d, 0x40, 0x32, 0x91, 0x2d,
  0x64, 0x00, 0x94, 0x2d, 0x64, 0x00, 0x93, 0x37, 0x6e, 0x00, 0x93, 0x3d,
  0x6e, 0x00, 0x99, 0x24, 0x64, 0x00, 0x99, 0x2c, 0x69, 0x00, 0x99, 0x3b,
  0x78, 0x00, 0x9a, 0x54, 0x73, 0x0a, 0x89, 0x24, 0x40, 0x00, 0x89, 0x2c,
  0x40, 0x00, 0x89, 0x3b, 0x40, 0x00, 0x8a, 0x54, 0x40, 0x81, 0x2a, 0x84,
  0x2d, 0x40, 0x78, 0x83, 0x3d, 0x40, 0x00, 0x83, 0x37, 0x40, 0x1e, 0x99,
  0x2c, 0x55, 0x0a, 0x89, 0x2c, 0x40, 0x50, 0x81, 0x2d, 0x40, 0x3c, 0x91,
  0x2b, 0x64, 0x00, 0x93, 0x3d, 0x6e, 0x00, 0x93, 0x37, 0x6e, 0x00, 0x94,
  0x2b, 0x64, 0x00, 0x99, 0x2c, 0x69, 0x00, 0x99, 0x26, 0x6e, 0x00, 0x9a,
  0x4c, 0x73, 0x00, 0x99, 0x3b, 0x78, 0x0a, 0x89, 0x2c, 0x40, 0x00, 0x89,
  0x26, 0x40, 0x00, 0x8a, 0x4c, 0x40, 0x00, 0x89, 0x3b, 0x40, 0x81, 0x2a,
  0x84, 0x2b, 0x40, 0x78, 0x83, 0x3d, 0x40, 0x00, 0x83, 0x37, 0x40, 0x14,
  0x99, 0x24, 0x64, 0x0a, 0x89, 0x24, 0x40, 0x00, 0x99, 0x2c, 0x55, 0x0a,
  0x89, 0x2c, 0x40, 0x50, 0x81, 0x2b, 0x40, 0x3c, 0x91, 0x2a, 0x64, 0x00,
  0x94, 0x2a, 0x64, 0x00, 0x93, 0x39, 0x6e, 0x00, 0x93, 0x3d, 0x6e, 0x00,
  0x99, 0x24, 0x64, 0x00, 0x99, 0x2c, 0x69, 0x00, 0x99, 0x26, 0x5f, 0x00,
  0x9a, 0x54, 0x73, 0x0a, 0x89, 0x24, 0x40, 0x00, 0x89, 0x2c, 0x40, 0x00,
  0x89, 0x26, 0x40, 0x00, 0x8a, 0x54, 0x40, 0x81, 0x16, 0x99, 0x26, 0x64,
  0x0a, 0x89, 0x26, 0x40, 0x0a, 0x84, 0x2a, 0x40, 0x78, 0x83, 0x3d, 0x40,
  0x00, 0x83, 0x39, 0x40, 0x14, 0x95, 0x39, 0x78, 0x00, 0x96, 0x51, 0x78,
  0x00, 0x99, 0x26, 0x69, 0x0a, 0x89, 0x26, 0x40, 0x00, 0x99, 0x2c, 0x55,
  0x0a, 0x89, 0x2c, 0x40, 0x50, 0x81, 0x2a, 0x40, 0x3c, 0x91, 0x28, 0x64,
  0x00, 0x93, 0x39, 0x6e, 0x00, 0x93, 0x3d, 0x6e, 0x00, 0x94, 0x28, 0x64,
  0x00, 0x99, 0x2c, 0x69, 0x00, 0x99, 0x26, 0x6e, 0x00, 0x9a, 0x4c, 0x73,
  0x0a, 0x89, 0x2c, 0x40, 0x00, 0x89, 0x26, 0x40, 0x00, 0x8a, 0x4c, 0x40,
  0x81, 0x02, 0x82, 0x51, 0x40, 0x00, 0x86, 0x51, 0x40, 0x00, 0x82, 0x49,
  0x40, 0x00, 0x87, 0x45, 0x40, 0x00, 0x85, 0x39, 0x40, 0x00, 0x87, 0x49,
  0x40, 0x14, 0x99, 0x26, 0x73, 0x0a, 0x89, 0x26, 0x40, 0x0a, 0x84, 0x28,
  0x40, 0x78, 0x83, 0x39, 0x40, 0x00, 0x83, 0x3d, 0x40, 0x14, 0x96, 0x51,
  0x6e, 0x00, 0x95, 0x39, 0x6e, 0x00, 0x99, 0x26, 0x78, 0x0a, 0x89, 0x26,
  0x40, 0x00, 0x99, 0x2c, 0x55, 0x0a, 0x89, 0x2c, 0x40, 0x50, 0x81, 0x28,
  0x40, 0x14, 0x85, 0x39, 0x40, 0x00, 0x86, 0x51, 0x40, 0x28, 0x93, 0x42,
  0x73, 0x00, 0x95, 0x42, 0x6e, 0x00, 0x96, 0x5a, 0x73, 0x00, 0x99, 0x24,
  0x50, 0x00, 0x97, 0x4e, 0x73, 0x00, 0x99, 0x2c, 0x69, 0x00, 0x99, 0x26,
  0x46, 0x00, 0x99, 0x46, 0x50, 0x00, 0x99, 0x39, 0x78, 0x0a, 0x89, 0x24,
  0x40, 0x00, 0x89, 0x46, 0x40, 0x00, 0x89, 0x39, 0x40, 0x00, 0x89, 0x26,
  0x40, 0x00, 0x89, 0x2c, 0x40, 0x82, 0x0e, 0x87, 0x4e, 0x40, 0x00, 0x83,
  0x42, 0x40, 0x00, 0x86, 0x5a, 0x40, 0x00, 0x85, 0x42, 0x40, 0x32, 0x90,
  0x26, 0x5a, 0x00, 0x99, 0x46, 0x50, 0x00, 0x99, 0x2c, 0x55, 0x0a, 0x89,
  0x46, 0x40, 0x00, 0x89, 0x2c, 0x40, 0x00, 0x96, 0x5a, 0x69, 0x0a, 0x95,
  0x42, 0x64, 0x00, 0x97, 0x4e, 0x69, 0x00, 0x93, 0x42, 0x69, 0x5a, 0x86,
  0x5a, 0x40, 0x0a, 0x83, 0x42, 0x40, 0x00, 0x87, 0x4e, 0x40, 0x00, 0x85,
  0x42, 0x40, 0x1e, 0x90, 0x42, 0x6e, 0x00, 0x90, 0x3e, 0x6e, 0x00, 0x90,
  0x39, 0x6e, 0x00, 0x91, 0x26, 0x64, 0x00, 0x93, 0x3e, 0x73, 0x00, 0x94,
  0x26, 0x64, 0x00, 0x97, 0x4a, 0x73, 0x00, 0x98, 0x4a, 0x6e, 0x00, 0x98,
  0x42, 0x6e, 0x00, 0x99, 0x24, 0x64, 0x00, 0x95, 0x3e, 0x6e, 0x00, 0x96,
  0x56, 0x73, 0x00, 0x99, 0x2c, 0x69, 0x00, 0x99, 0x26, 0x7d, 0x00, 0x99,
  0x36, 0x7d, 0x0a, 0x89, 0x24, 0x40, 0x00, 0x89, 0x36, 0x40, 0x00, 0x89,
  0x2c, 0x40, 0x00, 0x89, 0x26, 0x40, 0x81, 0x2a, 0x84, 0x26, 0x40, 0x64,
  0x87, 0x4a, 0x40, 0x00, 0x85, 0x3e, 0x40, 0x00, 0x86, 0x56, 0x40, 0x00,
  0x83, 0x3e, 0x40, 0x14, 0x80, 0x3e, 0x40, 0x00, 0x80, 0x39, 0x40, 0x00,
  0x80, 0x42, 0x40, 0x1e, 0x99, 0x46, 0x50, 0x00, 0x99, 0x2c, 0x55, 0x0a,
  0x89, 0x46, 0x40, 0x00, 0x89, 0x2c, 0x40, 0x00, 0x96, 0x56, 0x69, 0x0a,
  0x95, 0x3e, 0x64, 0x00, 0x97, 0x4a, 0x69, 0x00, 0x93, 0x3e, 0x69, 0x32,
  0x81, 0x26, 0x40, 0x1e, 0x80, 0x26, 0x40, 0x0a, 0x86, 0x56, 0x40, 0x0a,
  0x87, 0x4a, 0x40, 0x00, 0x83, 0x3e, 0x40, 0x00, 0x85, 0x3e, 0x40, 0x1e,
  0x88, 0x42, 0x40, 0x00, 0x88, 0x4a, 0x40, 0x00, 0x93, 0x42, 0x73, 0x00,
  0x97, 0x4e, 0x73, 0x00, 0x99, 0x24, 0x50, 0x00, 0x95, 0x42, 0x6e, 0x00,
  0x96, 0x5a, 0x73, 0x00, 0x99, 0x2c, 0x69, 0x00, 0x99, 0x26, 0x32, 0x00,
  0x99, 0x46, 0x50, 0x0a, 0x89, 0x24, 0x40, 0x00, 0x89, 0x46, 0x40, 0x00,
  0x89, 0x26, 0x40, 0x00, 0x89, 0x2c, 0x40, 0x81, 0x16, 0x99, 0x26, 0x3c,
  0x0a, 0x89, 0x26, 0x40, 0x6e, 0x85, 0x42, 0x40, 0x00, 0x87, 0x4e, 0x40,
  0x00, 0x83, 0x42, 0x40, 0x00, 0x86, 0x5a, 0x40, 0x28, 0x99, 0x26, 0x46,
  0x0a, 0x89, 0x26, 0x40, 0x00, 0x90, 0x26, 0x5a, 0x00, 0x99, 0x2c, 0x55,
  0x00, 0x99, 0x46, 0x50, 0x0a, 0x89, 0x2c, 0x40, 0x00, 0x89, 0x46, 0x40,
  0x00, 0x93, 0x3e, 0x73, 0x00, 0x96, 0x56, 0x73, 0x00, 0x95, 0x3e, 0x6e,
  0x00, 0x97, 0x4a, 0x73, 0x81, 0x0c, 0x83, 0x3e, 0x40, 0x00, 0x87, 0x4a,
  0x40, 0x00, 0x85, 0x3e, 0x40, 0x00, 0x86, 0x56, 0x40, 0x00, 0x90, 0x39,
  0x6e, 0x00, 0x90, 0x3e, 0x6e, 0x00, 0x90, 0x42, 0x6e, 0x00, 0x91, 0x26,
  0x64, 0x00, 0x94, 0x26, 0x64, 0x00, 0x98, 0x4a, 0x6e, 0x00, 0x98, 0x42,
  0x6e, 0x00, 0x99, 0x24, 0x64, 0x00, 0x99, 0x36, 0x7d, 0x00, 0x99, 0x2c,
  0x69, 0x00, 0x99, 0x26, 0x7d, 0x0a, 0x89, 0x24, 0x40, 0x00, 0x89, 0x36,
  0x40, 0x00, 0x89, 0x2c, 0x40, 0x00, 0x89, 0x26, 0x40, 0x81, 0x2a, 0x84,
  0x26, 0x40, 0x78, 0x80, 0x42, 0x40, 0x00, 0x80, 0x3e, 0x40, 0x00, 0x80,
  0x39, 0x40, 0x14, 0x93, 0x43, 0x73, 0x00, 0x97, 0x4f, 0x73, 0x00, 0x95,
  0x43, 0x6e, 0x00, 0x96, 0x5b, 0x73, 0x0a, 0x99, 0x2c, 0x55, 0x00, 0x99,
  0x46, 0x50, 0x0a, 0x89, 0x2c, 0x40, 0x00, 0x89, 0x46, 0x40, 0x3c, 0x81,
  0x26, 0x40, 0x1e, 0x80, 0x26, 0x40, 0x32, 0x88, 0x4a, 0x40, 0x00, 0x88,
  0x42, 0x40, 0x00, 0x99, 0x24, 0x50, 0x00, 0x99, 0x46, 0x50, 0x00, 0x99,
  0x2c, 0x69, 0x00, 0x99, 0x26, 0x32, 0x0a, 0x89, 0x24, 0x40, 0x00, 0x89,
  0x26, 0x40, 0x00, 0x89, 0x2c, 0x40, 0x00, 0x89, 0x46, 0x40, 0x81, 0x16,
  0x99, 0x26, 0x3c, 0x0a, 0x89, 0x26, 0x40, 0x46, 0x86, 0x5b, 0x40, 0x00,
  0x83, 0x43, 0x40, 0x00, 0x87, 0x4f, 0x40, 0x00, 0x85, 0x43, 0x40, 0x50,
  0x96, 0x5b, 0x6e, 0x0a, 0x90, 0x26, 0x5a, 0x00, 0x99, 0x2c, 0x55, 0x00,
  0x99, 0x46, 0x50, 0x0a, 0x89, 0x2c, 0x40, 0x00, 0x89, 0x46, 0x40, 0x00,
  0x93, 0x43, 0x6e, 0x00, 0x95, 0x43, 0x69, 0x00, 0x97, 0x4f, 0x6e, 0x14,
  0x99, 0x26, 0x46, 0x0a, 0x89, 0x26, 0x40, 0x32, 0x86, 0x5b, 0x40, 0x14,
  0x87, 0x4f, 0x40, 0x00, 0x85, 0x43, 0x40, 0x00, 0x83, 0x43, 0x40, 0x28,
  0x90, 0x39, 0x6e, 0x00, 0x90, 0x3e, 0x6e, 0x00, 0x90, 0x42, 0x6e, 0x00,
  0x91, 0x26, 0x64, 0x00, 0x93, 0x42, 0x73, 0x00, 0x94, 0x26, 0x64, 0x00,
  0x97, 0x4e, 0x73, 0x00, 0x98, 0x4a, 0x6e, 0x00, 0x98, 0x42, 0x6e, 0x00,
  0x99, 0x24, 0x64, 0x00, 0x95, 0x42, 0x6e, 0x00, 0x96, 0x5a, 0x73, 0x00,
  0x99, 0x26, 0x7d, 0x00, 0x99, 0x2c, 0x69, 0x00, 0x99, 0x36, 0x7d, 0x0a,
  0x89, 0x24, 0x40, 0x00, 0x89, 0x36, 0x40, 0x00, 0x89, 0x26, 0x40, 0x00,
  0x89, 0x2c, 0x40, 0x81, 0x2a, 0x84, 0x26, 0x40, 0x64, 0x87, 0x4e, 0x40,
  0x00, 0x85, 0x42, 0x40, 0x00, 0x86, 0x5a, 0x40, 0x00, 0x83, 0x42, 0x40,
  0x14, 0x80, 0x3e, 0x40, 0x00, 0x80, 0x42, 0x40, 0x00, 0x80, 0x39, 0x40,
  0x1e, 0x99, 0x46, 0x50, 0x00, 0x99, 0x2c, 0x55, 0x0a, 0x89, 0x46, 0x40,
  0x00, 0x89, 0x2c, 0x40, 0x00, 0x96, 0x56, 0x73, 0x00, 0x99, 0x26, 0x46,
  0x0a, 0x89, 0x26, 0x40, 0x00, 0x93, 0x3e, 0x73, 0x00, 0x95, 0x3e, 0x6e,
  0x00, 0x97, 0x4a, 0x73, 0x32, 0x81, 0x26, 0x40, 0x1e, 0x80, 0x26, 0x40,
  0x32, 0x88, 0x4a, 0x40, 0x00, 0x88, 0x42, 0x40, 0x00, 0x99, 0x24, 0x50,
  0x00, 0x99, 0x26, 0x46, 0x00, 0x99, 0x2c, 0x69, 0x00, 0x99, 0x46, 0x50,
  0x0a, 0x89, 0x24, 0x40, 0x00, 0x89, 0x46, 0x40, 0x00, 0x89, 0x2c, 0x40,
  0x00, 0x89, 0x26, 0x40, 0x81, 0x16, 0x86, 0x56, 0x40, 0x0a, 0x87, 0x4a,
  0x40, 0x00, 0x83, 0x3e, 0x40, 0x00, 0x85, 0x3e, 0x40, 0x81, 0x16, 0x93,
  0x3d, 0x73, 0x00, 0x97, 0x49, 0x73, 0x00, 0x95, 0x3d, 0x6e, 0x00, 0x96,
  0x55, 0x73, 0x0a, 0x90, 0x26, 0x5a, 0x00, 0x99, 0x46, 0x50, 0x00, 0x99,
  0x2c, 0x55, 0x0a, 0x89, 0x46, 0x40, 0x00, 0x89, 0x2c, 0x40, 0x05, 0x99,
  0x26, 0x32, 0x0a, 0x89, 0x26, 0x40, 0x7d, 0x90, 0x39, 0x6e, 0x00, 0x90,
  0x3e, 0x6e, 0x00, 0x90, 0x42, 0x6e, 0x00, 0x91, 0x26, 0x64, 0x00, 0x94,
  0x26, 0x64, 0x00, 0x98, 0x4a, 0x6e, 0x00, 0x98, 0x42, 0x6e, 0x00, 0x99,
  0x24, 0x64, 0x00, 0x99, 0x26, 0x64, 0x00, 0x99, 0x2c, 0x69, 0x00, 0x99,
  0x36, 0x7d, 0x0a, 0x89, 0x24, 0x40, 0x00, 0x89, 0x36, 0x40, 0x00, 0x89,
  0x26, 0x40, 0x00, 0x89, 0x2c, 0x40, 0x32, 0x99, 0x26, 0x5a, 0x0a, 0x89,
  0x26, 0x40, 0x32, 0x99, 0x26, 0x50, 0x0a, 0x89, 0x26, 0x40, 0x32, 0x84,
  0x26, 0x40, 0x00, 0x99, 0x26, 0x46, 0x0a, 0x89, 0x26, 0x40, 0x32, 0x99,
  0x26, 0x3c, 0x0a, 0x89, 0x26, 0x40, 0x32, 0x80, 0x3e, 0x40, 0x00, 0x80,
  0x42, 0x40, 0x00, 0x80, 0x39, 0x40, 0x00, 0x99, 0x26, 0x32, 0x0a, 0x89,
  0x26, 0x40, 0x14, 0x99, 0x2c, 0x55, 0x00, 0x99, 0x46, 0x50, 0x0a, 0x89,
  0x2c, 0x40, 0x00, 0x89, 0x46, 0x40, 0x14, 0x99, 0x26, 0x28, 0x0a, 0x89,
  0x26, 0x40, 0x1e, 0x81, 0x26, 0x40, 0x14, 0x99, 0x26, 0x1e, 0x0a, 0x80,
  0x26, 0x40, 0x00, 0x89, 0x26, 0x40, 0x1e, 0x83, 0x3d, 0x40, 0x00, 0x85,
  0x3d, 0x40, 0x00, 0x87, 0x49, 0x40, 0x00, 0x86, 0x55, 0x40, 0x14, 0x88,
  0x42, 0x40, 0x00, 0x88, 0x4a, 0x40, 0x00, 0x93, 0x3e, 0x73, 0x00, 0x99,
  0x24, 0x50, 0x00, 0x97, 0x4a, 0x73, 0x00, 0x96, 0x56, 0x73, 0x00, 0x95,
  0x3e, 0x6e, 0x00, 0x99, 0x26, 0x46, 0x00, 0x99, 0x2c, 0x69, 0x00, 0x99,
  0x46, 0x50, 0x0a, 0x89, 0x24, 0x40, 0x00, 0x89, 0x46, 0x40, 0x00, 0x89,
  0x2c, 0x40, 0x00, 0x89, 0x26, 0x40, 0x82, 0x0e, 0x85, 0x3e, 0x40, 0x00,
  0x83, 0x3e, 0x40, 0x00, 0x87, 0x4a, 0x40, 0x00, 0x86, 0x56, 0x40, 0x32,
  0x90, 0x2b, 0x5a, 0x00, 0x99, 0x46, 0x50, 0x00, 0x99, 0x2c, 0x55, 0x0a,
  0x89, 0x46, 0x40, 0x00, 0x89, 0x2c, 0x40, 0x00, 0x96, 0x56, 0x69, 0x0a,
  0x95, 0x3e, 0x64, 0x00, 0x97, 0x4a, 0x69, 0x00, 0x93, 0x3e, 0x69, 0x5a,
  0x86, 0x56, 0x40, 0x0a, 0x83, 0x3e, 0x40, 0x00, 0x87, 0x4a, 0x40, 0x00,
  0x85, 0x3e, 0x40, 0x1e, 0x90, 0x3b, 0x6e, 0x00, 0x90, 0x3e, 0x6e, 0x00,
  0x90, 0x43, 0x6e, 0x00, 0x91, 0x2b, 0x64, 0x00, 0x93, 0x3e, 0x78, 0x00,
  0x94, 0x2b, 0x64, 0x00, 0x97, 0x4a, 0x78, 0x00, 0x98, 0x4a, 0x6e, 0x00,
  0x98, 0x43, 0x6e, 0x00, 0x99, 0x24, 0x64, 0x00, 0x95, 0x3e, 0x73, 0x00,
  0x96, 0x56, 0x78, 0x00, 0x99, 0x2c, 0x69, 0x00, 0x99, 0x26, 0x7d, 0x00,
  0x99, 0x36, 0x7d, 0x0a, 0x89, 0x24, 0x40, 0x00, 0x89, 0x36, 0x40, 0x00,
  0x89, 0x2c, 0x40, 0x00, 0x89, 0x26, 0x40, 0x81, 0x2a, 0x84, 0x2b, 0x40,
  0x64, 0x87, 0x4a, 0x40, 0x00, 0x85, 0x3e, 0x40, 0x00, 0x86, 0x56, 0x40,
  0x00, 0x83, 0x3e, 0x40, 0x14, 0x80, 0x3e, 0x40, 0x00, 0x80, 0x43, 0x40,
  0x00, 0x80, 0x3b, 0x40, 0x1e, 0x99, 0x46, 0x50, 0x00, 0x99, 0x2c, 0x55,
  0x0a, 0x89, 0x46, 0x40, 0x00, 0x89, 0x2c, 0x40, 0x00, 0x93, 0x3e, 0x69,
  0x00, 0x96, 0x56, 0x69, 0x00, 0x95, 0x3e, 0x64, 0x00, 0x97, 0x4a, 0x69,
  0x3c, 0x81, 0x2b, 0x40, 0x1e, 0x80, 0x2b, 0x40, 0x0a, 0x85, 0x3e, 0x40,
  0x00, 0x87, 0x4a, 0x40, 0x00, 0x83, 0x3e, 0x40, 0x00, 0x86, 0x56, 0x40,
  0x28, 0x88, 0x4a, 0x40, 0x00, 0x88, 0x43, 0x40, 0x00, 0x93, 0x3e, 0x73,
  0x00, 0x97, 0x4a, 0x73, 0x00, 0x99, 0x24, 0x50, 0x00, 0x95, 0x3e, 0x6e,
  0x00, 0x96, 0x56, 0x73, 0x00, 0x99, 0x2c, 0x69, 0x00, 0x99, 0x26, 0x32,
  0x00, 0x99, 0x46, 0x50, 0x0a, 0x89, 0x24, 0x40, 0x00, 0x89, 0x46, 0x40,
  0x00, 0x89, 0x26, 0x40, 0x00, 0x89, 0x2c, 0x40, 0x81, 0x16, 0x99, 0x26,
  0x3c, 0x0a, 0x89, 0x26, 0x40, 0x6e, 0x85, 0x3e, 0x40, 0x00, 0x87, 0x4a,
  0x40, 0x00, 0x83, 0x3e, 0x40, 0x00, 0x86, 0x56, 0x40, 0x28, 0x99, 0x26,
  0x46, 0x0a, 0x89, 0x26, 0x40, 0x00, 0x90, 0x2b, 0x5a, 0x00, 0x99, 0x2c,
  0x55, 0x00, 0x99, 0x46, 0x50, 0x0a, 0x89, 0x2c, 0x40, 0x00, 0x89, 0x46,
  0x40, 0x00, 0x96, 0x55, 0x73, 0x0a, 0x95, 0x3d, 0x6e, 0x00, 0x97, 0x49,
  0x73, 0x00, 0x93, 0x3d, 0x73, 0x5a, 0x86, 0x55, 0x40, 0x0a, 0x83, 0x3d,
  0x40, 0x00, 0x87, 0x49, 0x40, 0x00, 0x85, 0x3d, 0x40, 0x1e, 0x90, 0x3b,
  0x6e, 0x00, 0x90, 0x3e, 0x6e, 0x00, 0x90, 0x43, 0x6e, 0x00, 0x91, 0x2b,
  0x64, 0x00, 0x94, 0x2b, 0x64, 0x00, 0x98, 0x4a, 0x6e, 0x00, 0x98, 0x43,
  0x6e, 0x00, 0x99, 0x24, 0x64, 0x00, 0x99, 0x36, 0x7d, 0x00, 0x99, 0x2c,
  0x69, 0x00, 0x99, 0x26, 0x7d, 0x0a, 0x89, 0x24, 0x40, 0x00, 0x89, 0x36,
  0x40, 0x00, 0x89, 0x2c, 0x40, 0x00, 0x89, 0x26, 0x40, 0x81, 0x2a, 0x84,
  0x2b, 0x40, 0x78, 0x80, 0x43, 0x40, 0x00, 0x80, 0x3e, 0x40, 0x00, 0x80,
  0x3b, 0x40, 0x14, 0x93, 0x3b, 0x6e, 0x00, 0x97, 0x47, 0x6e, 0x00, 0x95,
  0x3b, 0x69, 0x00, 0x96, 0x53, 0x6e, 0x0a, 0x99, 0x2c, 0x55, 0x00, 0x99,
  0x46, 0x50, 0x0a, 0x89, 0x2c, 0x40, 0x00, 0x89, 0x46, 0x40, 0x3c, 0x81,
  0x2b, 0x40, 0x1e, 0x80, 0x2b, 0x40, 0x32, 0x88, 0x4a, 0x40, 0x00, 0x88,
  0x43, 0x40, 0x00, 0x99, 0x24, 0x50, 0x00, 0x99, 0x46, 0x50, 0x00, 0x99,
  0x2c, 0x69, 0x00, 0x99, 0x26, 0x32, 0x0a, 0x89, 0x24, 0x40, 0x00, 0x89,
  0x26, 0x40, 0x00, 0x89, 0x2c, 0x40, 0x00, 0x89, 0x46, 0x40, 0x81, 0x16,
  0x99, 0x26, 0x3c, 0x0a, 0x89, 0x26, 0x40, 0x81, 0x20, 0x90, 0x2b, 0x5a,
  0x00, 0x99, 0x2c, 0x55, 0x00, 0x99, 0x46, 0x50, 0x0a, 0x89, 0x2c, 0x40,
  0x00, 0x89, 0x46, 0x40, 0x14, 0x99, 0x26, 0x46, 0x0a, 0x89, 0x26, 0x40,
  0x6e, 0x90, 0x3b, 0x6e, 0x00, 0x90, 0x3e, 0x6e, 0x00, 0x90, 0x43, 0x6e,
  0x00, 0x91, 0x2b, 0x64, 0x00, 0x94, 0x2b, 0x64, 0x00, 0x99, 0x24, 0x64,
  0x00, 0x98, 0x4a, 0x6e, 0x00, 0x98, 0x43, 0x6e, 0x00, 0x99, 0x26, 0x7d,
  0x00, 0x99, 0x2c, 0x69, 0x00, 0x99, 0x36, 0x7d, 0x0a, 0x89, 0x24, 0x40,
  0x00, 0x89, 0x36, 0x40, 0x00, 0x89, 0x26, 0x40, 0x00, 0x89, 0x2c, 0x40,
  0x81, 0x2a, 0x84, 0x2b, 0x40, 0x28, 0x83, 0x3b, 0x40, 0x00, 0x86, 0x53,
  0x40, 0x00, 0x85, 0x3b, 0x40, 0x00, 0x87, 0x47, 0x40, 0x50, 0x80, 0x43,
  0x40, 0x00, 0x80, 0x3e, 0x40, 0x00, 0x80, 0x3b, 0x40, 0x14, 0x93, 0x37,
  0x73, 0x00, 0x97, 0x43, 0x73, 0x00, 0x96, 0x4f, 0x73, 0x00, 0x95, 0x37,
  0x6e, 0x0a, 0x99, 0x46, 0x50, 0x00, 0x99, 0x2c, 0x55, 0x0a, 0x89, 0x46,
  0x40, 0x00, 0x89, 0x2c, 0x40, 0x00, 0x99, 0x26, 0x46, 0x0a, 0x89, 0x26,
  0x40, 0x32, 0x81, 0x2b, 0x40, 0x1e, 0x80, 0x2b, 0x40, 0x32, 0x88, 0x43,
  0x40, 0x00, 0x88, 0x4a, 0x40, 0x00, 0x99, 0x24, 0x50, 0x00, 0x99, 0x26,
  0x46, 0x00, 0x99, 0x2c, 0x69, 0x00, 0x99, 0x46, 0x50, 0x0a, 0x89, 0x24,
  0x40, 0x00, 0x89, 0x46, 0x40, 0x00, 0x89, 0x2c, 0x40, 0x00, 0x89, 0x26,
  0x40, 0x82, 0x22, 0x86, 0x4f, 0x40, 0x00, 0x83, 0x37, 0x40, 0x00, 0x87,
  0x43, 0x40, 0x00, 0x85, 0x37, 0x40, 0x1e, 0x90, 0x2b, 0x5a, 0x00, 0x99,
  0x46, 0x50, 0x00, 0x99, 0x2c, 0x55, 0x0a, 0x89, 0x46, 0x40, 0x00, 0x89,
  0x2c, 0x40, 0x00, 0x93, 0x3b, 0x73, 0x00, 0x97, 0x47, 0x73, 0x00, 0x95,
  0x3b, 0x6e, 0x00, 0x96, 0x53, 0x73, 0x05, 0x99, 0x26, 0x32, 0x0a, 0x89,
  0x26, 0x40, 0x5f, 0x87, 0x47, 0x40, 0x00, 0x86, 0x53, 0x40, 0x00, 0x85,
  0x3b, 0x40, 0x00, 0x83, 0x3b, 0x40, 0x1e, 0x90, 0x3b, 0x6e, 0x00, 0x90,
  0x3e, 0x6e, 0x00, 0x90, 0x43, 0x6e, 0x00, 0x91, 0x2b, 0x64, 0x00, 0x93,
  0x3d, 0x73, 0x00, 0x94, 0x2b, 0x64, 0x00, 0x96, 0x55, 0x73, 0x00, 0x95,
  0x3d, 0x6e, 0x00, 0x97, 0x49, 0x73, 0x00, 0x98, 0x4a, 0x6e, 0x00, 0x98,
  0x43, 0x6e, 0x00, 0x99, 0x24, 0x64, 0x00, 0x99, 0x26, 0x64, 0x00, 0x99,
  0x2c, 0x69, 0x00, 0x99, 0x36, 0x7d, 0x0a, 0x89, 0x24, 0x40, 0x00, 0x89,
  0x36, 0x40, 0x00, 0x89, 0x26, 0x40, 0x00, 0x89, 0x2c, 0x40, 0x32, 0x99,
  0x26, 0x5a, 0x0a, 0x89, 0x26, 0x40, 0x32, 0x99, 0x26, 0x50, 0x0a, 0x89,
  0x26, 0x40, 0x32, 0x84, 0x2b, 0x40, 0x00, 0x99, 0x26, 0x46, 0x0a, 0x89,
  0x26, 0x40, 0x32, 0x99, 0x26, 0x3c, 0x0a, 0x89, 0x26, 0x40, 0x32, 0x83,
  0x3d, 0x40, 0x00, 0x86, 0x55, 0x40, 0x00, 0x85, 0x3d, 0x40, 0x00, 0x87,
  0x49, 0x40, 0x00, 0x80, 0x3b, 0x40, 0x00, 0x80, 0x3e, 0x40, 0x00, 0x80,
  0x43, 0x40, 0x00, 0x99, 0x26, 0x32, 0x0a, 0x89, 0x26, 0x40, 0x14, 0x99,
  0x2c, 0x55, 0x00, 0x99, 0x46, 0x50, 0x0a, 0x89, 0x2c, 0x40, 0x00, 0x89,
  0x46, 0x40, 0x00, 0x93, 0x3e, 0x73, 0x00, 0x97, 0x4a, 0x73, 0x00, 0x95,
  0x3e, 0x6e, 0x00, 0x96, 0x56, 0x73, 0x14, 0x99, 0x26, 0x28, 0x0a, 0x89,
  0x26, 0x40, 0x1e, 0x81, 0x2b, 0x40, 0x14, 0x99, 0x26, 0x1e, 0x0a, 0x80,
  0x2b, 0x40, 0x00, 0x89, 0x26, 0x40, 0x14, 0x85, 0x3e, 0x40, 0x00, 0x86,
  0x56, 0x40, 0x00, 0x83, 0x3e, 0x40, 0x00, 0x87, 0x4a, 0x40, 0x1e, 0x88,
  0x43, 0x40, 0x00, 0x88, 0x4a, 0x40, 0x00, 0x93, 0x42, 0x6e, 0x00, 0x96,
  0x5a, 0x6e, 0x00, 0x95, 0x42, 0x69, 0x00, 0x97, 0x4e, 0x6e, 0x00, 0x99,
  0x24, 0x50, 0x00, 0x99, 0x26, 0x46, 0x00, 0x99, 0x2c, 0x69, 0x00, 0x99,
  0x46, 0x50, 0x0a, 0x89, 0x24, 0x40, 0x00, 0x89, 0x46, 0x40, 0x00, 0x89,
  0x2c, 0x40, 0x00, 0x89, 0x26, 0x40, 0x82, 0x22, 0x86, 0x5a, 0x40, 0x00,
  0x83, 0x42, 0x40, 0x00, 0x85, 0x42, 0x40, 0x00, 0x87, 0x4e, 0x40, 0x1e,
  0x90, 0x2d, 0x5a, 0x00, 0x99, 0x46, 0x50, 0x00, 0x99, 0x2c, 0x55, 0x0a,
  0x89, 0x46, 0x40, 0x00, 0x89, 0x2c, 0x40, 0x00, 0x96, 0x5a, 0x5a, 0x0a,
  0x95, 0x42, 0x55, 0x00, 0x97, 0x4e, 0x5a, 0x00, 0x93, 0x42, 0x5a, 0x6e,
  0x86, 0x5a, 0x40, 0x0a, 0x83, 0x42, 0x40, 0x00, 0x87, 0x4e, 0x40, 0x00,
  0x85, 0x42, 0x40, 0x0a, 0x90, 0x3d, 0x6e, 0x00, 0x90, 0x40, 0x6e, 0x00,
  0x90, 0x45, 0x6e, 0x00, 0x91, 0x2d, 0x64, 0x00, 0x93, 0x40, 0x6e, 0x00,
  0x94, 0x2d, 0x64, 0x00, 0x97, 0x4c, 0x6e, 0x00, 0x98, 0x4c, 0x6e, 0x00,
  0x98, 0x45, 0x6e, 0x00, 0x99, 0x24, 0x64, 0x00, 0x95, 0x40, 0x69, 0x00,
  0x96, 0x58, 0x6e, 0x00, 0x99, 0x2c, 0x69, 0x00, 0x99, 0x26, 0x7d, 0x00,
  0x99, 0x36, 0x7d, 0x0a, 0x89, 0x24, 0x40, 0x00, 0x89, 0x36, 0x40, 0x00,
  0x89, 0x2c, 0x40, 0x00, 0x89, 0x26, 0x40, 0x81, 0x2a, 0x84, 0x2d, 0x40,
  0x78, 0x85, 0x40, 0x40, 0x00, 0x86, 0x58, 0x40, 0x00, 0x87, 0x4c, 0x40,
  0x00, 0x80, 0x45, 0x40, 0x00, 0x80, 0x40, 0x40, 0x00, 0x80, 0x3d, 0x40,
  0x00, 0x83, 0x40, 0x40, 0x1e, 0x99, 0x46, 0x50, 0x00, 0x99, 0x2c, 0x55,
  0x0a, 0x89, 0x46, 0x40, 0x00, 0x89, 0x2c, 0x40, 0x00, 0x96, 0x58, 0x5a,
  0x0a, 0x95, 0x40, 0x55, 0x00, 0x97, 0x4c, 0x5a, 0x00, 0x93, 0x40, 0x5a,
  0x32, 0x81, 0x2d, 0x40, 0x1e, 0x80, 0x2d, 0x40, 0x0a, 0x86, 0x58, 0x40,
  0x0a, 0x87, 0x4c, 0x40, 0x00, 0x83, 0x40, 0x40, 0x00, 0x85, 0x40, 0x40,
  0x1e, 0x88, 0x4c, 0x40, 0x00, 0x88, 0x45, 0x40, 0x00, 0x93, 0x3e, 0x73,
  0x00, 0x97, 0x4a, 0x73, 0x00, 0x99, 0x24, 0x50, 0x00, 0x95, 0x3e, 0x6e,
  0x00, 0x96, 0x56, 0x73, 0x00, 0x99, 0x2c, 0x69, 0x00, 0x99, 0x26, 0x32,
  0x00, 0x99, 0x46, 0x50, 0x0a, 0x89, 0x24, 0x40, 0x00, 0x89, 0x46, 0x40,
  0x00, 0x89, 0x26, 0x40, 0x00, 0x89, 0x2c, 0x40, 0x81, 0x16, 0x99, 0x26,
  0x3c, 0x0a, 0x89, 0x26, 0x40, 0x6e, 0x85, 0x3e, 0x40, 0x00, 0x87, 0x4a,
  0x40, 0x00, 0x83, 0x3e, 0x40, 0x00, 0x86, 0x56, 0x40, 0x28, 0x99, 0x26,
  0x46, 0x0a, 0x89, 0x26, 0x40, 0x00, 0x90, 0x2d, 0x5a, 0x00, 0x99, 0x2c,
  0x55, 0x00, 0x99, 0x46, 0x50, 0x0a, 0x89, 0x2c, 0x40, 0x00, 0x89, 0x46,
  0x40, 0x00, 0x93, 0x3b, 0x6e, 0x00, 0x96, 0x53, 0x6e, 0x00, 0x95, 0x3b,
  0x69, 0x00, 0x97, 0x47, 0x6e, 0x78, 0x83, 0x3b, 0x40, 0x00, 0x87, 0x47,
  0x40, 0x00, 0x85, 0x3b, 0x40, 0x00, 0x86, 0x53, 0x40, 0x14, 0x90, 0x3d,
  0x6e, 0x00, 0x90, 0x40, 0x6e, 0x00, 0x90, 0x45, 0x6e, 0x00, 0x91, 0x2d,
  0x64, 0x00, 0x94, 0x2d, 0x64, 0x00, 0x98, 0x4c, 0x6e, 0x00, 0x98, 0x45,
  0x6e, 0x00, 0x99, 0x24, 0x64, 0x00, 0x99, 0x36, 0x7d, 0x00, 0x99, 0x2c,
  0x69, 0x00, 0x99, 0x26, 0x7d, 0x0a, 0x89, 0x24, 0x40, 0x00, 0x89, 0x36,
  0x40, 0x00, 0x89, 0x2c, 0x40, 0x00, 0x89, 0x26, 0x40, 0x81, 0x2a, 0x84,
  0x2d, 0x40, 0x78, 0x80, 0x45, 0x40, 0x00, 0x80, 0x40, 0x40, 0x00, 0x80,
  0x3d, 0x40, 0x14, 0x93, 0x42, 0x73, 0x00, 0x97, 0x4e, 0x73, 0x00, 0x95,
  0x42, 0x6e, 0x00, 0x96, 0x5a, 0x73, 0x0a, 0x99, 0x2c, 0x55, 0x00, 0x99,
  0x46, 0x50, 0x0a, 0x89, 0x2c, 0x40, 0x00, 0x89, 0x46, 0x40, 0x3c, 0x81,
  0x2d, 0x40, 0x1e, 0x80, 0x2d, 0x40, 0x32, 0x88, 0x4c, 0x40, 0x00, 0x88,
  0x45, 0x40, 0x00, 0x99, 0x24, 0x50, 0x00, 0x99, 0x46, 0x50, 0x00, 0x99,
  0x2c, 0x69, 0x00, 0x99, 0x26, 0x32, 0x0a, 0x89, 0x24, 0x40, 0x00, 0x89,
  0x26, 0x40, 0x00, 0x89, 0x2c, 0x40, 0x00, 0x89, 0x46, 0x40, 0x81, 0x16,
  0x99, 0x26, 0x3c, 0x0a, 0x89, 0x26, 0x40, 0x46, 0x86, 0x5a, 0x40, 0x00,
  0x83, 0x42, 0x40, 0x00, 0x87, 0x4e, 0x40, 0x00, 0x85, 0x42, 0x40, 0x50,
  0x96, 0x5a, 0x5a, 0x0a, 0x90, 0x2d, 0x5a, 0x00, 0x99, 0x2c, 0x55, 0x00,
  0x99, 0x46, 0x50, 0x0a, 0x89, 0x2c, 0x40, 0x00, 0x89, 0x46, 0x40, 0x0a,
  0x93, 0x42, 0x5a, 0x00, 0x95, 0x42, 0x55, 0x00, 0x97, 0x4e, 0x5a, 0x0a,
  0x99, 0x26, 0x46, 0x0a, 0x89, 0x26, 0x40, 0x32, 0x86, 0x5a, 0x40, 0x1e,
  0x87, 0x4e, 0x40, 0x00, 0x85, 0x42, 0x40, 0x00, 0x83, 0x42, 0x40, 0x1e,
  0x90, 0x3d, 0x6e, 0x00, 0x90, 0x40, 0x6e, 0x00, 0x90, 0x45, 0x6e, 0x00,
  0x91, 0x2d, 0x64, 0x00, 0x93, 0x40, 0x6e, 0x00, 0x94, 0x2d, 0x64, 0x00,
  0x97, 0x4c, 0x6e, 0x00, 0x98, 0x4c, 0x6e, 0x00, 0x98, 0x45, 0x6e, 0x00,
  0x99, 0x24, 0x64, 0x00, 0x95, 0x40, 0x69, 0x00, 0x96, 0x58, 0x6e, 0x00,
  0x99, 0x26, 0x7d, 0x00, 0x99, 0x2c, 0x69, 0x00, 0x99, 0x36, 0x7d, 0x0a,
  0x89, 0x24, 0x40, 0x00, 0x89, 0x36, 0x40, 0x00, 0x89, 0x26, 0x40, 0x00,
  0x89, 0x2c, 0x40, 0x81, 0x2a, 0x84, 0x2d, 0x40, 0x64, 0x87, 0x4c, 0x40,
  0x00, 0x85, 0x40, 0x40, 0x00, 0x86, 0x58, 0x40, 0x00, 0x83, 0x40, 0x40,
  0x14, 0x80, 0x40, 0x40, 0x00, 0x80, 0x45, 0x40, 0x00, 0x80, 0x3d, 0x40,
  0x1e, 0x99, 0x46, 0x50, 0x00, 0x99, 0x2c, 0x55, 0x0a, 0x89, 0x46, 0x40,
  0x00, 0x89, 0x2c, 0x40, 0x00, 0x93, 0x40, 0x5a, 0x00, 0x96, 0x58, 0x5a,
  0x00, 0x95, 0x40, 0x55, 0x00, 0x97, 0x4c, 0x5a, 0x00, 0x99, 0x26, 0x46,
  0x0a, 0x89, 0x26, 0x40, 0x32, 0x81, 0x2d, 0x40, 0x1e, 0x80, 0x2d, 0x40,
  0x0a, 0x85, 0x40, 0x40, 0x00, 0x87, 0x4c, 0x40, 0x00, 0x83, 0x40, 0x40,
  0x00, 0x86, 0x58, 0x40, 0x28, 0x88, 0x4c, 0x40, 0x00, 0x88, 0x45, 0x40,
  0x00, 0x93, 0x3e, 0x73, 0x00, 0x97, 0x4a, 0x73, 0x00, 0x99, 0x24, 0x50,
  0x00, 0x95, 0x3e, 0x6e, 0x00, 0x96, 0x56, 0x73, 0x00, 0x99, 0x26, 0x46,
  0x00, 0x99, 0x2c, 0x69, 0x00, 0x99, 0x46, 0x50, 0x0a, 0x89, 0x24, 0x40,
  0x00, 0x89, 0x46, 0x40, 0x00, 0x89, 0x2c, 0x40, 0x00, 0x89, 0x26, 0x40,
  0x82, 0x22, 0x86, 0x56, 0x40, 0x00, 0x87, 0x4a, 0x40, 0x00, 0x83, 0x3e,
  0x40, 0x00, 0x85, 0x3e, 0x40, 0x1e, 0x90, 0x2d, 0x5a, 0x00, 0x99, 0x46,
  0x50, 0x00, 0x99, 0x2c, 0x55, 0x0a, 0x89, 0x46, 0x40, 0x00, 0x89, 0x2c,
  0x40, 0x00, 0x93, 0x3e, 0x5a, 0x00, 0x96, 0x56, 0x5a, 0x00, 0x95, 0x3e,
  0x55, 0x00, 0x97, 0x4a, 0x5a, 0x05, 0x99, 0x26, 0x32, 0x0a, 0x89, 0x26,
  0x40, 0x55, 0x86, 0x56, 0x40, 0x00, 0x87, 0x4a, 0x40, 0x00, 0x85, 0x3e,
  0x40, 0x00, 0x83, 0x3e, 0x40, 0x28, 0x90, 0x3d, 0x6e, 0x00, 0x90, 0x40,
  0x6e, 0x00, 0x90, 0x45, 0x6e, 0x00, 0x91, 0x2d, 0x64, 0x00, 0x93, 0x40,
  0x6e, 0x00, 0x94, 0x2d, 0x64, 0x00, 0x97, 0x4c, 0x6e, 0x00, 0x98, 0x4c,
  0x6e, 0x00, 0x98, 0x45, 0x6e, 0x00, 0x99, 0x24, 0x64, 0x00, 0x95, 0x40,
  0x69, 0x00, 0x96, 0x58, 0x6e, 0x00, 0x99, 0x26, 0x64, 0x00, 0x99, 0x2c,
  0x69, 0x00, 0x99, 0x36, 0x7d, 0x0a, 0x89, 0x24, 0x40, 0x00, 0x89, 0x36,
  0x40, 0x00, 0x89, 0x26, 0x40, 0x00, 0x89, 0x2c, 0x40, 0x32, 0x99, 0x26,
  0x5a, 0x0a, 0x89, 0x26, 0x40, 0x32, 0x99, 0x26, 0x50, 0x0a, 0x89, 0x26,
  0x40, 0x32, 0x84, 0x2d, 0x40, 0x00, 0x99, 0x26, 0x46, 0x0a, 0x89, 0x26,
  0x40, 0x32, 0x99, 0x26, 0x3c, 0x0a, 0x89, 0x26, 0x40, 0x1e, 0x85, 0x40,
  0x40, 0x00, 0x86, 0x58, 0x40, 0x00, 0x87, 0x4c, 0x40, 0x00, 0x83, 0x40,
  0x40, 0x14, 0x80, 0x40, 0x40, 0x00, 0x80, 0x45, 0x40, 0x00, 0x80, 0x3d,
  0x40, 0x00, 0x99, 0x26, 0x32, 0x0a, 0x89, 0x26, 0x40, 0x14, 0x99, 0x2c,
  0x55, 0x00, 0x99, 0x46, 0x50, 0x0a, 0x89, 0x2c, 0x40, 0x00, 0x89, 0x46,
  0x40, 0x00, 0x93, 0x40, 0x5a, 0x00, 0x96, 0x58, 0x5a, 0x00, 0x95, 0x40,
  0x55, 0x00, 0x97, 0x4c, 0x5a, 0x14, 0x99, 0x26, 0x28, 0x0a, 0x89, 0x26,
  0x40, 0x1e, 0x81, 0x2d, 0x40, 0x14, 0x99, 0x26, 0x1e, 0x0a, 0x80, 0x2d,
  0x40, 0x00, 0x89, 0x26, 0x40, 0x0a, 0x85, 0x40, 0x40, 0x00, 0x87, 0x4c,
  0x40, 0x00, 0x83, 0x40, 0x40, 0x00, 0x86, 0x58, 0x40, 0x28, 0x88, 0x4c,
  0x40, 0x00, 0x88, 0x45, 0x40, 0x00, 0x93, 0x3e, 0x73, 0x00, 0x97, 0x4a,
  0x73, 0x00, 0x99, 0x24, 0x50, 0x00, 0x95, 0x3e, 0x6e, 0x00, 0x96, 0x56,
  0x73, 0x00, 0x99, 0x26, 0x46, 0x00, 0x99, 0x2c, 0x69, 0x00, 0x99, 0x46,
  0x50, 0x0a, 0x89, 0x24, 0x40, 0x00, 0x89, 0x46, 0x40, 0x00, 0x89, 0x2c,
  0x40, 0x00, 0x89, 0x26, 0x40, 0x82, 0x40, 0x90, 0x32, 0x5a, 0x00, 0x99,
  0x46, 0x50, 0x00, 0x99, 0x2c, 0x55, 0x0a, 0x89, 0x46, 0x40, 0x00, 0x89,
  0x2c, 0x40, 0x81, 0x0c, 0x90, 0x39, 0x6e, 0x00, 0x90, 0x3e, 0x6e, 0x00,
  0x90, 0x42, 0x6e, 0x00, 0x91, 0x26, 0x64, 0x00, 0x94, 0x26, 0x64, 0x00,
  0x99, 0x24, 0x64, 0x00, 0x98, 0x4a, 0x6e, 0x00, 0x98, 0x42, 0x6e, 0x00,
  0x99, 0x2c, 0x69, 0x00, 0x99, 0x26, 0x7d, 0x00, 0x99, 0x36, 0x7d, 0x0a,
  0x89, 0x24, 0x40, 0x00, 0x89, 0x36, 0x40, 0x00, 0x89, 0x2c, 0x40, 0x00,
  0x89, 0x26, 0x40, 0x81, 0x2a, 0x84, 0x26, 0x40, 0x64, 0x87, 0x4a, 0x40,
  0x00, 0x83, 0x3e, 0x40, 0x00, 0x85, 0x3e, 0x40, 0x00, 0x86, 0x56, 0x40,
  0x14, 0x80, 0x42, 0x40, 0x00, 0x80, 0x3e, 0x40, 0x00, 0x80, 0x39, 0x40,
  0x14, 0x93, 0x3b, 0x73, 0x00, 0x97, 0x47, 0x73, 0x00, 0x96, 0x53, 0x73,
  0x00, 0x95, 0x3b, 0x6e, 0x0a, 0x99, 0x46, 0x50, 0x00, 0x99, 0x2c, 0x55,
  0x0a, 0x89, 0x46, 0x40, 0x00, 0x89, 0x2c, 0x40, 0x3c, 0x81, 0x26, 0x40,
  0x1e, 0x80, 0x32, 0x40, 0x32, 0x88, 0x42, 0x40, 0x00, 0x88, 0x4a, 0x40,
  0x00, 0x99, 0x24, 0x50, 0x00, 0x99, 0x2c, 0x69, 0x00, 0x99, 0x26, 0x32,
  0x00, 0x99, 0x46, 0x50, 0x0a, 0x89, 0x24, 0x40, 0x00, 0x89, 0x46, 0x40,
  0x00, 0x89, 0x26, 0x40, 0x00, 0x89, 0x2c, 0x40, 0x81, 0x16, 0x99, 0x26,
  0x3c, 0x0a, 0x89, 0x26, 0x40, 0x81, 0x16, 0x99, 0x26, 0x46, 0x0a, 0x89,
  0x26, 0x40, 0x00, 0x90, 0x32, 0x5a, 0x00, 0x99, 0x2c, 0x55, 0x00, 0x99,
  0x46, 0x50, 0x0a, 0x89, 0x2c, 0x40, 0x00, 0x89, 0x46, 0x40, 0x81, 0x0c,
  0x90, 0x39, 0x6e, 0x00, 0x90, 0x3e, 0x6e, 0x00, 0x90, 0x42, 0x6e, 0x00,
  0x91, 0x26, 0x64, 0x00, 0x93, 0x39, 0x73, 0x00, 0x94, 0x26, 0x64, 0x00,
  0x99, 0x24, 0x64, 0x00, 0x97, 0x45, 0x73, 0x00, 0x98, 0x4a, 0x6e, 0x00,
  0x98, 0x42, 0x6e, 0x00, 0x95, 0x39, 0x6e, 0x00, 0x96, 0x51, 0x73, 0x00,
  0x99, 0x36, 0x7d, 0x00, 0x99, 0x2c, 0x69, 0x00, 0x99, 0x26, 0x7d, 0x0a,
  0x89, 0x24, 0x40, 0x00, 0x89, 0x36, 0x40, 0x00, 0x89, 0x2c, 0x40, 0x00,
  0x89, 0x26, 0x40, 0x6e, 0x85, 0x3b, 0x40, 0x00, 0x83, 0x3b, 0x40, 0x00,
  0x87, 0x47, 0x40, 0x00, 0x86, 0x53, 0x40, 0x3c, 0x84, 0x26, 0x40, 0x78,
  0x80, 0x42, 0x40, 0x00, 0x80, 0x39, 0x40, 0x00, 0x80, 0x3e, 0x40, 0x1e,
  0x99, 0x2c, 0x55, 0x00, 0x99, 0x46, 0x50, 0x0a, 0x89, 0x2c, 0x40, 0x00,
  0x89, 0x46, 0x40, 0x3c, 0x81, 0x26, 0x40, 0x1e, 0x80, 0x32, 0x40, 0x32,
  0x88, 0x42, 0x40, 0x00, 0x88, 0x4a, 0x40, 0x00, 0x99, 0x24, 0x50, 0x00,
  0x99, 0x46, 0x50, 0x00, 0x99, 0x2c, 0x69, 0x00, 0x99, 0x26, 0x32, 0x0a,
  0x89, 0x24, 0x40, 0x00, 0x89, 0x26, 0x40, 0x00, 0x89, 0x2c, 0x40, 0x00,
  0x89, 0x46, 0x40, 0x81, 0x16, 0x99, 0x26, 0x3c, 0x0a, 0x89, 0x26, 0x40,
  0x81, 0x20, 0x90, 0x26, 0x5a, 0x00, 0x99, 0x2c, 0x55, 0x00, 0x99, 0x46,
  0x50, 0x0a, 0x89, 0x2c, 0x40, 0x00, 0x89, 0x46, 0x40, 0x14, 0x99, 0x26,
  0x46, 0x0a, 0x89, 0x26, 0x40, 0x6e, 0x90, 0x39, 0x6e, 0x00, 0x90, 0x3e,
  0x6e, 0x00, 0x90, 0x42, 0x6e, 0x00, 0x91, 0x26, 0x64, 0x00, 0x94, 0x26,
  0x64, 0x00, 0x99, 0x24, 0x64, 0x00, 0x98, 0x4a, 0x6e, 0x00, 0x98, 0x42,
  0x6e, 0x00, 0x99, 0x26, 0x7d, 0x00, 0x99, 0x2c, 0x69, 0x00, 0x99, 0x36,
  0x7d, 0x0a, 0x89, 0x24, 0x40, 0x00, 0x89, 0x36, 0x40, 0x00, 0x89, 0x26,
  0x40, 0x00, 0x89, 0x2c, 0x40, 0x81, 0x2a, 0x84, 0x26, 0x40, 0x78, 0x80,
  0x39, 0x40, 0x00, 0x80, 0x42, 0x40, 0x00, 0x80, 0x3e, 0x40, 0x1e, 0x99,
  0x46, 0x50, 0x00, 0x99, 0x2c, 0x55, 0x0a, 0x89, 0x46, 0x40, 0x00, 0x89,
  0x2c, 0x40, 0x00, 0x99, 0x26, 0x46, 0x0a, 0x89, 0x26, 0x40, 0x32, 0x87,
  0x45, 0x40, 0x00, 0x85, 0x39, 0x40, 0x00, 0x86, 0x51, 0x40, 0x00, 0x81,
  0x26, 0x40, 0x00, 0x83, 0x39, 0x40, 0x1e, 0x80, 0x26, 0x40, 0x32, 0x88,
  0x42, 0x40, 0x00, 0x88, 0x4a, 0x40, 0x00, 0x93, 0x39, 0x73, 0x00, 0x97,
  0x45, 0x73, 0x00, 0x99, 0x24, 0x50, 0x00, 0x96, 0x51, 0x73, 0x00, 0x95,
  0x39, 0x6e, 0x00, 0x99, 0x26, 0x46, 0x00, 0x99, 0x2c, 0x69, 0x00, 0x99,
  0x46, 0x50, 0x0a, 0x89, 0x24, 0x40, 0x00, 0x89, 0x46, 0x40, 0x00, 0x89,
  0x2c, 0x40, 0x00, 0x89, 0x26, 0x40, 0x82, 0x22, 0x85, 0x39, 0x40, 0x00,
  0x87, 0x45, 0x40, 0x00, 0x83, 0x39, 0x40, 0x00, 0x86, 0x51, 0x40, 0x1e,
  0x90, 0x2a, 0x5a, 0x00, 0x99, 0x46, 0x50, 0x00, 0x99, 0x2c, 0x55, 0x0a,
  0x89, 0x46, 0x40, 0x00, 0x89, 0x2c, 0x40, 0x00, 0x96, 0x53, 0x69, 0x05,
  0x99, 0x26, 0x32, 0x05, 0x93, 0x3b, 0x69, 0x00, 0x95, 0x3b, 0x64, 0x00,
  0x97, 0x47, 0x69, 0x05, 0x89, 0x26, 0x40, 0x69, 0x86, 0x53, 0x40, 0x0a,
  0x85, 0x3b, 0x40, 0x00, 0x83, 0x3b, 0x40, 0x00, 0x87, 0x47, 0x40, 0x0a,
  0x90, 0x3e, 0x6e, 0x00, 0x90, 0x42, 0x6e, 0x00, 0x90, 0x45, 0x6e, 0x00,
  0x91, 0x2a, 0x64, 0x00, 0x93, 0x3d, 0x73, 0x00, 0x94, 0x2a, 0x64, 0x00,
  0x97, 0x49, 0x73, 0x00, 0x98, 0x4a, 0x6e, 0x00, 0x98, 0x42, 0x6e, 0x00,
  0x99, 0x24, 0x64, 0x00, 0x95, 0x3d, 0x6e, 0x00, 0x96, 0x55, 0x73, 0x00,
  0x99, 0x26, 0x64, 0x00, 0x99, 0x2c, 0x69, 0x00, 0x99, 0x36, 0x7d, 0x0a,
  0x89, 0x24, 0x40, 0x00, 0x89, 0x36, 0x40, 0x00, 0x89, 0x26, 0x40, 0x00,
  0x89, 0x2c, 0x40, 0x32, 0x99, 0x26, 0x5a, 0x0a, 0x89, 0x26, 0x40, 0x32,
  0x99, 0x26, 0x50, 0x0a, 0x89, 0x26, 0x40, 0x32, 0x84, 0x2a, 0x40, 0x00,
  0x99, 0x26, 0x46, 0x0a, 0x89, 0x26, 0x40, 0x32, 0x99, 0x26, 0x3c, 0x0a,
  0x89, 0x26, 0x40, 0x32, 0x80, 0x42, 0x40, 0x00, 0x86, 0x55, 0x40, 0x00,
  0x87, 0x49, 0x40, 0x00, 0x80, 0x45, 0x40, 0x00, 0x83, 0x3d, 0x40, 0x00,
  0x80, 0x3e, 0x40, 0x00, 0x85, 0x3d, 0x40, 0x00, 0x99, 0x26, 0x32, 0x0a,
  0x89, 0x26, 0x40, 0x14, 0x99, 0x2c, 0x55, 0x00, 0x99, 0x46, 0x50, 0x0a,
  0x89, 0x2c, 0x40, 0x00, 0x89, 0x46, 0x40, 0x00, 0x96, 0x58, 0x64, 0x0a,
  0x95, 0x40, 0x5f, 0x00, 0x97, 0x4c, 0x64, 0x00, 0x93, 0x40, 0x64, 0x0a,
  0x99, 0x26, 0x28, 0x0a, 0x89, 0x26, 0x40, 0x1e, 0x81, 0x2a, 0x40, 0x14,
  0x99, 0x26, 0x1e, 0x0a, 0x80, 0x2a, 0x40, 0x00, 0x89, 0x26, 0x40, 0x0a,
  0x86, 0x58, 0x40, 0x0a, 0x87, 0x4c, 0x40, 0x00, 0x83, 0x40, 0x40, 0x00,
  0x85, 0x40, 0x40, 0x1e, 0x88, 0x4a, 0x40, 0x00, 0x88, 0x42, 0x40, 0x00,
  0x93, 0x42, 0x73, 0x00, 0x97, 0x4e, 0x73, 0x00, 0x99, 0x24, 0x50, 0x00,
  0x95, 0x42, 0x6e, 0x00, 0x96, 0x5a, 0x73, 0x00, 0x99, 0x26, 0x46, 0x00,
  0x99, 0x2c, 0x69, 0x00, 0x99, 0x46, 0x50, 0x00, 0x99, 0x39, 0x78, 0x0a,
  0x89, 0x24, 0x40, 0x00, 0x89, 0x46, 0x40, 0x00, 0x89, 0x39, 0x40, 0x00,
  0x89, 0x2c, 0x40, 0x00, 0x89, 0x26, 0x40, 0x82, 0x0e, 0x86, 0x5a, 0x40,
  0x00, 0x87, 0x4e, 0x40, 0x00, 0x83, 0x42, 0x40, 0x00, 0x85, 0x42, 0x40,
  0x32, 0x90, 0x26, 0x5a, 0x00, 0x99, 0x46, 0x50, 0x00, 0x99, 0x2c, 0x55,
  0x0a, 0x89, 0x46, 0x40, 0x00, 0x89, 0x2c, 0x40, 0x00, 0x96, 0x5a, 0x69,
  0x0a, 0x95, 0x42, 0x64, 0x00, 0x97, 0x4e, 0x69, 0x00, 0x93, 0x42, 0x69,
  0x5a, 0x86, 0x5a, 0x40, 0x0a, 0x83, 0x42, 0x40, 0x00, 0x87, 0x4e, 0x40,
  0x00, 0x85, 0x42, 0x40, 0x1e, 0x90, 0x39, 0x6e, 0x00, 0x90, 0x3e, 0x6e,
  0x00, 0x90, 0x42, 0x6e, 0x00, 0x91, 0x26, 0x64, 0x00, 0x93, 0x3e, 0x73,
  0x00, 0x94, 0x26, 0x64, 0x00, 0x97, 0x4a, 0x73, 0x00, 0x98, 0x4a, 0x6e,
  0x00, 0x98, 0x42, 0x6e, 0x00, 0x99, 0x24, 0x64, 0x00, 0x95, 0x3e, 0x6e,
  0x00, 0x96, 0x56, 0x73, 0x00, 0x99, 0x2c, 0x69, 0x00, 0x99, 0x26, 0x7d,
  0x00, 0x99, 0x36, 0x7d, 0x0a, 0x89, 0x24, 0x40, 0x00, 0x89, 0x36, 0x40,
  0x00, 0x89, 0x2c, 0x40, 0x00, 0x89, 0x26, 0x40, 0x81, 0x2a, 0x84, 0x26,
  0x40, 0x64, 0x87, 0x4a, 0x40, 0x00, 0x85, 0x3e, 0x40, 0x00, 0x86, 0x56,
  0x40, 0x00, 0x83, 0x3e, 0x40, 0x14, 0x80, 0x3e, 0x40, 0x00, 0x80, 0x42,
  0x40, 0x00, 0x80, 0x39, 0x40, 0x1e, 0x99, 0x46, 0x50, 0x00, 0x99, 0x2c,
  0x55, 0x0a, 0x89, 0x46, 0x40, 0x00, 0x89, 0x2c, 0x40, 0x00, 0x93, 0x3e,
  0x69, 0x00, 0x96, 0x56, 0x69, 0x00, 0x95, 0x3e, 0x64, 0x00, 0x97, 0x4a,
  0x69, 0x3c, 0x81, 0x26, 0x40, 0x1e, 0x80, 0x26, 0x40, 0x0a, 0x85, 0x3e,
  0x40, 0x00, 0x87, 0x4a, 0x40, 0x00, 0x83, 0x3e, 0x40, 0x00, 0x86, 0x56,
  0x40, 0x28, 0x88, 0x4a, 0x40, 0x00, 0x88, 0x42, 0x40, 0x00, 0x93, 0x42,
  0x73, 0x00, 0x97, 0x4e, 0x73, 0x00, 0x99, 0x24, 0x50, 0x00, 0x95, 0x42,
  0x6e, 0x00, 0x96, 0x5a, 0x73, 0x00, 0x99, 0x2c, 0x69, 0x00, 0x99, 0x26,
  0x32, 0x00, 0x99, 0x46, 0x50, 0x0a, 0x89, 0x24, 0x40, 0x00, 0x89, 0x46,
  0x40, 0x00, 0x89, 0x26, 0x40, 0x00, 0x89, 0x2c, 0x40, 0x81, 0x16, 0x99,
  0x26, 0x3c, 0x0a, 0x89, 0x26, 0x40, 0x6e, 0x85, 0x42, 0x40, 0x00, 0x87,
  0x4e, 0x40, 0x00, 0x83, 0x42, 0x40, 0x00, 0x86, 0x5a, 0x40, 0x28, 0x99,
  0x26, 0x46, 0x0a, 0x89, 0x26, 0x40, 0x00, 0x90, 0x26, 0x5a, 0x00, 0x99,
  0x2c, 0x55, 0x00, 0x99, 0x46, 0x50, 0x0a, 0x89, 0x2c, 0x40, 0x00, 0x89,
  0x46, 0x40, 0x00, 0x96, 0x56, 0x73, 0x0a, 0x95, 0x3e, 0x6e, 0x00, 0x97,
  0x4a, 0x73, 0x00, 0x93, 0x3e, 0x73, 0x81, 0x02, 0x86, 0x56, 0x40, 0x00,
  0x90, 0x39, 0x6e, 0x00, 0x90, 0x3e, 0x6e, 0x00, 0x90, 0x42, 0x6e, 0x00,
  0x91, 0x26, 0x64, 0x00, 0x94, 0x26, 0x64, 0x00, 0x98, 0x4a, 0x6e, 0x00,
  0x98, 0x42, 0x6e, 0x00, 0x99, 0x24, 0x64, 0x00, 0x99, 0x36, 0x7d, 0x00,
  0x99, 0x2c, 0x69, 0x00, 0x99, 0x26, 0x7d, 0x0a, 0x83, 0x3e, 0x40, 0x00,
  0x89, 0x26, 0x40, 0x00, 0x87, 0x4a, 0x40, 0x00, 0x89, 0x36, 0x40, 0x00,
  0x85, 0x3e, 0x40, 0x00, 0x89, 0x24, 0x40, 0x00, 0x89, 0x2c, 0x40, 0x81,
  0x2a, 0x84, 0x26, 0x40, 0x78, 0x80, 0x42, 0x40, 0x00, 0x80, 0x39, 0x40,
  0x00, 0x80, 0x3e, 0x40, 0x14, 0x93, 0x43, 0x73, 0x00, 0x97, 0x4f, 0x73,
  0x00, 0x95, 0x43, 0x6e, 0x00, 0x96, 0x5b, 0x73, 0x0a, 0x99, 0x2c, 0x55,
  0x00, 0x99, 0x46, 0x50, 0x0a, 0x89, 0x2c, 0x40, 0x00, 0x89, 0x46, 0x40,
  0x3c, 0x81, 0x26, 0x40, 0x1e, 0x80, 0x26, 0x40, 0x32, 0x88, 0x42, 0x40,
  0x00, 0x88, 0x4a, 0x40, 0x00, 0x99, 0x24, 0x50, 0x00, 0x99, 0x46, 0x50,
  0x00, 0x99, 0x2c, 0x69, 0x00, 0x99, 0x26, 0x32, 0x0a, 0x89, 0x24, 0x40,
  0x00, 0x89, 0x26, 0x40, 0x00, 0x89, 0x2c, 0x40, 0x00, 0x89, 0x46, 0x40,
  0x81, 0x16, 0x99, 0x26, 0x3c, 0x0a, 0x89, 0x26, 0x40, 0x46, 0x86, 0x5b,
  0x40, 0x00, 0x83, 0x43, 0x40, 0x00, 0x87, 0x4f, 0x40, 0x00, 0x85, 0x43,
  0x40, 0x50, 0x93, 0x43, 0x6e, 0x00, 0x97, 0x4f, 0x6e, 0x00, 0x95, 0x43,
  0x69, 0x0a, 0x90, 0x26, 0x5a, 0x00, 0x99, 0x2c, 0x55, 0x00, 0x99, 0x46,
  0x50, 0x0a, 0x89, 0x2c, 0x40, 0x00, 0x89, 0x46, 0x40, 0x00, 0x96, 0x5b,
  0x6e, 0x14, 0x99, 0x26, 0x46, 0x0a, 0x89, 0x26, 0x40, 0x32, 0x85, 0x43,
  0x40, 0x00, 0x83, 0x43, 0x40, 0x00, 0x87, 0x4f, 0x40, 0x14, 0x86, 0x5b,
  0x40, 0x28, 0x90, 0x39, 0x6e, 0x00, 0x90, 0x3e, 0x6e, 0x00, 0x90, 0x42,
  0x6e, 0x00, 0x91, 0x26, 0x64, 0x00, 0x93, 0x42, 0x73, 0x00, 0x94, 0x26,
  0x64, 0x00, 0x96, 0x5a, 0x73, 0x00, 0x95, 0x42, 0x6e, 0x00, 0x97, 0x4e,
  0x73, 0x00, 0x98, 0x4a, 0x6e, 0x00, 0x98, 0x42, 0x6e, 0x00, 0x99, 0x24,
  0x64, 0x00, 0x99, 0x26, 0x7d, 0x00, 0x99, 0x2c, 0x69, 0x00, 0x99, 0x36,
  0x7d, 0x0a, 0x89, 0x24, 0x40, 0x00, 0x89, 0x36, 0x40, 0x00, 0x89, 0x26,
  0x40, 0x00, 0x89, 0x2c, 0x40, 0x81, 0x2a, 0x84, 0x26, 0x40, 0x64, 0x86,
  0x5a, 0x40, 0x00, 0x85, 0x42, 0x40, 0x00, 0x87, 0x4e, 0x40, 0x00, 0x83,
  0x42, 0x40, 0x14, 0x80, 0x42, 0x40, 0x00, 0x80, 0x39, 0x40, 0x00, 0x80,
  0x3e, 0x40, 0x14, 0x96, 0x56, 0x73, 0x0a, 0x99, 0x46, 0x50, 0x00, 0x99,
  0x2c, 0x55, 0x0a, 0x89, 0x46, 0x40, 0x00, 0x89, 0x2c, 0x40, 0x00, 0x99,
  0x26, 0x46, 0x05, 0x93, 0x3e, 0x73, 0x00, 0x95, 0x3e, 0x6e, 0x00, 0x97,
  0x4a, 0x73, 0x05, 0x89, 0x26, 0x40, 0x32, 0x81, 0x26, 0x40, 0x1e, 0x80,
  0x26, 0x40, 0x32, 0x88, 0x4a, 0x40, 0x00, 0x88, 0x42, 0x40, 0x00, 0x99,
  0x24, 0x50, 0x00, 0x99, 0x26, 0x46, 0x00, 0x99, 0x2c, 0x69, 0x00, 0x99,
  0x46, 0x50, 0x0a, 0x89, 0x24, 0x40, 0x00, 0x89, 0x46, 0x40, 0x00, 0x89,
  0x2c, 0x40, 0x00, 0x89, 0x26, 0x40, 0x81, 0x02, 0x86, 0x56, 0x40, 0x19,
  0x85, 0x3e, 0x40, 0x00, 0x87, 0x4a, 0x40, 0x00, 0x83, 0x3e, 0x40, 0x81,
  0x1b, 0x93, 0x3d, 0x73, 0x00, 0x97, 0x49, 0x73, 0x00, 0x95, 0x3d, 0x6e,
  0x00, 0x96, 0x55, 0x73, 0x0a, 0x90, 0x26, 0x5a, 0x00, 0x99, 0x46, 0x50,
  0x00, 0x99, 0x2c, 0x55, 0x0a, 0x89, 0x46, 0x40, 0x00, 0x89, 0x2c, 0x40,
  0x05, 0x99, 0x26, 0x32, 0x0a, 0x89, 0x26, 0x40, 0x7d, 0x90, 0x39, 0x6e,
  0x00, 0x90, 0x3e, 0x6e, 0x00, 0x90, 0x42, 0x6e, 0x00, 0x91, 0x26, 0x64,
  0x00, 0x94, 0x26, 0x64, 0x00, 0x98, 0x4a, 0x6e, 0x00, 0x98, 0x42, 0x6e,
  0x00, 0x99, 0x24, 0x64, 0x00, 0x99, 0x26, 0x64, 0x00, 0x99, 0x2c, 0x69,
  0x00, 0x99, 0x36, 0x7d, 0x0a, 0x89, 0x24, 0x40, 0x00, 0x89, 0x36, 0x40,
  0x00, 0x89, 0x26, 0x40, 0x00, 0x89, 0x2c, 0x40, 0x32, 0x99, 0x26, 0x5a,
  0x0a, 0x89, 0x26, 0x40, 0x32, 0x99, 0x26, 0x50, 0x0a, 0x89, 0x26, 0x40,
  0x32, 0x84, 0x26, 0x40, 0x00, 0x99, 0x26, 0x46, 0x0a, 0x89, 0x26, 0x40,
  0x32, 0x99, 0x26, 0x3c, 0x0a, 0x89, 0x26, 0x40, 0x32, 0x80, 0x3e, 0x40,
  0x00, 0x80, 0x42, 0x40, 0x00, 0x80, 0x39, 0x40, 0x00, 0x99, 0x26, 0x32,
  0x0a, 0x89, 0x26, 0x40, 0x14, 0x99, 0x2c, 0x55, 0x00, 0x99, 0x46, 0x50,
  0x0a, 0x89, 0x2c, 0x40, 0x00, 0x89, 0x46, 0x40, 0x14, 0x99, 0x26, 0x28,
  0x0a, 0x89, 0x26, 0x40, 0x1e, 0x81, 0x26, 0x40, 0x14, 0x99, 0x26, 0x1e,
  0x0a, 0x80, 0x26, 0x40, 0x00, 0x89, 0x26, 0x40, 0x1e, 0x83, 0x3d, 0x40,
  0x00, 0x85, 0x3d, 0x40, 0x00, 0x87, 0x49, 0x40, 0x00, 0x86, 0x55, 0x40,
  0x14, 0x88, 0x42, 0x40, 0x00, 0x88, 0x4a, 0x40, 0x00, 0x93, 0x3e, 0x73,
  0x00, 0x99, 0x24, 0x50, 0x00, 0x97, 0x4a, 0x73, 0x00, 0x96, 0x56, 0x73,
  0x00, 0x95, 0x3e, 0x6e, 0x00, 0x99, 0x26, 0x46, 0x00, 0x99, 0x2c, 0x69,
  0x00, 0x99, 0x46, 0x50, 0x0a, 0x89, 0x24, 0x40, 0x00, 0x89, 0x46, 0x40,
  0x00, 0x89, 0x2c, 0x40, 0x00, 0x89, 0x26, 0x40, 0x82, 0x0e, 0x85, 0x3e,
  0x40, 0x00, 0x83, 0x3e, 0x40, 0x00, 0x87, 0x4a, 0x40, 0x00, 0x86, 0x56,
  0x40, 0x32, 0x90, 0x2b, 0x5a, 0x00, 0x99, 0x46, 0x50, 0x00, 0x99, 0x2c,
  0x55, 0x0a, 0x89, 0x46, 0x40, 0x00, 0x89, 0x2c, 0x40, 0x00, 0x96, 0x56,
  0x69, 0x0a, 0x95, 0x3e, 0x64, 0x00, 0x97, 0x4a, 0x69, 0x00, 0x93, 0x3e,
  0x69, 0x5a, 0x86, 0x56, 0x40, 0x0a, 0x83, 0x3e, 0x40, 0x00, 0x87, 0x4a,
  0x40, 0x00, 0x85, 0x3e, 0x40, 0x1e, 0x90, 0x3b, 0x6e, 0x00, 0x90, 0x3e,
  0x6e, 0x00, 0x90, 0x43, 0x6e, 0x00, 0x91, 0x2b, 0x64, 0x00, 0x93, 0x3e,
  0x78, 0x00, 0x94, 0x2b, 0x64, 0x00, 0x97, 0x4a, 0x78, 0x00, 0x98, 0x4a,
  0x6e, 0x00, 0x98, 0x43, 0x6e, 0x00, 0x99, 0x24, 0x64, 0x00, 0x95, 0x3e,
  0x73, 0x00, 0x96, 0x56, 0x78, 0x00, 0x99, 0x2c, 0x69, 0x00, 0x99, 0x26,
  0x7d, 0x00, 0x99, 0x36, 0x7d, 0x0a, 0x89, 0x24, 0x40, 0x00, 0x89, 0x36,
  0x40, 0x00, 0x89, 0x2c, 0x40, 0x00, 0x89, 0x26, 0x40, 0x81, 0x2a, 0x84,
  0x2b, 0x40, 0x64, 0x87, 0x4a, 0x40, 0x00, 0x85, 0x3e, 0x40, 0x00, 0x86,
  0x56, 0x40, 0x00, 0x83, 0x3e, 0x40, 0x14, 0x80, 0x3e, 0x40, 0x00, 0x80,
  0x43, 0x40, 0x00, 0x80, 0x3b, 0x40, 0x1e, 0x99, 0x46, 0x50, 0x00, 0x99,
  0x2c, 0x55, 0x0a, 0x89, 0x46, 0x40, 0x00, 0x89, 0x2c, 0x40, 0x00, 0x93,
  0x3e, 0x69, 0x00, 0x96, 0x56, 0x69, 0x00, 0x95, 0x3e, 0x64, 0x00, 0x97,
  0x4a, 0x69, 0x3c, 0x81, 0x2b, 0x40, 0x1e, 0x80, 0x2b, 0x40, 0x0a, 0x85,
  0x3e, 0x40, 0x00, 0x87, 0x4a, 0x40, 0x00, 0x83, 0x3e, 0x40, 0x00, 0x86,
  0x56, 0x40, 0x28, 0x88, 0x4a, 0x40, 0x00, 0x88, 0x43, 0x40, 0x00, 0x93,
  0x3e, 0x73, 0x00, 0x97, 0x4a, 0x73, 0x00, 0x99, 0x24, 0x50, 0x00, 0x95,
  0x3e, 0x6e, 0x00, 0x96, 0x56, 0x73, 0x00, 0x99, 0x2c, 0x69, 0x00, 0x99,
  0x26, 0x32, 0x00, 0x99, 0x46, 0x50, 0x0a, 0x89, 0x24, 0x40, 0x00, 0x89,
  0x46, 0x40, 0x00, 0x89, 0x26, 0x40, 0x00, 0x89, 0x2c, 0x40, 0x81, 0x16,
  0x99, 0x26, 0x3c, 0x0a, 0x89, 0x26, 0x40, 0x6e, 0x85, 0x3e, 0x40, 0x00,
  0x87, 0x4a, 0x40, 0x00, 0x83, 0x3e, 0x40, 0x00, 0x86, 0x56, 0x40, 0x28,
  0x99, 0x26, 0x46, 0x0a, 0x89, 0x26, 0x40, 0x00, 0x90, 0x2b, 0x5a, 0x00,
  0x99, 0x2c, 0x55, 0x00, 0x99, 0x46, 0x50, 0x0a, 0x89, 0x2c, 0x40, 0x00,
  0x89, 0x46, 0x40, 0x00, 0x93, 0x3d, 0x73, 0x00, 0x96, 0x55, 0x73, 0x00,
  0x95, 0x3d, 0x6e, 0x00, 0x97, 0x49, 0x73, 0x64, 0x83, 0x3d, 0x40, 0x00,
  0x87, 0x49, 0x40, 0x00, 0x85, 0x3d, 0x40, 0x00, 0x86, 0x55, 0x40, 0x28,
  0x90, 0x3b, 0x6e, 0x00, 0x90, 0x3e, 0x6e, 0x00, 0x90, 0x43, 0x6e, 0x00,
  0x91, 0x2b, 0x64, 0x00, 0x94, 0x2b, 0x64, 0x00, 0x98, 0x4a, 0x6e, 0x00,
  0x98, 0x43, 0x6e, 0x00, 0x99, 0x24, 0x64, 0x00, 0x99, 0x36, 0x7d, 0x00,
  0x99, 0x2c, 0x69, 0x00, 0x99, 0x26, 0x7d, 0x0a, 0x89, 0x24, 0x40, 0x00,
  0x89, 0x36, 0x40, 0x00, 0x89, 0x2c, 0x40, 0x00, 0x89, 0x26, 0x40, 0x81,
  0x2a, 0x84, 0x2b, 0x40, 0x78, 0x80, 0x43, 0x40, 0x00, 0x80, 0x3e, 0x40,
  0x00, 0x80, 0x3b, 0x40, 0x14, 0x93, 0x3b, 0x6e, 0x00, 0x97, 0x47, 0x6e,
  0x00, 0x95, 0x3b, 0x69, 0x00, 0x96, 0x53, 0x6e, 0x0a, 0x99, 0x2c, 0x55,
  0x00, 0x99, 0x46, 0x50, 0x0a, 0x89, 0x2c, 0x40, 0x00, 0x89, 0x46, 0x40,
  0x3c, 0x81, 0x2b, 0x40, 0x1e, 0x80, 0x2b, 0x40, 0x32, 0x88, 0x4a, 0x40,
  0x00, 0x88, 0x43, 0x40, 0x00, 0x99, 0x24, 0x50, 0x00, 0x99, 0x46, 0x50,
  0x00, 0x99, 0x2c, 0x69, 0x00, 0x99, 0x26, 0x32, 0x0a, 0x89, 0x24, 0x40,
  0x00, 0x89, 0x26, 0x40, 0x00, 0x89, 0x2c, 0x40, 0x00, 0x89, 0x46, 0x40,
  0x81, 0x16, 0x99, 0x26, 0x3c, 0x0a, 0x89, 0x26, 0x40, 0x81, 0x20, 0x90,
  0x2b, 0x5a, 0x00, 0x99, 0x2c, 0x55, 0x00, 0x99, 0x46, 0x50, 0x0a, 0x89,
  0x2c, 0x40, 0x00, 0x89, 0x46, 0x40, 0x14, 0x99, 0x26, 0x46, 0x0a, 0x89,
  0x26, 0x40, 0x6e, 0x90, 0x3b, 0x6e, 0x00, 0x90, 0x3e, 0x6e, 0x00, 0x90,
  0x43, 0x6e, 0x00, 0x91, 0x2b, 0x64, 0x00, 0x94, 0x2b, 0x64, 0x00, 0x99,
  0x24, 0x64, 0x00, 0x98, 0x4a, 0x6e, 0x00, 0x98, 0x43, 0x6e, 0x00, 0x99,
  0x26, 0x7d, 0x00, 0x99, 0x2c, 0x69, 0x00, 0x99, 0x36, 0x7d, 0x0a, 0x89,
  0x24, 0x40, 0x00, 0x89, 0x36, 0x40, 0x00, 0x89, 0x26, 0x40, 0x00, 0x89,
  0x2c, 0x40, 0x81, 0x2a, 0x84, 0x2b, 0x40, 0x28, 0x83, 0x3b, 0x40, 0x00,
  0x86, 0x53, 0x40, 0x00, 0x85, 0x3b, 0x40, 0x00, 0x87, 0x47, 0x40, 0x50,
  0x80, 0x43, 0x40, 0x00, 0x80, 0x3e, 0x40, 0x00, 0x80, 0x3b, 0x40, 0x14,
  0x93, 0x37, 0x73, 0x00, 0x97, 0x43, 0x73, 0x00, 0x96, 0x4f, 0x73, 0x00,
  0x95, 0x37, 0x6e, 0x0a, 0x99, 0x46, 0x50, 0x00, 0x99, 0x2c, 0x55, 0x0a,
  0x89, 0x46, 0x40, 0x00, 0x89, 0x2c, 0x40, 0x00, 0x99, 0x26, 0x46, 0x0a,
  0x89, 0x26, 0x40, 0x32, 0x81, 0x2b, 0x40, 0x1e, 0x80, 0x2b, 0x40, 0x32,
  0x88, 0x43, 0x40, 0x00, 0x88, 0x4a, 0x40, 0x00, 0x99, 0x24, 0x50, 0x00,
  0x99, 0x26, 0x46, 0x00, 0x99, 0x2c, 0x69, 0x00, 0x99, 0x46, 0x50, 0x0a,
  0x89, 0x24, 0x40, 0x00, 0x89, 0x46, 0x40, 0x00, 0x89, 0x2c, 0x40, 0x00,
  0x89, 0x26, 0x40, 0x82, 0x22, 0x86, 0x4f, 0x40, 0x00, 0x83, 0x37, 0x40,
  0x00, 0x87, 0x43, 0x40, 0x00, 0x85, 0x37, 0x40, 0x14, 0x93, 0x3b, 0x73,
  0x00, 0x97, 0x47, 0x73, 0x00, 0x95, 0x3b, 0x6e, 0x0a, 0x90, 0x2b, 0x5a,
  0x00, 0x99, 0x46, 0x50, 0x00, 0x99, 0x2c, 0x55, 0x0a, 0x89, 0x46, 0x40,
  0x00, 0x89, 0x2c, 0x40, 0x00, 0x96, 0x53, 0x73, 0x05, 0x99, 0x26, 0x32,
  0x0a, 0x89, 0x26, 0x40, 0x4b, 0x85, 0x3b, 0x40, 0x00, 0x83, 0x3b, 0x40,
  0x00, 0x87, 0x47, 0x40, 0x14, 0x86, 0x53, 0x40, 0x1e, 0x90, 0x3b, 0x6e,
  0x00, 0x90, 0x3e, 0x6e, 0x00, 0x90, 0x43, 0x6e, 0x00, 0x91, 0x2b, 0x64,
  0x00, 0x93, 0x3d, 0x73, 0x00, 0x94, 0x2b, 0x64, 0x00, 0x96, 0x55, 0x73,
  0x00, 0x95, 0x3d, 0x6e, 0x00, 0x97, 0x49, 0x73, 0x00, 0x98, 0x4a, 0x6e,
  0x00, 0x98, 0x43, 0x6e, 0x00, 0x99, 0x24, 0x64, 0x00, 0x99, 0x26, 0x64,
  0x00, 0x99, 0x2c, 0x69, 0x00, 0x99, 0x36, 0x7d, 0x0a, 0x89, 0x24, 0x40,
  0x00, 0x89, 0x36, 0x40, 0x00, 0x89, 0x26, 0x40, 0x00, 0x89, 0x2c, 0x40,
  0x32, 0x99, 0x26, 0x5a, 0x0a, 0x89, 0x26, 0x40, 0x32, 0x99, 0x26, 0x50,
  0x0a, 0x89, 0x26, 0x40, 0x32, 0x84, 0x2b, 0x40, 0x00, 0x99, 0x26, 0x46,
  0x0a, 0x89, 0x26, 0x40, 0x32, 0x99, 0x26, 0x3c, 0x0a, 0x89, 0x26, 0x40,
  0x32, 0x83, 0x3d, 0x40, 0x00, 0x86, 0x55, 0x40, 0x00, 0x85, 0x3d, 0x40,
  0x00, 0x87, 0x49, 0x40, 0x00, 0x80, 0x3b, 0x40, 0x00, 0x80, 0x3e, 0x40,
  0x00, 0x80, 0x43, 0x40, 0x00, 0x99, 0x26, 0x32, 0x0a, 0x89, 0x26, 0x40,
  0x0a, 0x96, 0x56, 0x73, 0x0a, 0x99, 0x2c, 0x55, 0x00, 0x99, 0x46, 0x50,
  0x0a, 0x89, 0x2c, 0x40, 0x00, 0x89, 0x46, 0x40, 0x0a, 0x93, 0x3e, 0x73,
  0x00, 0x95, 0x3e, 0x6e, 0x00, 0x97, 0x4a, 0x73, 0x0a, 0x99, 0x26, 0x28,
  0x0a, 0x89, 0x26, 0x40, 0x1e, 0x81, 0x2b, 0x40, 0x14, 0x99, 0x26, 0x1e,
  0x0a, 0x80, 0x2b, 0x40, 0x00, 0x86, 0x56, 0x40, 0x00, 0x89, 0x26, 0x40,
  0x1e, 0x85, 0x3e, 0x40, 0x00, 0x87, 0x4a, 0x40, 0x00, 0x83, 0x3e, 0x40,
  0x14, 0x88, 0x4a, 0x40, 0x00, 0x88, 0x43, 0x40, 0x00, 0x93, 0x42, 0x6e,
  0x00, 0x97, 0x4e, 0x6e, 0x00, 0x99, 0x24, 0x50, 0x00, 0x95, 0x42, 0x69,
  0x00, 0x96, 0x5a, 0x6e, 0x00, 0x99, 0x26, 0x46, 0x00, 0x99, 0x2c, 0x69,
  0x00, 0x99, 0x46, 0x50, 0x0a, 0x89, 0x24, 0x40, 0x00, 0x89, 0x46, 0x40,
  0x00, 0x89, 0x2c, 0x40, 0x00, 0x89, 0x26, 0x40, 0x82, 0x22, 0x86, 0x5a,
  0x40, 0x00, 0x87, 0x4e, 0x40, 0x00, 0x83, 0x42, 0x40, 0x00, 0x85, 0x42,
  0x40, 0x1e, 0x90, 0x2d, 0x5a, 0x00, 0x99, 0x46, 0x50, 0x00, 0x99, 0x2c,
  0x55, 0x0a, 0x89, 0x46, 0x40, 0x00, 0x89, 0x2c, 0x40, 0x00, 0x96, 0x5a,
  0x5a, 0x0a, 0x95, 0x42, 0x55, 0x00, 0x97, 0x4e, 0x5a, 0x00, 0x93, 0x42,
  0x5a, 0x6e, 0x86, 0x5a, 0x40, 0x0a, 0x83, 0x42, 0x40, 0x00, 0x87, 0x4e,
  0x40, 0x00, 0x85, 0x42, 0x40, 0x0a, 0x90, 0x3d, 0x6e, 0x00, 0x90, 0x40,
  0x6e, 0x00, 0x90, 0x45, 0x6e, 0x00, 0x91, 0x2d, 0x64, 0x00, 0x93, 0x40,
  0x6e, 0x00, 0x94, 0x2d, 0x64, 0x00, 0x97, 0x4c, 0x6e, 0x00, 0x98, 0x4c,
  0x6e, 0x00, 0x98, 0x45, 0x6e, 0x00, 0x99, 0x24, 0x64, 0x00, 0x95, 0x40,
  0x69, 0x00, 0x96, 0x58, 0x6e, 0x00, 0x99, 0x2c, 0x69, 0x00, 0x99, 0x26,
  0x7d, 0x00, 0x99, 0x36, 0x7d, 0x0a, 0x89, 0x24, 0x40, 0x00, 0x89, 0x36,
  0x40, 0x00, 0x89, 0x2c, 0x40, 0x00, 0x89, 0x26, 0x40, 0x81, 0x2a, 0x84,
  0x2d, 0x40, 0x78, 0x85, 0x40, 0x40, 0x00, 0x86, 0x58, 0x40, 0x00, 0x87,
  0x4c, 0x40, 0x00, 0x80, 0x45, 0x40, 0x00, 0x80, 0x40, 0x40, 0x00, 0x80,
  0x3d, 0x40, 0x00, 0x83, 0x40, 0x40, 0x1e, 0x99, 0x46, 0x50, 0x00, 0x99,
  0x2c, 0x55, 0x0a, 0x89, 0x46, 0x40, 0x00, 0x89, 0x2c, 0x40, 0x00, 0x96,
  0x58, 0x5a, 0x0a, 0x95, 0x40, 0x55, 0x00, 0x97, 0x4c, 0x5a, 0x00, 0x93,
  0x40, 0x5a, 0x32, 0x81, 0x2d, 0x40, 0x1e, 0x80, 0x2d, 0x40, 0x0a, 0x86,
  0x58, 0x40, 0x0a, 0x87, 0x4c, 0x40, 0x00, 0x83, 0x40, 0x40, 0x00, 0x85,
  0x40, 0x40, 0x1e, 0x88, 0x4c, 0x40, 0x00, 0x88, 0x45, 0x40, 0x00, 0x93,
  0x3e, 0x73, 0x00, 0x97, 0x4a, 0x73, 0x00, 0x99, 0x24, 0x50, 0x00, 0x95,
  0x3e, 0x6e, 0x00, 0x96, 0x56, 0x73, 0x00, 0x99, 0x2c, 0x69, 0x00, 0x99,
  0x26, 0x32, 0x00, 0x99, 0x46, 0x50, 0x0a, 0x89, 0x24, 0x40, 0x00, 0x89,
  0x46, 0x40, 0x00, 0x89, 0x26, 0x40, 0x00, 0x89, 0x2c, 0x40, 0x81, 0x16,
  0x99, 0x26, 0x3c, 0x0a, 0x89, 0x26, 0x40, 0x6e, 0x85, 0x3e, 0x40, 0x00,
  0x87, 0x4a, 0x40, 0x00, 0x83, 0x3e, 0x40, 0x00, 0x86, 0x56, 0x40, 0x28,
  0x99, 0x26, 0x46, 0x0a, 0x89, 0x26, 0x40, 0x00, 0x90, 0x2d, 0x5a, 0x00,
  0x99, 0x2c, 0x55, 0x00, 0x99, 0x46, 0x50, 0x0a, 0x89, 0x2c, 0x40, 0x00,
  0x89, 0x46, 0x40, 0x00, 0x93, 0x3b, 0x6e, 0x00, 0x96, 0x53, 0x6e, 0x00,
  0x95, 0x3b, 0x69, 0x00, 0x97, 0x47, 0x6e, 0x78, 0x83, 0x3b, 0x40, 0x00,
  0x87, 0x47, 0x40, 0x00, 0x85, 0x3b, 0x40, 0x00, 0x86, 0x53, 0x40, 0x14,
  0x90, 0x3d, 0x6e, 0x00, 0x90, 0x40, 0x6e, 0x00, 0x90, 0x45, 0x6e, 0x00,
  0x91, 0x2d, 0x64, 0x00, 0x94, 0x2d, 0x64, 0x00, 0x98, 0x4c, 0x6e, 0x00,
  0x98, 0x45, 0x6e, 0x00, 0x99, 0x24, 0x64, 0x00, 0x99, 0x36, 0x7d, 0x00,
  0x99, 0x2c, 0x69, 0x00, 0x99, 0x26, 0x7d, 0x0a, 0x89, 0x24, 0x40, 0x00,
  0x89, 0x36, 0x40, 0x00, 0x89, 0x2c, 0x40, 0x00, 0x89, 0x26, 0x40, 0x81,
  0x2a, 0x84, 0x2d, 0x40, 0x78, 0x80, 0x45, 0x40, 0x00, 0x80, 0x40, 0x40,
  0x00, 0x80, 0x3d, 0x40, 0x14, 0x93, 0x42, 0x73, 0x00, 0x97, 0x4e, 0x73,
  0x00, 0x95, 0x42, 0x6e, 0x00, 0x96, 0x5a, 0x73, 0x0a, 0x99, 0x2c, 0x55,
  0x00, 0x99, 0x46, 0x50, 0x0a, 0x89, 0x2c, 0x40, 0x00, 0x89, 0x46, 0x40,
  0x3c, 0x81, 0x2d, 0x40, 0x1e, 0x80, 0x2d, 0x40, 0x32, 0x88, 0x4c, 0x40,
  0x00, 0x88, 0x45, 0x40, 0x00, 0x99, 0x24, 0x50, 0x00, 0x99, 0x46, 0x50,
  0x00, 0x99, 0x2c, 0x69, 0x00, 0x99, 0x26, 0x32, 0x0a, 0x89, 0x24, 0x40,
  0x00, 0x89, 0x26, 0x40, 0x00, 0x89, 0x2c, 0x40, 0x00, 0x89, 0x46, 0x40,
  0x81, 0x16, 0x99, 0x26, 0x3c, 0x0a, 0x89, 0x26, 0x40, 0x46, 0x86, 0x5a,
  0x40, 0x00, 0x83, 0x42, 0x40, 0x00, 0x87, 0x4e, 0x40, 0x00, 0x85, 0x42,
  0x40, 0x50, 0x93, 0x42, 0x5a, 0x00, 0x97, 0x4e, 0x5a, 0x00, 0x95, 0x42,
  0x55, 0x0a, 0x90, 0x2d, 0x5a, 0x00, 0x99, 0x2c, 0x55, 0x00, 0x99, 0x46,
  0x50, 0x0a, 0x89, 0x2c, 0x40, 0x00, 0x89, 0x46, 0x40, 0x00, 0x96, 0x5a,
  0x5a, 0x14, 0x99, 0x26, 0x46, 0x0a, 0x89, 0x26, 0x40, 0x32, 0x85, 0x42,
  0x40, 0x00, 0x83, 0x42, 0x40, 0x00, 0x87, 0x4e, 0x40, 0x14, 0x86, 0x5a,
  0x40, 0x28, 0x90, 0x3d, 0x6e, 0x00, 0x90, 0x40, 0x6e, 0x00, 0x90, 0x45,
  0x6e, 0x00, 0x91, 0x2d, 0x64, 0x00, 0x93, 0x40, 0x6e, 0x00, 0x94, 0x2d,
  0x64, 0x00, 0x96, 0x58, 0x6e, 0x00, 0x95, 0x40, 0x69, 0x00, 0x97, 0x4c,
  0x6e, 0x00, 0x98, 0x4c, 0x6e, 0x00, 0x98, 0x45, 0x6e, 0x00, 0x99, 0x24,
  0x64, 0x00, 0x99, 0x26, 0x7d, 0x00, 0x99, 0x2c, 0x69, 0x00, 0x99, 0x36,
  0x7d, 0x0a, 0x89, 0x24, 0x40, 0x00, 0x89, 0x36, 0x40, 0x00, 0x89, 0x26,
  0x40, 0x00, 0x89, 0x2c, 0x40, 0x81, 0x2a, 0x84, 0x2d, 0x40, 0x64, 0x86,
  0x58, 0x40, 0x00, 0x85, 0x40, 0x40, 0x00, 0x87, 0x4c, 0x40, 0x00, 0x83,
  0x40, 0x40, 0x14, 0x80, 0x45, 0x40, 0x00, 0x80, 0x3d, 0x40, 0x00, 0x80,
  0x40, 0x40, 0x1e, 0x99, 0x46, 0x50, 0x00, 0x99, 0x2c, 0x55, 0x0a, 0x89,
  0x46, 0x40, 0x00, 0x89, 0x2c, 0x40, 0x00, 0x96, 0x58, 0x5a, 0x00, 0x99,
  0x26, 0x46, 0x0a, 0x89, 0x26, 0x40, 0x00, 0x93, 0x40, 0x5a, 0x00, 0x95,
  0x40, 0x55, 0x00, 0x97, 0x4c, 0x5a, 0x32, 0x81, 0x2d, 0x40, 0x1e, 0x80,
  0x2d, 0x40, 0x0a, 0x86, 0x58, 0x40, 0x0a, 0x85, 0x40, 0x40, 0x00, 0x87,
  0x4c, 0x40, 0x00, 0x83, 0x40, 0x40, 0x1e, 0x88, 0x45, 0x40, 0x00, 0x88,
  0x4c, 0x40, 0x00, 0x93, 0x3e, 0x73, 0x00, 0x97, 0x4a, 0x73, 0x00, 0x99,
  0x24, 0x50, 0x00, 0x95, 0x3e, 0x6e, 0x00, 0x96, 0x56, 0x73, 0x00, 0x99,
  0x26, 0x46, 0x00, 0x99, 0x2c, 0x69, 0x00, 0x99, 0x46, 0x50, 0x0a, 0x89,
  0x24, 0x40, 0x00, 0x89, 0x46, 0x40, 0x00, 0x89, 0x2c, 0x40, 0x00, 0x89,
  0x26, 0x40, 0x82, 0x22, 0x86, 0x56, 0x40, 0x00, 0x87, 0x4a, 0x40, 0x00,
  0x83, 0x3e, 0x40, 0x00, 0x85, 0x3e, 0x40, 0x14, 0x96, 0x56, 0x5a, 0x0a,
  0x90, 0x2d, 0x5a, 0x00, 0x99, 0x46, 0x50, 0x00, 0x99, 0x2c, 0x55, 0x0a,
  0x89, 0x46, 0x40, 0x00, 0x89, 0x2c, 0x40, 0x00, 0x93, 0x3e, 0x5a, 0x00,
  0x95, 0x3e, 0x55, 0x00, 0x97, 0x4a, 0x5a, 0x05, 0x99, 0x26, 0x32, 0x0a,
  0x89, 0x26, 0x40, 0x41, 0x86, 0x56, 0x40, 0x14, 0x87, 0x4a, 0x40, 0x00,
  0x85, 0x3e, 0x40, 0x00, 0x83, 0x3e, 0x40, 0x28, 0x90, 0x45, 0x6e, 0x00,
  0x90, 0x40, 0x6e, 0x00, 0x90, 0x3d, 0x6e, 0x00, 0x91, 0x2d, 0x64, 0x00,
  0x93, 0x40, 0x6e, 0x00, 0x94, 0x2d, 0x64, 0x00, 0x97, 0x4c, 0x6e, 0x00,
  0x98, 0x4c, 0x6e, 0x00, 0x98, 0x45, 0x6e, 0x00, 0x99, 0x24, 0x64, 0x00,
  0x95, 0x40, 0x69, 0x00, 0x96, 0x58, 0x6e, 0x00, 0x99, 0x26, 0x64, 0x00,
  0x99, 0x2c, 0x69, 0x00, 0x99, 0x36, 0x7d, 0x0a, 0x89, 0x24, 0x40, 0x00,
  0x89, 0x36, 0x40, 0x00, 0x89, 0x26, 0x40, 0x00, 0x89, 0x2c, 0x40, 0x32,
  0x99, 0x26, 0x5a, 0x0a, 0x89, 0x26, 0x40, 0x32, 0x99, 0x26, 0x50, 0x0a,
  0x89, 0x26, 0x40, 0x32, 0x84, 0x2d, 0x40, 0x00, 0x99, 0x26, 0x46, 0x0a,
  0x89, 0x26, 0x40, 0x32, 0x99, 0x26, 0x3c, 0x0a, 0x89, 0x26, 0x40, 0x1e,
  0x85, 0x40, 0x40, 0x00, 0x86, 0x58, 0x40, 0x00, 0x87, 0x4c, 0x40, 0x00,
  0x83, 0x40, 0x40, 0x14, 0x80, 0x40, 0x40, 0x00, 0x80, 0x3d, 0x40, 0x00,
  0x80, 0x45, 0x40, 0x00, 0x99, 0x26, 0x32, 0x0a, 0x89, 0x26, 0x40, 0x14,
  0x99, 0x2c, 0x55, 0x00, 0x99, 0x46, 0x50, 0x0a, 0x89, 0x2c, 0x40, 0x00,
  0x89, 0x46, 0x40, 0x00, 0x96, 0x58, 0x5a, 0x0a, 0x95, 0x40, 0x55, 0x00,
  0x97, 0x4c, 0x5a, 0x00, 0x93, 0x40, 0x5a, 0x0a, 0x99, 0x26, 0x28, 0x0a,
  0x89, 0x26, 0x40, 0x1e, 0x81, 0x2d, 0x40, 0x14, 0x99, 0x26, 0x1e, 0x0a,
  0x80, 0x2d, 0x40, 0x00, 0x89, 0x26, 0x40, 0x0a, 0x86, 0x58, 0x40, 0x0a,
  0x87, 0x4c, 0x40, 0x00, 0x83, 0x40, 0x40, 0x00, 0x85, 0x40, 0x40, 0x1e,
  0x88, 0x45, 0x40, 0x00, 0x88, 0x4c, 0x40, 0x00, 0x93, 0x3e, 0x78, 0x00,
  0x97, 0x4a, 0x78, 0x00, 0x99, 0x24, 0x50, 0x00, 0x95, 0x3e, 0x73, 0x00,
  0x96, 0x56, 0x78, 0x00, 0x99, 0x26, 0x46, 0x00, 0x99, 0x2c, 0x69, 0x00,
  0x99, 0x46, 0x50, 0x0a, 0x89, 0x24, 0x40, 0x00, 0x89, 0x46, 0x40, 0x00,
  0x89, 0x2c, 0x40, 0x00, 0x89, 0x26, 0x40, 0x82, 0x40, 0x90, 0x26, 0x5a,
  0x00, 0x99, 0x46, 0x50, 0x00, 0x99, 0x2c, 0x55, 0x0a, 0x89, 0x46, 0x40,
  0x00, 0x89, 0x2c, 0x40, 0x81, 0x0c, 0x90, 0x39, 0x6e, 0x00, 0x90, 0x3e,
  0x6e, 0x00, 0x90, 0x42, 0x6e, 0x00, 0x91, 0x26, 0x64, 0x00, 0x94, 0x26,
  0x64, 0x00, 0x99, 0x24, 0x64, 0x00, 0x98, 0x4a, 0x6e, 0x00, 0x98, 0x42,
  0x6e, 0x00, 0x99, 0x2c, 0x69, 0x00, 0x99, 0x26, 0x7d, 0x00, 0x99, 0x36,
  0x7d, 0x0a, 0x89, 0x24, 0x40, 0x00, 0x89, 0x36, 0x40, 0x00, 0x89, 0x2c,
  0x40, 0x00, 0x89, 0x26, 0x40, 0x81, 0x2a, 0x84, 0x26, 0x40, 0x78, 0x80,
  0x39, 0x40, 0x00, 0x80, 0x42, 0x40, 0x00, 0x80, 0x3e, 0x40, 0x1e, 0x99,
  0x46, 0x50, 0x00, 0x99, 0x2c, 0x55, 0x0a, 0x89, 0x46, 0x40, 0x00, 0x89,
  0x2c, 0x40, 0x3c, 0x87, 0x4a, 0x40, 0x00, 0x85, 0x3e, 0x40, 0x00, 0x83,
  0x3e, 0x40, 0x00, 0x88, 0x4a, 0x40, 0x00, 0x81, 0x26, 0x40, 0x00, 0x88,
  0x42, 0x40, 0x00, 0x86, 0x56, 0x40, 0x1e, 0x80, 0x26, 0x40, 0x32, 0x90,
  0x3b, 0x6e, 0x00, 0x90, 0x3e, 0x6e, 0x00, 0x90, 0x43, 0x6e, 0x00, 0x91,
  0x23, 0x64, 0x00, 0x90, 0x23, 0x5a, 0x00, 0x94, 0x23, 0x64, 0x00, 0x93,
  0x3b, 0x6e, 0x00, 0x98, 0x47, 0x6e, 0x00, 0x98, 0x43, 0x6e, 0x00, 0x97,
  0x47, 0x6e, 0x00, 0x99, 0x24, 0x50, 0x00, 0x96, 0x53, 0x6e, 0x00, 0x95,
  0x3b, 0x69, 0x00, 0x99, 0x2c, 0x69, 0x00, 0x99, 0x26, 0x32, 0x00, 0x99,
  0x46, 0x50, 0x0a, 0x89, 0x24, 0x40, 0x00, 0x89, 0x46, 0x40, 0x00, 0x89,
  0x2c, 0x40, 0x00, 0x89, 0x26, 0x40, 0x81, 0x16, 0x99, 0x26, 0x3c, 0x0a,
  0x89, 0x26, 0x40, 0x0a, 0x84, 0x23, 0x40, 0x81, 0x0c, 0x99, 0x26, 0x46,
  0x0a, 0x89, 0x26, 0x40, 0x00, 0x99, 0x2c, 0x55, 0x00, 0x99, 0x46, 0x50,
  0x0a, 0x89, 0x2c, 0x40, 0x00, 0x89, 0x46, 0x40, 0x81, 0x0c, 0x99, 0x24,
  0x64, 0x00, 0x99, 0x36, 0x7d, 0x00, 0x99, 0x2c, 0x69, 0x00, 0x99, 0x26,
  0x7d, 0x0a, 0x89, 0x24, 0x40, 0x00, 0x89, 0x26, 0x40, 0x00, 0x89, 0x36,
  0x40, 0x00, 0x89, 0x2c, 0x40, 0x5a, 0x88, 0x47, 0x40, 0x00, 0x88, 0x43,
  0x40, 0x00, 0x80, 0x23, 0x40, 0x81, 0x0c, 0x80, 0x43, 0x40, 0x00, 0x80,
  0x3b, 0x40, 0x00, 0x80, 0x3e, 0x40, 0x14, 0x86, 0x53, 0x40, 0x00, 0x83,
  0x3b, 0x40, 0x00, 0x85, 0x3b, 0x40, 0x00, 0x87, 0x47, 0x40, 0x14, 0x81,
  0x23, 0x40, 0x28, 0x90, 0x39, 0x6e, 0x00, 0x90, 0x3e, 0x6e, 0x00, 0x90,
  0x42, 0x6e, 0x00, 0x90, 0x26, 0x5a, 0x00, 0x91, 0x26, 0x64, 0x00, 0x93,
  0x3e, 0x73, 0x00, 0x94, 0x26, 0x64, 0x00, 0x97, 0x4a, 0x73, 0x00, 0x98,
  0x4a, 0x6e, 0x00, 0x98, 0x42, 0x6e, 0x00, 0x95, 0x3e, 0x6e, 0x00, 0x96,
  0x56, 0x73, 0x0a, 0x99, 0x2c, 0x55, 0x00, 0x99, 0x46, 0x50, 0x0a, 0x89,
  0x2c, 0x40, 0x00, 0x89, 0x46, 0x40, 0x50, 0x86, 0x56, 0x40, 0x3c, 0x99,
  0x24, 0x5a, 0x00, 0x99, 0x46, 0x50, 0x00, 0x99, 0x2c, 0x69, 0x00, 0x99,
  0x26, 0x46, 0x0a, 0x89, 0x24, 0x40, 0x00, 0x89, 0x26, 0x40, 0x00, 0x89,
  0x46, 0x40, 0x00, 0x89, 0x2c, 0x40, 0x0a, 0x84, 0x26, 0x40, 0x82, 0x36,
  0x99, 0x2c, 0x55, 0x00, 0x99, 0x46, 0x50, 0x0a, 0x89, 0x2c, 0x40, 0x00,
  0x89, 0x46, 0x40, 0x50, 0x88, 0x4a, 0x40, 0x00, 0x88, 0x42, 0x40, 0x00,
  0x80, 0x26, 0x40, 0x28, 0x80, 0x39, 0x40, 0x00, 0x80, 0x3e, 0x40, 0x00,
  0x81, 0x26, 0x40, 0x00, 0x80, 0x42, 0x40, 0x14, 0x91, 0x32, 0x64, 0x00,
  0x90, 0x32, 0x5a, 0x00, 0x99, 0x24, 0x5a, 0x00, 0x99, 0x36, 0x7d, 0x00,
  0x99, 0x2c, 0x69, 0x00, 0x99, 0x26, 0x78, 0x0a, 0x89, 0x24, 0x40, 0x00,
  0x89, 0x2c, 0x40, 0x00, 0x89, 0x26, 0x40, 0x00, 0x89, 0x36, 0x40, 0x82,
  0x40, 0x99, 0x2c, 0x55, 0x00, 0x99, 0x46, 0x50, 0x0a, 0x89, 0x2c, 0x40,
  0x00, 0x89, 0x46, 0x40, 0x28, 0x81, 0x32, 0x40, 0x14, 0x80, 0x32, 0x40,
  0x50, 0x90, 0x30, 0x5a, 0x00, 0x91, 0x30, 0x64, 0x00, 0x99, 0x24, 0x5a,
  0x00, 0x99, 0x46, 0x50, 0x00, 0x99, 0x2c, 0x69, 0x00, 0x99, 0x26, 0x6e,
  0x0a, 0x89, 0x24, 0x40, 0x00, 0x89, 0x2c, 0x40, 0x00, 0x89, 0x26, 0x40,
  0x00, 0x89, 0x46, 0x40, 0x82, 0x40, 0x99, 0x2c, 0x55, 0x00, 0x99, 0x46,
  0x50, 0x0a, 0x89, 0x2c, 0x40, 0x00, 0x89, 0x46, 0x40, 0x28, 0x81, 0x30,
  0x40, 0x14, 0x80, 0x30, 0x40, 0x50, 0x91, 0x2d, 0x64, 0x00, 0x90, 0x2d,
  0x5a, 0x00, 0x99, 0x24, 0x5a, 0x00, 0x99, 0x36, 0x7d, 0x00, 0x99, 0x2c,
  0x69, 0x00, 0x99, 0x26, 0x78, 0x0a, 0x89, 0x24, 0x40, 0x00, 0x89, 0x2c,
  0x40, 0x00, 0x89, 0x26, 0x40, 0x00, 0x89, 0x36, 0x40, 0x81, 0x16, 0x99,
  0x26, 0x64, 0x0a, 0x89, 0x26, 0x40, 0x6e, 0x81, 0x2d, 0x40, 0x14, 0x80,
  0x2d, 0x40, 0x14, 0x90, 0x25, 0x5a, 0x00, 0x91, 0x25, 0x64, 0x00, 0x99,
  0x24, 0x5a, 0x00, 0x99, 0x26, 0x5a, 0x0a, 0x89, 0x24, 0x40, 0x00, 0x89,
  0x26, 0x40, 0x00, 0x99, 0x2c, 0x55, 0x00, 0x99, 0x46, 0x50, 0x0a, 0x89,
  0x2c, 0x40, 0x00, 0x89, 0x46, 0x40, 0x50, 0x83, 0x3e, 0x40, 0x00, 0x87,
  0x4a, 0x40, 0x00, 0x85, 0x3e, 0x40, 0x1e, 0x80, 0x25, 0x40, 0x0a, 0x81,
  0x25, 0x40, 0x14, 0xb3, 0x0b, 0x70, 0x00, 0xb2, 0x0b, 0x70, 0x00, 0xb7,
  0x0b, 0x6b, 0x00, 0x96, 0x4e, 0x6e, 0x00, 0x96, 0x51, 0x6e, 0x00, 0x90,
  0x45, 0x5a, 0x00, 0x90, 0x51, 0x6e, 0x00, 0x90, 0x4e, 0x6e, 0x00, 0x90,
  0x26, 0x5a, 0x00, 0x99, 0x3b, 0x78, 0x00, 0x99, 0x2a, 0x64, 0x0a, 0x89,
  0x3b, 0x40, 0x00, 0x89, 0x2a, 0x40, 0x82, 0x22, 0x80, 0x51, 0x40, 0x00,
  0x80, 0x4e, 0x40, 0x00, 0x80, 0x45, 0x40, 0x1e, 0x90, 0x4a, 0x64, 0x00,
  0x99, 0x2a, 0x46, 0x0a, 0x89, 0x2a, 0x40, 0x5a, 0x80, 0x4a, 0x40, 0x1e,
  0x86, 0x51, 0x40, 0x00, 0x86, 0x4e, 0x40, 0x14, 0x90, 0x45, 0x5a, 0x00,
  0x90, 0x4e, 0x6e, 0x00, 0x90, 0x51, 0x6e, 0x00, 0x99, 0x2e, 0x64, 0x00,
  0x99, 0x3b, 0x78, 0x0a, 0x89, 0x2e, 0x40, 0x00, 0x89, 0x3b, 0x40, 0x82,
  0x22, 0x80, 0x51, 0x40, 0x00, 0x80, 0x45, 0x40, 0x00, 0x80, 0x4e, 0x40,
  0x1e, 0x90, 0x4a, 0x64, 0x00, 0x99, 0x2a, 0x46, 0x0a, 0x89, 0x2a, 0x40,
  0x5a, 0x80, 0x4a, 0x40, 0x32, 0x90, 0x47, 0x5a, 0x00, 0x90, 0x53, 0x6e,
  0x00, 0x90, 0x4f, 0x6e, 0x00, 0x96, 0x4f, 0x6e, 0x00, 0x96, 0x53, 0x6e,
  0x00, 0x99, 0x2a, 0x64, 0x00, 0x99, 0x3b, 0x78, 0x0a, 0x89, 0x2a, 0x40,
  0x00, 0x89, 0x3b, 0x40, 0x82, 0x22, 0x80, 0x53, 0x40, 0x00, 0x80, 0x4f,
  0x40, 0x00, 0x80, 0x47, 0x40, 0x1e, 0x90, 0x4a, 0x64, 0x00, 0x99, 0x2a,
  0x46, 0x0a, 0x89, 0x2a, 0x40, 0x5a, 0x80, 0x4a, 0x40, 0x1e, 0x86, 0x53,
  0x40, 0x00, 0x86, 0x4f, 0x40, 0x14, 0x90, 0x47, 0x5a, 0x00, 0x90, 0x4f,
  0x6e, 0x00, 0x90, 0x53, 0x6e, 0x00, 0x99, 0x2e, 0x64, 0x00, 0x99, 0x3b,
  0x78, 0x0a, 0x89, 0x2e, 0x40, 0x00, 0x89, 0x3b, 0x40, 0x82, 0x22, 0x80,
  0x53, 0x40, 0x00, 0x80, 0x47, 0x40, 0x00, 0x80, 0x4f, 0x40, 0x1e, 0x90,
  0x4a, 0x64, 0x00, 0x99, 0x2a, 0x46, 0x0a, 0x89, 0x2a, 0x40, 0x5a, 0x80,
  0x4a, 0x40, 0x32, 0x90, 0x48, 0x5a, 0x00, 0x90, 0x51, 0x6e, 0x00, 0x90,
  0x54, 0x6e, 0x00, 0x96, 0x51, 0x6e, 0x00, 0x96, 0x54, 0x6e, 0x00, 0x99,
  0x2a, 0x64, 0x00, 0x99, 0x3b, 0x78, 0x0a, 0x89, 0x2a, 0x40, 0x00, 0x89,
  0x3b, 0x40, 0x82, 0x22, 0x80, 0x51, 0x40, 0x00, 0x80, 0x54, 0x40, 0x00,
  0x80, 0x48, 0x40, 0x1e, 0x90, 0x4a, 0x64, 0x00, 0x99, 0x2a, 0x46, 0x0a,
  0x89, 0x2a, 0x40, 0x5a, 0x80, 0x4a, 0x40, 0x1e, 0x86, 0x54, 0x40, 0x00,
  0x86, 0x51, 0x40, 0x14, 0x90, 0x48, 0x5a, 0x00, 0x90, 0x51, 0x78, 0x00,
  0x90, 0x54, 0x78, 0x00, 0x99, 0x2e, 0x64, 0x00, 0x99, 0x3b, 0x78, 0x0a,
  0x89, 0x2e, 0x40, 0x00, 0x89, 0x3b, 0x40, 0x81, 0x16, 0x80, 0x54, 0x40,
  0x00, 0x80, 0x48, 0x40, 0x00, 0x80, 0x51, 0x40, 0x81, 0x20, 0x90, 0x47,
  0x5a, 0x00, 0x90, 0x4f, 0x6e, 0x00, 0x90, 0x53, 0x6e, 0x0a, 0x99, 0x2a,
  0x46, 0x0a, 0x89, 0x2a, 0x40, 0x81, 0x0c, 0x96, 0x4f, 0x6e, 0x00, 0x96,
  0x53, 0x6e, 0x00, 0x99, 0x2a, 0x64, 0x00, 0x99, 0x3b, 0x78, 0x0a, 0x89,
  0x2a, 0x40, 0x00, 0x89, 0x3b, 0x40, 0x81, 0x02, 0x86, 0x53, 0x40, 0x00,
  0x86, 0x4f, 0x40, 0x0a, 0x80, 0x47, 0x40, 0x00, 0x80, 0x53, 0x40, 0x00,
  0x80, 0x4f, 0x40, 0x0a, 0x90, 0x3e, 0x5a, 0x00, 0x90, 0x4a, 0x64, 0x00,
  0x96, 0x4a, 0x6e, 0x81, 0x0c, 0x80, 0x3e, 0x40, 0x00, 0x86, 0x4a, 0x40,
  0x00, 0x80, 0x4a, 0x40, 0x14, 0x90, 0x43, 0x5a, 0x00, 0x90, 0x4f, 0x69,
  0x00, 0x96, 0x4f, 0x6e, 0x0a, 0x99, 0x2a, 0x46, 0x0a, 0x89, 0x2a, 0x40,
  0x78, 0x86, 0x4f, 0x40, 0x00, 0x80, 0x43, 0x40, 0x00, 0x80, 0x4f, 0x40,
  0x14, 0x90, 0x47, 0x5a, 0x00, 0x90, 0x53, 0x73, 0x00, 0x91, 0x21, 0x69,
  0x00, 0x96, 0x53, 0x6e, 0x00, 0x99, 0x2e, 0x64, 0x00, 0x99, 0x3b, 0x78,
  0x0a, 0x89, 0x2e, 0x40, 0x00, 0x89, 0x3b, 0x40, 0x81, 0x02, 0x80, 0x53,
  0x40, 0x00, 0x86, 0x53, 0x40, 0x00, 0x80, 0x47, 0x40, 0x14, 0x90, 0x45,
  0x5a, 0x00, 0x90, 0x51, 0x6e, 0x00, 0x96, 0x51, 0x6e, 0x81, 0x0c, 0x80,
  0x45, 0x40, 0x00, 0x86, 0x51, 0x40, 0x00, 0x80, 0x51, 0x40, 0x14, 0x90,
  0x43, 0x5a, 0x00, 0x90, 0x4f, 0x6e, 0x00, 0x96, 0x4f, 0x6e, 0x0a, 0x99,
  0x2a, 0x46, 0x0a, 0x89, 0x2a, 0x40, 0x3c, 0x81, 0x21, 0x40, 0x28, 0x80,
  0x26, 0x40, 0x14, 0x80, 0x4f, 0x40, 0x00, 0x80, 0x43, 0x40, 0x00, 0x86,
  0x4f, 0x40, 0x14, 0x90, 0x45, 0x5a, 0x00, 0x90, 0x51, 0x6e, 0x00, 0x90,
  0x4e, 0x6e, 0x00, 0x91, 0x26, 0x73, 0x00, 0x96, 0x4e, 0x6e, 0x00, 0x96,
  0x51, 0x6e, 0x00, 0x99, 0x2a, 0x64, 0x00, 0x99, 0x3b, 0x78, 0x0a, 0x89,
  0x2a, 0x40, 0x00, 0x89, 0x3b, 0x40, 0x82, 0x22, 0x80, 0x4e, 0x40, 0x00,
  0x80, 0x51, 0x40, 0x00, 0x80, 0x45, 0x40, 0x1e, 0x90, 0x4a, 0x64, 0x00,
  0x99, 0x2a, 0x46, 0x0a, 0x89, 0x2a, 0x40, 0x5a, 0x80, 0x4a, 0x40, 0x1e,
  0x86, 0x51, 0x40, 0x00, 0x86, 0x4e, 0x40, 0x14, 0x90, 0x45, 0x5a, 0x00,
  0x90, 0x4e, 0x6e, 0x00, 0x90, 0x51, 0x6e, 0x00, 0x99, 0x2e, 0x64, 0x00,
  0x99, 0x3b, 0x78, 0x0a, 0x89, 0x2e, 0x40, 0x00, 0x89, 0x3b, 0x40, 0x82,
  0x22, 0x80, 0x51, 0x40, 0x00, 0x80, 0x45, 0x40, 0x00, 0x80, 0x4e, 0x40,
  0x1e, 0x90, 0x4a, 0x64, 0x00, 0x99, 0x2a, 0x46, 0x0a, 0x89, 0x2a, 0x40,
  0x5a, 0x80, 0x4a, 0x40, 0x32, 0x90, 0x47, 0x5a, 0x00, 0x90, 0x53, 0x6e,
  0x00, 0x90, 0x4f, 0x6e, 0x00, 0x96, 0x4f, 0x6e, 0x00, 0x96, 0x53, 0x6e,
  0x00, 0x99, 0x2a, 0x64, 0x00, 0x99, 0x3b, 0x78, 0x0a, 0x89, 0x2a, 0x40,
  0x00, 0x89, 0x3b, 0x40, 0x82, 0x22, 0x80, 0x53, 0x40, 0x00, 0x80, 0x4f,
  0x40, 0x00, 0x80, 0x47, 0x40, 0x1e, 0x90, 0x4a, 0x64, 0x00, 0x99, 0x2a,
  0x46, 0x0a, 0x89, 0x2a, 0x40, 0x5a, 0x80, 0x4a, 0x40, 0x1e, 0x86, 0x53,
  0x40, 0x00, 0x86, 0x4f, 0x40, 0x14, 0x90, 0x47, 0x5a, 0x00, 0x90, 0x4f,
  0x6e, 0x00, 0x90, 0x53, 0x6e, 0x00, 0x99, 0x2e, 0x64, 0x00, 0x99, 0x3b,
  0x78, 0x0a, 0x89, 0x2e, 0x40, 0x00, 0x89, 0x3b, 0x40, 0x82, 0x22, 0x80,
  0x53, 0x40, 0x00, 0x80, 0x47, 0x40, 0x00, 0x80, 0x4f, 0x40, 0x1e, 0x90,
  0x4a, 0x64, 0x00, 0x99, 0x2a, 0x46, 0x0a, 0x89, 0x2a, 0x40, 0x5a, 0x80,
  0x4a, 0x40, 0x32, 0x90, 0x48, 0x5a, 0x00, 0x90, 0x51, 0x6e, 0x00, 0x90,
  0x54, 0x6e, 0x00, 0x96, 0x51, 0x6e, 0x00, 0x96, 0x54, 0x6e, 0x00, 0x99,
  0x2a, 0x64, 0x00, 0x99, 0x3b, 0x78, 0x0a, 0x89, 0x2a, 0x40, 0x00, 0x89,
  0x3b, 0x40, 0x82, 0x22, 0x80, 0x51, 0x40, 0x00, 0x80, 0x54, 0x40, 0x00,
  0x80, 0x48, 0x40, 0x1e, 0x90, 0x4a, 0x64, 0x00, 0x99, 0x2a, 0x46, 0x0a,
  0x89, 0x2a, 0x40, 0x5a, 0x80, 0x4a, 0x40, 0x1e, 0x86, 0x54, 0x40, 0x00,
  0x86, 0x51, 0x40, 0x14, 0x90, 0x48, 0x5a, 0x00, 0x90, 0x51, 0x78, 0x00,
  0x90, 0x54, 0x78, 0x00, 0x99, 0x2e, 0x64, 0x00, 0x99, 0x3b, 0x78, 0x0a,
  0x89, 0x2e, 0x40, 0x00, 0x89, 0x3b, 0x40, 0x81, 0x16, 0x80, 0x54, 0x40,
  0x00, 0x80, 0x48, 0x40, 0x00, 0x80, 0x51, 0x40, 0x81, 0x20, 0x90, 0x47,
  0x5a, 0x00, 0x90, 0x4f, 0x6e, 0x00, 0x90, 0x53, 0x6e, 0x0a, 0x99, 0x2a,
  0x46, 0x0a, 0x89, 0x2a, 0x40, 0x81, 0x0c, 0x96, 0x4f, 0x6e, 0x00, 0x96,
  0x53, 0x6e, 0x00, 0x97, 0x47, 0x6e, 0x00, 0x99, 0x2a, 0x64, 0x0a, 0x89,
  0x2a, 0x40, 0x81, 0x02, 0x86, 0x4f, 0x40, 0x00, 0x86, 0x53, 0x40, 0x0a,
  0x80, 0x4f, 0x40, 0x00, 0x80, 0x47, 0x40, 0x00, 0x80, 0x53, 0x40, 0x00,
  0x87, 0x47, 0x40, 0x0a, 0x90, 0x3e, 0x5a, 0x00, 0x90, 0x4a, 0x64, 0x00,
  0x97, 0x3e, 0x6e, 0x00, 0x96, 0x4a, 0x6e, 0x00, 0x99, 0x26, 0x64, 0x0a,
  0x89, 0x26, 0x40, 0x81, 0x02, 0x80, 0x4a, 0x40, 0x00, 0x86, 0x4a, 0x40,
  0x00, 0x80, 0x3e, 0x40, 0x0a, 0x87, 0x3e, 0x40, 0x0a, 0x90, 0x43, 0x5a,
  0x00, 0x90, 0x4f, 0x69, 0x00, 0x96, 0x4f, 0x6e, 0x00, 0x97, 0x43, 0x6e,
  0x00, 0x99, 0x26, 0x50, 0x0a, 0x89, 0x26, 0x40, 0x00, 0x99, 0x2a, 0x46,
  0x0a, 0x89, 0x2a, 0x40, 0x3c, 0x81, 0x26, 0x40, 0x3c, 0x87, 0x43, 0x40,
  0x00, 0x86, 0x4f, 0x40, 0x00, 0x80, 0x4f, 0x40, 0x00, 0x80, 0x43, 0x40,
  0x14, 0x90, 0x47, 0x5a, 0x00, 0x90, 0x53, 0x73, 0x00, 0x91, 0x21, 0x69,
  0x00, 0x97, 0x47, 0x6e, 0x00, 0x96, 0x53, 0x6e, 0x00, 0x99, 0x2a, 0x64,
  0x00, 0x99, 0x32, 0x6e, 0x0a, 0x89, 0x2a, 0x40, 0x00, 0x89, 0x32, 0x40,
  0x81, 0x02, 0x80, 0x53, 0x40, 0x00, 0x86, 0x53, 0x40, 0x00, 0x80, 0x47,
  0x40, 0x0a, 0x87, 0x47, 0x40, 0x0a, 0x90, 0x45, 0x5a, 0x00, 0x90, 0x51,
  0x6e, 0x00, 0x96, 0x51, 0x6e, 0x00, 0x97, 0x45, 0x6e, 0x00, 0x99, 0x2f,
  0x64, 0x0a, 0x89, 0x2f, 0x40, 0x81, 0x02, 0x80, 0x51, 0x40, 0x00, 0x86,
  0x51, 0x40, 0x00, 0x80, 0x45, 0x40, 0x0a, 0x87, 0x45, 0x40, 0x0a, 0x90,
  0x43, 0x5a, 0x00, 0x90, 0x4f, 0x6e, 0x00, 0x97, 0x43, 0x6e, 0x00, 0x96,
  0x4f, 0x6e, 0x00, 0x99, 0x2b, 0x64, 0x0a, 0x89, 0x2b, 0x40, 0x00, 0x99,
  0x2a, 0x46, 0x0a, 0x89, 0x2a, 0x40, 0x3c, 0x81, 0x21, 0x40, 0x3c, 0x86,
  0x4f, 0x40, 0x00, 0x87, 0x43, 0x40, 0x00, 0x80, 0x4f, 0x40, 0x00, 0x80,
  0x43, 0x40, 0x14, 0x90, 0x45, 0x5a, 0x00, 0x90, 0x51, 0x6e, 0x00, 0x90,
  0x4e, 0x6e, 0x00, 0x91, 0x26, 0x64, 0x00, 0x93, 0x39, 0x64, 0x00, 0x93,
  0x36, 0x64, 0x00, 0x94, 0x26, 0x6e, 0x00, 0x96, 0x4e, 0x6e, 0x00, 0x96,
  0x51, 0x6e, 0x00, 0x97, 0x42, 0x5a, 0x00, 0x97, 0x39, 0x5a, 0x00, 0x99,
  0x24, 0x6e, 0x00, 0x99, 0x2a, 0x64, 0x00, 0x99, 0x3b, 0x78, 0x0a, 0x89,
  0x24, 0x40, 0x00, 0x89, 0x2a, 0x40, 0x00, 0x89, 0x3b, 0x40, 0x5a, 0x83,
  0x36, 0x40, 0x00, 0x83, 0x39, 0x40, 0x00, 0x84, 0x26, 0x40, 0x81, 0x20,
  0x81, 0x26, 0x40, 0x28, 0x80, 0x51, 0x40, 0x00, 0x80, 0x45, 0x40, 0x00,
  0x80, 0x4e, 0x40, 0x1e, 0x90, 0x4a, 0x64, 0x00, 0x91, 0x26, 0x5a, 0x00,
  0x99, 0x2a, 0x46, 0x0a, 0x89, 0x2a, 0x40, 0x5a, 0x81, 0x26, 0x40, 0x00,
  0x80, 0x4a, 0x40, 0x1e, 0x86, 0x51, 0x40, 0x00, 0x86, 0x4e, 0x40, 0x14,
  0x90, 0x45, 0x5a, 0x00, 0x90, 0x4e, 0x6e, 0x00, 0x90, 0x51, 0x6e, 0x00,
  0x91, 0x26, 0x64, 0x00, 0x94, 0x26, 0x64, 0x00, 0x93, 0x39, 0x73, 0x00,
  0x93, 0x36, 0x73, 0x00, 0x99, 0x2a, 0x64, 0x00, 0x99, 0x26, 0x64, 0x00,
  0x99, 0x3b, 0x78, 0x00, 0x99, 0x36, 0x64, 0x0a, 0x89, 0x2a, 0x40, 0x00,
  0x89, 0x26, 0x40, 0x00, 0x89, 0x3b, 0x40, 0x00, 0x89, 0x36, 0x40, 0x81,
  0x16, 0x84, 0x26, 0x40, 0x64, 0x81, 0x26, 0x40, 0x28, 0x80, 0x51, 0x40,
  0x00, 0x80, 0x45, 0x40, 0x00, 0x80, 0x4e, 0x40, 0x1e, 0x90, 0x4a, 0x64,
  0x00, 0x91, 0x26, 0x5a, 0x00, 0x99, 0x2a, 0x46, 0x0a, 0x83, 0x36, 0x40,
  0x00, 0x83, 0x39, 0x40, 0x00, 0x89, 0x2a, 0x40, 0x5a, 0x80, 0x4a, 0x40,
  0x00, 0x81, 0x26, 0x40, 0x1e, 0x87, 0x42, 0x40, 0x00, 0x87, 0x39, 0x40,
  0x14, 0x90, 0x47, 0x5a, 0x00, 0x90, 0x53, 0x6e, 0x00, 0x90, 0x4f, 0x6e,
  0x00, 0x91, 0x26, 0x64, 0x00, 0x93, 0x3b, 0x64, 0x00, 0x93, 0x37, 0x64,
  0x00, 0x94, 0x26, 0x6e, 0x00, 0x99, 0x24, 0x6e, 0x00, 0x97, 0x43, 0x5a,
  0x00, 0x97, 0x3b, 0x5a, 0x00, 0x96, 0x4f, 0x6e, 0x00, 0x96, 0x53, 0x6e,
  0x00, 0x99, 0x2a, 0x64, 0x00, 0x99, 0x3b, 0x78, 0x0a, 0x89, 0x24, 0x40,
  0x00, 0x89, 0x2a, 0x40, 0x00, 0x89, 0x3b, 0x40, 0x5a, 0x83, 0x3b, 0x40,
  0x00, 0x83, 0x37, 0x40, 0x00, 0x84, 0x26, 0x40, 0x81, 0x20, 0x81, 0x26,
  0x40, 0x28, 0x80, 0x53, 0x40, 0x00, 0x80, 0x47, 0x40, 0x00, 0x80, 0x4f,
  0x40, 0x1e, 0x90, 0x4a, 0x64, 0x00, 0x91, 0x26, 0x5a, 0x00, 0x99, 0x2a,
  0x46, 0x0a, 0x89, 0x2a, 0x40, 0x5a, 0x81, 0x26, 0x40, 0x00, 0x80, 0x4a,
  0x40, 0x1e, 0x86, 0x53, 0x40, 0x00, 0x86, 0x4f, 0x40, 0x14, 0x90, 0x47,
  0x5a, 0x00, 0x90, 0x4f, 0x6e, 0x00, 0x90, 0x53, 0x6e, 0x00, 0x91, 0x26,
  0x64, 0x00, 0x94, 0x26, 0x64, 0x00, 0x93, 0x3b, 0x73, 0x00, 0x93, 0x37,
  0x73, 0x00, 0x99, 0x2a, 0x64, 0x00, 0x99, 0x26, 0x64, 0x00, 0x99, 0x3b,
  0x78, 0x00, 0x99, 0x36, 0x64, 0x0a, 0x89, 0x2a, 0x40, 0x00, 0x89, 0x26,
  0x40, 0x00, 0x89, 0x3b, 0x40, 0x00, 0x89, 0x36, 0x40, 0x81, 0x16, 0x84,
  0x26, 0x40, 0x64, 0x81, 0x26, 0x40, 0x28, 0x80, 0x53, 0x40, 0x00, 0x80,
  0x47, 0x40, 0x00, 0x80, 0x4f, 0x40, 0x1e, 0x90, 0x4a, 0x64, 0x00, 0x91,
  0x26, 0x5a, 0x00, 0x99, 0x2a, 0x46, 0x0a, 0x83, 0x37, 0x40, 0x00, 0x83,
  0x3b, 0x40, 0x00, 0x89, 0x2a, 0x40, 0x5a, 0x80, 0x4a, 0x40, 0x00, 0x81,
  0x26, 0x40, 0x1e, 0x87, 0x3b, 0x40, 0x00, 0x87, 0x43, 0x40, 0x14, 0x90,
  0x48, 0x5a, 0x00, 0x90, 0x51, 0x6e, 0x00, 0x90, 0x54, 0x6e, 0x00, 0x91,
  0x26, 0x64, 0x00, 0x93, 0x3c, 0x64, 0x00, 0x93, 0x39, 0x64, 0x00, 0x94,
  0x26, 0x6e, 0x00, 0x96, 0x51, 0x6e, 0x00, 0x96, 0x54, 0x6e, 0x00, 0x97,
  0x45, 0x5a, 0x00, 0x97, 0x3c, 0x5a, 0x00, 0x99, 0x24, 0x6e, 0x00, 0x99,
  0x2a, 0x64, 0x00, 0x99, 0x3b, 0x78, 0x0a, 0x89, 0x24, 0x40, 0x00, 0x89,
  0x2a, 0x40, 0x00, 0x89, 0x3b, 0x40, 0x5a, 0x83, 0x39, 0x40, 0x00, 0x83,
  0x3c, 0x40, 0x00, 0x84, 0x26, 0x40, 0x81, 0x20, 0x81, 0x26, 0x40, 0x28,
  0x80, 0x51, 0x40, 0x00, 0x80, 0x48, 0x40, 0x00, 0x80, 0x54, 0x40, 0x1e,
  0x90, 0x4a, 0x64, 0x00, 0x91, 0x26, 0x5a, 0x00, 0x99, 0x2a, 0x46, 0x0a,
  0x89, 0x2a, 0x40, 0x5a, 0x81, 0x26, 0x40, 0x00, 0x80, 0x4a, 0x40, 0x1e,
  0x86, 0x54, 0x40, 0x00, 0x86, 0x51, 0x40, 0x14, 0x90, 0x48, 0x5a, 0x00,
  0x90, 0x51, 0x78, 0x00, 0x90, 0x54, 0x78, 0x00, 0x91, 0x26, 0x64, 0x00,
  0x94, 0x26, 0x64, 0x00, 0x93, 0x3c, 0x69, 0x00, 0x93, 0x39, 0x69, 0x00,
  0x99, 0x2a, 0x64, 0x00, 0x99, 0x26, 0x64, 0x00, 0x99, 0x3b, 0x78, 0x00,
  0x99, 0x36, 0x64, 0x0a, 0x89, 0x2a, 0x40, 0x00, 0x89, 0x26, 0x40, 0x00,
  0x89, 0x3b, 0x40, 0x00, 0x89, 0x36, 0x40, 0x81, 0x16, 0x80, 0x54, 0x40,
  0x00, 0x84, 0x26, 0x40, 0x00, 0x80, 0x48, 0x40, 0x00, 0x80, 0x51, 0x40,
  0x64, 0x83, 0x3c, 0x40, 0x00, 0x83, 0x39, 0x40, 0x00, 0x81, 0x26, 0x40,
  0x3c, 0x90, 0x47, 0x5a, 0x00, 0x90, 0x4f, 0x6e, 0x00, 0x90, 0x53, 0x6e,
  0x00, 0x93, 0x37, 0x73, 0x00, 0x93, 0x3b, 0x73, 0x0a, 0x91, 0x26, 0x5a,
  0x00, 0x99, 0x2a, 0x46, 0x0a, 0x89, 0x2a, 0x40, 0x50, 0x83, 0x37, 0x40,
  0x00, 0x83, 0x3b, 0x40, 0x0a, 0x81, 0x26, 0x40, 0x1e, 0x87, 0x45, 0x40,
  0x00, 0x87, 0x3c, 0x40, 0x14, 0x91, 0x26, 0x64, 0x00, 0x94, 0x26, 0x6e,
  0x00, 0x99, 0x24, 0x6e, 0x00, 0x97, 0x43, 0x5a, 0x00, 0x97, 0x3b, 0x5a,
  0x00, 0x96, 0x4f, 0x6e, 0x00, 0x96, 0x53, 0x6e, 0x00, 0x99, 0x2a, 0x64,
  0x00, 0x99, 0x3b, 0x78, 0x0a, 0x89, 0x24, 0x40, 0x00, 0x89, 0x2a, 0x40,
  0x00, 0x89, 0x3b, 0x40, 0x5a, 0x84, 0x26, 0x40, 0x28, 0x86, 0x4f, 0x40,
  0x00, 0x86, 0x53, 0x40, 0x0a, 0x80, 0x4f, 0x40, 0x00, 0x80, 0x53, 0x40,
  0x00, 0x80, 0x47, 0x40, 0x0a, 0x90, 0x3e, 0x5a, 0x00, 0x90, 0x4a, 0x64,
  0x00, 0x96, 0x4a, 0x6e, 0x64, 0x81, 0x26, 0x40, 0x28, 0x80, 0x3e, 0x40,
  0x00, 0x80, 0x4a, 0x40, 0x00, 0x86, 0x4a, 0x40, 0x14, 0x90, 0x43, 0x5a,
  0x00, 0x90, 0x4f, 0x69, 0x00, 0x93, 0x39, 0x6e, 0x00, 0x93, 0x3c, 0x6e,
  0x00, 0x96, 0x4f, 0x6e, 0x0a, 0x91, 0x26, 0x5a, 0x00, 0x99, 0x2a, 0x46,
  0x0a, 0x89, 0x2a, 0x40, 0x50, 0x83, 0x39, 0x40, 0x00, 0x83, 0x3c, 0x40,
  0x0a, 0x81, 0x26, 0x40, 0x1e, 0x80, 0x43, 0x40, 0x00, 0x80, 0x4f, 0x40,
  0x00, 0x86, 0x4f, 0x40, 0x14, 0x90, 0x47, 0x5a, 0x00, 0x90, 0x53, 0x73,
  0x00, 0x91, 0x21, 0x64, 0x00, 0x93, 0x37, 0x73, 0x00, 0x93, 0x3b, 0x73,
  0x00, 0x94, 0x21, 0x6e, 0x00, 0x96, 0x53, 0x6e, 0x00, 0x99, 0x2a, 0x64,
  0x00, 0x99, 0x26, 0x64, 0x00, 0x99, 0x3b, 0x78, 0x00, 0x99, 0x36, 0x64,
  0x0a, 0x89, 0x2a, 0x40, 0x00, 0x89, 0x26, 0x40, 0x00, 0x89, 0x3b, 0x40,
  0x00, 0x89, 0x36, 0x40, 0x81, 0x02, 0x83, 0x37, 0x40, 0x00, 0x86, 0x53,
  0x40, 0x00, 0x80, 0x47, 0x40, 0x00, 0x83, 0x3b, 0x40, 0x00, 0x80, 0x53,
  0x40, 0x14, 0x90, 0x45, 0x5a, 0x00, 0x90, 0x51, 0x6e, 0x00, 0x96, 0x51,
  0x6e, 0x81, 0x0c, 0x80, 0x45, 0x40, 0x00, 0x86, 0x51, 0x40, 0x00, 0x80,
  0x51, 0x40, 0x14, 0x90, 0x43, 0x5a, 0x00, 0x90, 0x4f, 0x6e, 0x00, 0x96,
  0x4f, 0x6e, 0x0a, 0x99, 0x2a, 0x46, 0x0a, 0x89, 0x2a, 0x40, 0x3c, 0x81,
  0x21, 0x40, 0x00, 0x84, 0x21, 0x40, 0x3c, 0x80, 0x4f, 0x40, 0x00, 0x80,
  0x43, 0x40, 0x00, 0x86, 0x4f, 0x40, 0x00, 0x87, 0x43, 0x40, 0x14, 0x90,
  0x45, 0x5a, 0x00, 0x90, 0x51, 0x6e, 0x00, 0x90, 0x4e, 0x6e, 0x00, 0x91,
  0x26, 0x64, 0x00, 0x94, 0x26, 0x6e, 0x00, 0x93, 0x39, 0x64, 0x00, 0x93,
  0x36, 0x64, 0x00, 0x96, 0x4e, 0x6e, 0x00, 0x96, 0x51, 0x6e, 0x00, 0x97,
  0x42, 0x5a, 0x00, 0x97, 0x39, 0x5a, 0x00, 0x99, 0x24, 0x6e, 0x00, 0x99,
  0x2a, 0x64, 0x00, 0x99, 0x3b, 0x78, 0x0a, 0x89, 0x24, 0x40, 0x00, 0x89,
  0x2a, 0x40, 0x00, 0x89, 0x3b, 0x40, 0x5a, 0x83, 0x36, 0x40, 0x00, 0x83,
  0x39, 0x40, 0x00, 0x84, 0x26, 0x40, 0x3c, 0x87, 0x3b, 0x40, 0x64, 0x81,
  0x26, 0x40, 0x28, 0x80, 0x51, 0x40, 0x00, 0x80, 0x4e, 0x40, 0x00, 0x80,
  0x45, 0x40, 0x1e, 0x90, 0x4a, 0x64, 0x00, 0x91, 0x26, 0x5a, 0x00, 0x99,
  0x2a, 0x46, 0x0a, 0x89, 0x2a, 0x40, 0x5a, 0x81, 0x26, 0x40, 0x00, 0x80,
  0x4a, 0x40, 0x1e, 0x86, 0x4e, 0x40, 0x00, 0x86, 0x51, 0x40, 0x14, 0x90,
  0x45, 0x5a, 0x00, 0x90, 0x4e, 0x6e, 0x00, 0x90, 0x51, 0x6e, 0x00, 0x91,
  0x26, 0x64, 0x00, 0x93, 0x39, 0x73, 0x00, 0x93, 0x36, 0x73, 0x00, 0x94,
  0x26, 0x64, 0x00, 0x99, 0x2a, 0x64, 0x00, 0x99, 0x26, 0x64, 0x00, 0x99,
  0x3b, 0x78, 0x00, 0x99, 0x36, 0x64, 0x0a, 0x89, 0x2a, 0x40, 0x00, 0x89,
  0x26, 0x40, 0x00, 0x89, 0x3b, 0x40, 0x00, 0x89, 0x36, 0x40, 0x81, 0x16,
  0x84, 0x26, 0x40, 0x64, 0x81, 0x26, 0x40, 0x28, 0x80, 0x4e, 0x40, 0x00,
  0x80, 0x51, 0x40, 0x00, 0x80, 0x45, 0x40, 0x1e, 0x90, 0x4a, 0x64, 0x00,
  0x91, 0x26, 0x5a, 0x00, 0x99, 0x2a, 0x46, 0x0a, 0x83, 0x39, 0x40, 0x00,
  0x83, 0x36, 0x40, 0x00, 0x89, 0x2a, 0x40, 0x5a, 0x80, 0x4a, 0x40, 0x00,
  0x81, 0x26, 0x40, 0x1e, 0x87, 0x42, 0x40, 0x14, 0x90, 0x47, 0x5a, 0x00,
  0x90, 0x53, 0x6e, 0x00, 0x90, 0x4f, 0x6e, 0x00, 0x91, 0x26, 0x64, 0x00,
  0x94, 0x26, 0x6e, 0x00, 0x93, 0x3b, 0x64, 0x00, 0x93, 0x37, 0x64, 0x00,
  0x99, 0x24, 0x6e, 0x00, 0x97, 0x43, 0x5a, 0x00, 0x97, 0x3b, 0x5a, 0x00,
  0x96, 0x4f, 0x6e, 0x00, 0x96, 0x53, 0x6e, 0x00, 0x99, 0x2a, 0x64, 0x00,
  0x99, 0x3b, 0x78, 0x0a, 0x89, 0x24, 0x40, 0x00, 0x89, 0x2a, 0x40, 0x00,
  0x89, 0x3b, 0x40, 0x5a, 0x84, 0x26, 0x40, 0x00, 0x83, 0x37, 0x40, 0x00,
  0x83, 0x3b, 0x40, 0x3c, 0x87, 0x39, 0x40, 0x64, 0x81, 0x26, 0x40, 0x28,
  0x80, 0x4f, 0x40, 0x00, 0x80, 0x47, 0x40, 0x00, 0x80, 0x53, 0x40, 0x1e,
  0x90, 0x4a, 0x64, 0x00, 0x91, 0x26, 0x5a, 0x00, 0x99, 0x2a, 0x46, 0x0a,
  0x89, 0x2a, 0x40, 0x5a, 0x81, 0x26, 0x40, 0x00, 0x80, 0x4a, 0x40, 0x1e,
  0x86, 0x53, 0x40, 0x00, 0x86, 0x4f, 0x40, 0x14, 0x90, 0x47, 0x5a, 0x00,
  0x90, 0x4f, 0x6e, 0x00, 0x90, 0x53, 0x6e, 0x00, 0x91, 0x26, 0x64, 0x00,
  0x93, 0x3b, 0x73, 0x00, 0x93, 0x37, 0x73, 0x00, 0x94, 0x26, 0x64, 0x00,
  0x99, 0x2a, 0x64, 0x00, 0x99, 0x26, 0x64, 0x00, 0x99, 0x3b, 0x78, 0x00,
  0x99, 0x36, 0x64, 0x0a, 0x89, 0x2a, 0x40, 0x00, 0x89, 0x26, 0x40, 0x00,
  0x89, 0x3b, 0x40, 0x00, 0x89, 0x36, 0x40, 0x81, 0x16, 0x84, 0x26, 0x40,
  0x64, 0x81, 0x26, 0x40, 0x28, 0x80, 0x4f, 0x40, 0x00, 0x80, 0x53, 0x40,
  0x00, 0x80, 0x47, 0x40, 0x1e, 0x90, 0x4a, 0x64, 0x00, 0x91, 0x26, 0x5a,
  0x00, 0x99, 0x2a, 0x46, 0x0a, 0x83, 0x3b, 0x40, 0x00, 0x83, 0x37, 0x40,
  0x00, 0x89, 0x2a, 0x40, 0x5a, 0x80, 0x4a, 0x40, 0x00, 0x81, 0x26, 0x40,
  0x1e, 0x87, 0x43, 0x40, 0x00, 0x87, 0x3b, 0x40, 0x14, 0x90, 0x48, 0x5a,
  0x00, 0x90, 0x51, 0x6e, 0x00, 0x90, 0x54, 0x6e, 0x00, 0x91, 0x26, 0x64,
  0x00, 0x94, 0x26, 0x6e, 0x00, 0x93, 0x3c, 0x64, 0x00, 0x93, 0x39, 0x64,
  0x00, 0x96, 0x51, 0x6e, 0x00, 0x96, 0x54, 0x6e, 0x00, 0x97, 0x45, 0x5a,
  0x00, 0x97, 0x3c, 0x5a, 0x00, 0x99, 0x24, 0x6e, 0x00, 0x99, 0x2a, 0x64,
  0x00, 0x99, 0x3b, 0x78, 0x0a, 0x89, 0x24, 0x40, 0x00, 0x89, 0x2a, 0x40,
  0x00, 0x89, 0x3b, 0x40, 0x5a, 0x83, 0x3c, 0x40, 0x00, 0x84, 0x26, 0x40,
  0x00, 0x83, 0x39, 0x40, 0x81, 0x20, 0x81, 0x26, 0x40, 0x28, 0x80, 0x51,
  0x40, 0x00, 0x80, 0x48, 0x40, 0x00, 0x80, 0x54, 0x40, 0x1e, 0x90, 0x4a,
  0x64, 0x00, 0x91, 0x26, 0x5a, 0x00, 0x99, 0x2a, 0x46, 0x0a, 0x89, 0x2a,
  0x40, 0x5a, 0x81, 0x26, 0x40, 0x00, 0x80, 0x4a, 0x40, 0x1e, 0x86, 0x54,
  0x40, 0x00, 0x86, 0x51, 0x40, 0x14, 0x90, 0x48, 0x5a, 0x00, 0x90, 0x51,
  0x78, 0x00, 0x90, 0x54, 0x78, 0x00, 0x91, 0x26, 0x64, 0x00, 0x93, 0x3c,
  0x69, 0x00, 0x93, 0x39, 0x69, 0x00, 0x94, 0x26, 0x64, 0x00, 0x99, 0x2a,
  0x64, 0x00, 0x99, 0x26, 0x64, 0x00, 0x99, 0x3b, 0x6e, 0x00, 0x99, 0x36,
  0x64, 0x0a, 0x89, 0x2a, 0x40, 0x00, 0x89, 0x26, 0x40, 0x00, 0x89, 0x3b,
  0x40, 0x00, 0x89, 0x36, 0x40, 0x81, 0x16, 0x80, 0x54, 0x40, 0x00, 0x84,
  0x26, 0x40, 0x00, 0x80, 0x48, 0x40, 0x00, 0x80, 0x51, 0x40, 0x64, 0x81,
  0x26, 0x40, 0x00, 0x83, 0x39, 0x40, 0x00, 0x83, 0x3c, 0x40, 0x3c, 0x90,
  0x47, 0x5a, 0x00, 0x90, 0x4f, 0x6e, 0x00, 0x90, 0x53, 0x6e, 0x00, 0x93,
  0x37, 0x73, 0x00, 0x93, 0x3b, 0x73, 0x0a, 0x91, 0x26, 0x5a, 0x00, 0x99,
  0x2a, 0x46, 0x0a, 0x89, 0x2a, 0x40, 0x50, 0x83, 0x37, 0x40, 0x00, 0x83,
  0x3b, 0x40, 0x0a, 0x81, 0x26, 0x40, 0x1e, 0x87, 0x45, 0x40, 0x00, 0x87,
  0x3c, 0x40, 0x14, 0x91, 0x26, 0x64, 0x00, 0x94, 0x26, 0x6e, 0x00, 0x99,
  0x24, 0x6e, 0x00, 0x97, 0x43, 0x5a, 0x00, 0x97, 0x3b, 0x5a, 0x00, 0x96,
  0x4f, 0x6e, 0x00, 0x96, 0x53, 0x6e, 0x00, 0x99, 0x2a, 0x64, 0x00, 0x99,
  0x3b, 0x78, 0x0a, 0x89, 0x24, 0x40, 0x00, 0x89, 0x2a, 0x40, 0x00, 0x89,
  0x3b, 0x40, 0x5a, 0x84, 0x26, 0x40, 0x28, 0x86, 0x4f, 0x40, 0x00, 0x86,
  0x53, 0x40, 0x0a, 0x80, 0x4f, 0x40, 0x00, 0x80, 0x53, 0x40, 0x00, 0x80,
  0x47, 0x40, 0x0a, 0x90, 0x3e, 0x5a, 0x00, 0x90, 0x4a, 0x64, 0x00, 0x96,
  0x4a, 0x6e, 0x64, 0x81, 0x26, 0x40, 0x28, 0x80, 0x3e, 0x40, 0x00, 0x80,
  0x4a, 0x40, 0x00, 0x86, 0x4a, 0x40, 0x14, 0x90, 0x43, 0x5a, 0x00, 0x90,
  0x4f, 0x69, 0x00, 0x93, 0x39, 0x6e, 0x00, 0x93, 0x3c, 0x6e, 0x00, 0x96,
  0x4f, 0x6e, 0x0a, 0x91, 0x26, 0x5a, 0x00, 0x99, 0x2a, 0x46, 0x0a, 0x89,
  0x2a, 0x40, 0x50, 0x83, 0x39, 0x40, 0x00, 0x83, 0x3c, 0x40, 0x0a, 0x81,
  0x26, 0x40, 0x1e, 0x80, 0x43, 0x40, 0x00, 0x80, 0x4f, 0x40, 0x00, 0x86,
  0x4f, 0x40, 0x14, 0x90, 0x47, 0x5a, 0x00, 0x90, 0x53, 0x73, 0x00, 0x91,
  0x21, 0x64, 0x00, 0x93, 0x3b, 0x73, 0x00, 0x93, 0x37, 0x73, 0x00, 0x94,
  0x21, 0x6e, 0x00, 0x96, 0x53, 0x6e, 0x00, 0x99, 0x2a, 0x64, 0x00, 0x99,
  0x26, 0x5a, 0x00, 0x99, 0x3b, 0x78, 0x00, 0x99, 0x36, 0x64, 0x0a, 0x89,
  0x2a, 0x40, 0x00, 0x89, 0x26, 0x40, 0x00, 0x89, 0x3b, 0x40, 0x00, 0x89,
  0x36, 0x40, 0x81, 0x02, 0x86, 0x53, 0x40, 0x00, 0x80, 0x47, 0x40, 0x00,
  0x80, 0x53, 0x40, 0x14, 0x90, 0x45, 0x5a, 0x00, 0x90, 0x51, 0x6e, 0x00,
  0x96, 0x51, 0x6e, 0x00, 0x99, 0x26, 0x6e, 0x0a, 0x89, 0x26, 0x40, 0x81,
  0x02, 0x80, 0x45, 0x40, 0x00, 0x86, 0x51, 0x40, 0x00, 0x80, 0x51, 0x40,
  0x14, 0x90, 0x43, 0x5a, 0x00, 0x90, 0x4f, 0x6e, 0x00, 0x96, 0x4f, 0x6e,
  0x00, 0x99, 0x26, 0x50, 0x0a, 0x89, 0x26, 0x40, 0x00, 0x99, 0x2a, 0x46,
  0x0a, 0x83, 0x37, 0x40, 0x00, 0x89, 0x2a, 0x40, 0x00, 0x83, 0x3b, 0x40,
  0x3c, 0x81, 0x21, 0x40, 0x00, 0x84, 0x21, 0x40, 0x14, 0x87, 0x3b, 0x40,
  0x00, 0x87, 0x43, 0x40, 0x28, 0x80, 0x43, 0x40, 0x00, 0x80, 0x4f, 0x40,
  0x00, 0x86, 0x4f, 0x40, 0x14, 0x90, 0x45, 0x64, 0x00, 0x90, 0x51, 0x64,
  0x00, 0x91, 0x21, 0x64, 0x00, 0x94, 0x21, 0x64, 0x00, 0x93, 0x39, 0x6e,
  0x00, 0x93, 0x34, 0x6e, 0x00, 0x96, 0x51, 0x6e, 0x00, 0x97, 0x45, 0x64,
  0x00, 0x99, 0x2c, 0x64, 0x00, 0x99, 0x26, 0x6e, 0x00, 0x99, 0x36, 0x64,
  0x00, 0x99, 0x39, 0x64, 0x0a, 0x89, 0x2c, 0x40, 0x00, 0x89, 0x26, 0x40,
  0x00, 0x89, 0x36, 0x40, 0x00, 0x89, 0x39, 0x40, 0x81, 0x02, 0x87, 0x45,
  0x40, 0x00, 0x86, 0x51, 0x40, 0x0a, 0x80, 0x51, 0x40, 0x00, 0x80, 0x45,
  0x40, 0x0a, 0x84, 0x21, 0x40, 0x00, 0x90, 0x4a, 0x64, 0x00, 0x90, 0x56,
  0x64, 0x00, 0x97, 0x4a, 0x64, 0x00, 0x99, 0x24, 0x6e, 0x00, 0x96, 0x56,
  0x6e, 0x00, 0x99, 0x32, 0x5a, 0x0a, 0x89, 0x24, 0x40, 0x00, 0x89, 0x32,
  0x40, 0x81, 0x02, 0x86, 0x56, 0x40, 0x00, 0x83, 0x39, 0x40, 0x00, 0x87,
  0x4a, 0x40, 0x00, 0x83, 0x34, 0x40, 0x0a, 0x80, 0x4a, 0x40, 0x00, 0x80,
  0x56, 0x40, 0x0a, 0x90, 0x48, 0x64, 0x00, 0x90, 0x54, 0x64, 0x00, 0x96,
  0x54, 0x6e, 0x00, 0x99, 0x24, 0x5a, 0x00, 0x97, 0x48, 0x64, 0x00, 0x99,
  0x32, 0x5a, 0x0a, 0x89, 0x24, 0x40, 0x00, 0x89, 0x32, 0x40, 0x81, 0x02,
  0x87, 0x48, 0x40, 0x00, 0x80, 0x48, 0x40, 0x00, 0x86, 0x54, 0x40, 0x00,
  0x80, 0x54, 0x40, 0x00, 0x81, 0x21, 0x40, 0x14, 0x90, 0x45, 0x64, 0x00,
  0x90, 0x51, 0x64, 0x00, 0x91, 0x25, 0x64, 0x00, 0x93, 0x34, 0x6e, 0x00,
  0x93, 0x39, 0x6e, 0x00, 0x94, 0x25, 0x64, 0x00, 0x97, 0x45, 0x64, 0x00,
  0x96, 0x51, 0x6e, 0x00, 0x99, 0x31, 0x64, 0x00, 0x99, 0x36, 0x64, 0x00,
  0x99, 0x26, 0x6e, 0x00, 0x99, 0x2c, 0x64, 0x0a, 0x89, 0x31, 0x40, 0x00,
  0x89, 0x36, 0x40, 0x00, 0x89, 0x26, 0x40, 0x00, 0x89, 0x2c, 0x40, 0x81,
  0x02, 0x86, 0x51, 0x40, 0x00, 0x87, 0x45, 0x40, 0x0a, 0x80, 0x51, 0x40,
  0x00, 0x80, 0x45, 0x40, 0x0a, 0x84, 0x25, 0x40, 0x00, 0x90, 0x43, 0x64,
  0x00, 0x90, 0x4f, 0x64, 0x00, 0x96, 0x4f, 0x6e, 0x00, 0x97, 0x43, 0x64,
  0x00, 0x99, 0x24, 0x6e, 0x00, 0x99, 0x2d, 0x5a, 0x0a, 0x89, 0x24, 0x40,
  0x00, 0x89, 0x2d, 0x40, 0x81, 0x02, 0x83, 0x34, 0x40, 0x00, 0x87, 0x43,
  0x40, 0x00, 0x86, 0x4f, 0x40, 0x00, 0x83, 0x39, 0x40, 0x0a, 0x80, 0x43,
  0x40, 0x00, 0x80, 0x4f, 0x40, 0x0a, 0x90, 0x45, 0x64, 0x00, 0x90, 0x51,
  0x64, 0x00, 0x99, 0x24, 0x5a, 0x00, 0x97, 0x45, 0x64, 0x00, 0x96, 0x51,
  0x6e, 0x00, 0x99, 0x2d, 0x5a, 0x0a, 0x89, 0x24, 0x40, 0x00, 0x89, 0x2d,
  0x40, 0x81, 0x02, 0x86, 0x51, 0x40, 0x00, 0x87, 0x45, 0x40, 0x00, 0x80,
  0x45, 0x40, 0x00, 0x80, 0x51, 0x40, 0x00, 0x81, 0x25, 0x40, 0x14, 0x90,
  0x40, 0x64, 0x00, 0x90, 0x4c, 0x64, 0x00, 0x91, 0x23, 0x64, 0x00, 0x94,
  0x23, 0x64, 0x00, 0x93, 0x34, 0x6e, 0x00, 0x93, 0x37, 0x6e, 0x00, 0x96,
  0x4c, 0x6e, 0x00, 0x97, 0x40, 0x64, 0x00, 0x99, 0x39, 0x64, 0x00, 0x99,
  0x36, 0x64, 0x00, 0x99, 0x2c, 0x64, 0x00, 0x99, 0x26, 0x6e, 0x0a, 0x89,
  0x39, 0x40, 0x00, 0x89, 0x36, 0x40, 0x00, 0x89, 0x2c, 0x40, 0x00, 0x89,
  0x26, 0x40, 0x81, 0x02, 0x87, 0x40, 0x40, 0x00, 0x86, 0x4c, 0x40, 0x0a,
  0x80, 0x4c, 0x40, 0x00, 0x80, 0x40, 0x40, 0x0a, 0x84, 0x23, 0x40, 0x00,
  0x90, 0x43, 0x64, 0x00, 0x90, 0x4f, 0x64, 0x00, 0x97, 0x43, 0x64, 0x00,
  0x99, 0x24, 0x6e, 0x00, 0x96, 0x4f, 0x6e, 0x00, 0x99, 0x30, 0x5a, 0x0a,
  0x89, 0x24, 0x40, 0x00, 0x89, 0x30, 0x40, 0x81, 0x02, 0x86, 0x4f, 0x40,
  0x00, 0x83, 0x34, 0x40, 0x00, 0x87, 0x43, 0x40, 0x00, 0x83, 0x37, 0x40,
  0x0a, 0x80, 0x43, 0x40, 0x00, 0x80, 0x4f, 0x40, 0x0a, 0x90, 0x40, 0x64,
  0x00, 0x90, 0x4c, 0x64, 0x00, 0x96, 0x4c, 0x6e, 0x00, 0x99, 0x24, 0x5a,
  0x00, 0x97, 0x40, 0x64, 0x00, 0x99, 0x2f, 0x5a, 0x0a, 0x89, 0x24, 0x40,
  0x00, 0x89, 0x2f, 0x40, 0x81, 0x02, 0x87, 0x40, 0x40, 0x00, 0x80, 0x40,
  0x40, 0x00, 0x86, 0x4c, 0x40, 0x00, 0x80, 0x4c, 0x40, 0x00, 0x81, 0x23,
  0x40, 0x14, 0x90, 0x3e, 0x64, 0x00, 0x90, 0x4a, 0x64, 0x00, 0x91, 0x22,
  0x64, 0x00, 0x93, 0x34, 0x6e, 0x00, 0x93, 0x37, 0x6e, 0x00, 0x94, 0x22,
  0x64, 0x00, 0x97, 0x3e, 0x64, 0x00, 0x96, 0x4a, 0x6e, 0x00, 0x99, 0x32,
  0x6e, 0x00, 0x99, 0x36, 0x64, 0x00, 0x99, 0x2c, 0x64, 0x0a, 0x89, 0x32,
  0x40, 0x00, 0x89, 0x36, 0x40, 0x00, 0x89, 0x2c, 0x40, 0x81, 0x02, 0x86,
  0x4a, 0x40, 0x00, 0x87, 0x3e, 0x40, 0x0a, 0x80, 0x4a, 0x40, 0x00, 0x80,
  0x3e, 0x40, 0x0a, 0x84, 0x22, 0x40, 0x00, 0x90, 0x40, 0x64, 0x00, 0x90,
  0x4c, 0x64, 0x00, 0x96, 0x4c, 0x6e, 0x00, 0x97, 0x40, 0x64, 0x00, 0x99,
  0x24, 0x6e, 0x00, 0x99, 0x30, 0x6e, 0x0a, 0x89, 0x24, 0x40, 0x00, 0x89,
  0x30, 0x40, 0x81, 0x02, 0x83, 0x37, 0x40, 0x00, 0x87, 0x40, 0x40, 0x00,
  0x83, 0x34, 0x40, 0x00, 0x86, 0x4c, 0x40, 0x0a, 0x80, 0x40, 0x40, 0x00,
  0x80, 0x4c, 0x40, 0x0a, 0x90, 0x3e, 0x64, 0x00, 0x90, 0x4a, 0x64, 0x00,
  0x99, 0x24, 0x5a, 0x00, 0x97, 0x3e, 0x64, 0x00, 0x96, 0x4a, 0x6e, 0x00,
  0x99, 0x2d, 0x6e, 0x0a, 0x89, 0x24, 0x40, 0x00, 0x89, 0x2d, 0x40, 0x81,
  0x02, 0x86, 0x4a, 0x40, 0x00, 0x87, 0x3e, 0x40, 0x00, 0x80, 0x3e, 0x40,
  0x00, 0x80, 0x4a, 0x40, 0x00, 0x81, 0x22, 0x40, 0x14, 0x90, 0x3d, 0x64,
  0x00, 0x90, 0x40, 0x64, 0x00, 0x90, 0x45, 0x64, 0x00, 0x90, 0x49, 0x6e,
  0x00, 0x91, 0x21, 0x64, 0x00, 0x94, 0x21, 0x6e, 0x00, 0x93, 0x34, 0x6e,
  0x00, 0x93, 0x39, 0x6e, 0x00, 0x96, 0x49, 0x6e, 0x00, 0x97, 0x40, 0x64,
  0x00, 0x97, 0x45, 0x64, 0x00, 0x99, 0x36, 0x64, 0x00, 0x99, 0x26, 0x6e,
  0x0a, 0x89, 0x36, 0x40, 0x00, 0x89, 0x26, 0x40, 0x5a, 0x80, 0x40, 0x40,
  0x00, 0x80, 0x49, 0x40, 0x00, 0x83, 0x39, 0x40, 0x00, 0x80, 0x45, 0x40,
  0x00, 0x80, 0x3d, 0x40, 0x00, 0x83, 0x34, 0x40, 0x14, 0x87, 0x45, 0x40,
  0x00, 0x87, 0x40, 0x40, 0x14, 0x81, 0x21, 0x40, 0x00, 0x84, 0x21, 0x40,
  0x00, 0x86, 0x49, 0x40, 0x82, 0x54, 0x90, 0x3e, 0x6e, 0x00, 0x90, 0x40,
  0x69, 0x00, 0x90, 0x45, 0x6e, 0x00, 0x90, 0x4a, 0x73, 0x00, 0x91, 0x21,
  0x64, 0x00, 0x93, 0x34, 0x69, 0x00, 0x93, 0x39, 0x69, 0x00, 0x94, 0x21,
  0x64, 0x00, 0x97, 0x40, 0x64, 0x00, 0x97, 0x45, 0x64, 0x00, 0x96, 0x4a,
  0x6e, 0x00, 0x99, 0x26, 0x6e, 0x00, 0x99, 0x36, 0x64, 0x0a, 0x89, 0x26,
  0x40, 0x00, 0x89, 0x36, 0x40, 0x81, 0x02, 0x84, 0x21, 0x40, 0x00, 0x86,
  0x4a, 0x40, 0x00, 0x81, 0x21, 0x40, 0x3c, 0x83, 0x34, 0x40, 0x00, 0x83,
  0x39, 0x40, 0x50, 0x80, 0x40, 0x40, 0x00, 0x80, 0x3e, 0x40, 0x00, 0x80,
  0x45, 0x40, 0x00, 0x80, 0x4a, 0x40, 0x14, 0x87, 0x40, 0x40, 0x00, 0x87,
  0x45, 0x40, 0x14, 0x90, 0x3d, 0x69, 0x00, 0x90, 0x40, 0x64, 0x00, 0x90,
  0x45, 0x69, 0x00, 0x90, 0x49, 0x6e, 0x00, 0x94, 0x21, 0x64, 0x00, 0x93,
  0x39, 0x69, 0x00, 0x93, 0x34, 0x69, 0x00, 0x96, 0x49, 0x6e, 0x00, 0x97,
  0x40, 0x64, 0x00, 0x97, 0x45, 0x64, 0x00, 0x99, 0x24, 0x6e, 0x00, 0x99,
  0x36, 0x64, 0x00, 0x99, 0x39, 0x6e, 0x00, 0x99, 0x26, 0x5a, 0x0a, 0x89,
  0x24, 0x40, 0x00, 0x89, 0x36, 0x40, 0x00, 0x89, 0x39, 0x40, 0x00, 0x89,
  0x26, 0x40, 0x00, 0x91, 0x21, 0x64, 0x81, 0x02, 0x86, 0x49, 0x40, 0x82,
  0x04, 0x80, 0x40, 0x40, 0x00, 0x80, 0x49, 0x40, 0x00, 0x80, 0x3d, 0x40,
  0x00, 0x80, 0x45, 0x40, 0x50, 0x90, 0x45, 0x73, 0x00, 0x95, 0x39, 0x7d,
  0x81, 0x20, 0x99, 0x26, 0x64, 0x0a, 0x89, 0x26, 0x40, 0x81, 0x16, 0x99,
  0x26, 0x50, 0x0a, 0x89, 0x26, 0x40, 0x1e, 0x85, 0x39, 0x40, 0x50, 0x87,
  0x40, 0x40, 0x00, 0x87, 0x45, 0x40, 0x14, 0x80, 0x45, 0x40, 0x14, 0x95,
  0x39, 0x78, 0x00, 0x99, 0x26, 0x5a, 0x0a, 0x89, 0x26, 0x40, 0x00, 0x90,
  0x45, 0x73, 0x5a, 0x85, 0x39, 0x40, 0x0a, 0x80, 0x45, 0x40, 0x1e, 0x84,
  0x21, 0x40, 0x0a, 0x81, 0x21, 0x40, 0x0a, 0x90, 0x42, 0x73, 0x00, 0x90,
  0x4e, 0x73, 0x00, 0x91, 0x26, 0x64, 0x00, 0x92, 0x45, 0x69, 0x00, 0x92,
  0x42, 0x69, 0x00, 0x94, 0x26, 0x6e, 0x00, 0x95, 0x42, 0x7d, 0x00, 0x96,
  0x5a, 0x73, 0x00, 0x99, 0x24, 0x6e, 0x00, 0x97, 0x39, 0x64, 0x00, 0x99,
  0x2c, 0x69, 0x00, 0x99, 0x3b, 0x78, 0x0a, 0x89, 0x24, 0x40, 0x00, 0x89,
  0x2c, 0x40, 0x00, 0x89, 0x3b, 0x40, 0x1e, 0x83, 0x39, 0x40, 0x00, 0x83,
  0x34, 0x40, 0x28, 0x82, 0x45, 0x40, 0x00, 0x82, 0x42, 0x40, 0x3c, 0x87,
  0x39, 0x40, 0x14, 0x84, 0x26, 0x40, 0x00, 0x97, 0x3e, 0x64, 0x64, 0x81,
  0x26, 0x40, 0x14, 0x85, 0x42, 0x40, 0x00, 0x86, 0x5a, 0x40, 0x14, 0x80,
  0x42, 0x40, 0x00, 0x80, 0x4e, 0x40, 0x00, 0x87, 0x3e, 0x40, 0x14, 0x90,
  0x42, 0x64, 0x00, 0x90, 0x4e, 0x64, 0x00, 0x97, 0x42, 0x64, 0x00, 0x96,
  0x5a, 0x69, 0x00, 0x95, 0x42, 0x6e, 0x0a, 0x91, 0x26, 0x5a, 0x00, 0x99,
  0x2c, 0x55, 0x0a, 0x89, 0x2c, 0x40, 0x50, 0x85, 0x42, 0x40, 0x00, 0x86,
  0x5a, 0x40, 0x0a, 0x81, 0x26, 0x40, 0x0a, 0x80, 0x4e, 0x40, 0x00, 0x80,
  0x42, 0x40, 0x14, 0x87, 0x42, 0x40, 0x14, 0x90, 0x3e, 0x73, 0x00, 0x90,
  0x4a, 0x73, 0x00, 0x91, 0x2a, 0x64, 0x00, 0x92, 0x45, 0x69, 0x00, 0x92,
  0x42, 0x69, 0x00, 0x94, 0x2a, 0x6e, 0x00, 0x93, 0x39, 0x78, 0x00, 0x93,
  0x32, 0x78, 0x00, 0x95, 0x3e, 0x7d, 0x00, 0x96, 0x56, 0x73, 0x00, 0x97,
  0x39, 0x64, 0x00, 0x99, 0x2c, 0x69, 0x00, 0x99, 0x26, 0x6e, 0x00, 0x99,
  0x3b, 0x78, 0x00, 0x99, 0x36, 0x64, 0x0a, 0x89, 0x2c, 0x40, 0x00, 0x89,
  0x36, 0x40, 0x00, 0x89, 0x26, 0x40, 0x00, 0x89, 0x3b, 0x40, 0x46, 0x82,
  0x42, 0x40, 0x00, 0x82, 0x45, 0x40, 0x14, 0x83, 0x32, 0x40, 0x00, 0x83,
  0x39, 0x40, 0x28, 0x87, 0x39, 0x40, 0x14, 0x84, 0x2a, 0x40, 0x00, 0x97,
  0x3e, 0x64, 0x32, 0x85, 0x3e, 0x40, 0x32, 0x81, 0x2a, 0x40, 0x14, 0x86,
  0x56, 0x40, 0x14, 0x80, 0x4a, 0x40, 0x00, 0x87, 0x3e, 0x40, 0x00, 0x80,
  0x3e, 0x40, 0x14, 0x90, 0x3e, 0x64, 0x00, 0x90, 0x4a, 0x64, 0x00, 0x97,
  0x42, 0x64, 0x00, 0x96, 0x56, 0x69, 0x00, 0x95, 0x3e, 0x5f, 0x0a, 0x91,
  0x2a, 0x5a, 0x00, 0x99, 0x2c, 0x55, 0x0a, 0x89, 0x2c, 0x40, 0x50, 0x85,
  0x3e, 0x40, 0x00, 0x86, 0x56, 0x40, 0x0a, 0x81, 0x2a, 0x40, 0x0a, 0x80,
  0x4a, 0x40, 0x00, 0x80, 0x3e, 0x40, 0x14, 0x87, 0x42, 0x40, 0x14, 0x90,
  0x42, 0x6e, 0x00, 0x90, 0x4e, 0x6e, 0x00, 0x91, 0x2d, 0x64, 0x00, 0x92,
  0x45, 0x69, 0x00, 0x92, 0x42, 0x69, 0x00, 0x94, 0x2d, 0x6e, 0x00, 0x95,
  0x42, 0x78, 0x00, 0x96, 0x5a, 0x73, 0x00, 0x97, 0x45, 0x64, 0x00, 0x99,
  0x24, 0x6e, 0x00, 0x99, 0x2c, 0x69, 0x00, 0x99, 0x3b, 0x78, 0x0a, 0x89,
  0x24, 0x40, 0x00, 0x89, 0x2c, 0x40, 0x00, 0x89, 0x3b, 0x40, 0x81, 0x16,
  0x84, 0x2d, 0x40, 0x64, 0x81, 0x2d, 0x40, 0x14, 0x86, 0x5a, 0x40, 0x00,
  0x85, 0x42, 0x40, 0x14, 0x80, 0x4e, 0x40, 0x00, 0x80, 0x42, 0x40, 0x14,
  0x90, 0x3e, 0x6e, 0x00, 0x90, 0x4a, 0x6e, 0x00, 0x96, 0x56, 0x73, 0x00,
  0x95, 0x3e, 0x78, 0x0a, 0x91, 0x2d, 0x5a, 0x00, 0x99, 0x2c, 0x55, 0x0a,
  0x89, 0x2c, 0x40, 0x5a, 0x81, 0x2d, 0x40, 0x1e, 0x82, 0x45, 0x40, 0x00,
  0x85, 0x3e, 0x40, 0x00, 0x86, 0x56, 0x40, 0x00, 0x82, 0x42, 0x40, 0x14,
  0x91, 0x2f, 0x64, 0x00, 0x94, 0x2f, 0x6e, 0x00, 0x93, 0x39, 0x78, 0x00,
  0x93, 0x32, 0x78, 0x00, 0x99, 0x2c, 0x69, 0x00, 0x99, 0x26, 0x6e, 0x00,
  0x99, 0x3b, 0x78, 0x00, 0x99, 0x36, 0x64, 0x0a, 0x89, 0x2c, 0x40, 0x00,
  0x89, 0x36, 0x40, 0x00, 0x89, 0x26, 0x40, 0x00, 0x89, 0x3b, 0x40, 0x5a,
  0x83, 0x39, 0x40, 0x00, 0x83, 0x32, 0x40, 0x14, 0x80, 0x4a, 0x40, 0x00,
  0x80, 0x3e, 0x40, 0x28, 0x84, 0x2f, 0x40, 0x64, 0x81, 0x2f, 0x40, 0x28,
  0x87, 0x45, 0x40, 0x14, 0x90, 0x43, 0x73, 0x00, 0x90, 0x4f, 0x73, 0x00,
  0x92, 0x45, 0x69, 0x00, 0x92, 0x42, 0x69, 0x00, 0x95, 0x43, 0x7d, 0x00,
  0x96, 0x5b, 0x73, 0x0a, 0x91, 0x2f, 0x5a, 0x00, 0x99, 0x2c, 0x55, 0x0a,
  0x89, 0x2c, 0x40, 0x3c, 0x82, 0x45, 0x40, 0x00, 0x82, 0x42, 0x40, 0x1e,
  0x81, 0x2f, 0x40, 0x32, 0x91, 0x30, 0x64, 0x00, 0x94, 0x30, 0x6e, 0x00,
  0x99, 0x24, 0x6e, 0x00, 0x97, 0x39, 0x64, 0x00, 0x99, 0x2c, 0x69, 0x00,
  0x99, 0x3b, 0x78, 0x0a, 0x89, 0x24, 0x40, 0x00, 0x89, 0x2c, 0x40, 0x00,
  0x89, 0x3b, 0x40, 0x81, 0x02, 0x87, 0x39, 0x40, 0x14, 0x84, 0x30, 0x40,
  0x00, 0x97, 0x3e, 0x64, 0x50, 0x86, 0x5b, 0x40, 0x00, 0x80, 0x4f, 0x40,
  0x00, 0x80, 0x43, 0x40, 0x00, 0x85, 0x43, 0x40, 0x14, 0x81, 0x30, 0x40,
  0x28, 0x87, 0x3e, 0x40, 0x14, 0x90, 0x43, 0x69, 0x00, 0x90, 0x4f, 0x69,
  0x00, 0x92, 0x45, 0x69, 0x00, 0x92, 0x42, 0x69, 0x00, 0x97, 0x42, 0x64,
  0x00, 0x96, 0x5b, 0x6e, 0x00, 0x95, 0x43, 0x73, 0x0a, 0x91, 0x30, 0x5a,
  0x00, 0x99, 0x2c, 0x55, 0x0a, 0x89, 0x2c, 0x40, 0x3c, 0x82, 0x45, 0x40,
  0x00, 0x82, 0x42, 0x40, 0x14, 0x85, 0x43, 0x40, 0x00, 0x86, 0x5b, 0x40,
  0x0a, 0x81, 0x30, 0x40, 0x0a, 0x80, 0x4f, 0x40, 0x00, 0x80, 0x43, 0x40,
  0x14, 0x87, 0x42, 0x40, 0x14, 0x90, 0x42, 0x73, 0x00, 0x90, 0x4e, 0x73,
  0x00, 0x91, 0x2f, 0x64, 0x00, 0x94, 0x2f, 0x6e, 0x00, 0x93, 0x39, 0x78,
  0x00, 0x93, 0x32, 0x78, 0x00, 0x95, 0x42, 0x7d, 0x00, 0x96, 0x5a, 0x73,
  0x00, 0x97, 0x39, 0x64, 0x00, 0x99, 0x2c, 0x69, 0x00, 0x99, 0x26, 0x6e,
  0x00, 0x99, 0x3b, 0x78, 0x00, 0x99, 0x36, 0x64, 0x0a, 0x89, 0x2c, 0x40,
  0x00, 0x89, 0x26, 0x40, 0x00, 0x89, 0x3b, 0x40, 0x00, 0x89, 0x36, 0x40,
  0x5a, 0x83, 0x32, 0x40, 0x00, 0x83, 0x39, 0x40, 0x28, 0x87, 0x39, 0x40,
  0x14, 0x84, 0x2f, 0x40, 0x00, 0x97, 0x3e, 0x64, 0x64, 0x81, 0x2f, 0x40,
  0x14, 0x86, 0x5a, 0x40, 0x00, 0x85, 0x42, 0x40, 0x14, 0x80, 0x42, 0x40,
  0x00, 0x80, 0x4e, 0x40, 0x00, 0x87, 0x3e, 0x40, 0x14, 0x90, 0x3e, 0x73,
  0x00, 0x90, 0x4a, 0x73, 0x00, 0x92, 0x45, 0x69, 0x00, 0x92, 0x42, 0x69,
  0x00, 0x97, 0x42, 0x64, 0x00, 0x96, 0x56, 0x73, 0x00, 0x95, 0x3e, 0x7d,
  0x0a, 0x91, 0x2f, 0x5a, 0x00, 0x99, 0x2c, 0x55, 0x0a, 0x89, 0x2c, 0x40,
  0x3c, 0x82, 0x45, 0x40, 0x00, 0x82, 0x42, 0x40, 0x1e, 0x81, 0x2f, 0x40,
  0x1e, 0x87, 0x42, 0x40, 0x14, 0x91, 0x2d, 0x64, 0x00, 0x92, 0x45, 0x69,
  0x00, 0x92, 0x42, 0x69, 0x00, 0x94, 0x2d, 0x6e, 0x00, 0x97, 0x45, 0x64,
  0x00, 0x99, 0x24, 0x6e, 0x00, 0x99, 0x2c, 0x69, 0x00, 0x99, 0x3b, 0x78,
  0x0a, 0x89, 0x24, 0x40, 0x00, 0x89, 0x2c, 0x40, 0x00, 0x89, 0x3b, 0x40,
  0x81, 0x02, 0x85, 0x3e, 0x40, 0x00, 0x86, 0x56, 0x40, 0x14, 0x84, 0x2d,
  0x40, 0x14, 0x80, 0x4a, 0x40, 0x00, 0x80, 0x3e, 0x40, 0x50, 0x81, 0x2d,
  0x40, 0x3c, 0x90, 0x3d, 0x73, 0x00, 0x90, 0x49, 0x73, 0x00, 0x95, 0x3d,
  0x7d, 0x00, 0x96, 0x55, 0x73, 0x0a, 0x91, 0x2d, 0x5a, 0x00, 0x99, 0x2c,
  0x55, 0x0a, 0x89, 0x2c, 0x40, 0x5a, 0x81, 0x2d, 0x40, 0x32, 0x91, 0x2a,
  0x64, 0x00, 0x94, 0x2a, 0x6e, 0x00, 0x93, 0x39, 0x78, 0x00, 0x93, 0x32,
  0x78, 0x00, 0x99, 0x2c, 0x69, 0x00, 0x99, 0x26, 0x6e, 0x00, 0x99, 0x3b,
  0x78, 0x00, 0x99, 0x36, 0x64, 0x0a, 0x89, 0x2c, 0x40, 0x00, 0x89, 0x36,
  0x40, 0x00, 0x89, 0x26, 0x40, 0x00, 0x89, 0x3b, 0x40, 0x5a, 0x83, 0x32,
  0x40, 0x00, 0x83, 0x39, 0x40, 0x14, 0x82, 0x42, 0x40, 0x00, 0x82, 0x45,
  0x40, 0x28, 0x84, 0x2a, 0x40, 0x64, 0x81, 0x2a, 0x40, 0x28, 0x87, 0x45,
  0x40, 0x1e, 0x91, 0x2a, 0x5a, 0x00, 0x99, 0x2c, 0x55, 0x0a, 0x89, 0x2c,
  0x40, 0x5a, 0x81, 0x2a, 0x40, 0x1e, 0x86, 0x55, 0x40, 0x00, 0x80, 0x3d,
  0x40, 0x00, 0x85, 0x3d, 0x40, 0x00, 0x80, 0x49, 0x40, 0x14, 0x90, 0x3e,
  0x6e, 0x00, 0x90, 0x4a, 0x6e, 0x00, 0x91, 0x1f, 0x64, 0x00, 0x92, 0x43,
  0x69, 0x00, 0x92, 0x3e, 0x69, 0x00, 0x94, 0x1f, 0x6e, 0x00, 0x96, 0x56,
  0x73, 0x00, 0x95, 0x3e, 0x78, 0x00, 0x99, 0x24, 0x6e, 0x00, 0x97, 0x3b,
  0x64, 0x00, 0x99, 0x2c, 0x69, 0x00, 0x99, 0x3b, 0x78, 0x0a, 0x89, 0x24,
  0x40, 0x00, 0x89, 0x2c, 0x40, 0x00, 0x89, 0x3b, 0x40, 0x46, 0x82, 0x3e,
  0x40, 0x00, 0x82, 0x43, 0x40, 0x3c, 0x87, 0x3b, 0x40, 0x14, 0x84, 0x1f,
  0x40, 0x00, 0x97, 0x3e, 0x64, 0x64, 0x81, 0x1f, 0x40, 0x14, 0x85, 0x3e,
  0x40, 0x00, 0x86, 0x56, 0x40, 0x14, 0x80, 0x4a, 0x40, 0x00, 0x80, 0x3e,
  0x40, 0x00, 0x87, 0x3e, 0x40, 0x14, 0x90, 0x3e, 0x64, 0x00, 0x90, 0x4a,
  0x64, 0x00, 0x97, 0x43, 0x64, 0x00, 0x95, 0x3e, 0x6e, 0x00, 0x96, 0x56,
  0x69, 0x0a, 0x91, 0x1f, 0x5a, 0x00, 0x99, 0x2c, 0x55, 0x0a, 0x89, 0x2c,
  0x40, 0x50, 0x86, 0x56, 0x40, 0x00, 0x85, 0x3e, 0x40, 0x0a, 0x81, 0x1f,
  0x40, 0x0a, 0x80, 0x4a, 0x40, 0x00, 0x80, 0x3e, 0x40, 0x14, 0x87, 0x43,
  0x40, 0x14, 0x90, 0x3e, 0x73, 0x00, 0x90, 0x4a, 0x73, 0x00, 0x91, 0x23,
  0x64, 0x00, 0x92, 0x43, 0x69, 0x00, 0x92, 0x3e, 0x69, 0x00, 0x94, 0x23,
  0x6e, 0x00, 0x93, 0x3b, 0x78, 0x00, 0x93, 0x37, 0x78, 0x00, 0x96, 0x56,
  0x78, 0x00, 0x95, 0x3e, 0x7d, 0x00, 0x97, 0x3b, 0x64, 0x00, 0x99, 0x2c,
  0x69, 0x00, 0x99, 0x26, 0x6e, 0x00, 0x99, 0x3b, 0x78, 0x00, 0x99, 0x36,
  0x64, 0x0a, 0x89, 0x2c, 0x40, 0x00, 0x89, 0x36, 0x40, 0x00, 0x89, 0x26,
  0x40, 0x00, 0x89, 0x3b, 0x40, 0x46, 0x82, 0x3e, 0x40, 0x00, 0x82, 0x43,
  0x40, 0x14, 0x83, 0x37, 0x40, 0x00, 0x83, 0x3b, 0x40, 0x28, 0x87, 0x3b,
  0x40, 0x14, 0x84, 0x23, 0x40, 0x00, 0x97, 0x3e, 0x64, 0x64, 0x81, 0x23,
  0x40, 0x14, 0x86, 0x56, 0x40, 0x00, 0x85, 0x3e, 0x40, 0x14, 0x80, 0x4a,
  0x40, 0x00, 0x80, 0x3e, 0x40, 0x00, 0x87, 0x3e, 0x40, 0x14, 0x90, 0x3e,
  0x64, 0x00, 0x90, 0x4a, 0x64, 0x00, 0x97, 0x40, 0x64, 0x00, 0x95, 0x3e,
  0x6e, 0x00, 0x96, 0x56, 0x69, 0x0a, 0x91, 0x23, 0x5a, 0x00, 0x99, 0x2c,
  0x55, 0x0a, 0x89, 0x2c, 0x40, 0x50, 0x86, 0x56, 0x40, 0x00, 0x85, 0x3e,
  0x40, 0x0a, 0x81, 0x23, 0x40, 0x0a, 0x80, 0x4a, 0x40, 0x00, 0x80, 0x3e,
  0x40, 0x14, 0x87, 0x40, 0x40, 0x14, 0x90, 0x3e, 0x6e, 0x00, 0x90, 0x4a,
  0x6e, 0x00, 0x91, 0x26, 0x64, 0x00, 0x92, 0x3e, 0x69, 0x00, 0x92, 0x43,
  0x69, 0x00, 0x94, 0x26, 0x6e, 0x00, 0x96, 0x56, 0x73, 0x00, 0x95, 0x3e,
  0x78, 0x00, 0x97, 0x43, 0x64, 0x00, 0x99, 0x24, 0x6e, 0x00, 0x99, 0x2c,
  0x69, 0x00, 0x99, 0x3b, 0x78, 0x0a, 0x89, 0x24, 0x40, 0x00, 0x89, 0x2c,
  0x40, 0x00, 0x89, 0x3b, 0x40, 0x81, 0x16, 0x84, 0x26, 0x40, 0x64, 0x81,
  0x26, 0x40, 0x14, 0x85, 0x3e, 0x40, 0x00, 0x86, 0x56, 0x40, 0x14, 0x80,
  0x4a, 0x40, 0x00, 0x80, 0x3e, 0x40, 0x14, 0x90, 0x3d, 0x6e, 0x00, 0x90,
  0x49, 0x6e, 0x00, 0x95, 0x3d, 0x78, 0x00, 0x96, 0x55, 0x73, 0x0a, 0x91,
  0x26, 0x5a, 0x00, 0x99, 0x2c, 0x55, 0x0a, 0x89, 0x2c, 0x40, 0x50, 0x85,
  0x3d, 0x40, 0x00, 0x86, 0x55, 0x40, 0x0a, 0x81, 0x26, 0x40, 0x1e, 0x82,
  0x3e, 0x40, 0x00, 0x82, 0x43, 0x40, 0x14, 0x91, 0x28, 0x64, 0x00, 0x94,
  0x28, 0x6e, 0x00, 0x93, 0x3b, 0x78, 0x00, 0x93, 0x37, 0x78, 0x00, 0x99,
  0x2c, 0x69, 0x00, 0x99, 0x26, 0x6e, 0x00, 0x99, 0x3b, 0x78, 0x00, 0x99,
  0x36, 0x64, 0x0a, 0x89, 0x2c, 0x40, 0x00, 0x89, 0x36, 0x40, 0x00, 0x89,
  0x26, 0x40, 0x00, 0x89, 0x3b, 0x40, 0x5a, 0x83, 0x3b, 0x40, 0x00, 0x83,
  0x37, 0x40, 0x14, 0x80, 0x49, 0x40, 0x00, 0x80, 0x3d, 0x40, 0x28, 0x84,
  0x28, 0x40, 0x64, 0x81, 0x28, 0x40, 0x28, 0x87, 0x43, 0x40, 0x14, 0x90,
  0x3b, 0x69, 0x00, 0x90, 0x47, 0x69, 0x00, 0x92, 0x3e, 0x69, 0x00, 0x92,
  0x43, 0x69, 0x00, 0x96, 0x53, 0x6e, 0x00, 0x95, 0x3b, 0x73, 0x0a, 0x91,
  0x28, 0x5a, 0x00, 0x99, 0x2c, 0x55, 0x0a, 0x89, 0x2c, 0x40, 0x3c, 0x82,
  0x3e, 0x40, 0x00, 0x82, 0x43, 0x40, 0x1e, 0x81, 0x28, 0x40, 0x32, 0x91,
  0x2b, 0x64, 0x00, 0x94, 0x2b, 0x6e, 0x00, 0x99, 0x24, 0x6e, 0x00, 0x97,
  0x3b, 0x64, 0x00, 0x99, 0x2c, 0x69, 0x00, 0x99, 0x3b, 0x78, 0x0a, 0x89,
  0x24, 0x40, 0x00, 0x89, 0x2c, 0x40, 0x00, 0x89, 0x3b, 0x40, 0x81, 0x02,
  0x87, 0x3b, 0x40, 0x14, 0x84, 0x2b, 0x40, 0x00, 0x97, 0x3e, 0x64, 0x64,
  0x81, 0x2b, 0x40, 0x28, 0x87, 0x3e, 0x40, 0x14, 0x92, 0x43, 0x69, 0x00,
  0x92, 0x3e, 0x69, 0x00, 0x97, 0x43, 0x64, 0x0a, 0x91, 0x2b, 0x5a, 0x00,
  0x99, 0x2c, 0x55, 0x0a, 0x89, 0x2c, 0x40, 0x3c, 0x82, 0x43, 0x40, 0x00,
  0x82, 0x3e, 0x40, 0x1e, 0x81, 0x2b, 0x40, 0x1e, 0x87, 0x43, 0x40, 0x14,
  0x91, 0x28, 0x64, 0x00, 0x94, 0x28, 0x6e, 0x00, 0x93, 0x3b, 0x78, 0x00,
  0x93, 0x37, 0x78, 0x00, 0x97, 0x3b, 0x64, 0x00, 0x99, 0x2c, 0x69, 0x00,
  0x99, 0x26, 0x6e, 0x00, 0x99, 0x3b, 0x78, 0x00, 0x99, 0x36, 0x64, 0x0a,
  0x89, 0x2c, 0x40, 0x00, 0x89, 0x26, 0x40, 0x00, 0x89, 0x3b, 0x40, 0x00,
  0x89, 0x36, 0x40, 0x5a, 0x83, 0x3b, 0x40, 0x00, 0x83, 0x37, 0x40, 0x28,
  0x87, 0x3b, 0x40, 0x14, 0x84, 0x28, 0x40, 0x00, 0x97, 0x3e, 0x64, 0x3c,
  0x85, 0x3b, 0x40, 0x00, 0x80, 0x3b, 0x40, 0x00, 0x86, 0x53, 0x40, 0x00,
  0x80, 0x47, 0x40, 0x28, 0x81, 0x28, 0x40, 0x28, 0x87, 0x3e, 0x40, 0x14,
  0x90, 0x37, 0x6e, 0x00, 0x90, 0x43, 0x6e, 0x00, 0x92, 0x43, 0x69, 0x00,
  0x92, 0x3e, 0x69, 0x00, 0x97, 0x40, 0x64, 0x00, 0x95, 0x37, 0x78, 0x00,
  0x96, 0x4f, 0x73, 0x0a, 0x91, 0x28, 0x5a, 0x00, 0x99, 0x2c, 0x55, 0x0a,
  0x89, 0x2c, 0x40, 0x3c, 0x82, 0x43, 0x40, 0x00, 0x82, 0x3e, 0x40, 0x1e,
  0x81, 0x28, 0x40, 0x1e, 0x87, 0x40, 0x40, 0x14, 0x91, 0x26, 0x64, 0x00,
  0x92, 0x43, 0x69, 0x00, 0x92, 0x3e, 0x69, 0x00, 0x94, 0x26, 0x6e, 0x00,
  0x97, 0x43, 0x64, 0x00, 0x99, 0x24, 0x6e, 0x00, 0x99, 0x2c, 0x69, 0x00,
  0x99, 0x3b, 0x78, 0x0a, 0x89, 0x24, 0x40, 0x00, 0x89, 0x2c, 0x40, 0x00,
  0x89, 0x3b, 0x40, 0x81, 0x16, 0x84, 0x26, 0x40, 0x50, 0x80, 0x43, 0x40,
  0x00, 0x80, 0x37, 0x40, 0x14, 0x81, 0x26, 0x40, 0x28, 0x85, 0x37, 0x40,
  0x00, 0x86, 0x4f, 0x40, 0x14, 0x90, 0x3b, 0x6e, 0x00, 0x90, 0x47, 0x6e,
  0x00, 0x96, 0x53, 0x73, 0x00, 0x95, 0x3b, 0x78, 0x0a, 0x91, 0x26, 0x5a,
  0x00, 0x99, 0x2c, 0x55, 0x0a, 0x89, 0x2c, 0x40, 0x5a, 0x86, 0x53, 0x40,
  0x00, 0x81, 0x26, 0x40, 0x00, 0x85, 0x3b, 0x40, 0x0a, 0x80, 0x47, 0x40,
  0x00, 0x80, 0x3b, 0x40, 0x28, 0x90, 0x3d, 0x73, 0x00, 0x90, 0x49, 0x73,
  0x00, 0x91, 0x23, 0x64, 0x00, 0x94, 0x23, 0x6e, 0x00, 0x93, 0x3b, 0x78,
  0x00, 0x93, 0x37, 0x78, 0x00, 0x95, 0x3d, 0x7d, 0x00, 0x96, 0x55, 0x73,
  0x00, 0x99, 0x2c, 0x69, 0x00, 0x99, 0x26, 0x6e, 0x00, 0x99, 0x36, 0x64,
  0x0a, 0x89, 0x2c, 0x40, 0x00, 0x89, 0x26, 0x40, 0x00, 0x89, 0x36, 0x40,
  0x5a, 0x83, 0x37, 0x40, 0x00, 0x83, 0x3b, 0x40, 0x14, 0x82, 0x43, 0x40,
  0x00, 0x82, 0x3e, 0x40, 0x28, 0x84, 0x23, 0x40, 0x00, 0x99, 0x36, 0x50,
  0x00, 0x99, 0x26, 0x50, 0x0a, 0x89, 0x36, 0x40, 0x00, 0x89, 0x26, 0x40,
  0x5a, 0x81, 0x23, 0x40, 0x28, 0x86, 0x55, 0x40, 0x00, 0x80, 0x49, 0x40,
  0x00, 0x87, 0x43, 0x40, 0x00, 0x80, 0x3d, 0x40, 0x00, 0x85, 0x3d, 0x40,
  0x14, 0x90, 0x3e, 0x73, 0x00, 0x90, 0x4a, 0x73, 0x00, 0x96, 0x56, 0x73,
  0x00, 0x95, 0x3e, 0x7d, 0x00, 0x99, 0x26, 0x64, 0x00, 0x99, 0x36, 0x46,
  0x0a, 0x89, 0x26, 0x40, 0x00, 0x89, 0x36, 0x40, 0x00, 0x91, 0x23, 0x5a,
  0x00, 0x99, 0x2c, 0x55, 0x0a, 0x89, 0x2c, 0x40, 0x5a, 0x86, 0x56, 0x40,
  0x00, 0x81, 0x23, 0x40, 0x00, 0x85, 0x3e, 0x40, 0x0a, 0x80, 0x4a, 0x40,
  0x00, 0x80, 0x3e, 0x40, 0x28, 0x90, 0x4e, 0x6e, 0x00, 0x90, 0x42, 0x6e,
  0x00, 0x91, 0x21, 0x64, 0x00, 0x92, 0x45, 0x69, 0x00, 0x92, 0x40, 0x69,
  0x00, 0x94, 0x21, 0x6e, 0x00, 0x95, 0x42, 0x7d, 0x00, 0x96, 0x5a, 0x6e,
  0x00, 0x99, 0x24, 0x6e, 0x00, 0x97, 0x39, 0x64, 0x00, 0x99, 0x2c, 0x69,
  0x00, 0x99, 0x3b, 0x78, 0x0a, 0x89, 0x24, 0x40, 0x00, 0x89, 0x2c, 0x40,
  0x00, 0x89, 0x3b, 0x40, 0x46, 0x82, 0x40, 0x40, 0x00, 0x82, 0x45, 0x40,
  0x3c, 0x87, 0x39, 0x40, 0x14, 0x84, 0x21, 0x40, 0x00, 0x97, 0x3d, 0x64,
  0x64, 0x81, 0x21, 0x40, 0x28, 0x87, 0x3d, 0x40, 0x00, 0x80, 0x42, 0x40,
  0x00, 0x80, 0x4e, 0x40, 0x00, 0x85, 0x42, 0x40, 0x00, 0x86, 0x5a, 0x40,
  0x14, 0x90, 0x42, 0x5a, 0x00, 0x90, 0x4e, 0x5a, 0x00, 0x97, 0x40, 0x64,
  0x00, 0x96, 0x5a, 0x5a, 0x00, 0x95, 0x42, 0x5f, 0x0a, 0x91, 0x21, 0x5a,
  0x00, 0x99, 0x2c, 0x55, 0x0a, 0x89, 0x2c, 0x40, 0x5a, 0x81, 0x21, 0x40,
  0x0a, 0x80, 0x4e, 0x40, 0x00, 0x85, 0x42, 0x40, 0x00, 0x86, 0x5a, 0x40,
  0x00, 0x80, 0x42, 0x40, 0x14, 0x87, 0x40, 0x40, 0x14, 0x90, 0x40, 0x6e,
  0x00, 0x90, 0x4c, 0x6e, 0x00, 0x91, 0x25, 0x64, 0x00, 0x92, 0x45, 0x69,
  0x00, 0x92, 0x40, 0x69, 0x00, 0x94, 0x25, 0x6e, 0x00, 0x93, 0x39, 0x78,
  0x00, 0x93, 0x34, 0x78, 0x00, 0x95, 0x40, 0x78, 0x00, 0x96, 0x58, 0x6e,
  0x00, 0x97, 0x39, 0x64, 0x00, 0x99, 0x2c, 0x69, 0x00, 0x99, 0x26, 0x6e,
  0x00, 0x99, 0x3b, 0x78, 0x00, 0x99, 0x36, 0x64, 0x0a, 0x89, 0x2c, 0x40,
  0x00, 0x89, 0x36, 0x40, 0x00, 0x89, 0x26, 0x40, 0x00, 0x89, 0x3b, 0x40,
  0x46, 0x82, 0x40, 0x40, 0x00, 0x82, 0x45, 0x40, 0x14, 0x83, 0x34, 0x40,
  0x00, 0x83, 0x39, 0x40, 0x28, 0x87, 0x39, 0x40, 0x14, 0x84, 0x25, 0x40,
  0x00, 0x97, 0x3d, 0x64, 0x64, 0x81, 0x25, 0x40, 0x28, 0x87, 0x3d, 0x40,
  0x00, 0x86, 0x58, 0x40, 0x00, 0x80, 0x40, 0x40, 0x00, 0x85, 0x40, 0x40,
  0x00, 0x80, 0x4c, 0x40, 0x14, 0x90, 0x40, 0x5a, 0x00, 0x90, 0x4c, 0x5a,
  0x00, 0x97, 0x40, 0x64, 0x00, 0x96, 0x58, 0x5a, 0x00, 0x95, 0x40, 0x5f,
  0x0a, 0x91, 0x25, 0x5a, 0x00, 0x99, 0x2c, 0x55, 0x0a, 0x89, 0x2c, 0x40,
  0x50, 0x80, 0x4c, 0x40, 0x00, 0x86, 0x58, 0x40, 0x00, 0x85, 0x40, 0x40,
  0x00, 0x80, 0x40, 0x40, 0x0a, 0x81, 0x25, 0x40, 0x1e, 0x87, 0x40, 0x40,
  0x14, 0x90, 0x3e, 0x73, 0x00, 0x90, 0x4a, 0x73, 0x00, 0x91, 0x28, 0x64,
  0x00, 0x92, 0x45, 0x69, 0x00, 0x92, 0x40, 0x69, 0x00, 0x94, 0x28, 0x6e,
  0x00, 0x95, 0x3e, 0x78, 0x00, 0x96, 0x56, 0x73, 0x00, 0x97, 0x43, 0x64,
  0x00, 0x99, 0x24, 0x6e, 0x00, 0x99, 0x2c, 0x69, 0x00, 0x99, 0x3b, 0x78,
  0x0a, 0x89, 0x24, 0x40, 0x00, 0x89, 0x2c, 0x40, 0x00, 0x89, 0x3b, 0x40,
  0x81, 0x16, 0x84, 0x28, 0x40, 0x64, 0x81, 0x28, 0x40, 0x14, 0x86, 0x56,
  0x40, 0x00, 0x85, 0x3e, 0x40, 0x00, 0x80, 0x3e, 0x40, 0x00, 0x80, 0x4a,
  0x40, 0x28, 0x90, 0x3b, 0x6e, 0x00, 0x90, 0x47, 0x6e, 0x00, 0x96, 0x53,
  0x6e, 0x00, 0x95, 0x3b, 0x73, 0x0a, 0x91, 0x28, 0x5a, 0x00, 0x99, 0x2c,
  0x55, 0x0a, 0x89, 0x2c, 0x40, 0x5a, 0x81, 0x28, 0x40, 0x0a, 0x80, 0x47,
  0x40, 0x00, 0x85, 0x3b, 0x40, 0x00, 0x80, 0x3b, 0x40, 0x00, 0x86, 0x53,
  0x40, 0x14, 0x82, 0x45, 0x40, 0x00, 0x82, 0x40, 0x40, 0x14, 0x91, 0x2a,
  0x64, 0x00, 0x94, 0x2a, 0x6e, 0x00, 0x93, 0x39, 0x78, 0x00, 0x93, 0x34,
  0x78, 0x00, 0x99, 0x2c, 0x69, 0x00, 0x99, 0x26, 0x6e, 0x00, 0x99, 0x3b,
  0x78, 0x00, 0x99, 0x36, 0x64, 0x0a, 0x89, 0x2c, 0x40, 0x00, 0x89, 0x3b,
  0x40, 0x00, 0x89, 0x36, 0x40, 0x00, 0x89, 0x26, 0x40, 0x5a, 0x83, 0x34,
  0x40, 0x00, 0x83, 0x39, 0x40, 0x3c, 0x84, 0x2a, 0x40, 0x64, 0x81, 0x2a,
  0x40, 0x28, 0x87, 0x43, 0x40, 0x14, 0x90, 0x42, 0x73, 0x00, 0x90, 0x4e,
  0x73, 0x00, 0x92, 0x45, 0x69, 0x00, 0x92, 0x40, 0x69, 0x00, 0x95, 0x42,
  0x78, 0x00, 0x96, 0x5a, 0x73, 0x0a, 0x91, 0x2a, 0x5a, 0x00, 0x99, 0x2c,
  0x55, 0x0a, 0x89, 0x2c, 0x40, 0x3c, 0x82, 0x45, 0x40, 0x00, 0x82, 0x40,
  0x40, 0x1e, 0x81, 0x2a, 0x40, 0x32, 0x91, 0x2b, 0x64, 0x00, 0x94, 0x2b,
  0x6e, 0x00, 0x99, 0x24, 0x6e, 0x00, 0x97, 0x39, 0x64, 0x00, 0x99, 0x2c,
  0x69, 0x00, 0x99, 0x3b, 0x78, 0x0a, 0x89, 0x24, 0x40, 0x00, 0x89, 0x2c,
  0x40, 0x00, 0x89, 0x3b, 0x40, 0x81, 0x02, 0x87, 0x39, 0x40, 0x14, 0x84,
  0x2b, 0x40, 0x00, 0x97, 0x3d, 0x64, 0x50, 0x86, 0x5a, 0x40, 0x00, 0x80,
  0x4e, 0x40, 0x00, 0x80, 0x42, 0x40, 0x00, 0x85, 0x42, 0x40, 0x14, 0x81,
  0x2b, 0x40, 0x28, 0x87, 0x3d, 0x40, 0x14, 0x90, 0x42, 0x5a, 0x00, 0x90,
  0x4e, 0x5a, 0x00, 0x92, 0x45, 0x69, 0x00, 0x92, 0x40, 0x69, 0x00, 0x97,
  0x40, 0x64, 0x00, 0x96, 0x5a, 0x5a, 0x00, 0x95, 0x42, 0x5f, 0x0a, 0x91,
  0x2b, 0x5a, 0x00, 0x99, 0x2c, 0x55, 0x0a, 0x89, 0x2c, 0x40, 0x3c, 0x82,
  0x45, 0x40, 0x00, 0x82, 0x40, 0x40, 0x14, 0x85, 0x42, 0x40, 0x00, 0x86,
  0x5a, 0x40, 0x00, 0x80, 0x4e, 0x40, 0x00, 0x80, 0x42, 0x40, 0x0a, 0x81,
  0x2b, 0x40, 0x1e, 0x87, 0x40, 0x40, 0x14, 0x90, 0x40, 0x6e, 0x00, 0x90,
  0x4c, 0x6e, 0x00, 0x91, 0x2a, 0x64, 0x00, 0x94, 0x2a, 0x6e, 0x00, 0x93,
  0x39, 0x78, 0x00, 0x93, 0x34, 0x78, 0x00, 0x95, 0x40, 0x7d, 0x00, 0x96,
  0x58, 0x6e, 0x00, 0x97, 0x39, 0x64, 0x00, 0x99, 0x2c, 0x69, 0x00, 0x99,
  0x26, 0x6e, 0x00, 0x99, 0x3b, 0x78, 0x00, 0x99, 0x36, 0x64, 0x0a, 0x89,
  0x2c, 0x40, 0x00, 0x89, 0x26, 0x40, 0x00, 0x89, 0x3b, 0x40, 0x00, 0x89,
  0x36, 0x40, 0x5a, 0x83, 0x34, 0x40, 0x00, 0x83, 0x39, 0x40, 0x28, 0x87,
  0x39, 0x40, 0x14, 0x84, 0x2a, 0x40, 0x00, 0x97, 0x3d, 0x64, 0x64, 0x81,
  0x2a, 0x40, 0x14, 0x80, 0x40, 0x40, 0x00, 0x85, 0x40, 0x40, 0x00, 0x80,
  0x4c, 0x40, 0x00, 0x86, 0x58, 0x40, 0x14, 0x87, 0x3d, 0x40, 0x14, 0x90,
  0x4c, 0x5a, 0x00, 0x90, 0x40, 0x5a, 0x00, 0x92, 0x45, 0x69, 0x00, 0x92,
  0x40, 0x69, 0x00, 0x97, 0x40, 0x64, 0x00, 0x96, 0x58, 0x5a, 0x00, 0x95,
  0x40, 0x5f, 0x0a, 0x91, 0x2a, 0x5a, 0x00, 0x99, 0x2c, 0x55, 0x0a, 0x89,
  0x2c, 0x40, 0x3c, 0x82, 0x45, 0x40, 0x00, 0x82, 0x40, 0x40, 0x14, 0x85,
  0x40, 0x40, 0x00, 0x86, 0x58, 0x40, 0x00, 0x80, 0x40, 0x40, 0x00, 0x80,
  0x4c, 0x40, 0x0a, 0x81, 0x2a, 0x40, 0x1e, 0x87, 0x40, 0x40, 0x14, 0x90,
  0x3e, 0x73, 0x00, 0x90, 0x4a, 0x73, 0x00, 0x91, 0x28, 0x64, 0x00, 0x92,
  0x45, 0x69, 0x00, 0x92, 0x40, 0x69, 0x00, 0x94, 0x28, 0x6e, 0x00, 0x95,
  0x3e, 0x78, 0x00, 0x96, 0x56, 0x73, 0x00, 0x97, 0x43, 0x64, 0x00, 0x99,
  0x24, 0x6e, 0x00, 0x99, 0x2c, 0x69, 0x00, 0x99, 0x3b, 0x78, 0x0a, 0x89,
  0x24, 0x40, 0x00, 0x89, 0x2c, 0x40, 0x00, 0x89, 0x3b, 0x40, 0x81, 0x16,
  0x84, 0x28, 0x40, 0x64, 0x81, 0x28, 0x40, 0x28, 0x86, 0x56, 0x40, 0x00,
  0x85, 0x3e, 0x40, 0x00, 0x80, 0x3e, 0x40, 0x00, 0x80, 0x4a, 0x40, 0x14,
  0x90, 0x3e, 0x5a, 0x00, 0x90, 0x4a, 0x5a, 0x00, 0x96, 0x56, 0x5a, 0x00,
  0x95, 0x3e, 0x5f, 0x0a, 0x91, 0x28, 0x5a, 0x00, 0x99, 0x2c, 0x55, 0x0a,
  0x89, 0x2c, 0x40, 0x50, 0x80, 0x3e, 0x40, 0x00, 0x80, 0x4a, 0x40, 0x00,
  0x85, 0x3e, 0x40, 0x00, 0x86, 0x56, 0x40, 0x0a, 0x81, 0x28, 0x40, 0x32,
  0x90, 0x40, 0x6e, 0x00, 0x90, 0x4c, 0x6e, 0x00, 0x91, 0x25, 0x64, 0x00,
  0x94, 0x25, 0x6e, 0x00, 0x93, 0x39, 0x78, 0x00, 0x93, 0x34, 0x78, 0x00,
  0x95, 0x40, 0x78, 0x00, 0x96, 0x58, 0x6e, 0x00, 0x99, 0x2c, 0x69, 0x00,
  0x99, 0x26, 0x6e, 0x00, 0x99, 0x3b, 0x78, 0x00, 0x99, 0x36, 0x64, 0x0a,
  0x89, 0x2c, 0x40, 0x00, 0x89, 0x36, 0x40, 0x00, 0x89, 0x26, 0x40, 0x00,
  0x89, 0x3b, 0x40, 0x5a, 0x83, 0x34, 0x40, 0x00, 0x83, 0x39, 0x40, 0x14,
  0x82, 0x40, 0x40, 0x00, 0x82, 0x45, 0x40, 0x28, 0x84, 0x25, 0x40, 0x64,
  0x81, 0x25, 0x40, 0x14, 0x80, 0x40, 0x40, 0x00, 0x80, 0x4c, 0x40, 0x00,
  0x85, 0x40, 0x40, 0x00, 0x86, 0x58, 0x40, 0x14, 0x87, 0x43, 0x40, 0x14,
  0x90, 0x40, 0x5a, 0x00, 0x90, 0x4c, 0x5a, 0x00, 0x96, 0x58, 0x5a, 0x00,
  0x95, 0x40, 0x5f, 0x0a, 0x91, 0x25, 0x5a, 0x00, 0x99, 0x2c, 0x55, 0x0a,
  0x89, 0x2c, 0x40, 0x50, 0x86, 0x58, 0x40, 0x00, 0x80, 0x4c, 0x40, 0x00,
  0x85, 0x40, 0x40, 0x00, 0x80, 0x40, 0x40, 0x0a, 0x81, 0x25, 0x40, 0x32,
  0x90, 0x3e, 0x73, 0x00, 0x90, 0x4a, 0x73, 0x00, 0x91, 0x26, 0x64, 0x00,
  0x92, 0x45, 0x69, 0x00, 0x92, 0x42, 0x69, 0x00, 0x94, 0x26, 0x6e, 0x00,
  0x95, 0x3e, 0x78, 0x00, 0x96, 0x56, 0x73, 0x00, 0x99, 0x24, 0x6e, 0x00,
  0x97, 0x39, 0x64, 0x00, 0x99, 0x2c, 0x69, 0x00, 0x99, 0x3b, 0x78, 0x0a,
  0x89, 0x24, 0x40, 0x00, 0x89, 0x2c, 0x40, 0x00, 0x89, 0x3b, 0x40, 0x46,
  0x82, 0x42, 0x40, 0x00, 0x82, 0x45, 0x40, 0x3c, 0x87, 0x39, 0x40, 0x14,
  0x84, 0x26, 0x40, 0x00, 0x97, 0x3e, 0x64, 0x64, 0x81, 0x26, 0x40, 0x28,
  0x87, 0x3e, 0x40, 0x14, 0x97, 0x42, 0x64, 0x0a, 0x91, 0x26, 0x5a, 0x00,
  0x99, 0x2c, 0x55, 0x0a, 0x89, 0x2c, 0x40, 0x5a, 0x81, 0x26, 0x40, 0x1e,
  0x87, 0x42, 0x40, 0x14, 0x91, 0x2a, 0x64, 0x00, 0x92, 0x45, 0x69, 0x00,
  0x92, 0x42, 0x69, 0x00, 0x94, 0x2a, 0x6e, 0x00, 0x93, 0x39, 0x78, 0x00,
  0x93, 0x32, 0x78, 0x00, 0x97, 0x39, 0x64, 0x00, 0x99, 0x2c, 0x69, 0x00,
  0x99, 0x26, 0x6e, 0x00, 0x99, 0x3b, 0x78, 0x00, 0x99, 0x36, 0x64, 0x0a,
  0x89, 0x2c, 0x40, 0x00, 0x89, 0x36, 0x40, 0x00, 0x89, 0x26, 0x40, 0x00,
  0x89, 0x3b, 0x40, 0x46, 0x82, 0x42, 0x40, 0x00, 0x82, 0x45, 0x40, 0x14,
  0x83, 0x39, 0x40, 0x00, 0x83, 0x32, 0x40, 0x28, 0x87, 0x39, 0x40, 0x14,
  0x84, 0x2a, 0x40, 0x00, 0x97, 0x3e, 0x64, 0x64, 0x81, 0x2a, 0x40, 0x14,
  0x80, 0x3e, 0x40, 0x00, 0x80, 0x4a, 0x40, 0x00, 0x86, 0x56, 0x40, 0x00,
  0x85, 0x3e, 0x40, 0x14, 0x87, 0x3e, 0x40, 0x14, 0x90, 0x3b, 0x73, 0x00,
  0x90, 0x47, 0x73, 0x00, 0x97, 0x42, 0x64, 0x00, 0x96, 0x53, 0x73, 0x00,
  0x95, 0x3b, 0x78, 0x0a, 0x91, 0x2a, 0x5a, 0x00, 0x99, 0x2c, 0x55, 0x0a,
  0x89, 0x2c, 0x40, 0x5a, 0x81, 0x2a, 0x40, 0x1e, 0x87, 0x42, 0x40, 0x14,
  0x91, 0x2d, 0x64, 0x00, 0x92, 0x42, 0x69, 0x00, 0x92, 0x45, 0x69, 0x00,
  0x94, 0x2d, 0x6e, 0x00, 0x97, 0x45, 0x64, 0x00, 0x99, 0x24, 0x6e, 0x00,
  0x99, 0x2c, 0x69, 0x00, 0x99, 0x3b, 0x78, 0x0a, 0x89, 0x24, 0x40, 0x00,
  0x89, 0x2c, 0x40, 0x00, 0x89, 0x3b, 0x40, 0x81, 0x16, 0x84, 0x2d, 0x40,
  0x64, 0x81, 0x2d, 0x40, 0x46, 0x91, 0x2d, 0x5a, 0x00, 0x99, 0x2c, 0x55,
  0x0a, 0x89, 0x2c, 0x40, 0x5a, 0x81, 0x2d, 0x40, 0x1e, 0x82, 0x42, 0x40,
  0x00, 0x82, 0x45, 0x40, 0x14, 0x90, 0x39, 0x73, 0x00, 0x90, 0x45, 0x73,
  0x00, 0x91, 0x2f, 0x64, 0x00, 0x94, 0x2f, 0x6e, 0x00, 0x93, 0x39, 0x78,
  0x00, 0x93, 0x32, 0x78, 0x00, 0x95, 0x39, 0x78, 0x00, 0x96, 0x51, 0x73,
  0x00, 0x99, 0x2c, 0x69, 0x00, 0x99, 0x26, 0x6e, 0x00, 0x99, 0x3b, 0x78,
  0x00, 0x99, 0x36, 0x64, 0x0a, 0x89, 0x2c, 0x40, 0x00, 0x89, 0x3b, 0x40,
  0x00, 0x89, 0x36, 0x40, 0x00, 0x89, 0x26, 0x40, 0x1e, 0x85, 0x3b, 0x40,
  0x3c, 0x83, 0x39, 0x40, 0x00, 0x83, 0x32, 0x40, 0x14, 0x80, 0x47, 0x40,
  0x00, 0x86, 0x53, 0x40, 0x00, 0x80, 0x3b, 0x40, 0x28, 0x84, 0x2f, 0x40,
  0x64, 0x81, 0x2f, 0x40, 0x28, 0x87, 0x45, 0x40, 0x14, 0x92, 0x42, 0x69,
  0x00, 0x92, 0x45, 0x69, 0x0a, 0x91, 0x2f, 0x5a, 0x00, 0x99, 0x2c, 0x55,
  0x0a, 0x89, 0x2c, 0x40, 0x3c, 0x82, 0x42, 0x40, 0x00, 0x82, 0x45, 0x40,
  0x1e, 0x81, 0x2f, 0x40, 0x32, 0x91, 0x30, 0x64, 0x00, 0x94, 0x30, 0x6e,
  0x00, 0x99, 0x24, 0x6e, 0x00, 0x97, 0x39, 0x64, 0x00, 0x99, 0x2c, 0x69,
  0x00, 0x99, 0x3b, 0x78, 0x0a, 0x89, 0x24, 0x40, 0x00, 0x89, 0x2c, 0x40,
  0x00, 0x89, 0x3b, 0x40, 0x81, 0x02, 0x87, 0x39, 0x40, 0x14, 0x84, 0x30,
  0x40, 0x00, 0x97, 0x3e, 0x64, 0x64, 0x81, 0x30, 0x40, 0x28, 0x87, 0x3e,
  0x40, 0x14, 0x92, 0x45, 0x69, 0x00, 0x92, 0x42, 0x69, 0x00, 0x97, 0x42,
  0x64, 0x0a, 0x91, 0x30, 0x5a, 0x00, 0x99, 0x2c, 0x55, 0x0a, 0x89, 0x2c,
  0x40, 0x3c, 0x82, 0x45, 0x40, 0x00, 0x82, 0x42, 0x40, 0x1e, 0x81, 0x30,
  0x40, 0x1e, 0x87, 0x42, 0x40, 0x14, 0x91, 0x2f, 0x64, 0x00, 0x94, 0x2f,
  0x6e, 0x00, 0x93, 0x39, 0x78, 0x00, 0x93, 0x32, 0x78, 0x00, 0x97, 0x45,
  0x64, 0x00, 0x99, 0x2c, 0x69, 0x00, 0x99, 0x26, 0x6e, 0x00, 0x99, 0x3b,
  0x78, 0x00, 0x99, 0x36, 0x64, 0x0a, 0x89, 0x2c, 0x40, 0x00, 0x89, 0x26,
  0x40, 0x00, 0x89, 0x3b, 0x40, 0x00, 0x89, 0x36, 0x40, 0x5a, 0x83, 0x39,
  0x40, 0x00, 0x83, 0x32, 0x40, 0x28, 0x87, 0x45, 0x40, 0x14, 0x84, 0x2f,
  0x40, 0x00, 0x97, 0x4a, 0x64, 0x64, 0x81, 0x2f, 0x40, 0x28, 0x87, 0x4a,
  0x40, 0x14, 0x92, 0x45, 0x69, 0x00, 0x92, 0x42, 0x69, 0x00, 0x97, 0x4e,
  0x64, 0x0a, 0x91, 0x2f, 0x5a, 0x00, 0x99, 0x2c, 0x55, 0x0a, 0x89, 0x2c,
  0x40, 0x3c, 0x85, 0x39, 0x40, 0x00, 0x80, 0x39, 0x40, 0x00, 0x80, 0x45,
  0x40, 0x00, 0x82, 0x42, 0x40, 0x00, 0x82, 0x45, 0x40, 0x00, 0x86, 0x51,
  0x40, 0x1e, 0x81, 0x2f, 0x40, 0x1e, 0x87, 0x4e, 0x40, 0x14, 0x90, 0x39,
  0x73, 0x00, 0x90, 0x45, 0x73, 0x00, 0x91, 0x2d, 0x64, 0x00, 0x92, 0x45,
  0x69, 0x00, 0x92, 0x42, 0x69, 0x00, 0x94, 0x2d, 0x6e, 0x00, 0x97, 0x51,
  0x64, 0x00, 0x99, 0x24, 0x6e, 0x00, 0x96, 0x51, 0x73, 0x00, 0x95, 0x39,
  0x78, 0x00, 0x99, 0x2c, 0x69, 0x00, 0x99, 0x3b, 0x78, 0x0a, 0x89, 0x24,
  0x40, 0x00, 0x89, 0x2c, 0x40, 0x00, 0x89, 0x3b, 0x40, 0x81, 0x02, 0x87,
  0x51, 0x40, 0x14, 0x84, 0x2d, 0x40, 0x00, 0x97, 0x4e, 0x64, 0x64, 0x81,
  0x2d, 0x40, 0x28, 0x87, 0x4e, 0x40, 0x00, 0x80, 0x45, 0x40, 0x00, 0x86,
  0x51, 0x40, 0x00, 0x80, 0x39, 0x40, 0x00, 0x85, 0x39, 0x40, 0x14, 0x90,
  0x3b, 0x69, 0x00, 0x90, 0x47, 0x69, 0x00, 0x97, 0x4a, 0x64, 0x00, 0x95,
  0x3b, 0x73, 0x00, 0x96, 0x53, 0x69, 0x0a, 0x91, 0x2d, 0x5a, 0x00, 0x99,
  0x2c, 0x55, 0x0a, 0x89, 0x2c, 0x40, 0x5a, 0x81, 0x2d, 0x40, 0x0a, 0x80,
  0x47, 0x40, 0x00, 0x86, 0x53, 0x40, 0x00, 0x80, 0x3b, 0x40, 0x00, 0x85,
  0x3b, 0x40, 0x14, 0x87, 0x4a, 0x40, 0x14, 0x90, 0x3d, 0x73, 0x00, 0x90,
  0x49, 0x73, 0x00, 0x91, 0x2a, 0x64, 0x00, 0x94, 0x2a, 0x6e, 0x00, 0x93,
  0x39, 0x78, 0x00, 0x93, 0x32, 0x78, 0x00, 0x96, 0x55, 0x73, 0x00, 0x95,
  0x3d, 0x78, 0x00, 0x97, 0x45, 0x64, 0x00, 0x99, 0x2c, 0x69, 0x00, 0x99,
  0x26, 0x6e, 0x00, 0x99, 0x36, 0x64, 0x0a, 0x89, 0x2c, 0x40, 0x00, 0x89,
  0x26, 0x40, 0x00, 0x89, 0x36, 0x40, 0x5a, 0x83, 0x32, 0x40, 0x00, 0x83,
  0x39, 0x40, 0x14, 0x82, 0x45, 0x40, 0x00, 0x82, 0x42, 0x40, 0x14, 0x87,
  0x45, 0x40, 0x14, 0x84, 0x2a, 0x40, 0x00, 0x97, 0x42, 0x64, 0x00, 0x99,
  0x36, 0x50, 0x00, 0x99, 0x26, 0x50, 0x0a, 0x89, 0x36, 0x40, 0x00, 0x89,
  0x26, 0x40, 0x5a, 0x81, 0x2a, 0x40, 0x28, 0x87, 0x42, 0x40, 0x00, 0x85,
  0x3d, 0x40, 0x00, 0x80, 0x49, 0x40, 0x00, 0x86, 0x55, 0x40, 0x00, 0x80,
  0x3d, 0x40, 0x14, 0x90, 0x40, 0x64, 0x00, 0x90, 0x4c, 0x64, 0x00, 0x97,
  0x3d, 0x64, 0x00, 0x95, 0x40, 0x73, 0x00, 0x96, 0x58, 0x64, 0x00, 0x99,
  0x26, 0x64, 0x00, 0x99, 0x36, 0x46, 0x0a, 0x89, 0x26, 0x40, 0x00, 0x89,
  0x36, 0x40, 0x00, 0x91, 0x2a, 0x5a, 0x00, 0x99, 0x2c, 0x55, 0x0a, 0x89,
  0x2c, 0x40, 0x50, 0x80, 0x40, 0x40, 0x00, 0x85, 0x40, 0x40, 0x00, 0x86,
  0x58, 0x40, 0x00, 0x80, 0x4c, 0x40, 0x0a, 0x81, 0x2a, 0x40, 0x1e, 0x87,
  0x3d, 0x40, 0x14, 0x90, 0x42, 0x73, 0x00, 0x90, 0x4e, 0x73, 0x00, 0x91,
  0x26, 0x64, 0x00, 0x92, 0x45, 0x69, 0x00, 0x92, 0x42, 0x69, 0x00, 0x94,
  0x26, 0x6e, 0x00, 0x96, 0x5a, 0x73, 0x00, 0x95, 0x42, 0x7d, 0x00, 0x97,
  0x39, 0x64, 0x00, 0x99, 0x24, 0x6e, 0x00, 0x99, 0x2c, 0x69, 0x00, 0x99,
  0x3b, 0x78, 0x0a, 0x89, 0x24, 0x40, 0x00, 0x89, 0x2c, 0x40, 0x00, 0x89,
  0x3b, 0x40, 0x46, 0x82, 0x45, 0x40, 0x00, 0x82, 0x42, 0x40, 0x3c, 0x87,
  0x39, 0x40, 0x14, 0x84, 0x26, 0x40, 0x00, 0x97, 0x3e, 0x64, 0x64, 0x81,
  0x26, 0x40, 0x14, 0x85, 0x42, 0x40, 0x00, 0x86, 0x5a, 0x40, 0x14, 0x80,
  0x42, 0x40, 0x00, 0x80, 0x4e, 0x40, 0x00, 0x87, 0x3e, 0x40, 0x14, 0x90,
  0x42, 0x64, 0x00, 0x90, 0x4e, 0x64, 0x00, 0x97, 0x42, 0x64, 0x00, 0x95,
  0x42, 0x5f, 0x00, 0x96, 0x5a, 0x69, 0x0a, 0x91, 0x26, 0x5a, 0x00, 0x99,
  0x2c, 0x55, 0x0a, 0x89, 0x2c, 0x40, 0x50, 0x86, 0x5a, 0x40, 0x00, 0x85,
  0x42, 0x40, 0x0a, 0x81, 0x26, 0x40, 0x0a, 0x80, 0x4e, 0x40, 0x00, 0x80,
  0x42, 0x40, 0x14, 0x87, 0x42, 0x40, 0x14, 0x90, 0x3e, 0x73, 0x00, 0x90,
  0x4a, 0x73, 0x00, 0x91, 0x2a, 0x64, 0x00, 0x92, 0x45, 0x69, 0x00, 0x92,
  0x42, 0x69, 0x00, 0x94, 0x2a, 0x6e, 0x00, 0x93, 0x39, 0x78, 0x00, 0x93,
  0x32, 0x78, 0x00, 0x96, 0x56, 0x73, 0x00, 0x95, 0x3e, 0x7d, 0x00, 0x97,
  0x39, 0x64, 0x00, 0x99, 0x2c, 0x69, 0x00, 0x99, 0x26, 0x6e, 0x00, 0x99,
  0x3b, 0x78, 0x00, 0x99, 0x36, 0x64, 0x0a, 0x89, 0x2c, 0x40, 0x00, 0x89,
  0x36, 0x40, 0x00, 0x89, 0x26, 0x40, 0x00, 0x89, 0x3b, 0x40, 0x46, 0x82,
  0x42, 0x40, 0x00, 0x82, 0x45, 0x40, 0x14, 0x83, 0x32, 0x40, 0x00, 0x83,
  0x39, 0x40, 0x28, 0x87, 0x39, 0x40, 0x14, 0x84, 0x2a, 0x40, 0x00, 0x97,
  0x3e, 0x64, 0x64, 0x81, 0x2a, 0x40, 0x14, 0x86, 0x56, 0x40, 0x00, 0x85,
  0x3e, 0x40, 0x14, 0x80, 0x4a, 0x40, 0x00, 0x80, 0x3e, 0x40, 0x00, 0x87,
  0x3e, 0x40, 0x14, 0x90, 0x3e, 0x64, 0x00, 0x90, 0x4a, 0x64, 0x00, 0x97,
  0x42, 0x64, 0x00, 0x95, 0x3e, 0x5f, 0x00, 0x96, 0x56, 0x69, 0x0a, 0x91,
  0x2a, 0x5a, 0x00, 0x99, 0x2c, 0x55, 0x0a, 0x89, 0x2c, 0x40, 0x50, 0x86,
  0x56, 0x40, 0x00, 0x85, 0x3e, 0x40, 0x0a, 0x81, 0x2a, 0x40, 0x0a, 0x80,
  0x4a, 0x40, 0x00, 0x80, 0x3e, 0x40, 0x14, 0x87, 0x42, 0x40, 0x14, 0x90,
  0x42, 0x6e, 0x00, 0x90, 0x4e, 0x6e, 0x00, 0x91, 0x2d, 0x64, 0x00, 0x92,
  0x45, 0x69, 0x00, 0x92, 0x42, 0x69, 0x00, 0x94, 0x2d, 0x6e, 0x00, 0x96,
  0x5a, 0x73, 0x00, 0x95, 0x42, 0x78, 0x00, 0x97, 0x45, 0x64, 0x00, 0x99,
  0x24, 0x6e, 0x00, 0x99, 0x2c, 0x69, 0x00, 0x99, 0x3b, 0x78, 0x0a, 0x89,
  0x24, 0x40, 0x00, 0x89, 0x2c, 0x40, 0x00, 0x89, 0x3b, 0x40, 0x81, 0x16,
  0x84, 0x2d, 0x40, 0x64, 0x81, 0x2d, 0x40, 0x14, 0x85, 0x42, 0x40, 0x00,
  0x86, 0x5a, 0x40, 0x14, 0x80, 0x4e, 0x40, 0x00, 0x80, 0x42, 0x40, 0x14,
  0x90, 0x3e, 0x6e, 0x00, 0x90, 0x4a, 0x6e, 0x00, 0x95, 0x3e, 0x78, 0x00,
  0x96, 0x56, 0x73, 0x0a, 0x91, 0x2d, 0x5a, 0x00, 0x99, 0x2c, 0x55, 0x0a,
  0x89, 0x2c, 0x40, 0x5a, 0x81, 0x2d, 0x40, 0x1e, 0x82, 0x45, 0x40, 0x00,
  0x86, 0x56, 0x40, 0x00, 0x85, 0x3e, 0x40, 0x00, 0x82, 0x42, 0x40, 0x14,
  0x91, 0x2f, 0x64, 0x00, 0x94, 0x2f, 0x6e, 0x00, 0x93, 0x39, 0x78, 0x00,
  0x93, 0x32, 0x78, 0x00, 0x99, 0x2c, 0x69, 0x00, 0x99, 0x26, 0x6e, 0x00,
  0x99, 0x3b, 0x78, 0x00, 0x99, 0x36, 0x64, 0x0a, 0x89, 0x2c, 0x40, 0x00,
  0x89, 0x36, 0x40, 0x00, 0x89, 0x26, 0x40, 0x00, 0x89, 0x3b, 0x40, 0x5a,
  0x83, 0x39, 0x40, 0x00, 0x83, 0x32, 0x40, 0x14, 0x80, 0x4a, 0x40, 0x00,
  0x80, 0x3e, 0x40, 0x28, 0x84, 0x2f, 0x40, 0x64, 0x81, 0x2f, 0x40, 0x28,
  0x87, 0x45, 0x40, 0x14, 0x90, 0x43, 0x73, 0x00, 0x90, 0x4f, 0x73, 0x00,
  0x92, 0x45, 0x69, 0x00, 0x92, 0x42, 0x69, 0x00, 0x96, 0x5b, 0x73, 0x00,
  0x95, 0x43, 0x7d, 0x0a, 0x91, 0x2f, 0x5a, 0x00, 0x99, 0x2c, 0x55, 0x0a,
  0x89, 0x2c, 0x40, 0x3c, 0x82, 0x45, 0x40, 0x00, 0x82, 0x42, 0x40, 0x1e,
  0x81, 0x2f, 0x40, 0x32, 0x91, 0x30, 0x64, 0x00, 0x94, 0x30, 0x6e, 0x00,
  0x99, 0x24, 0x6e, 0x00, 0x97, 0x39, 0x64, 0x00, 0x99, 0x2c, 0x69, 0x00,
  0x99, 0x3b, 0x78, 0x0a, 0x89, 0x24, 0x40, 0x00, 0x89, 0x2c, 0x40, 0x00,
  0x89, 0x3b, 0x40, 0x81, 0x02, 0x87, 0x39, 0x40, 0x14, 0x84, 0x30, 0x40,
  0x00, 0x97, 0x3e, 0x64, 0x50, 0x85, 0x43, 0x40, 0x00, 0x80, 0x4f, 0x40,
  0x00, 0x80, 0x43, 0x40, 0x00, 0x86, 0x5b, 0x40, 0x14, 0x81, 0x30, 0x40,
  0x28, 0x87, 0x3e, 0x40, 0x14, 0x90, 0x43, 0x69, 0x00, 0x90, 0x4f, 0x69,
  0x00, 0x92, 0x45, 0x69, 0x00, 0x92, 0x42, 0x69, 0x00, 0x97, 0x42, 0x64,
  0x00, 0x95, 0x43, 0x5f, 0x00, 0x96, 0x5b, 0x6e, 0x0a, 0x91, 0x30, 0x5a,
  0x00, 0x99, 0x2c, 0x55, 0x0a, 0x89, 0x2c, 0x40, 0x3c, 0x82, 0x45, 0x40,
  0x00, 0x82, 0x42, 0x40, 0x14, 0x86, 0x5b, 0x40, 0x00, 0x85, 0x43, 0x40,
  0x0a, 0x81, 0x30, 0x40, 0x0a, 0x80, 0x4f, 0x40, 0x00, 0x80, 0x43, 0x40,
  0x14, 0x87, 0x42, 0x40, 0x14, 0x90, 0x42, 0x73, 0x00, 0x90, 0x4e, 0x73,
  0x00, 0x91, 0x2f, 0x64, 0x00, 0x94, 0x2f, 0x6e, 0x00, 0x93, 0x39, 0x78,
  0x00, 0x93, 0x32, 0x78, 0x00, 0x96, 0x5a, 0x73, 0x00, 0x95, 0x42, 0x7d,
  0x00, 0x97, 0x39, 0x64, 0x00, 0x99, 0x2c, 0x69, 0x00, 0x99, 0x26, 0x6e,
  0x00, 0x99, 0x3b, 0x78, 0x00, 0x99, 0x36, 0x64, 0x0a, 0x89, 0x2c, 0x40,
  0x00, 0x89, 0x26, 0x40, 0x00, 0x89, 0x3b, 0x40, 0x00, 0x89, 0x36, 0x40,
  0x5a, 0x83, 0x32, 0x40, 0x00, 0x83, 0x39, 0x40, 0x28, 0x87, 0x39, 0x40,
  0x14, 0x84, 0x2f, 0x40, 0x00, 0x97, 0x3e, 0x64, 0x64, 0x81, 0x2f, 0x40,
  0x14, 0x85, 0x42, 0x40, 0x00, 0x86, 0x5a, 0x40, 0x14, 0x80, 0x42, 0x40,
  0x00, 0x80, 0x4e, 0x40, 0x00, 0x87, 0x3e, 0x40, 0x14, 0x90, 0x3e, 0x73,
  0x00, 0x90, 0x4a, 0x73, 0x00, 0x92, 0x45, 0x69, 0x00, 0x92, 0x42, 0x69,
  0x00, 0x97, 0x42, 0x64, 0x00, 0x95, 0x3e, 0x7d, 0x00, 0x96, 0x56, 0x73,
  0x0a, 0x91, 0x2f, 0x5a, 0x00, 0x99, 0x2c, 0x55, 0x0a, 0x89, 0x2c, 0x40,
  0x3c, 0x82, 0x45, 0x40, 0x00, 0x82, 0x42, 0x40, 0x1e, 0x81, 0x2f, 0x40,
  0x1e, 0x87, 0x42, 0x40, 0x14, 0x91, 0x2d, 0x64, 0x00, 0x92, 0x45, 0x69,
  0x00, 0x92, 0x42, 0x69, 0x00, 0x94, 0x2d, 0x6e, 0x00, 0x97, 0x45, 0x64,
  0x00, 0x99, 0x24, 0x6e, 0x00, 0x99, 0x2c, 0x69, 0x00, 0x99, 0x3b, 0x78,
  0x0a, 0x89, 0x24, 0x40, 0x00, 0x89, 0x2c, 0x40, 0x00, 0x89, 0x3b, 0x40,
  0x81, 0x02, 0x86, 0x56, 0x40, 0x00, 0x85, 0x3e, 0x40, 0x14, 0x84, 0x2d,
  0x40, 0x14, 0x80, 0x4a, 0x40, 0x00, 0x80, 0x3e, 0x40, 0x50, 0x81, 0x2d,
  0x40, 0x3c, 0x90, 0x3d, 0x73, 0x00, 0x90, 0x49, 0x73, 0x00, 0x96, 0x55,
  0x73, 0x00, 0x95, 0x3d, 0x7d, 0x0a, 0x91, 0x2d, 0x5a, 0x00, 0x99, 0x2c,
  0x55, 0x0a, 0x89, 0x2c, 0x40, 0x5a, 0x81, 0x2d, 0x40, 0x32, 0x91, 0x2a,
  0x64, 0x00, 0x94, 0x2a, 0x6e, 0x00, 0x93, 0x39, 0x78, 0x00, 0x93, 0x32,
  0x78, 0x00, 0x99, 0x2c, 0x69, 0x00, 0x99, 0x26, 0x6e, 0x00, 0x99, 0x3b,
  0x78, 0x00, 0x99, 0x36, 0x64, 0x0a, 0x89, 0x2c, 0x40, 0x00, 0x89, 0x36,
  0x40, 0x00, 0x89, 0x26, 0x40, 0x00, 0x89, 0x3b, 0x40, 0x5a, 0x83, 0x32,
  0x40, 0x00, 0x83, 0x39, 0x40, 0x14, 0x82, 0x42, 0x40, 0x00, 0x82, 0x45,
  0x40, 0x28, 0x84, 0x2a, 0x40, 0x64, 0x81, 0x2a, 0x40, 0x28, 0x87, 0x45,
  0x40, 0x1e, 0x91, 0x2a, 0x5a, 0x00, 0x99, 0x2c, 0x55, 0x0a, 0x89, 0x2c,
  0x40, 0x5a, 0x81, 0x2a, 0x40, 0x1e, 0x85, 0x3d, 0x40, 0x00, 0x80, 0x3d,
  0x40, 0x00, 0x86, 0x55, 0x40, 0x00, 0x80, 0x49, 0x40, 0x14, 0x90, 0x3e,
  0x6e, 0x00, 0x90, 0x4a, 0x6e, 0x00, 0x91, 0x1f, 0x64, 0x00, 0x92, 0x43,
  0x69, 0x00, 0x92, 0x3e, 0x69, 0x00, 0x94, 0x1f, 0x6e, 0x00, 0x95, 0x3e,
  0x78, 0x00, 0x96, 0x56, 0x73, 0x00, 0x99, 0x24, 0x6e, 0x00, 0x97, 0x3b,
  0x64, 0x00, 0x99, 0x2c, 0x69, 0x00, 0x99, 0x3b, 0x78, 0x0a, 0x89, 0x24,
  0x40, 0x00, 0x89, 0x2c, 0x40, 0x00, 0x89, 0x3b, 0x40, 0x46, 0x82, 0x3e,
  0x40, 0x00, 0x82, 0x43, 0x40, 0x3c, 0x87, 0x3b, 0x40, 0x14, 0x84, 0x1f,
  0x40, 0x00, 0x97, 0x3e, 0x64, 0x64, 0x81, 0x1f, 0x40, 0x14, 0x86, 0x56,
  0x40, 0x00, 0x85, 0x3e, 0x40, 0x14, 0x80, 0x4a, 0x40, 0x00, 0x80, 0x3e,
  0x40, 0x00, 0x87, 0x3e, 0x40, 0x14, 0x90, 0x3e, 0x64, 0x00, 0x90, 0x4a,
  0x64, 0x00, 0x97, 0x43, 0x64, 0x00, 0x96, 0x56, 0x69, 0x00, 0x95, 0x3e,
  0x5f, 0x0a, 0x91, 0x1f, 0x5a, 0x00, 0x99, 0x2c, 0x55, 0x0a, 0x89, 0x2c,
  0x40, 0x50, 0x85, 0x3e, 0x40, 0x00, 0x86, 0x56, 0x40, 0x0a, 0x81, 0x1f,
  0x40, 0x0a, 0x80, 0x4a, 0x40, 0x00, 0x80, 0x3e, 0x40, 0x14, 0x87, 0x43,
  0x40, 0x14, 0x90, 0x3e, 0x73, 0x00, 0x90, 0x4a, 0x73, 0x00, 0x91, 0x23,
  0x64, 0x00, 0x92, 0x43, 0x69, 0x00, 0x92, 0x3e, 0x69, 0x00, 0x94, 0x23,
  0x6e, 0x00, 0x93, 0x3b, 0x78, 0x00, 0x93, 0x37, 0x78, 0x00, 0x95, 0x3e,
  0x7d, 0x00, 0x96, 0x56, 0x78, 0x00, 0x97, 0x3b, 0x64, 0x00, 0x99, 0x2c,
  0x69, 0x00, 0x99, 0x26, 0x6e, 0x00, 0x99, 0x3b, 0x78, 0x00, 0x99, 0x36,
  0x64, 0x0a, 0x89, 0x2c, 0x40, 0x00, 0x89, 0x36, 0x40, 0x00, 0x89, 0x26,
  0x40, 0x00, 0x89, 0x3b, 0x40, 0x46, 0x82, 0x3e, 0x40, 0x00, 0x82, 0x43,
  0x40, 0x14, 0x83, 0x37, 0x40, 0x00, 0x83, 0x3b, 0x40, 0x28, 0x87, 0x3b,
  0x40, 0x14, 0x84, 0x23, 0x40, 0x00, 0x97, 0x3e, 0x64, 0x64, 0x81, 0x23,
  0x40, 0x14, 0x85, 0x3e, 0x40, 0x00, 0x86, 0x56, 0x40, 0x14, 0x80, 0x4a,
  0x40, 0x00, 0x80, 0x3e, 0x40, 0x00, 0x87, 0x3e, 0x40, 0x14, 0x90, 0x3e,
  0x64, 0x00, 0x90, 0x4a, 0x64, 0x00, 0x97, 0x40, 0x64, 0x00, 0x96, 0x56,
  0x69, 0x00, 0x95, 0x3e, 0x5f, 0x0a, 0x91, 0x23, 0x5a, 0x00, 0x99, 0x2c,
  0x55, 0x0a, 0x89, 0x2c, 0x40, 0x50, 0x85, 0x3e, 0x40, 0x00, 0x86, 0x56,
  0x40, 0x0a, 0x81, 0x23, 0x40, 0x0a, 0x80, 0x4a, 0x40, 0x00, 0x80, 0x3e,
  0x40, 0x14, 0x87, 0x40, 0x40, 0x14, 0x90, 0x3e, 0x6e, 0x00, 0x90, 0x4a,
  0x6e, 0x00, 0x91, 0x26, 0x64, 0x00, 0x92, 0x3e, 0x69, 0x00, 0x92, 0x43,
  0x69, 0x00, 0x94, 0x26, 0x6e, 0x00, 0x95, 0x3e, 0x78, 0x00, 0x96, 0x56,
  0x73, 0x00, 0x97, 0x43, 0x64, 0x00, 0x99, 0x24, 0x6e, 0x00, 0x99, 0x2c,
  0x69, 0x00, 0x99, 0x3b, 0x78, 0x0a, 0x89, 0x24, 0x40, 0x00, 0x89, 0x2c,
  0x40, 0x00, 0x89, 0x3b, 0x40, 0x81, 0x16, 0x84, 0x26, 0x40, 0x64, 0x81,
  0x26, 0x40, 0x14, 0x86, 0x56, 0x40, 0x00, 0x85, 0x3e, 0x40, 0x14, 0x80,
  0x4a, 0x40, 0x00, 0x80, 0x3e, 0x40, 0x14, 0x90, 0x3d, 0x6e, 0x00, 0x90,
  0x49, 0x6e, 0x00, 0x96, 0x55, 0x73, 0x00, 0x95, 0x3d, 0x78, 0x0a, 0x91,
  0x26, 0x5a, 0x00, 0x99, 0x2c, 0x55, 0x0a, 0x89, 0x2c, 0x40, 0x50, 0x86,
  0x55, 0x40, 0x00, 0x85, 0x3d, 0x40, 0x0a, 0x81, 0x26, 0x40, 0x1e, 0x82,
  0x3e, 0x40, 0x00, 0x82, 0x43, 0x40, 0x14, 0x91, 0x28, 0x64, 0x00, 0x94,
  0x28, 0x6e, 0x00, 0x93, 0x3b, 0x78, 0x00, 0x93, 0x37, 0x78, 0x00, 0x99,
  0x2c, 0x69, 0x00, 0x99, 0x26, 0x6e, 0x00, 0x99, 0x3b, 0x78, 0x00, 0x99,
  0x36, 0x64, 0x0a, 0x89, 0x2c, 0x40, 0x00, 0x89, 0x36, 0x40, 0x00, 0x89,
  0x26, 0x40, 0x00, 0x89, 0x3b, 0x40, 0x5a, 0x83, 0x3b, 0x40, 0x00, 0x83,
  0x37, 0x40, 0x14, 0x80, 0x49, 0x40, 0x00, 0x80, 0x3d, 0x40, 0x28, 0x84,
  0x28, 0x40, 0x64, 0x81, 0x28, 0x40, 0x28, 0x87, 0x43, 0x40, 0x14, 0x90,
  0x3b, 0x69, 0x00, 0x90, 0x47, 0x69, 0x00, 0x92, 0x3e, 0x69, 0x00, 0x92,
  0x43, 0x69, 0x00, 0x95, 0x3b, 0x73, 0x00, 0x96, 0x53, 0x6e, 0x0a, 0x91,
  0x28, 0x5a, 0x00, 0x99, 0x2c, 0x55, 0x0a, 0x89, 0x2c, 0x40, 0x3c, 0x82,
  0x3e, 0x40, 0x00, 0x82, 0x43, 0x40, 0x1e, 0x81, 0x28, 0x40, 0x32, 0x91,
  0x2b, 0x64, 0x00, 0x94, 0x2b, 0x6e, 0x00, 0x99, 0x24, 0x6e, 0x00, 0x97,
  0x3b, 0x64, 0x00, 0x99, 0x2c, 0x69, 0x00, 0x99, 0x3b, 0x78, 0x0a, 0x89,
  0x24, 0x40, 0x00, 0x89, 0x2c, 0x40, 0x00, 0x89, 0x3b, 0x40, 0x81, 0x02,
  0x87, 0x3b, 0x40, 0x14, 0x84, 0x2b, 0x40, 0x00, 0x97, 0x3e, 0x64, 0x64,
  0x81, 0x2b, 0x40, 0x28, 0x87, 0x3e, 0x40, 0x14, 0x92, 0x43, 0x69, 0x00,
  0x92, 0x3e, 0x69, 0x00, 0x97, 0x43, 0x64, 0x0a, 0x91, 0x2b, 0x5a, 0x00,
  0x99, 0x2c, 0x55, 0x0a, 0x89, 0x2c, 0x40, 0x3c, 0x82, 0x43, 0x40, 0x00,
  0x82, 0x3e, 0x40, 0x1e, 0x81, 0x2b, 0x40, 0x1e, 0x87, 0x43, 0x40, 0x14,
  0x91, 0x28, 0x64, 0x00, 0x94, 0x28, 0x6e, 0x00, 0x93, 0x3b, 0x78, 0x00,
  0x93, 0x37, 0x78, 0x00, 0x97, 0x3b, 0x64, 0x00, 0x99, 0x2c, 0x69, 0x00,
  0x99, 0x26, 0x6e, 0x00, 0x99, 0x3b, 0x78, 0x00, 0x99, 0x36, 0x64, 0x0a,
  0x89, 0x2c, 0x40, 0x00, 0x89, 0x26, 0x40, 0x00, 0x89, 0x3b, 0x40, 0x00,
  0x89, 0x36, 0x40, 0x5a, 0x83, 0x3b, 0x40, 0x00, 0x83, 0x37, 0x40, 0x28,
  0x87, 0x3b, 0x40, 0x14, 0x84, 0x28, 0x40, 0x00, 0x97, 0x3e, 0x64, 0x3c,
  0x86, 0x53, 0x40, 0x00, 0x80, 0x3b, 0x40, 0x00, 0x85, 0x3b, 0x40, 0x00,
  0x80, 0x47, 0x40, 0x28, 0x81, 0x28, 0x40, 0x28, 0x87, 0x3e, 0x40, 0x14,
  0x90, 0x37, 0x6e, 0x00, 0x90, 0x43, 0x6e, 0x00, 0x92, 0x43, 0x69, 0x00,
  0x92, 0x3e, 0x69, 0x00, 0x97, 0x40, 0x64, 0x00, 0x96, 0x4f, 0x73, 0x00,
  0x95, 0x37, 0x78, 0x0a, 0x91, 0x28, 0x5a, 0x00, 0x99, 0x2c, 0x55, 0x0a,
  0x89, 0x2c, 0x40, 0x3c, 0x82, 0x43, 0x40, 0x00, 0x82, 0x3e, 0x40, 0x1e,
  0x81, 0x28, 0x40, 0x1e, 0x87, 0x40, 0x40, 0x14, 0x91, 0x26, 0x64, 0x00,
  0x92, 0x43, 0x69, 0x00, 0x92, 0x3e, 0x69, 0x00, 0x94, 0x26, 0x6e, 0x00,
  0x97, 0x43, 0x64, 0x00, 0x99, 0x24, 0x6e, 0x00, 0x99, 0x2c, 0x69, 0x00,
  0x99, 0x3b, 0x78, 0x0a, 0x89, 0x24, 0x40, 0x00, 0x89, 0x2c, 0x40, 0x00,
  0x89, 0x3b, 0x40, 0x81, 0x16, 0x84, 0x26, 0x40, 0x50, 0x80, 0x43, 0x40,
  0x00, 0x80, 0x37, 0x40, 0x14, 0x81, 0x26, 0x40, 0x28, 0x86, 0x4f, 0x40,
  0x00, 0x85, 0x37, 0x40, 0x14, 0x90, 0x3b, 0x6e, 0x00, 0x90, 0x47, 0x6e,
  0x00, 0x95, 0x3b, 0x78, 0x00, 0x96, 0x53, 0x73, 0x0a, 0x91, 0x26, 0x5a,
  0x00, 0x99, 0x2c, 0x55, 0x0a, 0x89, 0x2c, 0x40, 0x5a, 0x85, 0x3b, 0x40,
  0x00, 0x81, 0x26, 0x40, 0x00, 0x86, 0x53, 0x40, 0x0a, 0x80, 0x47, 0x40,
  0x00, 0x80, 0x3b, 0x40, 0x28, 0x90, 0x3d, 0x73, 0x00, 0x90, 0x49, 0x73,
  0x00, 0x91, 0x23, 0x64, 0x00, 0x94, 0x23, 0x6e, 0x00, 0x93, 0x3b, 0x78,
  0x00, 0x93, 0x37, 0x78, 0x00, 0x96, 0x55, 0x73, 0x00, 0x95, 0x3d, 0x7d,
  0x00, 0x99, 0x2c, 0x69, 0x00, 0x99, 0x26, 0x6e, 0x00, 0x99, 0x36, 0x64,
  0x0a, 0x89, 0x2c, 0x40, 0x00, 0x89, 0x26, 0x40, 0x00, 0x89, 0x36, 0x40,
  0x5a, 0x83, 0x37, 0x40, 0x00, 0x83, 0x3b, 0x40, 0x14, 0x82, 0x43, 0x40,
  0x00, 0x82, 0x3e, 0x40, 0x28, 0x84, 0x23, 0x40, 0x00, 0x99, 0x36, 0x50,
  0x00, 0x99, 0x26, 0x50, 0x0a, 0x89, 0x36, 0x40, 0x00, 0x89, 0x26, 0x40,
  0x5a, 0x81, 0x23, 0x40, 0x28, 0x85, 0x3d, 0x40, 0x00, 0x80, 0x49, 0x40,
  0x00, 0x87, 0x43, 0x40, 0x00, 0x80, 0x3d, 0x40, 0x00, 0x86, 0x55, 0x40,
  0x14, 0x90, 0x3e, 0x73, 0x00, 0x90, 0x4a, 0x73, 0x00, 0x95, 0x3e, 0x7d,
  0x00, 0x96, 0x56, 0x73, 0x00, 0x99, 0x26, 0x64, 0x00, 0x99, 0x36, 0x46,
  0x0a, 0x89, 0x26, 0x40, 0x00, 0x89, 0x36, 0x40, 0x00, 0x91, 0x23, 0x5a,
  0x00, 0x99, 0x2c, 0x55, 0x0a, 0x89, 0x2c, 0x40, 0x5a, 0x85, 0x3e, 0x40,
  0x00, 0x81, 0x23, 0x40, 0x00, 0x86, 0x56, 0x40, 0x0a, 0x80, 0x4a, 0x40,
  0x00, 0x80, 0x3e, 0x40, 0x28, 0x90, 0x4e, 0x6e, 0x00, 0x90, 0x42, 0x6e,
  0x00, 0x91, 0x21, 0x64, 0x00, 0x92, 0x45, 0x69, 0x00, 0x92, 0x40, 0x69,
  0x00, 0x94, 0x21, 0x6e, 0x00, 0x96, 0x5a, 0x6e, 0x00, 0x95, 0x42, 0x7d,
  0x00, 0x99, 0x24, 0x6e, 0x00, 0x97, 0x39, 0x64, 0x00, 0x99, 0x2c, 0x69,
  0x00, 0x99, 0x3b, 0x78, 0x0a, 0x89, 0x24, 0x40, 0x00, 0x89, 0x2c, 0x40,
  0x00, 0x89, 0x3b, 0x40, 0x46, 0x82, 0x40, 0x40, 0x00, 0x82, 0x45, 0x40,
  0x3c, 0x87, 0x39, 0x40, 0x14, 0x84, 0x21, 0x40, 0x00, 0x97, 0x3d, 0x64,
  0x64, 0x81, 0x21, 0x40, 0x28, 0x87, 0x3d, 0x40, 0x00, 0x80, 0x42, 0x40,
  0x00, 0x80, 0x4e, 0x40, 0x00, 0x86, 0x5a, 0x40, 0x00, 0x85, 0x42, 0x40,
  0x14, 0x90, 0x42, 0x5a, 0x00, 0x90, 0x4e, 0x5a, 0x00, 0x97, 0x40, 0x64,
  0x00, 0x95, 0x42, 0x5f, 0x00, 0x96, 0x5a, 0x5a, 0x0a, 0x91, 0x21, 0x5a,
  0x00, 0x99, 0x2c, 0x55, 0x0a, 0x89, 0x2c, 0x40, 0x5a, 0x81, 0x21, 0x40,
  0x0a, 0x80, 0x4e, 0x40, 0x00, 0x86, 0x5a, 0x40, 0x00, 0x85, 0x42, 0x40,
  0x00, 0x80, 0x42, 0x40, 0x14, 0x87, 0x40, 0x40, 0x14, 0x90, 0x40, 0x6e,
  0x00, 0x90, 0x4c, 0x6e, 0x00, 0x91, 0x25, 0x64, 0x00, 0x92, 0x45, 0x69,
  0x00, 0x92, 0x40, 0x69, 0x00, 0x94, 0x25, 0x6e, 0x00, 0x93, 0x39, 0x78,
  0x00, 0x93, 0x34, 0x78, 0x00, 0x96, 0x58, 0x6e, 0x00, 0x95, 0x40, 0x78,
  0x00, 0x97, 0x39, 0x64, 0x00, 0x99, 0x2c, 0x69, 0x00, 0x99, 0x26, 0x6e,
  0x00, 0x99, 0x3b, 0x78, 0x00, 0x99, 0x36, 0x64, 0x0a, 0x89, 0x2c, 0x40,
  0x00, 0x89, 0x36, 0x40, 0x00, 0x89, 0x26, 0x40, 0x00, 0x89, 0x3b, 0x40,
  0x46, 0x82, 0x40, 0x40, 0x00, 0x82, 0x45, 0x40, 0x14, 0x83, 0x34, 0x40,
  0x00, 0x83, 0x39, 0x40, 0x28, 0x87, 0x39, 0x40, 0x14, 0x84, 0x25, 0x40,
  0x00, 0x97, 0x3d, 0x64, 0x64, 0x81, 0x25, 0x40, 0x28, 0x87, 0x3d, 0x40,
  0x00, 0x85, 0x40, 0x40, 0x00, 0x80, 0x40, 0x40, 0x00, 0x86, 0x58, 0x40,
  0x00, 0x80, 0x4c, 0x40, 0x14, 0x90, 0x40, 0x5a, 0x00, 0x90, 0x4c, 0x5a,
  0x00, 0x97, 0x40, 0x64, 0x00, 0x95, 0x40, 0x5f, 0x00, 0x96, 0x58, 0x5a,
  0x0a, 0x91, 0x25, 0x5a, 0x00, 0x99, 0x2c, 0x55, 0x0a, 0x89, 0x2c, 0x40,
  0x50, 0x80, 0x4c, 0x40, 0x00, 0x85, 0x40, 0x40, 0x00, 0x86, 0x58, 0x40,
  0x00, 0x80, 0x40, 0x40, 0x0a, 0x81, 0x25, 0x40, 0x1e, 0x87, 0x40, 0x40,
  0x14, 0x90, 0x3e, 0x73, 0x00, 0x90, 0x4a, 0x73, 0x00, 0x91, 0x28, 0x64,
  0x00, 0x92, 0x45, 0x69, 0x00, 0x92, 0x40, 0x69, 0x00, 0x94, 0x28, 0x6e,
  0x00, 0x96, 0x56, 0x73, 0x00, 0x95, 0x3e, 0x78, 0x00, 0x97, 0x43, 0x64,
  0x00, 0x99, 0x24, 0x6e, 0x00, 0x99, 0x2c, 0x69, 0x00, 0x99, 0x3b, 0x78,
  0x0a, 0x89, 0x24, 0x40, 0x00, 0x89, 0x2c, 0x40, 0x00, 0x89, 0x3b, 0x40,
  0x81, 0x16, 0x84, 0x28, 0x40, 0x64, 0x81, 0x28, 0x40, 0x14, 0x85, 0x3e,
  0x40, 0x00, 0x86, 0x56, 0x40, 0x00, 0x80, 0x3e, 0x40, 0x00, 0x80, 0x4a,
  0x40, 0x28, 0x90, 0x3b, 0x6e, 0x00, 0x90, 0x47, 0x6e, 0x00, 0x95, 0x3b,
  0x73, 0x00, 0x96, 0x53, 0x6e, 0x0a, 0x91, 0x28, 0x5a, 0x00, 0x99, 0x2c,
  0x55, 0x0a, 0x89, 0x2c, 0x40, 0x5a, 0x81, 0x28, 0x40, 0x0a, 0x80, 0x47,
  0x40, 0x00, 0x86, 0x53, 0x40, 0x00, 0x80, 0x3b, 0x40, 0x00, 0x85, 0x3b,
  0x40, 0x14, 0x82, 0x45, 0x40, 0x00, 0x82, 0x40, 0x40, 0x14, 0x91, 0x2a,
  0x64, 0x00, 0x94, 0x2a, 0x6e, 0x00, 0x93, 0x39, 0x78, 0x00, 0x93, 0x34,
  0x78, 0x00, 0x99, 0x2c, 0x69, 0x00, 0x99, 0x26, 0x6e, 0x00, 0x99, 0x3b,
  0x78, 0x00, 0x99, 0x36, 0x64, 0x0a, 0x89, 0x2c, 0x40, 0x00, 0x89, 0x3b,
  0x40, 0x00, 0x89, 0x36, 0x40, 0x00, 0x89, 0x26, 0x40, 0x5a, 0x83, 0x34,
  0x40, 0x00, 0x83, 0x39, 0x40, 0x3c, 0x84, 0x2a, 0x40, 0x64, 0x81, 0x2a,
  0x40, 0x28, 0x87, 0x43, 0x40, 0x14, 0x90, 0x42, 0x73, 0x00, 0x90, 0x4e,
  0x73, 0x00, 0x92, 0x45, 0x69, 0x00, 0x92, 0x40, 0x69, 0x00, 0x96, 0x5a,
  0x73, 0x00, 0x95, 0x42, 0x78, 0x0a, 0x91, 0x2a, 0x5a, 0x00, 0x99, 0x2c,
  0x55, 0x0a, 0x89, 0x2c, 0x40, 0x3c, 0x82, 0x45, 0x40, 0x00, 0x82, 0x40,
  0x40, 0x1e, 0x81, 0x2a, 0x40, 0x32, 0x91, 0x2b, 0x64, 0x00, 0x94, 0x2b,
  0x6e, 0x00, 0x99, 0x24, 0x6e, 0x00, 0x97, 0x39, 0x64, 0x00, 0x99, 0x2c,
  0x69, 0x00, 0x99, 0x3b, 0x78, 0x0a, 0x89, 0x24, 0x40, 0x00, 0x89, 0x2c,
  0x40, 0x00, 0x89, 0x3b, 0x40, 0x81, 0x02, 0x87, 0x39, 0x40, 0x14, 0x84,
  0x2b, 0x40, 0x00, 0x97, 0x3d, 0x64, 0x50, 0x85, 0x42, 0x40, 0x00, 0x80,
  0x4e, 0x40, 0x00, 0x80, 0x42, 0x40, 0x00, 0x86, 0x5a, 0x40, 0x14, 0x81,
  0x2b, 0x40, 0x28, 0x87, 0x3d, 0x40, 0x14, 0x90, 0x42, 0x5a, 0x00, 0x90,
  0x4e, 0x5a, 0x00, 0x92, 0x45, 0x69, 0x00, 0x92, 0x40, 0x69, 0x00, 0x97,
  0x40, 0x64, 0x00, 0x95, 0x42, 0x5f, 0x00, 0x96, 0x5a, 0x5a, 0x0a, 0x91,
  0x2b, 0x5a, 0x00, 0x99, 0x2c, 0x55, 0x0a, 0x89, 0x2c, 0x40, 0x3c, 0x82,
  0x45, 0x40, 0x00, 0x82, 0x40, 0x40, 0x14, 0x86, 0x5a, 0x40, 0x00, 0x85,
  0x42, 0x40, 0x00, 0x80, 0x4e, 0x40, 0x00, 0x80, 0x42, 0x40, 0x0a, 0x81,
  0x2b, 0x40, 0x1e, 0x87, 0x40, 0x40, 0x14, 0x90, 0x40, 0x6e, 0x00, 0x90,
  0x4c, 0x6e, 0x00, 0x91, 0x2a, 0x64, 0x00, 0x94, 0x2a, 0x6e, 0x00, 0x93,
  0x39, 0x78, 0x00, 0x93, 0x34, 0x78, 0x00, 0x96, 0x58, 0x6e, 0x00, 0x95,
  0x40, 0x7d, 0x00, 0x97, 0x39, 0x64, 0x00, 0x99, 0x2c, 0x69, 0x00, 0x99,
  0x26, 0x6e, 0x00, 0x99, 0x3b, 0x78, 0x00, 0x99, 0x36, 0x64, 0x0a, 0x89,
  0x2c, 0x40, 0x00, 0x89, 0x26, 0x40, 0x00, 0x89, 0x3b, 0x40, 0x00, 0x89,
  0x36, 0x40, 0x5a, 0x83, 0x34, 0x40, 0x00, 0x83, 0x39, 0x40, 0x28, 0x87,
  0x39, 0x40, 0x14, 0x84, 0x2a, 0x40, 0x00, 0x97, 0x3d, 0x64, 0x64, 0x81,
  0x2a, 0x40, 0x14, 0x80, 0x40, 0x40, 0x00, 0x86, 0x58, 0x40, 0x00, 0x80,
  0x4c, 0x40, 0x00, 0x85, 0x40, 0x40, 0x14, 0x87, 0x3d, 0x40, 0x14, 0x90,
  0x4c, 0x5a, 0x00, 0x90, 0x40, 0x5a, 0x00, 0x92, 0x45, 0x69, 0x00, 0x92,
  0x40, 0x69, 0x00, 0x97, 0x40, 0x64, 0x00, 0x95, 0x40, 0x5f, 0x00, 0x96,
  0x58, 0x5a, 0x0a, 0x91, 0x2a, 0x5a, 0x00, 0x99, 0x2c, 0x55, 0x0a, 0x89,
  0x2c, 0x40, 0x3c, 0x82, 0x45, 0x40, 0x00, 0x82, 0x40, 0x40, 0x14, 0x86,
  0x58, 0x40, 0x00, 0x85, 0x40, 0x40, 0x00, 0x80, 0x40, 0x40, 0x00, 0x80,
  0x4c, 0x40, 0x0a, 0x81, 0x2a, 0x40, 0x1e, 0x87, 0x40, 0x40, 0x14, 0x90,
  0x3e, 0x73, 0x00, 0x90, 0x4a, 0x73, 0x00, 0x91, 0x28, 0x64, 0x00, 0x92,
  0x45, 0x69, 0x00, 0x92, 0x40, 0x69, 0x00, 0x94, 0x28, 0x6e, 0x00, 0x96,
  0x56, 0x73, 0x00, 0x95, 0x3e, 0x78, 0x00, 0x97, 0x43, 0x64, 0x00, 0x99,
  0x24, 0x6e, 0x00, 0x99, 0x2c, 0x69, 0x00, 0x99, 0x3b, 0x78, 0x0a, 0x89,
  0x24, 0x40, 0x00, 0x89, 0x2c, 0x40, 0x00, 0x89, 0x3b, 0x40, 0x81, 0x16,
  0x84, 0x28, 0x40, 0x64, 0x81, 0x28, 0x40, 0x28, 0x85, 0x3e, 0x40, 0x00,
  0x86, 0x56, 0x40, 0x00, 0x80, 0x3e, 0x40, 0x00, 0x80, 0x4a, 0x40, 0x14,
  0x90, 0x3e, 0x5a, 0x00, 0x90, 0x4a, 0x5a, 0x00, 0x95, 0x3e, 0x5f, 0x00,
  0x96, 0x56, 0x5a, 0x0a, 0x91, 0x28, 0x5a, 0x00, 0x99, 0x2c, 0x55, 0x0a,
  0x89, 0x2c, 0x40, 0x50, 0x80, 0x3e, 0x40, 0x00, 0x80, 0x4a, 0x40, 0x00,
  0x86, 0x56, 0x40, 0x00, 0x85, 0x3e, 0x40, 0x0a, 0x81, 0x28, 0x40, 0x32,
  0x90, 0x40, 0x6e, 0x00, 0x90, 0x4c, 0x6e, 0x00, 0x91, 0x25, 0x64, 0x00,
  0x94, 0x25, 0x6e, 0x00, 0x93, 0x39, 0x78, 0x00, 0x93, 0x34, 0x78, 0x00,
  0x96, 0x58, 0x6e, 0x00, 0x95, 0x40, 0x78, 0x00, 0x99, 0x2c, 0x69, 0x00,
  0x99, 0x26, 0x6e, 0x00, 0x99, 0x39, 0x64, 0x00, 0x99, 0x36, 0x64, 0x0a,
  0x89, 0x2c, 0x40, 0x00, 0x89, 0x36, 0x40, 0x00, 0x89, 0x26, 0x40, 0x00,
  0x89, 0x39, 0x40, 0x5a, 0x83, 0x34, 0x40, 0x00, 0x83, 0x39, 0x40, 0x14,
  0x82, 0x40, 0x40, 0x00, 0x82, 0x45, 0x40, 0x28, 0x84, 0x25, 0x40, 0x64,
  0x81, 0x25, 0x40, 0x14, 0x80, 0x40, 0x40, 0x00, 0x80, 0x4c, 0x40, 0x00,
  0x86, 0x58, 0x40, 0x00, 0x85, 0x40, 0x40, 0x14, 0x87, 0x43, 0x40, 0x14,
  0x90, 0x40, 0x5a, 0x00, 0x90, 0x4c, 0x5a, 0x00, 0x95, 0x40, 0x5f, 0x00,
  0x96, 0x58, 0x5a, 0x0a, 0x91, 0x25, 0x5a, 0x00, 0x99, 0x2c, 0x55, 0x0a,
  0x89, 0x2c, 0x40, 0x50, 0x85, 0x40, 0x40, 0x00, 0x80, 0x4c, 0x40, 0x00,
  0x86, 0x58, 0x40, 0x00, 0x80, 0x40, 0x40, 0x0a, 0x81, 0x25, 0x40, 0x32,
  0x90, 0x3e, 0x6e, 0x00, 0x90, 0x4a, 0x6e, 0x00, 0x91, 0x26, 0x64, 0x00,
  0x92, 0x3e, 0x69, 0x00, 0x92, 0x42, 0x69, 0x00, 0x93, 0x36, 0x6e, 0x00,
  0x93, 0x32, 0x6e, 0x00, 0x94, 0x26, 0x6e, 0x00, 0x96, 0x56, 0x78, 0x00,
  0x95, 0x3e, 0x7d, 0x00, 0x97, 0x39, 0x64, 0x00, 0x99, 0x2c, 0x69, 0x00,
  0x99, 0x26, 0x6e, 0x00, 0x99, 0x36, 0x64, 0x00, 0x99, 0x31, 0x64, 0x0a,
  0x89, 0x2c, 0x40, 0x00, 0x89, 0x31, 0x40, 0x00, 0x89, 0x26, 0x40, 0x00,
  0x89, 0x36, 0x40, 0x81, 0x02, 0x87, 0x39, 0x40, 0x14, 0x84, 0x26, 0x40,
  0x00, 0x97, 0x3e, 0x64, 0x64, 0x81, 0x26, 0x40, 0x28, 0x87, 0x3e, 0x40,
  0x14, 0x97, 0x42, 0x64, 0x00, 0x99, 0x24, 0x6e, 0x0a, 0x89, 0x24, 0x40,
  0x00, 0x91, 0x32, 0x5a, 0x00, 0x99, 0x2c, 0x55, 0x0a, 0x89, 0x2c, 0x40,
  0x5a, 0x81, 0x32, 0x40, 0x1e, 0x87, 0x42, 0x40, 0x14, 0x91, 0x26, 0x64,
  0x00, 0x94, 0x26, 0x6e, 0x00, 0x97, 0x45, 0x64, 0x00, 0x99, 0x2c, 0x69,
  0x00, 0x99, 0x26, 0x6e, 0x00, 0x99, 0x31, 0x5a, 0x00, 0x99, 0x36, 0x64,
  0x0a, 0x89, 0x2c, 0x40, 0x00, 0x89, 0x36, 0x40, 0x00, 0x89, 0x26, 0x40,
  0x00, 0x89, 0x31, 0x40, 0x81, 0x02, 0x87, 0x45, 0x40, 0x14, 0x84, 0x26,
  0x40, 0x00, 0x97, 0x42, 0x64, 0x64, 0x81, 0x26, 0x40, 0x28, 0x87, 0x42,
  0x40, 0x14, 0x97, 0x3e, 0x64, 0x00, 0x99, 0x24, 0x6e, 0x0a, 0x89, 0x24,
  0x40, 0x00, 0x91, 0x25, 0x5a, 0x00, 0x99, 0x2c, 0x55, 0x0a, 0x89, 0x2c,
  0x40, 0x3c, 0x82, 0x3e, 0x40, 0x00, 0x85, 0x3e, 0x40, 0x00, 0x86, 0x56,
  0x40, 0x00, 0x82, 0x42, 0x40, 0x00, 0x83, 0x32, 0x40, 0x00, 0x83, 0x36,
  0x40, 0x1e, 0x81, 0x25, 0x40, 0x1e, 0x80, 0x4a, 0x40, 0x00, 0x80, 0x3e,
  0x40, 0x00, 0x87, 0x3e, 0x40, 0x14, 0x90, 0x3b, 0x6e, 0x00, 0x90, 0x47,
  0x6e, 0x00, 0x91, 0x23, 0x64, 0x00, 0x92, 0x3b, 0x69, 0x00, 0x92, 0x3e,
  0x69, 0x00, 0x94, 0x23, 0x6e, 0x00, 0x93, 0x32, 0x6e, 0x00, 0x93, 0x37,
  0x6e, 0x00, 0x97, 0x37, 0x64, 0x00, 0x95, 0x3b, 0x73, 0x00, 0x96, 0x53,
  0x6e, 0x00, 0x99, 0x2c, 0x69, 0x00, 0x99, 0x26, 0x6e, 0x00, 0x99, 0x36,
  0x64, 0x00, 0x99, 0x39, 0x64, 0x0a, 0x89, 0x2c, 0x40, 0x00, 0x89, 0x39,
  0x40, 0x00, 0x89, 0x26, 0x40, 0x00, 0x89, 0x36, 0x40, 0x81, 0x02, 0x87,
  0x37, 0x40, 0x14, 0x84, 0x23, 0x40, 0x00, 0x97, 0x3b, 0x64, 0x64, 0x81,
  0x23, 0x40, 0x28, 0x87, 0x3b, 0x40, 0x14, 0x97, 0x3e, 0x64, 0x0a, 0x91,
  0x2f, 0x5a, 0x00, 0x99, 0x2c, 0x55, 0x0a, 0x89, 0x2c, 0x40, 0x5a, 0x81,
  0x2f, 0x40, 0x1e, 0x87, 0x3e, 0x40, 0x14, 0x91, 0x23, 0x64, 0x00, 0x94,
  0x23, 0x6e, 0x00, 0x97, 0x47, 0x64, 0x00, 0x99, 0x2c, 0x69, 0x00, 0x99,
  0x36, 0x64, 0x0a, 0x89, 0x2c, 0x40, 0x00, 0x89, 0x36, 0x40, 0x81, 0x02,
  0x87, 0x47, 0x40, 0x14, 0x84, 0x23, 0x40, 0x00, 0x97, 0x43, 0x64, 0x64,
  0x85, 0x3b, 0x40, 0x00, 0x81, 0x23, 0x40, 0x00, 0x86, 0x53, 0x40, 0x14,
  0x83, 0x37, 0x40, 0x00, 0x83, 0x32, 0x40, 0x00, 0x82, 0x3b, 0x40, 0x00,
  0x82, 0x3e, 0x40, 0x14, 0x80, 0x47, 0x40, 0x00, 0x87, 0x43, 0x40, 0x00,
  0x80, 0x3b, 0x40, 0x14, 0x90, 0x3e, 0x73, 0x00, 0x90, 0x4a, 0x73, 0x00,
  0x92, 0x3e, 0x69, 0x00, 0x92, 0x42, 0x69, 0x00, 0x93, 0x32, 0x6e, 0x00,
  0x93, 0x39, 0x6e, 0x00, 0x97, 0x3e, 0x64, 0x00, 0x96, 0x56, 0x73, 0x00,
  0x95, 0x3e, 0x78, 0x00, 0x99, 0x39, 0x5a, 0x00, 0x99, 0x26, 0x6e, 0x0a,
  0x89, 0x39, 0x40, 0x00, 0x89, 0x26, 0x40, 0x00, 0x91, 0x26, 0x5a, 0x00,
  0x99, 0x2c, 0x55, 0x0a, 0x89, 0x2c, 0x40, 0x50, 0x80, 0x3e, 0x40, 0x00,
  0x83, 0x32, 0x40, 0x00, 0x85, 0x3e, 0x40, 0x00, 0x82, 0x42, 0x40, 0x00,
  0x86, 0x56, 0x40, 0x00, 0x83, 0x39, 0x40, 0x00, 0x80, 0x4a, 0x40, 0x00,
  0x82, 0x3e, 0x40, 0x0a, 0x81, 0x26, 0x40, 0x1e, 0x87, 0x3e, 0x40, 0x14,
  0x94, 0x26, 0x6e, 0x00, 0x97, 0x39, 0x64, 0x00, 0x97, 0x3e, 0x64, 0x00,
  0x99, 0x2c, 0x69, 0x0a, 0x89, 0x2c, 0x40, 0x81, 0x02, 0x87, 0x39, 0x40,
  0x00, 0x87, 0x3e, 0x40, 0x14, 0x84, 0x26, 0x40, 0x81, 0x20, 0x90, 0x3e,
  0x6e, 0x00, 0x90, 0x4a, 0x6e, 0x00, 0x92, 0x3e, 0x69, 0x00, 0x92, 0x42,
  0x69, 0x00, 0x93, 0x32, 0x6e, 0x00, 0x93, 0x36, 0x6e, 0x00, 0x99, 0x24,
  0x6e, 0x00, 0x95, 0x3e, 0x78, 0x00, 0x96, 0x56, 0x73, 0x00, 0x99, 0x31,
  0x64, 0x00, 0x99, 0x36, 0x64, 0x00, 0x9a, 0x54, 0x73, 0x0a, 0x89, 0x24,
  0x40, 0x00, 0x89, 0x31, 0x40, 0x00, 0x89, 0x36, 0x40, 0x00, 0x8a, 0x54,
  0x40, 0x00, 0x91, 0x26, 0x5a, 0x00, 0x99, 0x2c, 0x55, 0x0a, 0x89, 0x2c,
  0x40, 0x5a, 0x81, 0x26, 0x40, 0x32, 0x91, 0x26, 0x64, 0x00, 0x94, 0x26,
  0x6e, 0x00, 0x97, 0x39, 0x64, 0x00, 0x97, 0x3e, 0x64, 0x00, 0x99, 0x2c,
  0x69, 0x00, 0x99, 0x26, 0x6e, 0x00, 0x99, 0x36, 0x50, 0x0a, 0x89, 0x2c,
  0x40, 0x00, 0x89, 0x26, 0x40, 0x00, 0x89, 0x36, 0x40, 0x6e, 0x82, 0x3e,
  0x40, 0x00, 0x82, 0x42, 0x40, 0x14, 0x80, 0x4a, 0x40, 0x00, 0x83, 0x36,
  0x40, 0x00, 0x80, 0x3e, 0x40, 0x00, 0x83, 0x32, 0x40, 0x14, 0x84, 0x26,
  0x40, 0x00, 0x90, 0x3e, 0x50, 0x00, 0x90, 0x4a, 0x50, 0x00, 0x92, 0x3e,
  0x69, 0x00, 0x92, 0x43, 0x69, 0x3c, 0x86, 0x56, 0x40, 0x00, 0x85, 0x3e,
  0x40, 0x28, 0x81, 0x26, 0x40, 0x00, 0x80, 0x4a, 0x40, 0x00, 0x80, 0x3e,
  0x40, 0x3c, 0x90, 0x3e, 0x6e, 0x00, 0x90, 0x4a, 0x6e, 0x00, 0x93, 0x37,
  0x6e, 0x00, 0x93, 0x32, 0x6e, 0x00, 0x99, 0x24, 0x6e, 0x00, 0x96, 0x56,
  0x6e, 0x00, 0x95, 0x3e, 0x73, 0x00, 0x9a, 0x4c, 0x73, 0x0a, 0x89, 0x24,
  0x40, 0x00, 0x8a, 0x4c, 0x40, 0x00, 0x91, 0x26, 0x5a, 0x00, 0x99, 0x2c,
  0x55, 0x0a, 0x89, 0x2c, 0x40, 0x3c, 0x87, 0x3e, 0x40, 0x00, 0x87, 0x39,
  0x40, 0x14, 0x85, 0x3e, 0x40, 0x00, 0x86, 0x56, 0x40, 0x0a, 0x81, 0x26,
  0x40, 0x0a, 0x83, 0x37, 0x40, 0x00, 0x80, 0x4a, 0x40, 0x00, 0x80, 0x3e,
  0x40, 0x00, 0x82, 0x43, 0x40, 0x00, 0x83, 0x32, 0x40, 0x00, 0x82, 0x3e,
  0x40, 0x28, 0x90, 0x40, 0x6e, 0x00, 0x90, 0x4c, 0x6e, 0x00, 0x91, 0x25,
  0x64, 0x00, 0x92, 0x40, 0x69, 0x00, 0x92, 0x45, 0x69, 0x00, 0x93, 0x34,
  0x6e, 0x00, 0x93, 0x39, 0x6e, 0x00, 0x94, 0x25, 0x6e, 0x00, 0x95, 0x40,
  0x73, 0x00, 0x96, 0x58, 0x6e, 0x00, 0x97, 0x39, 0x64, 0x00, 0x97, 0x40,
  0x64, 0x00, 0x99, 0x2c, 0x69, 0x00, 0x9a, 0x54, 0x73, 0x00, 0x99, 0x36,
  0x50, 0x00, 0x99, 0x32, 0x78, 0x0a, 0x89, 0x2c, 0x40, 0x00, 0x89, 0x32,
  0x40, 0x00, 0x8a, 0x54, 0x40, 0x00, 0x89, 0x36, 0x40, 0x81, 0x16, 0x84,
  0x25, 0x40, 0x00, 0x99, 0x30, 0x6e, 0x0a, 0x89, 0x30, 0x40, 0x6e, 0x80,
  0x40, 0x40, 0x00, 0x80, 0x4c, 0x40, 0x00, 0x82, 0x45, 0x40, 0x00, 0x82,
  0x40, 0x40, 0x28, 0x90, 0x40, 0x5a, 0x00, 0x90, 0x4c, 0x5a, 0x00, 0x99,
  0x30, 0x64, 0x0a, 0x89, 0x30, 0x40, 0x00, 0x99, 0x2c, 0x55, 0x0a, 0x89,
  0x2c, 0x40, 0x14, 0x85, 0x40, 0x40, 0x28, 0x87, 0x40, 0x40, 0x00, 0x87,
  0x39, 0x40, 0x00, 0x83, 0x39, 0x40, 0x00, 0x83, 0x34, 0x40, 0x00, 0x81,
  0x25, 0x40, 0x14, 0x86, 0x58, 0x40, 0x00, 0x80, 0x4c, 0x40, 0x00, 0x80,
  0x40, 0x40, 0x3c, 0x90, 0x41, 0x73, 0x00, 0x90, 0x4d, 0x73, 0x00, 0x92,
  0x41, 0x69, 0x00, 0x92, 0x46, 0x69, 0x00, 0x91, 0x22, 0x64, 0x00, 0x94,
  0x22, 0x6e, 0x00, 0x93, 0x35, 0x6e, 0x00, 0x93, 0x3a, 0x6e, 0x00, 0x97,
  0x3a, 0x64, 0x00, 0x97, 0x41, 0x64, 0x00, 0x96, 0x59, 0x78, 0x00, 0x95,
  0x41, 0x7d, 0x00, 0x99, 0x2c, 0x69, 0x00, 0x99, 0x30, 0x6e, 0x00, 0x99,
  0x36, 0x50, 0x00, 0x9a, 0x54, 0x73, 0x0a, 0x89, 0x2c, 0x40, 0x00, 0x8a,
  0x54, 0x40, 0x00, 0x89, 0x30, 0x40, 0x00, 0x89, 0x36, 0x40, 0x81, 0x16,
  0x84, 0x22, 0x40, 0x00, 0x99, 0x2f, 0x6e, 0x0a, 0x89, 0x2f, 0x40, 0x81,
  0x16, 0x99, 0x2b, 0x6e, 0x0a, 0x89, 0x2b, 0x40, 0x00, 0x99, 0x2c, 0x55,
  0x0a, 0x89, 0x2c, 0x40, 0x3c, 0x82, 0x46, 0x40, 0x00, 0x87, 0x3a, 0x40,
  0x00, 0x81, 0x22, 0x40, 0x00, 0x87, 0x41, 0x40, 0x00, 0x82, 0x41, 0x40,
  0x00, 0x83, 0x35, 0x40, 0x00, 0x83, 0x3a, 0x40, 0x14, 0x86, 0x59, 0x40,
  0x00, 0x85, 0x41, 0x40, 0x28, 0x80, 0x4d, 0x40, 0x00, 0x80, 0x41, 0x40,
  0x14, 0xb2, 0x0b, 0x7f, 0x00, 0x94, 0x23, 0x64, 0x00, 0x91, 0x23, 0x64,
  0x00, 0x96, 0x4a, 0x64, 0x00, 0x96, 0x4e, 0x64, 0x00, 0x97, 0x4a, 0x50,
  0x00, 0x97, 0x47, 0x50, 0x00, 0x97, 0x42, 0x50, 0x00, 0x99, 0x24, 0x64,
  0x00, 0x99, 0x2c, 0x69, 0x00, 0x99, 0x3b, 0x78, 0x00, 0x9a, 0x54, 0x73,
  0x0a, 0x89, 0x24, 0x40, 0x00, 0x8a, 0x54, 0x40, 0x00, 0x89, 0x2c, 0x40,
  0x00, 0x89, 0x3b, 0x40, 0x5a, 0x86, 0x4e, 0x40, 0x00, 0x86, 0x4a, 0x40,
  0x50, 0x84, 0x23, 0x40, 0x81, 0x02, 0xe5, 0x28, 0x3b, 0x0a, 0x95, 0x3b,
  0x64, 0x00, 0x95, 0x3e, 0x64, 0x00, 0x95, 0x42, 0x78, 0x00, 0x96, 0x4a,
  0x46, 0x00, 0x96, 0x4e, 0x46, 0x0a, 0x99, 0x2c, 0x55, 0x0a, 0x89, 0x2c,
  0x40, 0x28, 0xe5, 0x54, 0x3d, 0x28, 0x81, 0x23, 0x40, 0x00, 0x86, 0x4e,
  0x40, 0x00, 0x86, 0x4a, 0x40, 0x14, 0xe5, 0x00, 0x40, 0x28, 0x96, 0x4e,
  0x64, 0x00, 0x96, 0x4a, 0x64, 0x00, 0x91, 0x25, 0x64, 0x00, 0x94, 0x25,
  0x64, 0x00, 0x99, 0x2c, 0x69, 0x00, 0x99, 0x26, 0x6e, 0x00, 0x9a, 0x4c,
  0x73, 0x00, 0x99, 0x3b, 0x78, 0x0a, 0x89, 0x2c, 0x40, 0x00, 0x89, 0x26,
  0x40, 0x00, 0x8a, 0x4c, 0x40, 0x00, 0x89, 0x3b, 0x40, 0x5a, 0x86, 0x4e,
  0x40, 0x00, 0x86, 0x4a, 0x40, 0x50, 0x84, 0x25, 0x40, 0x81, 0x0c, 0x96,
  0x4e, 0x46, 0x00, 0x96, 0x4a, 0x46, 0x00, 0x99, 0x24, 0x64, 0x0a, 0x89,
  0x24, 0x40, 0x00, 0x99, 0x2c, 0x55, 0x0a, 0x89, 0x2c, 0x40, 0x50, 0x85,
  0x3b, 0x40, 0x00, 0x81, 0x25, 0x40, 0x00, 0x86, 0x4a, 0x40, 0x00, 0x85,
  0x42, 0x40, 0x00, 0x86, 0x4e, 0x40, 0x00, 0x85, 0x3e, 0x40, 0x3c, 0x91,
  0x26, 0x64, 0x00, 0x94, 0x26, 0x64, 0x00, 0x99, 0x24, 0x64, 0x00, 0x96,
  0x4e, 0x64, 0x00, 0x96, 0x4a, 0x64, 0x00, 0x95, 0x36, 0x64, 0x00, 0x95,
  0x3b, 0x64, 0x00, 0x95, 0x3e, 0x78, 0x00, 0x99, 0x2c, 0x69, 0x00, 0x99,
  0x3b, 0x78, 0x00, 0x9a, 0x54, 0x73, 0x0a, 0x89, 0x24, 0x40, 0x00, 0x89,
  0x2c, 0x40, 0x00, 0x89, 0x3b, 0x40, 0x00, 0x8a, 0x54, 0x40, 0x5a, 0x86,
  0x4a, 0x40, 0x00, 0x86, 0x4e, 0x40, 0x50, 0x84, 0x26, 0x40, 0x3c, 0x85,
  0x3e, 0x40, 0x00, 0x85, 0x36, 0x40, 0x00, 0x85, 0x3b, 0x40, 0x50, 0x96,
  0x4a, 0x46, 0x00, 0x96, 0x4e, 0x46, 0x0a, 0x99, 0x2c, 0x55, 0x0a, 0x89,
  0x2c, 0x40, 0x50, 0x86, 0x4e, 0x40, 0x00, 0x86, 0x4a, 0x40, 0x00, 0x81,
  0x26, 0x40, 0x3c, 0x91, 0x27, 0x64, 0x00, 0x94, 0x27, 0x64, 0x00, 0x96,
  0x4e, 0x64, 0x00, 0x96, 0x4a, 0x64, 0x00, 0x95, 0x3b, 0x64, 0x00, 0x95,
  0x3e, 0x64, 0x00, 0x95, 0x42, 0x78, 0x00, 0x99, 0x2c, 0x69, 0x00, 0x99,
  0x26, 0x6e, 0x00, 0x9a, 0x4c, 0x73, 0x00, 0x99, 0x3b, 0x78, 0x0a, 0x89,
  0x2c, 0x40, 0x00, 0x89, 0x26, 0x40, 0x00, 0x8a, 0x4c, 0x40, 0x00, 0x89,
  0x3b, 0x40, 0x5a, 0x86, 0x4e, 0x40, 0x00, 0x86, 0x4a, 0x40, 0x50, 0x84,
  0x27, 0x40, 0x78, 0x85, 0x42, 0x40, 0x00, 0x85, 0x3e, 0x40, 0x00, 0x85,
  0x3b, 0x40, 0x14, 0x96, 0x4e, 0x46, 0x00, 0x96, 0x4a, 0x46, 0x0a, 0x99,
  0x2c, 0x55, 0x0a, 0x89, 0x2c, 0x40, 0x50, 0x87, 0x47, 0x40, 0x00, 0x86,
  0x4a, 0x40, 0x00, 0x86, 0x4e, 0x40, 0x00, 0x81, 0x27, 0x40, 0x00, 0x87,
  0x4a, 0x40, 0x00, 0x87, 0x42, 0x40, 0x3c, 0x91, 0x28, 0x64, 0x00, 0x94,
  0x28, 0x64, 0x00, 0x96, 0x53, 0x64, 0x00, 0x96, 0x56, 0x64, 0x00, 0x95,
  0x3b, 0x64, 0x00, 0x95, 0x40, 0x64, 0x00, 0x95, 0x44, 0x78, 0x00, 0x99,
  0x24, 0x64, 0x00, 0x97, 0x4c, 0x50, 0x00, 0x97, 0x47, 0x50, 0x00, 0x97,
  0x44, 0x50, 0x00, 0x99, 0x2c, 0x69, 0x00, 0x99, 0x3b, 0x78, 0x00, 0x9a,
  0x54, 0x73, 0x0a, 0x89, 0x24, 0x40, 0x00, 0x89, 0x2c, 0x40, 0x00, 0x89,
  0x3b, 0x40, 0x00, 0x8a, 0x54, 0x40, 0x5a, 0x86, 0x53, 0x40, 0x00, 0x86,
  0x56, 0x40, 0x0a, 0x85, 0x3b, 0x40, 0x00, 0x85, 0x44, 0x40, 0x00, 0x85,
  0x40, 0x40, 0x46, 0x84, 0x28, 0x40, 0x81, 0x0c, 0x95, 0x3b, 0x64, 0x00,
  0x95, 0x3e, 0x64, 0x00, 0x95, 0x44, 0x78, 0x00, 0x96, 0x53, 0x46, 0x00,
  0x96, 0x56, 0x46, 0x0a, 0x99, 0x2c, 0x55, 0x0a, 0x89, 0x2c, 0x40, 0x50,
  0x81, 0x28, 0x40, 0x00, 0x86, 0x56, 0x40, 0x00, 0x86, 0x53, 0x40, 0x3c,
  0x91, 0x2a, 0x64, 0x00, 0x94, 0x2a, 0x64, 0x00, 0x96, 0x56, 0x64, 0x00,
  0x96, 0x53, 0x64, 0x00, 0x99, 0x2c, 0x69, 0x00, 0x99, 0x26, 0x6e, 0x00,
  0x9a, 0x4c, 0x73, 0x00, 0x99, 0x3b, 0x78, 0x0a, 0x89, 0x2c, 0x40, 0x00,
  0x89, 0x26, 0x40, 0x00, 0x8a, 0x4c, 0x40, 0x00, 0x89, 0x3b, 0x40, 0x5a,
  0x86, 0x56, 0x40, 0x00, 0x86, 0x53, 0x40, 0x50, 0x84, 0x2a, 0x40, 0x50,
  0x85, 0x3b, 0x40, 0x00, 0x85, 0x44, 0x40, 0x00, 0x85, 0x3e, 0x40, 0x3c,
  0x96, 0x56, 0x46, 0x00, 0x96, 0x53, 0x46, 0x00, 0x95, 0x38, 0x64, 0x00,
  0x95, 0x3e, 0x64, 0x00, 0x95, 0x40, 0x78, 0x00, 0x99, 0x24, 0x64, 0x0a,
  0x89, 0x24, 0x40, 0x00, 0x99, 0x2c, 0x55, 0x0a, 0x89, 0x2c, 0x40, 0x50,
  0x86, 0x56, 0x40, 0x00, 0x81, 0x2a, 0x40, 0x00, 0x85, 0x40, 0x40, 0x00,
  0x85, 0x38, 0x40, 0x00, 0x85, 0x3e, 0x40, 0x00, 0x86, 0x53, 0x40, 0x3c,
  0x91, 0x2b, 0x64, 0x00, 0x94, 0x2b, 0x64, 0x00, 0x99, 0x24, 0x64, 0x00,
  0x95, 0x3b, 0x64, 0x00, 0x95, 0x3e, 0x64, 0x00, 0x95, 0x44, 0x78, 0x00,
  0x96, 0x56, 0x64, 0x00, 0x96, 0x53, 0x64, 0x00, 0x99, 0x2c, 0x69, 0x00,
  0x99, 0x3b, 0x78, 0x00, 0x9a, 0x54, 0x73, 0x0a, 0x89, 0x24, 0x40, 0x00,
  0x89, 0x2c, 0x40, 0x00, 0x89, 0x3b, 0x40, 0x00, 0x8a, 0x54, 0x40, 0x5a,
  0x86, 0x56, 0x40, 0x00, 0x86, 0x53, 0x40, 0x50, 0x84, 0x2b, 0x40, 0x3c,
  0x85, 0x44, 0x40, 0x00, 0x85, 0x3e, 0x40, 0x00, 0x85, 0x3b, 0x40, 0x50,
  0x96, 0x53, 0x46, 0x00, 0x96, 0x56, 0x46, 0x00, 0x95, 0x3e, 0x64, 0x00,
  0x95, 0x44, 0x64, 0x00, 0x95, 0x47, 0x78, 0x0a, 0x99, 0x2c, 0x55, 0x0a,
  0x89, 0x2c, 0x40, 0x50, 0x81, 0x2b, 0x40, 0x00, 0x86, 0x53, 0x40, 0x00,
  0x86, 0x56, 0x40, 0x3c, 0x91, 0x2c, 0x64, 0x00, 0x94, 0x2c, 0x64, 0x00,
  0x96, 0x56, 0x64, 0x00, 0x96, 0x53, 0x64, 0x00, 0x99, 0x2c, 0x69, 0x00,
  0x99, 0x26, 0x6e, 0x00, 0x9a, 0x4c, 0x73, 0x00, 0x99, 0x3b, 0x78, 0x0a,
  0x89, 0x2c, 0x40, 0x00, 0x89, 0x26, 0x40, 0x00, 0x8a, 0x4c, 0x40, 0x00,
  0x89, 0x3b, 0x40, 0x5a, 0x86, 0x56, 0x40, 0x00, 0x86, 0x53, 0x40, 0x50,
  0x84, 0x2c, 0x40, 0x50, 0x85, 0x44, 0x40, 0x00, 0x85, 0x47, 0x40, 0x00,
  0x85, 0x3e, 0x40, 0x3c, 0x96, 0x56, 0x46, 0x00, 0x96, 0x53, 0x46, 0x00,
  0x95, 0x40, 0x64, 0x00, 0x95, 0x44, 0x64, 0x00, 0x95, 0x4a, 0x78, 0x0a,
  0x99, 0x2c, 0x55, 0x0a, 0x89, 0x2c, 0x40, 0x3c, 0x85, 0x40, 0x40, 0x00,
  0x85, 0x4a, 0x40, 0x00, 0x85, 0x44, 0x40, 0x14, 0x87, 0x4c, 0x40, 0x00,
  0x86, 0x53, 0x40, 0x00, 0x81, 0x2c, 0x40, 0x00, 0x86, 0x56, 0x40, 0x00,
  0x87, 0x44, 0x40, 0x00, 0x87, 0x47, 0x40, 0x3c, 0x91, 0x2d, 0x64, 0x00,
  0x94, 0x2d, 0x64, 0x00, 0x96, 0x49, 0x64, 0x00, 0x96, 0x4f, 0x64, 0x00,
  0x99, 0x24, 0x64, 0x00, 0x97, 0x45, 0x50, 0x00, 0x97, 0x49, 0x50, 0x00,
  0x97, 0x4c, 0x50, 0x00, 0x99, 0x2c, 0x69, 0x00, 0x99, 0x3b, 0x78, 0x00,
  0x9a, 0x54, 0x73, 0x0a, 0x89, 0x24, 0x40, 0x00, 0x8a, 0x54, 0x40, 0x00,
  0x89, 0x2c, 0x40, 0x00, 0x89, 0x3b, 0x40, 0x5a, 0x86, 0x49, 0x40, 0x00,
  0x86, 0x4f, 0x40, 0x50, 0x84, 0x2d, 0x40, 0x81, 0x0c, 0x96, 0x49, 0x46,
  0x00, 0x96, 0x4f, 0x46, 0x0a, 0x99, 0x2c, 0x55, 0x0a, 0x89, 0x2c, 0x40,
  0x50, 0x86, 0x4f, 0x40, 0x00, 0x86, 0x49, 0x40, 0x00, 0x81, 0x2d, 0x40,
  0x32, 0xe5, 0x28, 0x3b, 0x0a, 0x95, 0x40, 0x64, 0x00, 0x95, 0x43, 0x64,
  0x00, 0x95, 0x49, 0x78, 0x00, 0x96, 0x4f, 0x64, 0x00, 0x96, 0x49, 0x64,
  0x00, 0x91, 0x2b, 0x64, 0x00, 0x94, 0x2b, 0x64, 0x00, 0x99, 0x2c, 0x69,
  0x00, 0x99, 0x26, 0x6e, 0x00, 0x9a, 0x4c, 0x73, 0x00, 0x99, 0x3b, 0x78,
  0x0a, 0x89, 0x2c, 0x40, 0x00, 0x89, 0x26, 0x40, 0x00, 0x8a, 0x4c, 0x40,
  0x00, 0x89, 0x3b, 0x40, 0x32, 0xe5, 0x54, 0x3d, 0x28, 0x86, 0x4f, 0x40,
  0x00, 0x86, 0x49, 0x40, 0x14, 0xe5, 0x00, 0x40, 0x3c, 0x84, 0x2b, 0x40,
  0x81, 0x0c, 0x96, 0x4f, 0x46, 0x00, 0x96, 0x49, 0x46, 0x00, 0x99, 0x24,
  0x64, 0x0a, 0x89, 0x24, 0x40, 0x00, 0x99, 0x2c, 0x55, 0x0a, 0x89, 0x2c,
  0x40, 0x3c, 0x85, 0x43, 0x40, 0x00, 0x85, 0x49, 0x40, 0x00, 0x85, 0x40,
  0x40, 0x14, 0x81, 0x2b, 0x40, 0x00, 0x86, 0x49, 0x40, 0x00, 0x86, 0x4f,
  0x40, 0x3c, 0x91, 0x2a, 0x64, 0x00, 0x94, 0x2a, 0x64, 0x00, 0x99, 0x24,
  0x64, 0x00, 0x96, 0x4f, 0x64, 0x00, 0x96, 0x49, 0x64, 0x00, 0x95, 0x3d,
  0x64, 0x00, 0x95, 0x40, 0x64, 0x00, 0x95, 0x45, 0x78, 0x00, 0x99, 0x2c,
  0x69, 0x00, 0x99, 0x3b, 0x78, 0x00, 0x9a, 0x54, 0x73, 0x0a, 0x89, 0x24,
  0x40, 0x00, 0x89, 0x2c, 0x40, 0x00, 0x89, 0x3b, 0x40, 0x00, 0x8a, 0x54,
  0x40, 0x5a, 0x86, 0x49, 0x40, 0x00, 0x86, 0x4f, 0x40, 0x50, 0x84, 0x2a,
  0x40, 0x81, 0x0c, 0x96, 0x49, 0x46, 0x00, 0x96, 0x4f, 0x46, 0x0a, 0x99,
  0x2c, 0x55, 0x0a, 0x89, 0x2c, 0x40, 0x28, 0x85, 0x40, 0x40, 0x00, 0x85,
  0x45, 0x40, 0x00, 0x85, 0x3d, 0x40, 0x28, 0x86, 0x49, 0x40, 0x00, 0x86,
  0x4f, 0x40, 0x00, 0x81, 0x2a, 0x40, 0x3c, 0x91, 0x28, 0x64, 0x00, 0x94,
  0x28, 0x64, 0x00, 0x96, 0x4f, 0x64, 0x00, 0x96, 0x49, 0x64, 0x00, 0x95,
  0x39, 0x64, 0x00, 0x95, 0x3d, 0x64, 0x00, 0x95, 0x40, 0x78, 0x00, 0x99,
  0x2c, 0x69, 0x00, 0x99, 0x26, 0x6e, 0x00, 0x9a, 0x4c, 0x73, 0x00, 0x99,
  0x3b, 0x78, 0x0a, 0x89, 0x2c, 0x40, 0x00, 0x89, 0x26, 0x40, 0x00, 0x8a,
  0x4c, 0x40, 0x00, 0x89, 0x3b, 0x40, 0x5a, 0x86, 0x4f, 0x40, 0x00, 0x86,
  0x49, 0x40, 0x50, 0x84, 0x28, 0x40, 0x81, 0x0c, 0x96, 0x4f, 0x46, 0x00,
  0x96, 0x49, 0x46, 0x0a, 0x99, 0x2c, 0x55, 0x0a, 0x89, 0x2c, 0x40, 0x3c,
  0x85, 0x39, 0x40, 0x00, 0x85, 0x40, 0x40, 0x00, 0x85, 0x3d, 0x40, 0x14,
  0x87, 0x45, 0x40, 0x00, 0x87, 0x49, 0x40, 0x00, 0x86, 0x49, 0x40, 0x00,
  0x81, 0x28, 0x40, 0x00, 0x87, 0x4c, 0x40, 0x00, 0x86, 0x4f, 0x40, 0x3c,
  0x91, 0x26, 0x64, 0x00, 0x94, 0x26, 0x64, 0x00, 0x96, 0x4e, 0x64, 0x00,
  0x96, 0x51, 0x64, 0x00, 0x95, 0x39, 0x64, 0x00, 0x95, 0x3e, 0x64, 0x00,
  0x95, 0x42, 0x78, 0x00, 0x99, 0x24, 0x64, 0x00, 0x97, 0x42, 0x50, 0x00,
  0x97, 0x45, 0x50, 0x00, 0x97, 0x4a, 0x50, 0x00, 0x99, 0x2c, 0x69, 0x00,
  0x99, 0x3b, 0x78, 0x00, 0x9a, 0x54, 0x73, 0x0a, 0x89, 0x24, 0x40, 0x00,
  0x89, 0x2c, 0x40, 0x00, 0x89, 0x3b, 0x40, 0x00, 0x8a, 0x54, 0x40, 0x5a,
  0x86, 0x4e, 0x40, 0x00, 0x86, 0x51, 0x40, 0x50, 0x84, 0x26, 0x40, 0x28,
  0x85, 0x39, 0x40, 0x00, 0x85, 0x42, 0x40, 0x00, 0x85, 0x3e, 0x40, 0x64,
  0x95, 0x39, 0x64, 0x00, 0x95, 0x3e, 0x64, 0x00, 0x95, 0x41, 0x78, 0x00,
  0x96, 0x4e, 0x46, 0x00, 0x96, 0x51, 0x46, 0x0a, 0x99, 0x2c, 0x55, 0x0a,
  0x89, 0x2c, 0x40, 0x3c, 0x85, 0x39, 0x40, 0x00, 0x85, 0x3e, 0x40, 0x00,
  0x85, 0x41, 0x40, 0x14, 0x86, 0x4e, 0x40, 0x00, 0x86, 0x51, 0x40, 0x00,
  0x81, 0x26, 0x40, 0x3c, 0x91, 0x1f, 0x64, 0x00, 0x94, 0x1f, 0x64, 0x00,
  0x96, 0x51, 0x64, 0x00, 0x96, 0x4e, 0x64, 0x00, 0x95, 0x39, 0x64, 0x00,
  0x95, 0x3e, 0x64, 0x00, 0x95, 0x42, 0x78, 0x00, 0x99, 0x2c, 0x69, 0x00,
  0x99, 0x26, 0x6e, 0x00, 0x9a, 0x4c, 0x73, 0x00, 0x99, 0x3b, 0x78, 0x0a,
  0x89, 0x2c, 0x40, 0x00, 0x89, 0x26, 0x40, 0x00, 0x8a, 0x4c, 0x40, 0x00,
  0x89, 0x3b, 0x40, 0x5a, 0x86, 0x51, 0x40, 0x00, 0x86, 0x4e, 0x40, 0x14,
  0x85, 0x42, 0x40, 0x00, 0x85, 0x3e, 0x40, 0x00, 0x85, 0x39, 0x40, 0x3c,
  0x84, 0x1f, 0x40, 0x81, 0x02, 0xe5, 0x28, 0x3b, 0x0a, 0x95, 0x42, 0x64,
  0x00, 0x95, 0x45, 0x64, 0x00, 0x95, 0x49, 0x78, 0x00, 0x96, 0x51, 0x46,
  0x00, 0x96, 0x4e, 0x46, 0x00, 0x99, 0x24, 0x64, 0x0a, 0x89, 0x24, 0x40,
  0x00, 0x99, 0x2c, 0x55, 0x0a, 0x89, 0x2c, 0x40, 0x3c, 0xe5, 0x54, 0x3d,
  0x14, 0x86, 0x51, 0x40, 0x00, 0x81, 0x1f, 0x40, 0x00, 0x86, 0x4e, 0x40,
  0x28, 0xe5, 0x00, 0x40, 0x14, 0x96, 0x51, 0x64, 0x00, 0x96, 0x4e, 0x64,
  0x00, 0x99, 0x24, 0x64, 0x00, 0x91, 0x20, 0x64, 0x00, 0x94, 0x20, 0x64,
  0x00, 0x99, 0x2c, 0x69, 0x00, 0x99, 0x3b, 0x78, 0x00, 0x9a, 0x54, 0x73,
  0x0a, 0x89, 0x24, 0x40, 0x00, 0x89, 0x2c, 0x40, 0x00, 0x89, 0x3b, 0x40,
  0x00, 0x8a, 0x54, 0x40, 0x46, 0x84, 0x20, 0x40, 0x14, 0x86, 0x4e, 0x40,
  0x00, 0x86, 0x51, 0x40, 0x81, 0x5c, 0x96, 0x4e, 0x46, 0x00, 0x96, 0x51,
  0x46, 0x0a, 0x99, 0x2c, 0x55, 0x0a, 0x89, 0x2c, 0x40, 0x50, 0x81, 0x20,
  0x40, 0x00, 0x86, 0x51, 0x40, 0x00, 0x86, 0x4e, 0x40, 0x3c, 0x91, 0x21,
  0x64, 0x00, 0x94, 0x21, 0x64, 0x00, 0x96, 0x51, 0x64, 0x00, 0x96, 0x4e,
  0x64, 0x00, 0x99, 0x2c, 0x69, 0x00, 0x99, 0x26, 0x6e, 0x00, 0x9a, 0x4c,
  0x73, 0x00, 0x99, 0x3b, 0x78, 0x0a, 0x89, 0x2c, 0x40, 0x00, 0x89, 0x26,
  0x40, 0x00, 0x8a, 0x4c, 0x40, 0x00, 0x89, 0x3b, 0x40, 0x5a, 0x86, 0x51,
  0x40, 0x00, 0x86, 0x4e, 0x40, 0x3c, 0x99, 0x26, 0x5a, 0x0a, 0x89, 0x26,
  0x40, 0x0a, 0x84, 0x21, 0x40, 0x81, 0x0c, 0x96, 0x51, 0x46, 0x00, 0x96,
  0x4e, 0x46, 0x00, 0x99, 0x26, 0x64, 0x0a, 0x89, 0x26, 0x40, 0x00, 0x99,
  0x2c, 0x55, 0x0a, 0x89, 0x2c, 0x40, 0x3c, 0x85, 0x49, 0x40, 0x00, 0x85,
  0x42, 0x40, 0x00, 0x85, 0x45, 0x40, 0x14, 0x81, 0x21, 0x40, 0x00, 0x87,
  0x4a, 0x40, 0x00, 0x87, 0x42, 0x40, 0x00, 0x87, 0x45, 0x40, 0x00, 0x86,
  0x51, 0x40, 0x00, 0x86, 0x4e, 0x40, 0x3c, 0x91, 0x1f, 0x64, 0x00, 0x94,
  0x1f, 0x64, 0x00, 0x96, 0x53, 0x64, 0x00, 0x96, 0x56, 0x64, 0x00, 0x99,
  0x24, 0x64, 0x00, 0x97, 0x43, 0x50, 0x00, 0x97, 0x47, 0x50, 0x00, 0x97,
  0x4a, 0x50, 0x00, 0x99, 0x2c, 0x69, 0x00, 0x99, 0x3b, 0x78, 0x00, 0x9a,
  0x54, 0x73, 0x0a, 0x89, 0x24, 0x40, 0x00, 0x8a, 0x54, 0x40, 0x00, 0x89,
  0x2c, 0x40, 0x00, 0x89, 0x3b, 0x40, 0x5a, 0x86, 0x53, 0x40, 0x00, 0x86,
  0x56, 0x40, 0x50, 0x84, 0x1f, 0x40, 0x81, 0x0c, 0x96, 0x53, 0x46, 0x00,
  0x96, 0x56, 0x46, 0x0a, 0x99, 0x2c, 0x55, 0x0a, 0x89, 0x2c, 0x40, 0x50,
  0x86, 0x56, 0x40, 0x00, 0x86, 0x53, 0x40, 0x00, 0x81, 0x1f, 0x40, 0x3c,
  0x91, 0x26, 0x64, 0x00, 0x92, 0x47, 0x73, 0x00, 0x92, 0x3b, 0x5f, 0x00,
  0x94, 0x26, 0x64, 0x00, 0x93, 0x3b, 0x7d, 0x00, 0x93, 0x37, 0x69, 0x00,
  0x96, 0x56, 0x64, 0x00, 0x96, 0x53, 0x64, 0x00, 0x95, 0x47, 0x69, 0x00,
  0x95, 0x37, 0x69, 0x00, 0x99, 0x2c, 0x69, 0x00, 0x99, 0x26, 0x6e, 0x00,
  0x9a, 0x4c, 0x73, 0x00, 0x99, 0x3b, 0x78, 0x0a, 0x89, 0x2c, 0x40, 0x00,
  0x8a, 0x4c, 0x40, 0x00, 0x89, 0x3b, 0x40, 0x00, 0x89, 0x26, 0x40, 0x5a,
  0x86, 0x53, 0x40, 0x00, 0x86, 0x56, 0x40, 0x50, 0x84, 0x26, 0x40, 0x81,
  0x0c, 0x96, 0x56, 0x46, 0x00, 0x96, 0x53, 0x46, 0x00, 0x99, 0x24, 0x64,
  0x0a, 0x89, 0x24, 0x40, 0x00, 0x99, 0x2c, 0x55, 0x0a, 0x89, 0x2c, 0x40,
  0x3c, 0x85, 0x37, 0x40, 0x00, 0x83, 0x37, 0x40, 0x00, 0x82, 0x3b, 0x40,
  0x00, 0x85, 0x47, 0x40, 0x00, 0x83, 0x3b, 0x40, 0x00, 0x82, 0x47, 0x40,
  0x14, 0x86, 0x56, 0x40, 0x00, 0x81, 0x26, 0x40, 0x00, 0x86, 0x53, 0x40,
  0x3c, 0x92, 0x3d, 0x5f, 0x00, 0x92, 0x49, 0x73, 0x00, 0x91, 0x2b, 0x64,
  0x00, 0x93, 0x39, 0x69, 0x00, 0x93, 0x3d, 0x7d, 0x00, 0x94, 0x2b, 0x64,
  0x00, 0x99, 0x24, 0x64, 0x00, 0x96, 0x56, 0x64, 0x00, 0x96, 0x53, 0x64,
  0x00, 0x95, 0x39, 0x69, 0x00, 0x95, 0x49, 0x69, 0x00, 0x99, 0x2c, 0x69,
  0x00, 0x99, 0x3b, 0x78, 0x00, 0x9a, 0x54, 0x73, 0x0a, 0x89, 0x24, 0x40,
  0x00, 0x89, 0x3b, 0x40, 0x00, 0x8a, 0x54, 0x40, 0x00, 0x89, 0x2c, 0x40,
  0x5a, 0x83, 0x3d, 0x40, 0x00, 0x85, 0x39, 0x40, 0x00, 0x82, 0x3d, 0x40,
  0x00, 0x82, 0x49, 0x40, 0x00, 0x86, 0x56, 0x40, 0x00, 0x85, 0x49, 0x40,
  0x00, 0x86, 0x53, 0x40, 0x00, 0x83, 0x39, 0x40, 0x50, 0x84, 0x2b, 0x40,
  0x81, 0x0c, 0x92, 0x3e, 0x5f, 0x00, 0x92, 0x4a, 0x73, 0x00, 0x93, 0x3b,
  0x69, 0x00, 0x93, 0x3e, 0x7d, 0x00, 0x95, 0x3b, 0x69, 0x00, 0x95, 0x4a,
  0x69, 0x00, 0x96, 0x53, 0x46, 0x00, 0x96, 0x56, 0x46, 0x0a, 0x99, 0x2c,
  0x55, 0x0a, 0x89, 0x2c, 0x40, 0x50, 0x86, 0x53, 0x40, 0x00, 0x81, 0x2b,
  0x40, 0x00, 0x86, 0x56, 0x40, 0x3c, 0x91, 0x26, 0x64, 0x00, 0x94, 0x26,
  0x64, 0x00, 0x96, 0x56, 0x64, 0x00, 0x96, 0x53, 0x64, 0x00, 0x99, 0x2c,
  0x69, 0x00, 0x99, 0x26, 0x6e, 0x00, 0x9a, 0x4c, 0x73, 0x00, 0x99, 0x3b,
  0x78, 0x0a, 0x89, 0x2c, 0x40, 0x00, 0x8a, 0x4c, 0x40, 0x00, 0x89, 0x3b,
  0x40, 0x00, 0x89, 0x26, 0x40, 0x5a, 0x86, 0x53, 0x40, 0x00, 0x86, 0x56,
  0x40, 0x50, 0x84, 0x26, 0x40, 0x28, 0x82, 0x3e, 0x40, 0x00, 0x85, 0x3b,
  0x40, 0x00, 0x82, 0x4a, 0x40, 0x00, 0x83, 0x3e, 0x40, 0x00, 0x83, 0x3b,
  0x40, 0x00, 0x85, 0x4a, 0x40, 0x64, 0xe2, 0x28, 0x3b, 0x00, 0x93, 0x3b,
  0x69, 0x00, 0x93, 0x40, 0x7d, 0x00, 0x92, 0x40, 0x64, 0x00, 0x92, 0x4c,
  0x78, 0x00, 0x96, 0x56, 0x46, 0x00, 0x96, 0x53, 0x46, 0x00, 0x95, 0x3d,
  0x69, 0x00, 0x95, 0x4c, 0x69, 0x0a, 0x99, 0x2c, 0x55, 0x0a, 0x89, 0x2c,
  0x40, 0x28, 0xe2, 0x54, 0x3d, 0x28, 0x87, 0x4a, 0x40, 0x00, 0x81, 0x26,
  0x40, 0x00, 0x86, 0x56, 0x40, 0x00, 0x86, 0x53, 0x40, 0x00, 0x87, 0x43,
  0x40, 0x00, 0x87, 0x47, 0x40, 0x14, 0xe2, 0x00, 0x40, 0x28, 0x94, 0x20,
  0x64, 0x00, 0x91, 0x20, 0x64, 0x00, 0x96, 0x53, 0x64, 0x00, 0x96, 0x56,
  0x64, 0x00, 0x99, 0x24, 0x64, 0x00, 0x97, 0x44, 0x50, 0x00, 0x97, 0x47,
  0x50, 0x00, 0x97, 0x4a, 0x50, 0x00, 0x99, 0x2c, 0x69, 0x00, 0x99, 0x3b,
  0x78, 0x00, 0x9a, 0x54, 0x73, 0x0a, 0x89, 0x24, 0x40, 0x00, 0x89, 0x3b,
  0x40, 0x00, 0x8a, 0x54, 0x40, 0x00, 0x89, 0x2c, 0x40, 0x5a, 0x86, 0x53,
  0x40, 0x00, 0x86, 0x56, 0x40, 0x50, 0x84, 0x20, 0x40, 0x28, 0x83, 0x3b,
  0x40, 0x00, 0x85, 0x4c, 0x40, 0x00, 0x85, 0x3d, 0x40, 0x00, 0x82, 0x4c,
  0x40, 0x00, 0x82, 0x40, 0x40, 0x00, 0x83, 0x40, 0x40, 0x64, 0x92, 0x40,
  0x5f, 0x00, 0x92, 0x4c, 0x73, 0x00, 0x93, 0x3b, 0x69, 0x00, 0x93, 0x40,
  0x7d, 0x00, 0x96, 0x53, 0x46, 0x00, 0x96, 0x56, 0x46, 0x00, 0x95, 0x3d,
  0x69, 0x00, 0x95, 0x4c, 0x69, 0x0a, 0x99, 0x2c, 0x55, 0x0a, 0x89, 0x2c,
  0x40, 0x50, 0x85, 0x4c, 0x40, 0x00, 0x82, 0x40, 0x40, 0x00, 0x85, 0x3d,
  0x40, 0x00, 0x83, 0x40, 0x40, 0x00, 0x86, 0x53, 0x40, 0x00, 0x86, 0x56,
  0x40, 0x00, 0x83, 0x3b, 0x40, 0x00, 0x82, 0x4c, 0x40, 0x00, 0x81, 0x20,
  0x40, 0x3c, 0x92, 0x3e, 0x5f, 0x00, 0x92, 0x4a, 0x73, 0x00, 0x91, 0x28,
  0x64, 0x00, 0x93, 0x3b, 0x69, 0x00, 0x93, 0x3e, 0x7d, 0x00, 0x94, 0x28,
  0x64, 0x00, 0x95, 0x3b, 0x69, 0x00, 0x95, 0x4a, 0x69, 0x00, 0x96, 0x56,
  0x64, 0x00, 0x96, 0x53, 0x64, 0x00, 0x99, 0x2c, 0x69, 0x00, 0x99, 0x26,
  0x6e, 0x00, 0x9a, 0x4c, 0x73, 0x00, 0x99, 0x3b, 0x78, 0x0a, 0x89, 0x2c,
  0x40, 0x00, 0x8a, 0x4c, 0x40, 0x00, 0x89, 0x3b, 0x40, 0x00, 0x89, 0x26,
  0x40, 0x5a, 0x83, 0x3e, 0x40, 0x00, 0x86, 0x53, 0x40, 0x00, 0x82, 0x4a,
  0x40, 0x00, 0x85, 0x3b, 0x40, 0x00, 0x85, 0x4a, 0x40, 0x00, 0x83, 0x3b,
  0x40, 0x00, 0x86, 0x56, 0x40, 0x00, 0x82, 0x3e, 0x40, 0x50, 0x84, 0x28,
  0x40, 0x81, 0x0c, 0x96, 0x56, 0x46, 0x00, 0x96, 0x53, 0x46, 0x00, 0x99,
  0x24, 0x64, 0x0a, 0x89, 0x24, 0x40, 0x00, 0x99, 0x2c, 0x55, 0x0a, 0x89,
  0x2c, 0x40, 0x50, 0x81, 0x28, 0x40, 0x00, 0x86, 0x56, 0x40, 0x00, 0x86,
  0x53, 0x40, 0x3c, 0x91, 0x2c, 0x64, 0x00, 0x92, 0x3d, 0x5f, 0x00, 0x92,
  0x49, 0x73, 0x00, 0x94, 0x2c, 0x64, 0x00, 0x93, 0x3b, 0x69, 0x00, 0x93,
  0x3d, 0x7d, 0x00, 0x99, 0x24, 0x64, 0x00, 0x96, 0x56, 0x64, 0x00, 0x96,
  0x53, 0x64, 0x00, 0x95, 0x39, 0x69, 0x00, 0x95, 0x49, 0x69, 0x00, 0x99,
  0x2c, 0x69, 0x00, 0x99, 0x3b, 0x78, 0x00, 0x9a, 0x54, 0x73, 0x0a, 0x89,
  0x24, 0x40, 0x00, 0x89, 0x3b, 0x40, 0x00, 0x8a, 0x54, 0x40, 0x00, 0x89,
  0x2c, 0x40, 0x5a, 0x83, 0x3d, 0x40, 0x00, 0x85, 0x39, 0x40, 0x00, 0x82,
  0x3d, 0x40, 0x00, 0x83, 0x3b, 0x40, 0x00, 0x86, 0x56, 0x40, 0x00, 0x85,
  0x49, 0x40, 0x00, 0x86, 0x53, 0x40, 0x00, 0x82, 0x49, 0x40, 0x50, 0x84,
  0x2c, 0x40, 0x81, 0x0c, 0x96, 0x53, 0x46, 0x00, 0x96, 0x56, 0x46, 0x0a,
  0x99, 0x2c, 0x55, 0x0a, 0x89, 0x2c, 0x40, 0x50, 0x86, 0x56, 0x40, 0x00,
  0x86, 0x53, 0x40, 0x00, 0x81, 0x2c, 0x40, 0x3c, 0x92, 0x3e, 0x5f, 0x00,
  0x92, 0x4a, 0x73, 0x00, 0x91, 0x2f, 0x64, 0x00, 0x93, 0x3b, 0x69, 0x00,
  0x93, 0x3e, 0x7d, 0x00, 0x94, 0x2f, 0x64, 0x00, 0x96, 0x56, 0x64, 0x00,
  0x96, 0x53, 0x64, 0x00, 0x95, 0x3b, 0x69, 0x00, 0x95, 0x4a, 0x69, 0x00,
  0x99, 0x2c, 0x69, 0x00, 0x99, 0x26, 0x6e, 0x00, 0x9a, 0x4c, 0x73, 0x00,
  0x99, 0x3b, 0x78, 0x0a, 0x89, 0x2c, 0x40, 0x00, 0x8a, 0x4c, 0x40, 0x00,
  0x89, 0x3b, 0x40, 0x00, 0x89, 0x26, 0x40, 0x5a, 0x86, 0x53, 0x40, 0x00,
  0x86, 0x56, 0x40, 0x50, 0x84, 0x2f, 0x40, 0x81, 0x0c, 0x96, 0x56, 0x46,
  0x00, 0x96, 0x53, 0x46, 0x0a, 0x99, 0x2c, 0x55, 0x0a, 0x89, 0x2c, 0x40,
  0x28, 0x85, 0x3b, 0x40, 0x00, 0x83, 0x3e, 0x40, 0x00, 0x82, 0x3e, 0x40,
  0x00, 0x82, 0x4a, 0x40, 0x00, 0x85, 0x4a, 0x40, 0x00, 0x83, 0x3b, 0x40,
  0x28, 0x81, 0x2f, 0x40, 0x00, 0x87, 0x47, 0x40, 0x00, 0x86, 0x53, 0x40,
  0x00, 0x87, 0x4a, 0x40, 0x00, 0x87, 0x44, 0x40, 0x00, 0x86, 0x56, 0x40,
  0x3c, 0x91, 0x21, 0x64, 0x00, 0x92, 0x3d, 0x5f, 0x00, 0x92, 0x49, 0x73,
  0x00, 0x94, 0x21, 0x64, 0x00, 0x93, 0x39, 0x69, 0x00, 0x93, 0x3d, 0x7d,
  0x00, 0x96, 0x55, 0x64, 0x00, 0x96, 0x58, 0x64, 0x00, 0x95, 0x39, 0x69,
  0x00, 0x95, 0x49, 0x69, 0x00, 0x99, 0x24, 0x64, 0x00, 0x97, 0x4c, 0x50,
  0x00, 0x97, 0x49, 0x50, 0x00, 0x97, 0x45, 0x50, 0x00, 0x99, 0x2c, 0x69,
  0x00, 0x99, 0x3b, 0x78, 0x00, 0x9a, 0x54, 0x73, 0x0a, 0x89, 0x24, 0x40,
  0x00, 0x89, 0x3b, 0x40, 0x00, 0x8a, 0x54, 0x40, 0x00, 0x89, 0x2c, 0x40,
  0x5a, 0x86, 0x55, 0x40, 0x00, 0x86, 0x58, 0x40, 0x50, 0x84, 0x21, 0x40,
  0x64, 0x81, 0x21, 0x40, 0x28, 0x96, 0x55, 0x46, 0x00, 0x96, 0x58, 0x46,
  0x0a, 0x99, 0x2c, 0x55, 0x0a, 0x89, 0x2c, 0x40, 0x28, 0x82, 0x3d, 0x40,
  0x00, 0x85, 0x39, 0x40, 0x00, 0x85, 0x49, 0x40, 0x00, 0x83, 0x39, 0x40,
  0x00, 0x83, 0x3d, 0x40, 0x00, 0x82, 0x49, 0x40, 0x28, 0x86, 0x55, 0x40,
  0x00, 0x86, 0x58, 0x40, 0x3c, 0x92, 0x40, 0x64, 0x00, 0x92, 0x4c, 0x78,
  0x00, 0x93, 0x40, 0x7d, 0x00, 0x93, 0x39, 0x69, 0x00, 0x96, 0x58, 0x64,
  0x00, 0x96, 0x55, 0x64, 0x00, 0x95, 0x39, 0x69, 0x00, 0x95, 0x4c, 0x69,
  0x00, 0x99, 0x2c, 0x69, 0x00, 0x99, 0x26, 0x6e, 0x00, 0x9a, 0x4c, 0x73,
  0x00, 0x99, 0x3b, 0x78, 0x0a, 0x89, 0x2c, 0x40, 0x00, 0x89, 0x3b, 0x40,
  0x00, 0x89, 0x26, 0x40, 0x00, 0x8a, 0x4c, 0x40, 0x5a, 0x82, 0x4c, 0x40,
  0x00, 0x86, 0x58, 0x40, 0x00, 0x86, 0x55, 0x40, 0x00, 0x82, 0x40, 0x40,
  0x64, 0x85, 0x4c, 0x40, 0x00, 0x83, 0x39, 0x40, 0x00, 0x85, 0x39, 0x40,
  0x00, 0x83, 0x40, 0x40, 0x78, 0x92, 0x51, 0x7d, 0x00, 0x92, 0x45, 0x6e,
  0x00, 0x93, 0x3d, 0x6e, 0x00, 0x93, 0x45, 0x7d, 0x00, 0x95, 0x51, 0x69,
  0x00, 0x95, 0x3d, 0x69, 0x00, 0x96, 0x58, 0x46, 0x00, 0x96, 0x55, 0x46,
  0x00, 0x99, 0x24, 0x64, 0x00, 0x99, 0x26, 0x46, 0x0a, 0x89, 0x24, 0x40,
  0x00, 0x89, 0x26, 0x40, 0x00, 0x91, 0x21, 0x64, 0x00, 0x99, 0x2c, 0x55,
  0x0a, 0x89, 0x2c, 0x40, 0x50, 0x86, 0x55, 0x40, 0x00, 0x86, 0x58, 0x40,
  0x0a, 0x81, 0x21, 0x40, 0x32, 0x91, 0x21, 0x64, 0x00, 0x94, 0x21, 0x64,
  0x00, 0x99, 0x24, 0x64, 0x00, 0x96, 0x58, 0x64, 0x00, 0x96, 0x55, 0x64,
  0x00, 0x99, 0x2c, 0x69, 0x00, 0x99, 0x26, 0x55, 0x00, 0x99, 0x3b, 0x78,
  0x00, 0x9a, 0x54, 0x73, 0x0a, 0x89, 0x24, 0x40, 0x00, 0x89, 0x26, 0x40,
  0x00, 0x89, 0x3b, 0x40, 0x00, 0x8a, 0x54, 0x40, 0x00, 0x89, 0x2c, 0x40,
  0x5a, 0x86, 0x55, 0x40, 0x00, 0x86, 0x58, 0x40, 0x50, 0x84, 0x21, 0x40,
  0x50, 0x81, 0x21, 0x40, 0x3c, 0x96, 0x55, 0x46, 0x00, 0x96, 0x58, 0x46,
  0x0a, 0x91, 0x21, 0x5a, 0x00, 0x99, 0x2c, 0x55, 0x0a, 0x89, 0x2c, 0x40,
  0x50, 0x86, 0x58, 0x40, 0x00, 0x86, 0x55, 0x40, 0x0a, 0x81, 0x21, 0x40,
  0x32, 0x91, 0x28, 0x64, 0x00, 0x94, 0x28, 0x64, 0x00, 0x96, 0x58, 0x64,
  0x00, 0x96, 0x55, 0x64, 0x00, 0x99, 0x2c, 0x69, 0x00, 0x99, 0x26, 0x73,
  0x00, 0x9a, 0x4c, 0x73, 0x00, 0x99, 0x3b, 0x78, 0x0a, 0x89, 0x2c, 0x40,
  0x00, 0x8a, 0x4c, 0x40, 0x00, 0x89, 0x3b, 0x40, 0x00, 0x89, 0x26, 0x40,
  0x5a, 0x86, 0x55, 0x40, 0x00, 0x86, 0x58, 0x40, 0x50, 0x84, 0x28, 0x40,
  0x50, 0x81, 0x28, 0x40, 0x3c, 0x96, 0x58, 0x46, 0x00, 0x96, 0x55, 0x46,
  0x0a, 0x91, 0x2d, 0x5a, 0x00, 0x99, 0x2c, 0x55, 0x0a, 0x89, 0x2c, 0x40,
  0x50, 0x86, 0x55, 0x40, 0x00, 0x86, 0x58, 0x40, 0x0a, 0x81, 0x2d, 0x40,
  0x32, 0x91, 0x2d, 0x64, 0x00, 0x94, 0x2d, 0x64, 0x00, 0x96, 0x55, 0x64,
  0x00, 0x96, 0x58, 0x64, 0x00, 0x99, 0x24, 0x64, 0x00, 0x99, 0x2c, 0x69,
  0x00, 0x99, 0x3b, 0x78, 0x00, 0x9a, 0x54, 0x73, 0x0a, 0x89, 0x24, 0x40,
  0x00, 0x89, 0x3b, 0x40, 0x00, 0x8a, 0x54, 0x40, 0x00, 0x89, 0x2c, 0x40,
  0x5a, 0x86, 0x58, 0x40, 0x00, 0x86, 0x55, 0x40, 0x50, 0x84, 0x2d, 0x40,
  0x81, 0x0c, 0x96, 0x55, 0x46, 0x00, 0x96, 0x58, 0x46, 0x0a, 0x99, 0x2c,
  0x55, 0x0a, 0x89, 0x2c, 0x40, 0x50, 0x86, 0x55, 0x40, 0x00, 0x81, 0x2d,
  0x40, 0x00, 0x86, 0x58, 0x40, 0x3c, 0x91, 0x2b, 0x64, 0x00, 0x94, 0x2b,
  0x64, 0x00, 0x96, 0x58, 0x64, 0x00, 0x96, 0x55, 0x64, 0x00, 0x99, 0x2c,
  0x69, 0x00, 0x99, 0x26, 0x6e, 0x00, 0x9a, 0x4c, 0x73, 0x00, 0x99, 0x3b,
  0x78, 0x0a, 0x89, 0x2c, 0x40, 0x00, 0x8a, 0x4c, 0x40, 0x00, 0x89, 0x3b,
  0x40, 0x00, 0x89, 0x26, 0x40, 0x5a, 0x86, 0x55, 0x40, 0x00, 0x86, 0x58,
  0x40, 0x50, 0x84, 0x2b, 0x40, 0x81, 0x0c, 0x96, 0x58, 0x46, 0x00, 0x96,
  0x55, 0x46, 0x00, 0x99, 0x24, 0x64, 0x0a, 0x89, 0x24, 0x40, 0x00, 0x99,
  0x2c, 0x55, 0x0a, 0x89, 0x2c, 0x40, 0x50, 0x86, 0x55, 0x40, 0x00, 0x86,
  0x58, 0x40, 0x00, 0x81, 0x2b, 0x40, 0x3c, 0x91, 0x2a, 0x64, 0x00, 0x94,
  0x2a, 0x64, 0x00, 0x99, 0x24, 0x64, 0x00, 0x96, 0x58, 0x64, 0x00, 0x96,
  0x55, 0x64, 0x00, 0x99, 0x2c, 0x69, 0x00, 0x99, 0x26, 0x5f, 0x00, 0x9a,
  0x54, 0x73, 0x0a, 0x89, 0x24, 0x40, 0x00, 0x89, 0x26, 0x40, 0x00, 0x8a,
  0x54, 0x40, 0x00, 0x89, 0x2c, 0x40, 0x5a, 0x86, 0x55, 0x40, 0x00, 0x86,
  0x58, 0x40, 0x3c, 0x99, 0x26, 0x64, 0x0a, 0x89, 0x26, 0x40, 0x0a, 0x84,
  0x2a, 0x40, 0x81, 0x0c, 0x90, 0x45, 0x73, 0x00, 0x96, 0x53, 0x46, 0x00,
  0x96, 0x56, 0x46, 0x00, 0x98, 0x45, 0x78, 0x00, 0x98, 0x39, 0x69, 0x00,
  0x99, 0x26, 0x69, 0x0a, 0x89, 0x26, 0x40, 0x00, 0x99, 0x2c, 0x55, 0x0a,
  0x89, 0x2c, 0x40, 0x50, 0x81, 0x2a, 0x40, 0x00, 0x86, 0x53, 0x40, 0x00,
  0x86, 0x56, 0x40, 0x3c, 0x91, 0x28, 0x64, 0x00, 0x94, 0x28, 0x64, 0x00,
  0x96, 0x55, 0x64, 0x00, 0x96, 0x51, 0x64, 0x00, 0x99, 0x2c, 0x69, 0x00,
  0x99, 0x26, 0x6e, 0x00, 0x9a, 0x4c, 0x73, 0x0a, 0x89, 0x2c, 0x40, 0x00,
  0x89, 0x26, 0x40, 0x00, 0x8a, 0x4c, 0x40, 0x5a, 0x86, 0x51, 0x40, 0x00,
  0x86, 0x55, 0x40, 0x14, 0x88, 0x39, 0x40, 0x00, 0x88, 0x45, 0x40, 0x14,
  0x83, 0x3d, 0x40, 0x00, 0x82, 0x45, 0x40, 0x00, 0x85, 0x3d, 0x40, 0x00,
  0x83, 0x45, 0x40, 0x00, 0x85, 0x51, 0x40, 0x00, 0x82, 0x51, 0x40, 0x14,
  0x99, 0x26, 0x73, 0x0a, 0x89, 0x26, 0x40, 0x0a, 0x84, 0x28, 0x40, 0x78,
  0x80, 0x45, 0x40, 0x14, 0x90, 0x45, 0x73, 0x00, 0x96, 0x53, 0x46, 0x00,
  0x96, 0x4f, 0x46, 0x00, 0x98, 0x45, 0x78, 0x00, 0x98, 0x39, 0x69, 0x00,
  0x99, 0x26, 0x78, 0x0a, 0x89, 0x26, 0x40, 0x00, 0x99, 0x2c, 0x55, 0x0a,
  0x89, 0x2c, 0x40, 0x3c, 0x88, 0x45, 0x40, 0x00, 0x88, 0x39, 0x40, 0x14,
  0x87, 0x4c, 0x40, 0x00, 0x86, 0x4f, 0x40, 0x00, 0x86, 0x53, 0x40, 0x00,
  0x80, 0x45, 0x40, 0x00, 0x87, 0x45, 0x40, 0x00, 0x87, 0x49, 0x40, 0x00,
  0x81, 0x28, 0x40, 0x3c, 0x90, 0x42, 0x73, 0x00, 0x90, 0x4e, 0x73, 0x00,
  0x91, 0x26, 0x64, 0x00, 0x92, 0x42, 0x69, 0x00, 0x92, 0x4e, 0x78, 0x00,
  0x94, 0x26, 0x6e, 0x00, 0x98, 0x42, 0x69, 0x00, 0x98, 0x4e, 0x78, 0x00,
  0x97, 0x39, 0x64, 0x00, 0x99, 0x24, 0x6e, 0x00, 0x96, 0x45, 0x64, 0x00,
  0x95, 0x45, 0x5f, 0x00, 0x95, 0x42, 0x5f, 0x00, 0x99, 0x2c, 0x69, 0x00,
  0x99, 0x3b, 0x78, 0x0a, 0x89, 0x24, 0x40, 0x00, 0x89, 0x2c, 0x40, 0x00,
  0x89, 0x3b, 0x40, 0x46, 0x85, 0x42, 0x40, 0x00, 0x85, 0x45, 0x40, 0x3c,
  0x87, 0x39, 0x40, 0x00, 0x86, 0x45, 0x40, 0x14, 0x84, 0x26, 0x40, 0x00,
  0x96, 0x4a, 0x64, 0x00, 0x97, 0x3e, 0x64, 0x64, 0x81, 0x26, 0x40, 0x28,
  0x87, 0x3e, 0x40, 0x00, 0x86, 0x4a, 0x40, 0x00, 0x88, 0x42, 0x40, 0x00,
  0x80, 0x42, 0x40, 0x00, 0x82, 0x4e, 0x40, 0x00, 0x80, 0x4e, 0x40, 0x00,
  0x88, 0x4e, 0x40, 0x00, 0x82, 0x42, 0x40, 0x14, 0x90, 0x42, 0x64, 0x00,
  0x90, 0x4e, 0x64, 0x00, 0x97, 0x42, 0x64, 0x00, 0x96, 0x4e, 0x64, 0x0a,
  0x91, 0x26, 0x5a, 0x00, 0x99, 0x2c, 0x55, 0x0a, 0x89, 0x2c, 0x40, 0x5a,
  0x81, 0x26, 0x40, 0x0a, 0x80, 0x4e, 0x40, 0x00, 0x80, 0x42, 0x40, 0x14,
  0x87, 0x42, 0x40, 0x00, 0x86, 0x4e, 0x40, 0x14, 0x90, 0x3e, 0x73, 0x00,
  0x90, 0x4a, 0x73, 0x00, 0x91, 0x2a, 0x64, 0x00, 0x92, 0x3e, 0x69, 0x00,
  0x92, 0x4a, 0x78, 0x00, 0x94, 0x2a, 0x6e, 0x00, 0x96, 0x45, 0x64, 0x00,
  0x95, 0x45, 0x5f, 0x00, 0x95, 0x42, 0x5f, 0x00, 0x97, 0x39, 0x64, 0x00,
  0x98, 0x3e, 0x69, 0x00, 0x98, 0x4a, 0x78, 0x00, 0x99, 0x2c, 0x69, 0x00,
  0x99, 0x26, 0x6e, 0x00, 0x99, 0x3b, 0x78, 0x00, 0x99, 0x36, 0x64, 0x0a,
  0x89, 0x2c, 0x40, 0x00, 0x89, 0x36, 0x40, 0x00, 0x89, 0x26, 0x40, 0x00,
  0x89, 0x3b, 0x40, 0x46, 0x85, 0x42, 0x40, 0x00, 0x85, 0x45, 0x40, 0x3c,
  0x86, 0x45, 0x40, 0x00, 0x87, 0x39, 0x40, 0x14, 0x84, 0x2a, 0x40, 0x00,
  0x97, 0x3e, 0x64, 0x00, 0x96, 0x4a, 0x64, 0x64, 0x81, 0x2a, 0x40, 0x28,
  0x86, 0x4a, 0x40, 0x00, 0x87, 0x3e, 0x40, 0x00, 0x80, 0x4a, 0x40, 0x00,
  0x88, 0x4a, 0x40, 0x00, 0x88, 0x3e, 0x40, 0x00, 0x80, 0x3e, 0x40, 0x00,
  0x82, 0x3e, 0x40, 0x00, 0x82, 0x4a, 0x40, 0x14, 0x90, 0x3e, 0x64, 0x00,
  0x90, 0x4a, 0x64, 0x00, 0x96, 0x4e, 0x64, 0x00, 0x97, 0x42, 0x64, 0x0a,
  0x91, 0x2a, 0x5a, 0x00, 0x99, 0x2c, 0x55, 0x0a, 0x89, 0x2c, 0x40, 0x5a,
  0x81, 0x2a, 0x40, 0x0a, 0x80, 0x4a, 0x40, 0x00, 0x80, 0x3e, 0x40, 0x14,
  0x86, 0x4e, 0x40, 0x00, 0x87, 0x42, 0x40, 0x14, 0x90, 0x42, 0x6e, 0x00,
  0x90, 0x4e, 0x6e, 0x00, 0x91, 0x2d, 0x64, 0x00, 0x92, 0x42, 0x69, 0x00,
  0x92, 0x4e, 0x73, 0x00, 0x94, 0x2d, 0x6e, 0x00, 0x97, 0x45, 0x64, 0x00,
  0x98, 0x42, 0x69, 0x00, 0x98, 0x4e, 0x73, 0x00, 0x99, 0x24, 0x6e, 0x00,
  0x96, 0x51, 0x64, 0x00, 0x95, 0x45, 0x5f, 0x00, 0x95, 0x42, 0x5f, 0x00,
  0x99, 0x2c, 0x69, 0x00, 0x99, 0x3b, 0x78, 0x0a, 0x89, 0x24, 0x40, 0x00,
  0x89, 0x2c, 0x40, 0x00, 0x89, 0x3b, 0x40, 0x81, 0x16, 0x84, 0x2d, 0x40,
  0x64, 0x81, 0x2d, 0x40, 0x28, 0x85, 0x42, 0x40, 0x00, 0x82, 0x4e, 0x40,
  0x00, 0x88, 0x4e, 0x40, 0x00, 0x82, 0x42, 0x40, 0x00, 0x88, 0x42, 0x40,
  0x00, 0x80, 0x42, 0x40, 0x00, 0x80, 0x4e, 0x40, 0x00, 0x85, 0x45, 0x40,
  0x14, 0x90, 0x3e, 0x6e, 0x00, 0x90, 0x4a, 0x6e, 0x00, 0x92, 0x3e, 0x69,
  0x00, 0x92, 0x4a, 0x73, 0x00, 0x98, 0x3e, 0x69, 0x00, 0x98, 0x4a, 0x73,
  0x0a, 0x91, 0x2d, 0x5a, 0x00, 0x99, 0x2c, 0x55, 0x0a, 0x89, 0x2c, 0x40,
  0x5a, 0x81, 0x2d, 0x40, 0x32, 0x91, 0x2f, 0x64, 0x00, 0x94, 0x2f, 0x6e,
  0x00, 0x99, 0x2c, 0x69, 0x00, 0x99, 0x26, 0x6e, 0x00, 0x99, 0x3b, 0x78,
  0x00, 0x99, 0x36, 0x64, 0x0a, 0x89, 0x2c, 0x40, 0x00, 0x89, 0x26, 0x40,
  0x00, 0x89, 0x3b, 0x40, 0x00, 0x89, 0x36, 0x40, 0x6e, 0x80, 0x3e, 0x40,
  0x00, 0x88, 0x4a, 0x40, 0x00, 0x80, 0x4a, 0x40, 0x00, 0x82, 0x3e, 0x40,
  0x00, 0x82, 0x4a, 0x40, 0x00, 0x88, 0x3e, 0x40, 0x28, 0x84, 0x2f, 0x40,
  0x64, 0x81, 0x2f, 0x40, 0x28, 0x87, 0x45, 0x40, 0x0a, 0xe8, 0x28, 0x3b,
  0x0a, 0xe2, 0x28, 0x3b, 0x00, 0x90, 0x43, 0x73, 0x00, 0x90, 0x4f, 0x73,
  0x00, 0x92, 0x43, 0x69, 0x00, 0x92, 0x4f, 0x78, 0x00, 0x98, 0x43, 0x69,
  0x00, 0x98, 0x4f, 0x78, 0x00, 0x95, 0x45, 0x5f, 0x00, 0x95, 0x42, 0x5f,
  0x0a, 0x91, 0x2f, 0x5a, 0x00, 0x99, 0x2c, 0x55, 0x0a, 0x89, 0x2c, 0x40,
  0x28, 0xe2, 0x54, 0x3d, 0x00, 0xe8, 0x54, 0x3d, 0x14, 0x85, 0x45, 0x40,
  0x00, 0x85, 0x42, 0x40, 0x14, 0x86, 0x51, 0x40, 0x0a, 0x81, 0x2f, 0x40,
  0x0a, 0xe2, 0x00, 0x40, 0x00, 0xe8, 0x00, 0x40, 0x28, 0x97, 0x39, 0x64,
  0x00, 0x99, 0x24, 0x6e, 0x00, 0x96, 0x45, 0x64, 0x00, 0x91, 0x30, 0x64,
  0x00, 0x94, 0x30, 0x6e, 0x00, 0x99, 0x2c, 0x69, 0x00, 0x99, 0x3b, 0x78,
  0x0a, 0x89, 0x24, 0x40, 0x00, 0x89, 0x2c, 0x40, 0x00, 0x89, 0x3b, 0x40,
  0x81, 0x02, 0x87, 0x39, 0x40, 0x00, 0x86, 0x45, 0x40, 0x14, 0x84, 0x30,
  0x40, 0x00, 0x96, 0x4a, 0x64, 0x00, 0x97, 0x3e, 0x64, 0x50, 0x82, 0x4f,
  0x40, 0x00, 0x82, 0x43, 0x40, 0x00, 0x80, 0x43, 0x40, 0x00, 0x80, 0x4f,
  0x40, 0x00, 0x88, 0x4f, 0x40, 0x00, 0x88, 0x43, 0x40, 0x14, 0x81, 0x30,
  0x40, 0x28, 0x86, 0x4a, 0x40, 0x00, 0x87, 0x3e, 0x40, 0x14, 0x90, 0x43,
  0x69, 0x00, 0x90, 0x4f, 0x69, 0x00, 0x97, 0x42, 0x64, 0x00, 0x96, 0x4e,
  0x64, 0x00, 0x95, 0x45, 0x5f, 0x00, 0x95, 0x42, 0x5f, 0x0a, 0x91, 0x30,
  0x5a, 0x00, 0x99, 0x2c, 0x55, 0x0a, 0x89, 0x2c, 0x40, 0x3c, 0x85, 0x45,
  0x40, 0x00, 0x85, 0x42, 0x40, 0x1e, 0x81, 0x30, 0x40, 0x0a, 0x80, 0x4f,
  0x40, 0x00, 0x80, 0x43, 0x40, 0x14, 0x87, 0x42, 0x40, 0x00, 0x86, 0x4e,
  0x40, 0x14, 0x90, 0x42, 0x73, 0x00, 0x90, 0x4e, 0x73, 0x00, 0x91, 0x2f,
  0x64, 0x00, 0x92, 0x42, 0x69, 0x00, 0x92, 0x4e, 0x78, 0x00, 0x94, 0x2f,
  0x6e, 0x00, 0x96, 0x45, 0x64, 0x00, 0x97, 0x39, 0x64, 0x00, 0x98, 0x42,
  0x69, 0x00, 0x98, 0x4e, 0x78, 0x00, 0x99, 0x2c, 0x69, 0x00, 0x99, 0x26,
  0x6e, 0x00, 0x99, 0x3b, 0x78, 0x00, 0x99, 0x36, 0x64, 0x0a, 0x89, 0x2c,
  0x40, 0x00, 0x89, 0x26, 0x40, 0x00, 0x89, 0x3b, 0x40, 0x00, 0x89, 0x36,
  0x40, 0x81, 0x02, 0x86, 0x45, 0x40, 0x00, 0x87, 0x39, 0x40, 0x14, 0x84,
  0x2f, 0x40, 0x00, 0x97, 0x3e, 0x64, 0x00, 0x96, 0x4a, 0x64, 0x64, 0x81,
  0x2f, 0x40, 0x28, 0x86, 0x4a, 0x40, 0x00, 0x87, 0x3e, 0x40, 0x00, 0x88,
  0x42, 0x40, 0x00, 0x80, 0x42, 0x40, 0x00, 0x82, 0x4e, 0x40, 0x00, 0x80,
  0x4e, 0x40, 0x00, 0x82, 0x42, 0x40, 0x00, 0x88, 0x4e, 0x40, 0x14, 0x90,
  0x3e, 0x73, 0x00, 0x90, 0x4a, 0x73, 0x00, 0x92, 0x3e, 0x69, 0x00, 0x92,
  0x4a, 0x78, 0x00, 0x96, 0x4e, 0x64, 0x00, 0x95, 0x45, 0x5f, 0x00, 0x95,
  0x42, 0x5f, 0x00, 0x97, 0x42, 0x64, 0x00, 0x98, 0x3e, 0x69, 0x00, 0x98,
  0x4a, 0x78, 0x0a, 0x91, 0x2f, 0x5a, 0x00, 0x99, 0x2c, 0x55, 0x0a, 0x89,
  0x2c, 0x40, 0x3c, 0x85, 0x45, 0x40, 0x00, 0x85, 0x42, 0x40, 0x1e, 0x81,
  0x2f, 0x40, 0x1e, 0x87, 0x42, 0x40, 0x00, 0x86, 0x4e, 0x40, 0x14, 0x91,
  0x2d, 0x64, 0x00, 0x94, 0x2d, 0x6e, 0x00, 0x97, 0x45, 0x64, 0x00, 0x99,
  0x24, 0x6e, 0x00, 0x95, 0x45, 0x5f, 0x00, 0x95, 0x42, 0x5f, 0x00, 0x96,
  0x51, 0x64, 0x00, 0x99, 0x2c, 0x69, 0x00, 0x99, 0x3b, 0x78, 0x0a, 0x89,
  0x24, 0x40, 0x00, 0x89, 0x2c, 0x40, 0x00, 0x89, 0x3b, 0x40, 0x81, 0x16,
  0x84, 0x2d, 0x40, 0x14, 0x88, 0x3e, 0x40, 0x00, 0x80, 0x3e, 0x40, 0x00,
  0x80, 0x4a, 0x40, 0x00, 0x88, 0x4a, 0x40, 0x00, 0x82, 0x3e, 0x40, 0x00,
  0x82, 0x4a, 0x40, 0x50, 0x81, 0x2d, 0x40, 0x3c, 0x90, 0x3d, 0x73, 0x00,
  0x90, 0x49, 0x73, 0x00, 0x92, 0x3d, 0x69, 0x00, 0x92, 0x49, 0x78, 0x00,
  0x98, 0x3d, 0x69, 0x00, 0x98, 0x49, 0x78, 0x0a, 0x91, 0x2d, 0x5a, 0x00,
  0x99, 0x2c, 0x55, 0x0a, 0x89, 0x2c, 0x40, 0x5a, 0x81, 0x2d, 0x40, 0x1e,
  0x85, 0x45, 0x40, 0x00, 0x85, 0x42, 0x40, 0x14, 0x91, 0x2a, 0x64, 0x00,
  0x94, 0x2a, 0x6e, 0x00, 0x99, 0x2c, 0x69, 0x00, 0x99, 0x26, 0x6e, 0x00,
  0x99, 0x3b, 0x78, 0x00, 0x99, 0x36, 0x64, 0x0a, 0x89, 0x2c, 0x40, 0x00,
  0x89, 0x26, 0x40, 0x00, 0x89, 0x3b, 0x40, 0x00, 0x89, 0x36, 0x40, 0x81,
  0x16, 0x84, 0x2a, 0x40, 0x64, 0x81, 0x2a, 0x40, 0x28, 0x87, 0x45, 0x40,
  0x1e, 0x91, 0x2a, 0x5a, 0x00, 0x99, 0x2c, 0x55, 0x0a, 0x89, 0x2c, 0x40,
  0x50, 0x86, 0x51, 0x40, 0x0a, 0x81, 0x2a, 0x40, 0x1e, 0x82, 0x3d, 0x40,
  0x00, 0x80, 0x49, 0x40, 0x00, 0x80, 0x3d, 0x40, 0x00, 0x88, 0x49, 0x40,
  0x00, 0x82, 0x49, 0x40, 0x00, 0x88, 0x3d, 0x40, 0x14, 0x90, 0x3e, 0x6e,
  0x00, 0x90, 0x4a, 0x6e, 0x00, 0x91, 0x1f, 0x64, 0x00, 0x92, 0x3e, 0x69,
  0x00, 0x92, 0x4a, 0x73, 0x00, 0x94, 0x1f, 0x6e, 0x00, 0x98, 0x3e, 0x69,
  0x00, 0x98, 0x4a, 0x73, 0x00, 0x97, 0x3b, 0x64, 0x00, 0x99, 0x24, 0x6e,
  0x00, 0x96, 0x47, 0x64, 0x00, 0x95, 0x43, 0x5f, 0x00, 0x95, 0x3e, 0x5f,
  0x00, 0x99, 0x2c, 0x69, 0x00, 0x99, 0x3b, 0x78, 0x0a, 0x89, 0x24, 0x40,
  0x00, 0x89, 0x2c, 0x40, 0x00, 0x89, 0x3b, 0x40, 0x46, 0x85, 0x3e, 0x40,
  0x00, 0x85, 0x43, 0x40, 0x3c, 0x87, 0x3b, 0x40, 0x00, 0x86, 0x47, 0x40,
  0x14, 0x84, 0x1f, 0x40, 0x00, 0x96, 0x4a, 0x64, 0x00, 0x97, 0x3e, 0x64,
  0x64, 0x81, 0x1f, 0x40, 0x28, 0x87, 0x3e, 0x40, 0x00, 0x86, 0x4a, 0x40,
  0x00, 0x88, 0x3e, 0x40, 0x00, 0x80, 0x3e, 0x40, 0x00, 0x82, 0x4a, 0x40,
  0x00, 0x80, 0x4a, 0x40, 0x00, 0x88, 0x4a, 0x40, 0x00, 0x82, 0x3e, 0x40,
  0x14, 0x90, 0x3e, 0x64, 0x00, 0x90, 0x4a, 0x64, 0x00, 0x97, 0x43, 0x64,
  0x00, 0x96, 0x4f, 0x64, 0x0a, 0x91, 0x1f, 0x5a, 0x00, 0x99, 0x2c, 0x55,
  0x0a, 0x89, 0x2c, 0x40, 0x5a, 0x81, 0x1f, 0x40, 0x0a, 0x80, 0x4a, 0x40,
  0x00, 0x80, 0x3e, 0x40, 0x14, 0x87, 0x43, 0x40, 0x00, 0x86, 0x4f, 0x40,
  0x14, 0x90, 0x3e, 0x73, 0x00, 0x90, 0x4a, 0x73, 0x00, 0x91, 0x23, 0x64,
  0x00, 0x92, 0x3e, 0x69, 0x00, 0x92, 0x4a, 0x78, 0x00, 0x94, 0x23, 0x6e,
  0x00, 0x96, 0x47, 0x64, 0x00, 0x95, 0x43, 0x5f, 0x00, 0x95, 0x3e, 0x5f,
  0x00, 0x97, 0x3b, 0x64, 0x00, 0x98, 0x3e, 0x69, 0x00, 0x98, 0x4a, 0x78,
  0x00, 0x99, 0x2c, 0x69, 0x00, 0x99, 0x26, 0x6e, 0x00, 0x99, 0x3b, 0x78,
  0x00, 0x99, 0x36, 0x64, 0x0a, 0x89, 0x2c, 0x40, 0x00, 0x89, 0x36, 0x40,
  0x00, 0x89, 0x26, 0x40, 0x00, 0x89, 0x3b, 0x40, 0x46, 0x85, 0x3e, 0x40,
  0x00, 0x85, 0x43, 0x40, 0x3c, 0x86, 0x47, 0x40, 0x00, 0x87, 0x3b, 0x40,
  0x14, 0x84, 0x23, 0x40, 0x00, 0x97, 0x3e, 0x64, 0x00, 0x96, 0x4a, 0x64,
  0x64, 0x81, 0x23, 0x40, 0x28, 0x86, 0x4a, 0x40, 0x00, 0x87, 0x3e, 0x40,
  0x00, 0x80, 0x4a, 0x40, 0x00, 0x88, 0x4a, 0x40, 0x00, 0x88, 0x3e, 0x40,
  0x00, 0x80, 0x3e, 0x40, 0x00, 0x82, 0x3e, 0x40, 0x00, 0x82, 0x4a, 0x40,
  0x14, 0x90, 0x3e, 0x64, 0x00, 0x90, 0x4a, 0x64, 0x00, 0x96, 0x4c, 0x64,
  0x00, 0x97, 0x40, 0x64, 0x0a, 0x91, 0x23, 0x5a, 0x00, 0x99, 0x2c, 0x55,
  0x0a, 0x89, 0x2c, 0x40, 0x5a, 0x81, 0x23, 0x40, 0x0a, 0x80, 0x4a, 0x40,
  0x00, 0x80, 0x3e, 0x40, 0x14, 0x86, 0x4c, 0x40, 0x00, 0x87, 0x40, 0x40,
  0x14, 0x90, 0x3e, 0x6e, 0x00, 0x90, 0x4a, 0x6e, 0x00, 0x91, 0x26, 0x64,
  0x00, 0x92, 0x3e, 0x69, 0x00, 0x92, 0x4a, 0x73, 0x00, 0x94, 0x26, 0x6e,
  0x00, 0x97, 0x43, 0x64, 0x00, 0x98, 0x3e, 0x69, 0x00, 0x98, 0x4a, 0x73,
  0x00, 0x99, 0x24, 0x6e, 0x00, 0x96, 0x4f, 0x64, 0x00, 0x95, 0x3e, 0x5f,
  0x00, 0x95, 0x43, 0x5f, 0x00, 0x99, 0x2c, 0x69, 0x00, 0x99, 0x3b, 0x78,
  0x0a, 0x89, 0x24, 0x40, 0x00, 0x89, 0x2c, 0x40, 0x00, 0x89, 0x3b, 0x40,
  0x81, 0x16, 0x84, 0x26, 0x40, 0x64, 0x81, 0x26, 0x40, 0x28, 0x82, 0x3e,
  0x40, 0x00, 0x82, 0x4a, 0x40, 0x00, 0x88, 0x3e, 0x40, 0x00, 0x88, 0x4a,
  0x40, 0x00, 0x80, 0x4a, 0x40, 0x00, 0x80, 0x3e, 0x40, 0x14, 0x90, 0x3d,
  0x6e, 0x00, 0x90, 0x49, 0x6e, 0x00, 0x92, 0x3d, 0x69, 0x00, 0x92, 0x49,
  0x73, 0x00, 0x98, 0x3d, 0x69, 0x00, 0x98, 0x49, 0x73, 0x0a, 0x91, 0x26,
  0x5a, 0x00, 0x99, 0x2c, 0x55, 0x0a, 0x89, 0x2c, 0x40, 0x3c, 0x85, 0x43,
  0x40, 0x00, 0x85, 0x3e, 0x40, 0x1e, 0x81, 0x26, 0x40, 0x32, 0x91, 0x28,
  0x64, 0x00, 0x94, 0x28, 0x6e, 0x00, 0x99, 0x2c, 0x69, 0x00, 0x99, 0x26,
  0x6e, 0x00, 0x99, 0x3b, 0x78, 0x00, 0x99, 0x36, 0x64, 0x0a, 0x89, 0x2c,
  0x40, 0x00, 0x89, 0x26, 0x40, 0x00, 0x89, 0x3b, 0x40, 0x00, 0x89, 0x36,
  0x40, 0x6e, 0x80, 0x3d, 0x40, 0x00, 0x82, 0x49, 0x40, 0x00, 0x88, 0x3d,
  0x40, 0x00, 0x80, 0x49, 0x40, 0x00, 0x88, 0x49, 0x40, 0x00, 0x82, 0x3d,
  0x40, 0x28, 0x84, 0x28, 0x40, 0x64, 0x81, 0x28, 0x40, 0x28, 0x87, 0x43,
  0x40, 0x14, 0x90, 0x3b, 0x69, 0x00, 0x90, 0x47, 0x69, 0x00, 0x92, 0x3b,
  0x69, 0x00, 0x92, 0x47, 0x6e, 0x00, 0x98, 0x3b, 0x69, 0x00, 0x98, 0x47,
  0x6e, 0x00, 0x95, 0x3e, 0x5f, 0x00, 0x95, 0x43, 0x5f, 0x0a, 0x91, 0x28,
  0x5a, 0x00, 0x99, 0x2c, 0x55, 0x0a, 0x89, 0x2c, 0x40, 0x3c, 0x85, 0x3e,
  0x40, 0x00, 0x85, 0x43, 0x40, 0x14, 0x86, 0x4f, 0x40, 0x0a, 0x81, 0x28,
  0x40, 0x32, 0x91, 0x2b, 0x64, 0x00, 0x94, 0x2b, 0x6e, 0x00, 0x96, 0x47,
  0x64, 0x00, 0x97, 0x3b, 0x64, 0x00, 0x99, 0x24, 0x6e, 0x00, 0x99, 0x2c,
  0x69, 0x00, 0x99, 0x3b, 0x78, 0x0a, 0x89, 0x24, 0x40, 0x00, 0x89, 0x2c,
  0x40, 0x00, 0x89, 0x3b, 0x40, 0x81, 0x02, 0x86, 0x47, 0x40, 0x00, 0x87,
  0x3b, 0x40, 0x14, 0x84, 0x2b, 0x40, 0x00, 0x97, 0x3e, 0x64, 0x00, 0x96,
  0x4a, 0x64, 0x64, 0x81, 0x2b, 0x40, 0x28, 0x87, 0x3e, 0x40, 0x00, 0x86,
  0x4a, 0x40, 0x14, 0x96, 0x4f, 0x64, 0x00, 0x95, 0x43, 0x5f, 0x00, 0x95,
  0x3e, 0x5f, 0x00, 0x97, 0x43, 0x64, 0x0a, 0x91, 0x2b, 0x5a, 0x00, 0x99,
  0x2c, 0x55, 0x0a, 0x89, 0x2c, 0x40, 0x3c, 0x85, 0x3e, 0x40, 0x00, 0x85,
  0x43, 0x40, 0x1e, 0x81, 0x2b, 0x40, 0x1e, 0x86, 0x4f, 0x40, 0x00, 0x87,
  0x43, 0x40, 0x14, 0x91, 0x28, 0x64, 0x00, 0x94, 0x28, 0x6e, 0x00, 0x97,
  0x3b, 0x64, 0x00, 0x96, 0x47, 0x64, 0x00, 0x99, 0x2c, 0x69, 0x00, 0x99,
  0x26, 0x6e, 0x00, 0x99, 0x3b, 0x78, 0x00, 0x99, 0x36, 0x64, 0x0a, 0x89,
  0x2c, 0x40, 0x00, 0x89, 0x26, 0x40, 0x00, 0x89, 0x3b, 0x40, 0x00, 0x89,
  0x36, 0x40, 0x81, 0x02, 0x87, 0x3b, 0x40, 0x00, 0x86, 0x47, 0x40, 0x14,
  0x84, 0x28, 0x40, 0x00, 0x96, 0x4a, 0x64, 0x00, 0x97, 0x3e, 0x64, 0x3c,
  0x80, 0x3b, 0x40, 0x00, 0x82, 0x47, 0x40, 0x00, 0x88, 0x3b, 0x40, 0x00,
  0x88, 0x47, 0x40, 0x00, 0x82, 0x3b, 0x40, 0x00, 0x80, 0x47, 0x40, 0x28,
  0x81, 0x28, 0x40, 0x28, 0x86, 0x4a, 0x40, 0x00, 0x87, 0x3e, 0x40, 0x14,
  0x90, 0x37, 0x6e, 0x00, 0x90, 0x43, 0x6e, 0x00, 0x92, 0x37, 0x69, 0x00,
  0x92, 0x43, 0x73, 0x00, 0x97, 0x40, 0x64, 0x00, 0x98, 0x37, 0x69, 0x00,
  0x98, 0x43, 0x73, 0x00, 0x96, 0x4c, 0x64, 0x00, 0x95, 0x43, 0x5f, 0x00,
  0x95, 0x3e, 0x5f, 0x0a, 0x91, 0x28, 0x5a, 0x00, 0x99, 0x2c, 0x55, 0x0a,
  0x89, 0x2c, 0x40, 0x3c, 0x85, 0x3e, 0x40, 0x00, 0x85, 0x43, 0x40, 0x1e,
  0x81, 0x28, 0x40, 0x1e, 0x86, 0x4c, 0x40, 0x00, 0x87, 0x40, 0x40, 0x14,
  0x91, 0x26, 0x64, 0x00, 0x94, 0x26, 0x6e, 0x00, 0x95, 0x43, 0x5f, 0x00,
  0x95, 0x3e, 0x5f, 0x00, 0x96, 0x4f, 0x64, 0x00, 0x97, 0x43, 0x64, 0x00,
  0x99, 0x24, 0x6e, 0x00, 0x99, 0x2c, 0x69, 0x00, 0x99, 0x3b, 0x78, 0x0a,
  0x89, 0x24, 0x40, 0x00, 0x89, 0x2c, 0x40, 0x00, 0x89, 0x3b, 0x40, 0x81,
  0x16, 0x84, 0x26, 0x40, 0x50, 0x88, 0x43, 0x40, 0x00, 0x82, 0x43, 0x40,
  0x00, 0x80, 0x43, 0x40, 0x00, 0x80, 0x37, 0x40, 0x00, 0x82, 0x37, 0x40,
  0x00, 0x88, 0x37, 0x40, 0x14, 0x81, 0x26, 0x40, 0x3c, 0x90, 0x3b, 0x6e,
  0x00, 0x90, 0x47, 0x6e, 0x00, 0x92, 0x3b, 0x69, 0x00, 0x92, 0x47, 0x73,
  0x00, 0x98, 0x3b, 0x69, 0x00, 0x98, 0x47, 0x73, 0x0a, 0x91, 0x26, 0x5a,
  0x00, 0x99, 0x2c, 0x55, 0x0a, 0x89, 0x2c, 0x40, 0x5a, 0x81, 0x26, 0x40,
  0x0a, 0x88, 0x47, 0x40, 0x00, 0x80, 0x3b, 0x40, 0x00, 0x88, 0x3b, 0x40,
  0x00, 0x82, 0x47, 0x40, 0x00, 0x82, 0x3b, 0x40, 0x00, 0x80, 0x47, 0x40,
  0x14, 0x85, 0x3e, 0x40, 0x00, 0x85, 0x43, 0x40, 0x14, 0x90, 0x3d, 0x73,
  0x00, 0x90, 0x49, 0x73, 0x00, 0x91, 0x23, 0x64, 0x00, 0x92, 0x3d, 0x69,
  0x00, 0x92, 0x49, 0x78, 0x00, 0x94, 0x23, 0x6e, 0x00, 0x98, 0x3d, 0x69,
  0x00, 0x98, 0x49, 0x78, 0x00, 0x99, 0x2c, 0x69, 0x00, 0x99, 0x26, 0x6e,
  0x00, 0x99, 0x36, 0x64, 0x0a, 0x89, 0x2c, 0x40, 0x00, 0x89, 0x26, 0x40,
  0x00, 0x89, 0x36, 0x40, 0x81, 0x16, 0x84, 0x23, 0x40, 0x00, 0x99, 0x36,
  0x50, 0x00, 0x99, 0x26, 0x50, 0x0a, 0x89, 0x36, 0x40, 0x00, 0x89, 0x26,
  0x40, 0x5a, 0x81, 0x23, 0x40, 0x28, 0x88, 0x3d, 0x40, 0x00, 0x80, 0x49,
  0x40, 0x00, 0x82, 0x49, 0x40, 0x00, 0x80, 0x3d, 0x40, 0x00, 0x88, 0x49,
  0x40, 0x00, 0x87, 0x43, 0x40, 0x00, 0x82, 0x3d, 0x40, 0x14, 0x90, 0x3e,
  0x73, 0x00, 0x90, 0x4a, 0x73, 0x00, 0x92, 0x3e, 0x69, 0x00, 0x92, 0x4a,
  0x78, 0x00, 0x98, 0x3e, 0x69, 0x00, 0x98, 0x4a, 0x78, 0x00, 0x99, 0x26,
  0x64, 0x00, 0x99, 0x36, 0x46, 0x0a, 0x89, 0x26, 0x40, 0x00, 0x89, 0x36,
  0x40, 0x00, 0x91, 0x23, 0x5a, 0x00, 0x99, 0x2c, 0x55, 0x0a, 0x89, 0x2c,
  0x40, 0x50, 0x86, 0x4f, 0x40, 0x0a, 0x81, 0x23, 0x40, 0x0a, 0x88, 0x4a,
  0x40, 0x00, 0x88, 0x3e, 0x40, 0x00, 0x82, 0x4a, 0x40, 0x00, 0x82, 0x3e,
  0x40, 0x00, 0x80, 0x4a, 0x40, 0x00, 0x80, 0x3e, 0x40, 0x1e, 0xe8, 0x28,
  0x3b, 0x0a, 0xe2, 0x28, 0x3b, 0x00, 0x94, 0x21, 0x6e, 0x00, 0x90, 0x4e,
  0x6e, 0x00, 0x90, 0x42, 0x6e, 0x00, 0x91, 0x21, 0x64, 0x00, 0x92, 0x4e,
  0x73, 0x00, 0x92, 0x42, 0x69, 0x00, 0x98, 0x4e, 0x73, 0x00, 0x98, 0x42,
  0x69, 0x00, 0x97, 0x39, 0x64, 0x00, 0x99, 0x24, 0x6e, 0x00, 0x96, 0x45,
  0x64, 0x00, 0x95, 0x45, 0x5f, 0x00, 0x95, 0x40, 0x5f, 0x00, 0x99, 0x2c,
  0x69, 0x00, 0x99, 0x3b, 0x78, 0x0a, 0x89, 0x24, 0x40, 0x00, 0x89, 0x2c,
  0x40, 0x00, 0x89, 0x3b, 0x40, 0x32, 0xe2, 0x54, 0x3d, 0x00, 0xe8, 0x54,
  0x3d, 0x14, 0x85, 0x40, 0x40, 0x00, 0x85, 0x45, 0x40, 0x28, 0xe2, 0x00,
  0x40, 0x00, 0xe8, 0x00, 0x40, 0x14, 0x87, 0x39, 0x40, 0x00, 0x86, 0x45,
  0x40, 0x14, 0x84, 0x21, 0x40, 0x00, 0x97, 0x3d, 0x64, 0x00, 0x96, 0x49,
  0x64, 0x64, 0x81, 0x21, 0x40, 0x28, 0x86, 0x49, 0x40, 0x00, 0x87, 0x3d,
  0x40, 0x00, 0x80, 0x42, 0x40, 0x00, 0x88, 0x4e, 0x40, 0x00, 0x82, 0x4e,
  0x40, 0x00, 0x80, 0x4e, 0x40, 0x00, 0x82, 0x42, 0x40, 0x00, 0x88, 0x42,
  0x40, 0x14, 0x90, 0x42, 0x5a, 0x00, 0x90, 0x4e, 0x5a, 0x00, 0x96, 0x4c,
  0x64, 0x00, 0x97, 0x40, 0x64, 0x0a, 0x91, 0x21, 0x5a, 0x00, 0x99, 0x2c,
  0x55, 0x0a, 0x89, 0x2c, 0x40, 0x5a, 0x81, 0x21, 0x40, 0x0a, 0x80, 0x4e,
  0x40, 0x00, 0x80, 0x42, 0x40, 0x14, 0x86, 0x4c, 0x40, 0x00, 0x87, 0x40,
  0x40, 0x14, 0x90, 0x40, 0x6e, 0x00, 0x90, 0x4c, 0x6e, 0x00, 0x91, 0x25,
  0x64, 0x00, 0x92, 0x40, 0x69, 0x00, 0x92, 0x4c, 0x73, 0x00, 0x94, 0x25,
  0x6e, 0x00, 0x97, 0x39, 0x64, 0x00, 0x98, 0x40, 0x69, 0x00, 0x98, 0x4c,
  0x73, 0x00, 0x96, 0x45, 0x64, 0x00, 0x95, 0x45, 0x5f, 0x00, 0x95, 0x40,
  0x5f, 0x00, 0x99, 0x2c, 0x69, 0x00, 0x99, 0x26, 0x6e, 0x00, 0x99, 0x3b,
  0x78, 0x00, 0x99, 0x36, 0x64, 0x0a, 0x89, 0x2c, 0x40, 0x00, 0x89, 0x36,
  0x40, 0x00, 0x89, 0x26, 0x40, 0x00, 0x89, 0x3b, 0x40, 0x46, 0x85, 0x40,
  0x40, 0x00, 0x85, 0x45, 0x40, 0x3c, 0x87, 0x39, 0x40, 0x00, 0x86, 0x45,
  0x40, 0x14, 0x84, 0x25, 0x40, 0x00, 0x96, 0x49, 0x64, 0x00, 0x97, 0x3d,
  0x64, 0x64, 0x81, 0x25, 0x40, 0x28, 0x87, 0x3d, 0x40, 0x00, 0x86, 0x49,
  0x40, 0x00, 0x88, 0x4c, 0x40, 0x00, 0x80, 0x40, 0x40, 0x00, 0x80, 0x4c,
  0x40, 0x00, 0x88, 0x40, 0x40, 0x00, 0x82, 0x40, 0x40, 0x00, 0x82, 0x4c,
  0x40, 0x14, 0x90, 0x40, 0x5a, 0x00, 0x90, 0x4c, 0x5a, 0x00, 0x97, 0x40,
  0x64, 0x00, 0x96, 0x4c, 0x64, 0x0a, 0x91, 0x25, 0x5a, 0x00, 0x99, 0x2c,
  0x55, 0x0a, 0x89, 0x2c, 0x40, 0x50, 0x80, 0x4c, 0x40, 0x00, 0x80, 0x40,
  0x40, 0x0a, 0x81, 0x25, 0x40, 0x1e, 0x87, 0x40, 0x40, 0x00, 0x86, 0x4c,
  0x40, 0x14, 0x90, 0x3e, 0x73, 0x00, 0x90, 0x4a, 0x73, 0x00, 0x91, 0x28,
  0x64, 0x00, 0x92, 0x3e, 0x69, 0x00, 0x92, 0x4a, 0x78, 0x00, 0x94, 0x28,
  0x6e, 0x00, 0x96, 0x4f, 0x64, 0x00, 0x95, 0x45, 0x5f, 0x00, 0x95, 0x40,
  0x5f, 0x00, 0x97, 0x45, 0x64, 0x00, 0x98, 0x3e, 0x69, 0x00, 0x98, 0x4a,
  0x78, 0x00, 0x99, 0x24, 0x6e, 0x00, 0x99, 0x2c, 0x69, 0x00, 0x99, 0x3b,
  0x78, 0x0a, 0x89, 0x24, 0x40, 0x00, 0x89, 0x2c, 0x40, 0x00, 0x89, 0x3b,
  0x40, 0x81, 0x16, 0x84, 0x28, 0x40, 0x64, 0x81, 0x28, 0x40, 0x14, 0x88,
  0x3e, 0x40, 0x00, 0x80, 0x4a, 0x40, 0x00, 0x82, 0x3e, 0x40, 0x00, 0x82,
  0x4a, 0x40, 0x00, 0x88, 0x4a, 0x40, 0x00, 0x80, 0x3e, 0x40, 0x28, 0x90,
  0x3b, 0x6e, 0x00, 0x90, 0x47, 0x6e, 0x00, 0x92, 0x3b, 0x69, 0x00, 0x92,
  0x47, 0x73, 0x00, 0x98, 0x3b, 0x69, 0x00, 0x98, 0x47, 0x73, 0x0a, 0x91,
  0x28, 0x5a, 0x00, 0x99, 0x2c, 0x55, 0x0a, 0x89, 0x2c, 0x40, 0x3c, 0x85,
  0x45, 0x40, 0x00, 0x85, 0x40, 0x40, 0x1e, 0x81, 0x28, 0x40, 0x0a, 0x82,
  0x47, 0x40, 0x00, 0x88, 0x3b, 0x40, 0x00, 0x82, 0x3b, 0x40, 0x00, 0x80,
  0x47, 0x40, 0x00, 0x88, 0x47, 0x40, 0x00, 0x80, 0x3b, 0x40, 0x28, 0x91,
  0x2a, 0x64, 0x00, 0x94, 0x2a, 0x6e, 0x00, 0x99, 0x2c, 0x69, 0x00, 0x99,
  0x26, 0x6e, 0x00, 0x99, 0x3b, 0x78, 0x00, 0x99, 0x36, 0x64, 0x0a, 0x89,
  0x2c, 0x40, 0x00, 0x89, 0x36, 0x40, 0x00, 0x89, 0x3b, 0x40, 0x00, 0x89,
  0x26, 0x40, 0x81, 0x16, 0x84, 0x2a, 0x40, 0x64, 0x81, 0x2a, 0x40, 0x28,
  0x87, 0x45, 0x40, 0x0a, 0xe8, 0x28, 0x3b, 0x0a, 0xe2, 0x28, 0x3b, 0x00,
  0x90, 0x42, 0x73, 0x00, 0x90, 0x4e, 0x73, 0x00, 0x92, 0x42, 0x69, 0x00,
  0x92, 0x4e, 0x78, 0x00, 0x98, 0x42, 0x69, 0x00, 0x98, 0x4e, 0x78, 0x00,
  0x95, 0x45, 0x5f, 0x00, 0x95, 0x40, 0x5f, 0x0a, 0x91, 0x2a, 0x5a, 0x00,
  0x99, 0x2c, 0x55, 0x0a, 0x89, 0x2c, 0x40, 0x28, 0xe2, 0x54, 0x3d, 0x00,
  0xe8, 0x54, 0x3d, 0x14, 0x85, 0x45, 0x40, 0x00, 0x85, 0x40, 0x40, 0x14,
  0x86, 0x4f, 0x40, 0x0a, 0x81, 0x2a, 0x40, 0x0a, 0xe2, 0x00, 0x40, 0x00,
  0xe8, 0x00, 0x40, 0x28, 0x97, 0x39, 0x64, 0x00, 0x99, 0x24, 0x6e, 0x00,
  0x96, 0x45, 0x64, 0x00, 0x91, 0x2b, 0x64, 0x00, 0x94, 0x2b, 0x6e, 0x00,
  0x99, 0x2c, 0x69, 0x00, 0x99, 0x3b, 0x78, 0x0a, 0x89, 0x24, 0x40, 0x00,
  0x89, 0x2c, 0x40, 0x00, 0x89, 0x3b, 0x40, 0x81, 0x02, 0x87, 0x39, 0x40,
  0x00, 0x86, 0x45, 0x40, 0x14, 0x84, 0x2b, 0x40, 0x00, 0x96, 0x49, 0x64,
  0x00, 0x97, 0x3d, 0x64, 0x50, 0x82, 0x4e, 0x40, 0x00, 0x82, 0x42, 0x40,
  0x00, 0x80, 0x42, 0x40, 0x00, 0x80, 0x4e, 0x40, 0x00, 0x88, 0x4e, 0x40,
  0x00, 0x88, 0x42, 0x40, 0x14, 0x81, 0x2b, 0x40, 0x28, 0x86, 0x49, 0x40,
  0x00, 0x87, 0x3d, 0x40, 0x14, 0x90, 0x42, 0x5a, 0x00, 0x90, 0x4e, 0x5a,
  0x00, 0x97, 0x40, 0x64, 0x00, 0x96, 0x4c, 0x64, 0x00, 0x95, 0x45, 0x5f,
  0x00, 0x95, 0x40, 0x5f, 0x0a, 0x91, 0x2b, 0x5a, 0x00, 0x99, 0x2c, 0x55,
  0x0a, 0x89, 0x2c, 0x40, 0x3c, 0x85, 0x45, 0x40, 0x00, 0x85, 0x40, 0x40,
  0x14, 0x80, 0x42, 0x40, 0x00, 0x80, 0x4e, 0x40, 0x0a, 0x81, 0x2b, 0x40,
  0x1e, 0x86, 0x4c, 0x40, 0x00, 0x87, 0x40, 0x40, 0x14, 0x90, 0x40, 0x6e,
  0x00, 0x90, 0x4c, 0x6e, 0x00, 0x91, 0x2a, 0x64, 0x00, 0x92, 0x40, 0x69,
  0x00, 0x92, 0x4c, 0x73, 0x00, 0x94, 0x2a, 0x6e, 0x00, 0x96, 0x45, 0x64,
  0x00, 0x97, 0x39, 0x64, 0x00, 0x98, 0x40, 0x69, 0x00, 0x98, 0x4c, 0x73,
  0x00, 0x99, 0x2c, 0x69, 0x00, 0x99, 0x26, 0x6e, 0x00, 0x99, 0x3b, 0x78,
  0x00, 0x99, 0x36, 0x64, 0x0a, 0x89, 0x2c, 0x40, 0x00, 0x89, 0x26, 0x40,
  0x00, 0x89, 0x3b, 0x40, 0x00, 0x89, 0x36, 0x40, 0x81, 0x02, 0x86, 0x45,
  0x40, 0x00, 0x87, 0x39, 0x40, 0x14, 0x84, 0x2a, 0x40, 0x00, 0x97, 0x3d,
  0x64, 0x00, 0x96, 0x49, 0x64, 0x64, 0x81, 0x2a, 0x40, 0x14, 0x88, 0x4c,
  0x40, 0x00, 0x80, 0x4c, 0x40, 0x00, 0x88, 0x40, 0x40, 0x00, 0x80, 0x40,
  0x40, 0x00, 0x82, 0x4c, 0x40, 0x00, 0x82, 0x40, 0x40, 0x14, 0x86, 0x49,
  0x40, 0x00, 0x87, 0x3d, 0x40, 0x14, 0x90, 0x4c, 0x5a, 0x00, 0x90, 0x40,
  0x5a, 0x00, 0x96, 0x4c, 0x64, 0x00, 0x95, 0x45, 0x5f, 0x00, 0x95, 0x40,
  0x5f, 0x00, 0x97, 0x40, 0x64, 0x0a, 0x91, 0x2a, 0x5a, 0x00, 0x99, 0x2c,
  0x55, 0x0a, 0x89, 0x2c, 0x40, 0x3c, 0x85, 0x45, 0x40, 0x00, 0x85, 0x40,
  0x40, 0x14, 0x80, 0x40, 0x40, 0x00, 0x80, 0x4c, 0x40, 0x0a, 0x81, 0x2a,
  0x40, 0x1e, 0x86, 0x4c, 0x40, 0x00, 0x87, 0x40, 0x40, 0x14, 0x90, 0x3e,
  0x73, 0x00, 0x90, 0x4a, 0x73, 0x00, 0x91, 0x28, 0x64, 0x00, 0x92, 0x3e,
  0x69, 0x00, 0x92, 0x4a, 0x78, 0x00, 0x94, 0x28, 0x6e, 0x00, 0x97, 0x45,
  0x64, 0x00, 0x98, 0x3e, 0x69, 0x00, 0x98, 0x4a, 0x78, 0x00, 0x99, 0x24,
  0x6e, 0x00, 0x95, 0x45, 0x5f, 0x00, 0x95, 0x40, 0x5f, 0x00, 0x96, 0x4f,
  0x64, 0x00, 0x99, 0x2c, 0x69, 0x00, 0x99, 0x3b, 0x78, 0x0a, 0x89, 0x24,
  0x40, 0x00, 0x89, 0x2c, 0x40, 0x00, 0x89, 0x3b, 0x40, 0x81, 0x16, 0x84,
  0x28, 0x40, 0x64, 0x81, 0x28, 0x40, 0x28, 0x82, 0x3e, 0x40, 0x00, 0x82,
  0x4a, 0x40, 0x00, 0x88, 0x3e, 0x40, 0x00, 0x88, 0x4a, 0x40, 0x00, 0x80,
  0x4a, 0x40, 0x00, 0x80, 0x3e, 0x40, 0x14, 0x90, 0x3e, 0x5a, 0x00, 0x90,
  0x4a, 0x5a, 0x0a, 0x91, 0x28, 0x5a, 0x00, 0x99, 0x2c, 0x55, 0x0a, 0x89,
  0x2c, 0x40, 0x50, 0x80, 0x3e, 0x40, 0x00, 0x80, 0x4a, 0x40, 0x0a, 0x81,
  0x28, 0x40, 0x1e, 0x85, 0x45, 0x40, 0x00, 0x85, 0x40, 0x40, 0x14, 0x90,
  0x40, 0x6e, 0x00, 0x90, 0x4c, 0x6e, 0x00, 0x91, 0x25, 0x64, 0x00, 0x92,
  0x40, 0x69, 0x00, 0x92, 0x4c, 0x73, 0x00, 0x94, 0x25, 0x6e, 0x00, 0x98,
  0x40, 0x69, 0x00, 0x98, 0x4c, 0x73, 0x00, 0x99, 0x2c, 0x69, 0x00, 0x99,
  0x26, 0x6e, 0x00, 0x99, 0x3b, 0x78, 0x00, 0x99, 0x36, 0x64, 0x0a, 0x89,
  0x2c, 0x40, 0x00, 0x89, 0x26, 0x40, 0x00, 0x89, 0x3b, 0x40, 0x00, 0x89,
  0x36, 0x40, 0x81, 0x16, 0x84, 0x25, 0x40, 0x64, 0x81, 0x25, 0x40, 0x14,
  0x88, 0x40, 0x40, 0x00, 0x88, 0x4c, 0x40, 0x00, 0x82, 0x40, 0x40, 0x00,
  0x80, 0x40, 0x40, 0x00, 0x80, 0x4c, 0x40, 0x00, 0x82, 0x4c, 0x40, 0x14,
  0x87, 0x45, 0x40, 0x14, 0x90, 0x40, 0x5a, 0x00, 0x90, 0x4c, 0x5a, 0x0a,
  0x91, 0x25, 0x5a, 0x00, 0x99, 0x2c, 0x55, 0x0a, 0x89, 0x2c, 0x40, 0x50,
  0x80, 0x40, 0x40, 0x00, 0x86, 0x4f, 0x40, 0x00, 0x80, 0x4c, 0x40, 0x0a,
  0x81, 0x25, 0x40, 0x32, 0x90, 0x3e, 0x73, 0x00, 0x90, 0x4a, 0x73, 0x00,
  0x91, 0x26, 0x64, 0x00, 0x92, 0x3e, 0x69, 0x00, 0x92, 0x4a, 0x78, 0x00,
  0x94, 0x26, 0x6e, 0x00, 0x98, 0x3e, 0x69, 0x00, 0x98, 0x4a, 0x78, 0x00,
  0x97, 0x39, 0x64, 0x00, 0x99, 0x24, 0x6e, 0x00, 0x96, 0x45, 0x64, 0x00,
  0x95, 0x45, 0x5f, 0x00, 0x95, 0x42, 0x5f, 0x00, 0x99, 0x2c, 0x69, 0x00,
  0x99, 0x3b, 0x78, 0x0a, 0x89, 0x24, 0x40, 0x00, 0x89, 0x2c, 0x40, 0x00,
  0x89, 0x3b, 0x40, 0x46, 0x85, 0x42, 0x40, 0x00, 0x85, 0x45, 0x40, 0x3c,
  0x87, 0x39, 0x40, 0x00, 0x86, 0x45, 0x40, 0x14, 0x84, 0x26, 0x40, 0x00,
  0x96, 0x4a, 0x64, 0x00, 0x97, 0x3e, 0x64, 0x64, 0x81, 0x26, 0x40, 0x28,
  0x86, 0x4a, 0x40, 0x00, 0x87, 0x3e, 0x40, 0x14, 0x97, 0x42, 0x64, 0x00,
  0x96, 0x4e, 0x64, 0x0a, 0x91, 0x26, 0x5a, 0x00, 0x99, 0x2c, 0x55, 0x0a,
  0x89, 0x2c, 0x40, 0x5a, 0x81, 0x26, 0x40, 0x1e, 0x86, 0x4e, 0x40, 0x00,
  0x87, 0x42, 0x40, 0x14, 0x91, 0x2a, 0x64, 0x00, 0x94, 0x2a, 0x6e, 0x00,
  0x96, 0x45, 0x64, 0x00, 0x95, 0x45, 0x5f, 0x00, 0x95, 0x42, 0x5f, 0x00,
  0x97, 0x39, 0x64, 0x00, 0x99, 0x2c, 0x69, 0x00, 0x99, 0x26, 0x6e, 0x00,
  0x99, 0x3b, 0x78, 0x00, 0x99, 0x36, 0x64, 0x0a, 0x89, 0x2c, 0x40, 0x00,
  0x89, 0x36, 0x40, 0x00, 0x89, 0x26, 0x40, 0x00, 0x89, 0x3b, 0x40, 0x46,
  0x85, 0x42, 0x40, 0x00, 0x85, 0x45, 0x40, 0x3c, 0x86, 0x45, 0x40, 0x00,
  0x87, 0x39, 0x40, 0x14, 0x84, 0x2a, 0x40, 0x00, 0x97, 0x3e, 0x64, 0x00,
  0x96, 0x4a, 0x64, 0x28, 0x82, 0x4a, 0x40, 0x00, 0x88, 0x3e, 0x40, 0x00,
  0x82, 0x3e, 0x40, 0x00, 0x88, 0x4a, 0x40, 0x3c, 0x81, 0x2a, 0x40, 0x14,
  0x80, 0x4a, 0x40, 0x00, 0x80, 0x3e, 0x40, 0x14, 0x87, 0x3e, 0x40, 0x00,
  0x86, 0x4a, 0x40, 0x14, 0x90, 0x3b, 0x73, 0x00, 0x90, 0x47, 0x73, 0x00,
  0x92, 0x3b, 0x69, 0x00, 0x92, 0x47, 0x78, 0x00, 0x96, 0x4e, 0x64, 0x00,
  0x97, 0x42, 0x64, 0x00, 0x98, 0x3b, 0x69, 0x00, 0x98, 0x47, 0x78, 0x0a,
  0x91, 0x2a, 0x5a, 0x00, 0x99, 0x2c, 0x55, 0x0a, 0x89, 0x2c, 0x40, 0x5a,
  0x81, 0x2a, 0x40, 0x1e, 0x86, 0x4e, 0x40, 0x00, 0x87, 0x42, 0x40, 0x14,
  0x91, 0x2d, 0x64, 0x00, 0x94, 0x2d, 0x6e, 0x00, 0x97, 0x45, 0x64, 0x00,
  0x99, 0x24, 0x6e, 0x00, 0x96, 0x51, 0x64, 0x00, 0x95, 0x42, 0x5f, 0x00,
  0x95, 0x45, 0x5f, 0x00, 0x99, 0x2c, 0x69, 0x00, 0x99, 0x3b, 0x78, 0x0a,
  0x89, 0x24, 0x40, 0x00, 0x89, 0x2c, 0x40, 0x00, 0x89, 0x3b, 0x40, 0x81,
  0x16, 0x84, 0x2d, 0x40, 0x64, 0x81, 0x2d, 0x40, 0x46, 0x91, 0x2d, 0x5a,
  0x00, 0x99, 0x2c, 0x55, 0x0a, 0x89, 0x2c, 0x40, 0x3c, 0x85, 0x45, 0x40,
  0x00, 0x85, 0x42, 0x40, 0x14, 0x82, 0x47, 0x40, 0x00, 0x82, 0x3b, 0x40,
  0x00, 0x88, 0x47, 0x40, 0x00, 0x88, 0x3b, 0x40, 0x0a, 0x81, 0x2d, 0x40,
  0x32, 0x90, 0x39, 0x73, 0x00, 0x90, 0x45, 0x73, 0x00, 0x91, 0x2f, 0x64,
  0x00, 0x92, 0x39, 0x69, 0x00, 0x92, 0x45, 0x78, 0x00, 0x94, 0x2f, 0x6e,
  0x00, 0x98, 0x39, 0x69, 0x00, 0x98, 0x45, 0x78, 0x00, 0x99, 0x2c, 0x69,
  0x00, 0x99, 0x26, 0x6e, 0x00, 0x99, 0x3b, 0x78, 0x00, 0x99, 0x36, 0x64,
  0x0a, 0x89, 0x2c, 0x40, 0x00, 0x89, 0x36, 0x40, 0x00, 0x89, 0x26, 0x40,
  0x00, 0x89, 0x3b, 0x40, 0x6e, 0x80, 0x3b, 0x40, 0x00, 0x80, 0x47, 0x40,
  0x28, 0x84, 0x2f, 0x40, 0x64, 0x81, 0x2f, 0x40, 0x28, 0x87, 0x45, 0x40,
  0x14, 0x95, 0x42, 0x5f, 0x00, 0x95, 0x45, 0x5f, 0x0a, 0x91, 0x2f, 0x5a,
  0x00, 0x99, 0x2c, 0x55, 0x0a, 0x89, 0x2c, 0x40, 0x3c, 0x85, 0x42, 0x40,
  0x00, 0x85, 0x45, 0x40, 0x14, 0x86, 0x51, 0x40, 0x0a, 0x81, 0x2f, 0x40,
  0x32, 0x91, 0x30, 0x64, 0x00, 0x94, 0x30, 0x6e, 0x00, 0x96, 0x45, 0x64,
  0x00, 0x97, 0x39, 0x64, 0x00, 0x99, 0x24, 0x6e, 0x00, 0x99, 0x2c, 0x69,
  0x00, 0x99, 0x3b, 0x78, 0x0a, 0x89, 0x24, 0x40, 0x00, 0x89, 0x2c, 0x40,
  0x00, 0x89, 0x3b, 0x40, 0x81, 0x02, 0x86, 0x45, 0x40, 0x00, 0x87, 0x39,
  0x40, 0x14, 0x84, 0x30, 0x40, 0x00, 0x97, 0x3e, 0x64, 0x00, 0x96, 0x4a,
  0x64, 0x64, 0x81, 0x30, 0x40, 0x28, 0x87, 0x3e, 0x40, 0x00, 0x86, 0x4a,
  0x40, 0x14, 0x96, 0x4e, 0x64, 0x00, 0x95, 0x45, 0x5f, 0x00, 0x95, 0x42,
  0x5f, 0x00, 0x97, 0x42, 0x64, 0x0a, 0x91, 0x30, 0x5a, 0x00, 0x99, 0x2c,
  0x55, 0x0a, 0x89, 0x2c, 0x40, 0x3c, 0x85, 0x42, 0x40, 0x00, 0x85, 0x45,
  0x40, 0x1e, 0x81, 0x30, 0x40, 0x1e, 0x86, 0x4e, 0x40, 0x00, 0x87, 0x42,
  0x40, 0x14, 0x91, 0x2f, 0x64, 0x00, 0x94, 0x2f, 0x6e, 0x00, 0x97, 0x45,
  0x64, 0x00, 0x96, 0x51, 0x64, 0x00, 0x99, 0x2c, 0x69, 0x00, 0x99, 0x26,
  0x6e, 0x00, 0x99, 0x3b, 0x78, 0x00, 0x99, 0x36, 0x64, 0x0a, 0x89, 0x2c,
  0x40, 0x00, 0x89, 0x26, 0x40, 0x00, 0x89, 0x3b, 0x40, 0x00, 0x89, 0x36,
  0x40, 0x81, 0x02, 0x87, 0x45, 0x40, 0x00, 0x86, 0x51, 0x40, 0x14, 0x84,
  0x2f, 0x40, 0x00, 0x96, 0x56, 0x64, 0x00, 0x97, 0x4a, 0x64, 0x64, 0x81,
  0x2f, 0x40, 0x28, 0x86, 0x56, 0x40, 0x00, 0x87, 0x4a, 0x40, 0x14, 0x97,
  0x4e, 0x64, 0x00, 0x96, 0x5a, 0x64, 0x00, 0x95, 0x45, 0x5f, 0x00, 0x95,
  0x42, 0x5f, 0x0a, 0x91, 0x2f, 0x5a, 0x00, 0x99, 0x2c, 0x55, 0x0a, 0x89,
  0x2c, 0x40, 0x3c, 0x80, 0x39, 0x40, 0x00, 0x80, 0x45, 0x40, 0x00, 0x85,
  0x42, 0x40, 0x00, 0x82, 0x45, 0x40, 0x00, 0x85, 0x45, 0x40, 0x00, 0x88,
  0x39, 0x40, 0x00, 0x82, 0x39, 0x40, 0x00, 0x88, 0x45, 0x40, 0x1e, 0x81,
  0x2f, 0x40, 0x1e, 0x86, 0x5a, 0x40, 0x00, 0x87, 0x4e, 0x40, 0x14, 0x90,
  0x39, 0x73, 0x00, 0x90, 0x45, 0x73, 0x00, 0x91, 0x2d, 0x64, 0x00, 0x92,
  0x39, 0x69, 0x00, 0x92, 0x45, 0x78, 0x00, 0x94, 0x2d, 0x6e, 0x00, 0x95,
  0x45, 0x5f, 0x00, 0x95, 0x42, 0x5f, 0x00, 0x96, 0x5d, 0x64, 0x00, 0x97,
  0x51, 0x64, 0x00, 0x98, 0x39, 0x69, 0x00, 0x98, 0x45, 0x78, 0x00, 0x99,
  0x24, 0x6e, 0x00, 0x99, 0x2c, 0x69, 0x00, 0x99, 0x3b, 0x78, 0x0a, 0x89,
  0x24, 0x40, 0x00, 0x89, 0x2c, 0x40, 0x00, 0x89, 0x3b, 0x40, 0x81, 0x02,
  0x87, 0x51, 0x40, 0x00, 0x86, 0x5d, 0x40, 0x14, 0x84, 0x2d, 0x40, 0x00,
  0x97, 0x4e, 0x64, 0x00, 0x96, 0x5a, 0x64, 0x64, 0x81, 0x2d, 0x40, 0x28,
  0x86, 0x5a, 0x40, 0x00, 0x87, 0x4e, 0x40, 0x00, 0x82, 0x39, 0x40, 0x00,
  0x88, 0x39, 0x40, 0x00, 0x80, 0x45, 0x40, 0x00, 0x88, 0x45, 0x40, 0x00,
  0x80, 0x39, 0x40, 0x00, 0x82, 0x45, 0x40, 0x14, 0x90, 0x3b, 0x69, 0x00,
  0x90, 0x47, 0x69, 0x00, 0x92, 0x3b, 0x69, 0x00, 0x92, 0x47, 0x6e, 0x00,
  0x96, 0x56, 0x64, 0x00, 0x97, 0x4a, 0x64, 0x00, 0x98, 0x3b, 0x69, 0x00,
  0x98, 0x47, 0x6e, 0x0a, 0x91, 0x2d, 0x5a, 0x00, 0x99, 0x2c, 0x55, 0x0a,
  0x89, 0x2c, 0x40, 0x5a, 0x81, 0x2d, 0x40, 0x0a, 0x82, 0x3b, 0x40, 0x00,
  0x88, 0x47, 0x40, 0x00, 0x80, 0x3b, 0x40, 0x00, 0x88, 0x3b, 0x40, 0x00,
  0x80, 0x47, 0x40, 0x00, 0x82, 0x47, 0x40, 0x14, 0x87, 0x4a, 0x40, 0x00,
  0x85, 0x45, 0x40, 0x00, 0x85, 0x42, 0x40, 0x00, 0x86, 0x56, 0x40, 0x14,
  0x90, 0x3d, 0x73, 0x00, 0x90, 0x49, 0x73, 0x00, 0x91, 0x2a, 0x64, 0x00,
  0x92, 0x3d, 0x69, 0x00, 0x92, 0x49, 0x78, 0x00, 0x94, 0x2a, 0x6e, 0x00,
  0x98, 0x3d, 0x69, 0x00, 0x98, 0x49, 0x78, 0x00, 0x97, 0x45, 0x64, 0x00,
  0x96, 0x51, 0x64, 0x00, 0x99, 0x2c, 0x69, 0x00, 0x99, 0x26, 0x6e, 0x00,
  0x99, 0x36, 0x64, 0x0a, 0x89, 0x2c, 0x40, 0x00, 0x89, 0x26, 0x40, 0x00,
  0x89, 0x36, 0x40, 0x81, 0x02, 0x87, 0x45, 0x40, 0x00, 0x86, 0x51, 0x40,
  0x14, 0x84, 0x2a, 0x40, 0x00, 0x96, 0x4e, 0x64, 0x00, 0x97, 0x42, 0x64,
  0x00, 0x99, 0x36, 0x50, 0x00, 0x99, 0x26, 0x50, 0x0a, 0x89, 0x36, 0x40,
  0x00, 0x89, 0x26, 0x40, 0x5a, 0x81, 0x2a, 0x40, 0x28, 0x87, 0x42, 0x40,
  0x00, 0x86, 0x4e, 0x40, 0x00, 0x88, 0x3d, 0x40, 0x00, 0x80, 0x3d, 0x40,
  0x00, 0x82, 0x3d, 0x40, 0x00, 0x80, 0x49, 0x40, 0x00, 0x88, 0x49, 0x40,
  0x00, 0x82, 0x49, 0x40, 0x14, 0x90, 0x40, 0x64, 0x00, 0x90, 0x4c, 0x64,
  0x00, 0x92, 0x40, 0x69, 0x00, 0x92, 0x4c, 0x69, 0x00, 0x97, 0x3d, 0x64,
  0x00, 0x98, 0x40, 0x69, 0x00, 0x98, 0x4c, 0x69, 0x00, 0x96, 0x49, 0x64,
  0x00, 0x99, 0x26, 0x64, 0x00, 0x99, 0x36, 0x46, 0x0a, 0x89, 0x26, 0x40,
  0x00, 0x89, 0x36, 0x40, 0x00, 0x91, 0x2a, 0x5a, 0x00, 0x99, 0x2c, 0x55,
  0x0a, 0x89, 0x2c, 0x40, 0x50, 0x80, 0x40, 0x40, 0x00, 0x80, 0x4c, 0x40,
  0x00, 0x82, 0x4c, 0x40, 0x00, 0x88, 0x4c, 0x40, 0x00, 0x88, 0x40, 0x40,
  0x00, 0x82, 0x40, 0x40, 0x0a, 0x81, 0x2a, 0x40, 0x1e, 0x87, 0x3d, 0x40,
  0x00, 0x86, 0x49, 0x40, 0x14, 0x90, 0x42, 0x73, 0x00, 0x90, 0x4e, 0x73,
  0x00, 0x91, 0x26, 0x64, 0x00, 0x92, 0x42, 0x69, 0x00, 0x92, 0x4e, 0x78,
  0x00, 0x94, 0x26, 0x6e, 0x00, 0x96, 0x45, 0x64, 0x00, 0x95, 0x45, 0x5f,
  0x00, 0x95, 0x42, 0x5f, 0x00, 0x98, 0x42, 0x69, 0x00, 0x98, 0x4e, 0x78,
  0x00, 0x97, 0x39, 0x64, 0x00, 0x99, 0x24, 0x6e, 0x00, 0x99, 0x2c, 0x69,
  0x00, 0x99, 0x3b, 0x78, 0x0a, 0x89, 0x24, 0x40, 0x00, 0x89, 0x2c, 0x40,
  0x00, 0x89, 0x3b, 0x40, 0x46, 0x85, 0x42, 0x40, 0x00, 0x85, 0x45, 0x40,
  0x3c, 0x86, 0x45, 0x40, 0x00, 0x87, 0x39, 0x40, 0x14, 0x84, 0x26, 0x40,
  0x00, 0x97, 0x3e, 0x64, 0x00, 0x96, 0x4a, 0x64, 0x64, 0x81, 0x26, 0x40,
  0x28, 0x86, 0x4a, 0x40, 0x00, 0x87, 0x3e, 0x40, 0x00, 0x88, 0x42, 0x40,
  0x00, 0x80, 0x42, 0x40, 0x00, 0x82, 0x4e, 0x40, 0x00, 0x88, 0x4e, 0x40,
  0x00, 0x82, 0x42, 0x40, 0x00, 0x80, 0x4e, 0x40, 0x14, 0x90, 0x42, 0x64,
  0x00, 0x90, 0x4e, 0x64, 0x00, 0x96, 0x4e, 0x64, 0x00, 0x97, 0x42, 0x64,
  0x0a, 0x91, 0x26, 0x5a, 0x00, 0x99, 0x2c, 0x55, 0x0a, 0x89, 0x2c, 0x40,
  0x5a, 0x81, 0x26, 0x40, 0x0a, 0x80, 0x4e, 0x40, 0x00, 0x80, 0x42, 0x40,
  0x14, 0x86, 0x4e, 0x40, 0x00, 0x87, 0x42, 0x40, 0x14, 0x90, 0x3e, 0x73,
  0x00, 0x90, 0x4a, 0x73, 0x00, 0x91, 0x2a, 0x64, 0x00, 0x92, 0x3e, 0x69,
  0x00, 0x92, 0x4a, 0x78, 0x00, 0x94, 0x2a, 0x6e, 0x00, 0x97, 0x39, 0x64,
  0x00, 0x98, 0x3e, 0x69, 0x00, 0x98, 0x4a, 0x78, 0x00, 0x96, 0x45, 0x64,
  0x00, 0x95, 0x45, 0x5f, 0x00, 0x95, 0x42, 0x5f, 0x00, 0x99, 0x2c, 0x69,
  0x00, 0x99, 0x26, 0x6e, 0x00, 0x99, 0x3b, 0x78, 0x00, 0x99, 0x36, 0x64,
  0x0a, 0x89, 0x2c, 0x40, 0x00, 0x89, 0x36, 0x40, 0x00, 0x89, 0x26, 0x40,
  0x00, 0x89, 0x3b, 0x40, 0x46, 0x85, 0x42, 0x40, 0x00, 0x85, 0x45, 0x40,
  0x3c, 0x87, 0x39, 0x40, 0x00, 0x86, 0x45, 0x40, 0x14, 0x84, 0x2a, 0x40,
  0x00, 0x96, 0x4a, 0x64, 0x00, 0x97, 0x3e, 0x64, 0x64, 0x81, 0x2a, 0x40,
  0x28, 0x87, 0x3e, 0x40, 0x00, 0x86, 0x4a, 0x40, 0x00, 0x88, 0x4a, 0x40,
  0x00, 0x80, 0x3e, 0x40, 0x00, 0x80, 0x4a, 0x40, 0x00, 0x88, 0x3e, 0x40,
  0x00, 0x82, 0x3e, 0x40, 0x00, 0x82, 0x4a, 0x40, 0x14, 0x90, 0x3e, 0x64,
  0x00, 0x90, 0x4a, 0x64, 0x00, 0x97, 0x42, 0x64, 0x00, 0x96, 0x4e, 0x64,
  0x0a, 0x91, 0x2a, 0x5a, 0x00, 0x99, 0x2c, 0x55, 0x0a, 0x89, 0x2c, 0x40,
  0x5a, 0x81, 0x2a, 0x40, 0x0a, 0x80, 0x4a, 0x40, 0x00, 0x80, 0x3e, 0x40,
  0x14, 0x87, 0x42, 0x40, 0x00, 0x86, 0x4e, 0x40, 0x14, 0x90, 0x42, 0x6e,
  0x00, 0x90, 0x4e, 0x6e, 0x00, 0x91, 0x2d, 0x64, 0x00, 0x92, 0x42, 0x69,
  0x00, 0x92, 0x4e, 0x73, 0x00, 0x94, 0x2d, 0x6e, 0x00, 0x96, 0x51, 0x64,
  0x00, 0x95, 0x45, 0x5f, 0x00, 0x95, 0x42, 0x5f, 0x00, 0x97, 0x45, 0x64,
  0x00, 0x98, 0x42, 0x69, 0x00, 0x98, 0x4e, 0x73, 0x00, 0x99, 0x24, 0x6e,
  0x00, 0x99, 0x2c, 0x69, 0x00, 0x99, 0x3b, 0x78, 0x0a, 0x89, 0x24, 0x40,
  0x00, 0x89, 0x2c, 0x40, 0x00, 0x89, 0x3b, 0x40, 0x81, 0x16, 0x84, 0x2d,
  0x40, 0x64, 0x81, 0x2d, 0x40, 0x28, 0x88, 0x42, 0x40, 0x00, 0x80, 0x4e,
  0x40, 0x00, 0x82, 0x42, 0x40, 0x00, 0x82, 0x4e, 0x40, 0x00, 0x88, 0x4e,
  0x40, 0x00, 0x80, 0x42, 0x40, 0x0a, 0xe8, 0x28, 0x3b, 0x0a, 0xe2, 0x28,
  0x3b, 0x00, 0x90, 0x3e, 0x6e, 0x00, 0x90, 0x4a, 0x6e, 0x00, 0x92, 0x3e,
  0x69, 0x00, 0x92, 0x4a, 0x73, 0x00, 0x98, 0x3e, 0x69, 0x00, 0x98, 0x4a,
  0x73, 0x0a, 0x91, 0x2d, 0x5a, 0x00, 0x99, 0x2c, 0x55, 0x0a, 0x89, 0x2c,
  0x40, 0x28, 0xe2, 0x54, 0x3d, 0x00, 0xe8, 0x54, 0x3d, 0x14, 0x85, 0x45,
  0x40, 0x00, 0x85, 0x42, 0x40, 0x1e, 0x81, 0x2d, 0x40, 0x0a, 0xe2, 0x00,
  0x40, 0x00, 0xe8, 0x00, 0x40, 0x28, 0x94, 0x2f, 0x6e, 0x00, 0x91, 0x2f,
  0x64, 0x00, 0x99, 0x2c, 0x69, 0x00, 0x99, 0x26, 0x6e, 0x00, 0x99, 0x3b,
  0x78, 0x00, 0x99, 0x36, 0x64, 0x0a, 0x89, 0x2c, 0x40, 0x00, 0x89, 0x26,
  0x40, 0x00, 0x89, 0x3b, 0x40, 0x00, 0x89, 0x36, 0x40, 0x6e, 0x88, 0x4a,
  0x40, 0x00, 0x82, 0x4a, 0x40, 0x00, 0x88, 0x3e, 0x40, 0x00, 0x80, 0x4a,
  0x40, 0x00, 0x80, 0x3e, 0x40, 0x00, 0x82, 0x3e, 0x40, 0x28, 0x84, 0x2f,
  0x40, 0x64, 0x81, 0x2f, 0x40, 0x28, 0x87, 0x45, 0x40, 0x14, 0x90, 0x43,
  0x73, 0x00, 0x90, 0x4f, 0x73, 0x00, 0x92, 0x43, 0x69, 0x00, 0x92, 0x4f,
  0x78, 0x00, 0x98, 0x43, 0x69, 0x00, 0x98, 0x4f, 0x78, 0x00, 0x95, 0x45,
  0x5f, 0x00, 0x95, 0x42, 0x5f, 0x0a, 0x91, 0x2f, 0x5a, 0x00, 0x99, 0x2c,
  0x55, 0x0a, 0x89, 0x2c, 0x40, 0x3c, 0x85, 0x45, 0x40, 0x00, 0x85, 0x42,
  0x40, 0x14, 0x86, 0x51, 0x40, 0x0a, 0x81, 0x2f, 0x40, 0x32, 0x91, 0x30,
  0x64, 0x00, 0x94, 0x30, 0x6e, 0x00, 0x96, 0x45, 0x64, 0x00, 0x97, 0x39,
  0x64, 0x00, 0x99, 0x24, 0x6e, 0x00, 0x99, 0x2c, 0x69, 0x00, 0x99, 0x3b,
  0x78, 0x0a, 0x89, 0x24, 0x40, 0x00, 0x89, 0x2c, 0x40, 0x00, 0x89, 0x3b,
  0x40, 0x81, 0x02, 0x86, 0x45, 0x40, 0x00, 0x87, 0x39, 0x40, 0x14, 0x84,
  0x30, 0x40, 0x00, 0x97, 0x3e, 0x64, 0x00, 0x96, 0x4a, 0x64, 0x50, 0x82,
  0x4f, 0x40, 0x00, 0x82, 0x43, 0x40, 0x00, 0x88, 0x4f, 0x40, 0x00, 0x80,
  0x43, 0x40, 0x00, 0x80, 0x4f, 0x40, 0x00, 0x88, 0x43, 0x40, 0x14, 0x81,
  0x30, 0x40, 0x28, 0x87, 0x3e, 0x40, 0x00, 0x86, 0x4a, 0x40, 0x14, 0x90,
  0x43, 0x69, 0x00, 0x90, 0x4f, 0x69, 0x00, 0x96, 0x4e, 0x64, 0x00, 0x95,
  0x45, 0x5f, 0x00, 0x95, 0x42, 0x5f, 0x00, 0x97, 0x42, 0x64, 0x0a, 0x91,
  0x30, 0x5a, 0x00, 0x99, 0x2c, 0x55, 0x0a, 0x89, 0x2c, 0x40, 0x3c, 0x85,
  0x45, 0x40, 0x00, 0x85, 0x42, 0x40, 0x1e, 0x81, 0x30, 0x40, 0x0a, 0x80,
  0x43, 0x40, 0x00, 0x80, 0x4f, 0x40, 0x14, 0x87, 0x42, 0x40, 0x00, 0x86,
  0x4e, 0x40, 0x14, 0x90, 0x42, 0x73, 0x00, 0x90, 0x4e, 0x73, 0x00, 0x91,
  0x2f, 0x64, 0x00, 0x92, 0x42, 0x69, 0x00, 0x92, 0x4e, 0x78, 0x00, 0x94,
  0x2f, 0x6e, 0x00, 0x97, 0x39, 0x64, 0x00, 0x98, 0x42, 0x69, 0x00, 0x98,
  0x4e, 0x78, 0x00, 0x96, 0x45, 0x64, 0x00, 0x99, 0x2c, 0x69, 0x00, 0x99,
  0x26, 0x6e, 0x00, 0x99, 0x3b, 0x78, 0x00, 0x99, 0x36, 0x64, 0x0a, 0x89,
  0x2c, 0x40, 0x00, 0x89, 0x26, 0x40, 0x00, 0x89, 0x3b, 0x40, 0x00, 0x89,
  0x36, 0x40, 0x81, 0x02, 0x87, 0x39, 0x40, 0x00, 0x86, 0x45, 0x40, 0x14,
  0x84, 0x2f, 0x40, 0x00, 0x96, 0x4a, 0x64, 0x00, 0x97, 0x3e, 0x64, 0x64,
  0x81, 0x2f, 0x40, 0x28, 0x87, 0x3e, 0x40, 0x00, 0x86, 0x4a, 0x40, 0x00,
  0x88, 0x4e, 0x40, 0x00, 0x80, 0x42, 0x40, 0x00, 0x80, 0x4e, 0x40, 0x00,
  0x82, 0x42, 0x40, 0x00, 0x88, 0x42, 0x40, 0x00, 0x82, 0x4e, 0x40, 0x14,
  0x90, 0x3e, 0x73, 0x00, 0x90, 0x4a, 0x73, 0x00, 0x92, 0x3e, 0x69, 0x00,
  0x92, 0x4a, 0x78, 0x00, 0x97, 0x42, 0x64, 0x00, 0x98, 0x3e, 0x69, 0x00,
  0x98, 0x4a, 0x78, 0x00, 0x96, 0x4e, 0x64, 0x00, 0x95, 0x45, 0x5f, 0x00,
  0x95, 0x42, 0x5f, 0x0a, 0x91, 0x2f, 0x5a, 0x00, 0x99, 0x2c, 0x55, 0x0a,
  0x89, 0x2c, 0x40, 0x3c, 0x85, 0x42, 0x40, 0x00, 0x85, 0x45, 0x40, 0x1e,
  0x81, 0x2f, 0x40, 0x1e, 0x86, 0x4e, 0x40, 0x00, 0x87, 0x42, 0x40, 0x14,
  0x91, 0x2d, 0x64, 0x00, 0x94, 0x2d, 0x6e, 0x00, 0x95, 0x45, 0x5f, 0x00,
  0x95, 0x42, 0x5f, 0x00, 0x96, 0x51, 0x64, 0x00, 0x97, 0x45, 0x64, 0x00,
  0x99, 0x24, 0x6e, 0x00, 0x99, 0x2c, 0x69, 0x00, 0x99, 0x3b, 0x78, 0x0a,
  0x89, 0x24, 0x40, 0x00, 0x89, 0x2c, 0x40, 0x00, 0x89, 0x3b, 0x40, 0x81,
  0x16, 0x84, 0x2d, 0x40, 0x14, 0x88, 0x4a, 0x40, 0x00, 0x82, 0x4a, 0x40,
  0x00, 0x80, 0x4a, 0x40, 0x00, 0x80, 0x3e, 0x40, 0x00, 0x82, 0x3e, 0x40,
  0x00, 0x88, 0x3e, 0x40, 0x50, 0x81, 0x2d, 0x40, 0x3c, 0x90, 0x3d, 0x73,
  0x00, 0x90, 0x49, 0x73, 0x00, 0x92, 0x3d, 0x69, 0x00, 0x92, 0x49, 0x78,
  0x00, 0x98, 0x3d, 0x69, 0x00, 0x98, 0x49, 0x78, 0x0a, 0x91, 0x2d, 0x5a,
  0x00, 0x99, 0x2c, 0x55, 0x0a, 0x89, 0x2c, 0x40, 0x5a, 0x81, 0x2d, 0x40,
  0x1e, 0x85, 0x42, 0x40, 0x00, 0x85, 0x45, 0x40, 0x14, 0x91, 0x2a, 0x64,
  0x00, 0x94, 0x2a, 0x6e, 0x00, 0x99, 0x2c, 0x69, 0x00, 0x99, 0x26, 0x6e,
  0x00, 0x99, 0x3b, 0x78, 0x00, 0x99, 0x36, 0x64, 0x0a, 0x89, 0x2c, 0x40,
  0x00, 0x89, 0x26, 0x40, 0x00, 0x89, 0x3b, 0x40, 0x00, 0x89, 0x36, 0x40,
  0x81, 0x16, 0x84, 0x2a, 0x40, 0x64, 0x81, 0x2a, 0x40, 0x28, 0x87, 0x45,
  0x40, 0x1e, 0x91, 0x2a, 0x5a, 0x00, 0x99, 0x2c, 0x55, 0x0a, 0x89, 0x2c,
  0x40, 0x50, 0x86, 0x51, 0x40, 0x0a, 0x81, 0x2a, 0x40, 0x1e, 0x82, 0x3d,
  0x40, 0x00, 0x80, 0x49, 0x40, 0x00, 0x80, 0x3d, 0x40, 0x00, 0x88, 0x49,
  0x40, 0x00, 0x82, 0x49, 0x40, 0x00, 0x88, 0x3d, 0x40, 0x14, 0x90, 0x3e,
  0x6e, 0x00, 0x90, 0x4a, 0x6e, 0x00, 0x91, 0x1f, 0x64, 0x00, 0x92, 0x3e,
  0x69, 0x00, 0x92, 0x4a, 0x73, 0x00, 0x94, 0x1f, 0x6e, 0x00, 0x98, 0x3e,
  0x69, 0x00, 0x98, 0x4a, 0x73, 0x00, 0x97, 0x3b, 0x64, 0x00, 0x99, 0x24,
  0x6e, 0x00, 0x96, 0x47, 0x64, 0x00, 0x95, 0x43, 0x5f, 0x00, 0x95, 0x3e,
  0x5f, 0x00, 0x99, 0x2c, 0x69, 0x00, 0x99, 0x3b, 0x78, 0x0a, 0x89, 0x24,
  0x40, 0x00, 0x89, 0x2c, 0x40, 0x00, 0x89, 0x3b, 0x40, 0x46, 0x85, 0x3e,
  0x40, 0x00, 0x85, 0x43, 0x40, 0x3c, 0x87, 0x3b, 0x40, 0x00, 0x86, 0x47,
  0x40, 0x14, 0x84, 0x1f, 0x40, 0x00, 0x96, 0x4a, 0x64, 0x00, 0x97, 0x3e,
  0x64, 0x64, 0x81, 0x1f, 0x40, 0x28, 0x87, 0x3e, 0x40, 0x00, 0x86, 0x4a,
  0x40, 0x00, 0x88, 0x3e, 0x40, 0x00, 0x80, 0x3e, 0x40, 0x00, 0x82, 0x4a,
  0x40, 0x00, 0x80, 0x4a, 0x40, 0x00, 0x88, 0x4a, 0x40, 0x00, 0x82, 0x3e,
  0x40, 0x14, 0x90, 0x3e, 0x64, 0x00, 0x90, 0x4a, 0x64, 0x00, 0x97, 0x43,
  0x64, 0x00, 0x96, 0x4f, 0x64, 0x0a, 0x91, 0x1f, 0x5a, 0x00, 0x99, 0x2c,
  0x55, 0x0a, 0x89, 0x2c, 0x40, 0x5a, 0x81, 0x1f, 0x40, 0x0a, 0x80, 0x4a,
  0x40, 0x00, 0x80, 0x3e, 0x40, 0x14, 0x87, 0x43, 0x40, 0x00, 0x86, 0x4f,
  0x40, 0x14, 0x90, 0x3e, 0x73, 0x00, 0x90, 0x4a, 0x73, 0x00, 0x91, 0x23,
  0x64, 0x00, 0x92, 0x3e, 0x69, 0x00, 0x92, 0x4a, 0x78, 0x00, 0x94, 0x23,
  0x6e, 0x00, 0x96, 0x47, 0x64, 0x00, 0x95, 0x43, 0x5f, 0x00, 0x95, 0x3e,
  0x5f, 0x00, 0x97, 0x3b, 0x64, 0x00, 0x98, 0x3e, 0x69, 0x00, 0x98, 0x4a,
  0x78, 0x00, 0x99, 0x2c, 0x69, 0x00, 0x99, 0x26, 0x6e, 0x00, 0x99, 0x3b,
  0x78, 0x00, 0x99, 0x36, 0x64, 0x0a, 0x89, 0x2c, 0x40, 0x00, 0x89, 0x36,
  0x40, 0x00, 0x89, 0x26, 0x40, 0x00, 0x89, 0x3b, 0x40, 0x46, 0x85, 0x3e,
  0x40, 0x00, 0x85, 0x43, 0x40, 0x3c, 0x86, 0x47, 0x40, 0x00, 0x87, 0x3b,
  0x40, 0x14, 0x84, 0x23, 0x40, 0x00, 0x97, 0x3e, 0x64, 0x00, 0x96, 0x4a,
  0x64, 0x64, 0x81, 0x23, 0x40, 0x28, 0x86, 0x4a, 0x40, 0x00, 0x87, 0x3e,
  0x40, 0x00, 0x80, 0x4a, 0x40, 0x00, 0x88, 0x4a, 0x40, 0x00, 0x88, 0x3e,
  0x40, 0x00, 0x80, 0x3e, 0x40, 0x00, 0x82, 0x3e, 0x40, 0x00, 0x82, 0x4a,
  0x40, 0x14, 0x90, 0x3e, 0x64, 0x00, 0x90, 0x4a, 0x64, 0x00, 0x96, 0x4c,
  0x64, 0x00, 0x97, 0x40, 0x64, 0x0a, 0x91, 0x23, 0x5a, 0x00, 0x99, 0x2c,
  0x55, 0x0a, 0x89, 0x2c, 0x40, 0x5a, 0x81, 0x23, 0x40, 0x0a, 0x80, 0x4a,
  0x40, 0x00, 0x80, 0x3e, 0x40, 0x14, 0x86, 0x4c, 0x40, 0x00, 0x87, 0x40,
  0x40, 0x14, 0x90, 0x3e, 0x6e, 0x00, 0x90, 0x4a, 0x6e, 0x00, 0x91, 0x26,
  0x64, 0x00, 0x92, 0x3e, 0x69, 0x00, 0x92, 0x4a, 0x73, 0x00, 0x94, 0x26,
  0x6e, 0x00, 0x97, 0x43, 0x64, 0x00, 0x98, 0x3e, 0x69, 0x00, 0x98, 0x4a,
  0x73, 0x00, 0x99, 0x24, 0x6e, 0x00, 0x96, 0x4f, 0x64, 0x00, 0x95, 0x3e,
  0x5f, 0x00, 0x95, 0x43, 0x5f, 0x00, 0x99, 0x2c, 0x69, 0x00, 0x99, 0x3b,
  0x78, 0x0a, 0x89, 0x24, 0x40, 0x00, 0x89, 0x2c, 0x40, 0x00, 0x89, 0x3b,
  0x40, 0x81, 0x16, 0x84, 0x26, 0x40, 0x64, 0x81, 0x26, 0x40, 0x28, 0x82,
  0x3e, 0x40, 0x00, 0x82, 0x4a, 0x40, 0x00, 0x88, 0x3e, 0x40, 0x00, 0x88,
  0x4a, 0x40, 0x00, 0x80, 0x4a, 0x40, 0x00, 0x80, 0x3e, 0x40, 0x14, 0x90,
  0x3d, 0x6e, 0x00, 0x90, 0x49, 0x6e, 0x00, 0x92, 0x3d, 0x69, 0x00, 0x92,
  0x49, 0x73, 0x00, 0x98, 0x3d, 0x69, 0x00, 0x98, 0x49, 0x73, 0x0a, 0x91,
  0x26, 0x5a, 0x00, 0x99, 0x2c, 0x55, 0x0a, 0x89, 0x2c, 0x40, 0x3c, 0x85,
  0x43, 0x40, 0x00, 0x85, 0x3e, 0x40, 0x1e, 0x81, 0x26, 0x40, 0x32, 0x91,
  0x28, 0x64, 0x00, 0x94, 0x28, 0x6e, 0x00, 0x99, 0x2c, 0x69, 0x00, 0x99,
  0x26, 0x6e, 0x00, 0x99, 0x3b, 0x78, 0x00, 0x99, 0x36, 0x64, 0x0a, 0x89,
  0x2c, 0x40, 0x00, 0x89, 0x26, 0x40, 0x00, 0x89, 0x3b, 0x40, 0x00, 0x89,
  0x36, 0x40, 0x6e, 0x80, 0x3d, 0x40, 0x00, 0x82, 0x49, 0x40, 0x00, 0x88,
  0x3d, 0x40, 0x00, 0x80, 0x49, 0x40, 0x00, 0x88, 0x49, 0x40, 0x00, 0x82,
  0x3d, 0x40, 0x28, 0x84, 0x28, 0x40, 0x64, 0x81, 0x28, 0x40, 0x28, 0x87,
  0x43, 0x40, 0x14, 0x90, 0x3b, 0x69, 0x00, 0x90, 0x47, 0x69, 0x00, 0x92,
  0x3b, 0x69, 0x00, 0x92, 0x47, 0x6e, 0x00, 0x98, 0x3b, 0x69, 0x00, 0x98,
  0x47, 0x6e, 0x00, 0x95, 0x3e, 0x5f, 0x00, 0x95, 0x43, 0x5f, 0x0a, 0x91,
  0x28, 0x5a, 0x00, 0x99, 0x2c, 0x55, 0x0a, 0x89, 0x2c, 0x40, 0x3c, 0x85,
  0x3e, 0x40, 0x00, 0x85, 0x43, 0x40, 0x14, 0x86, 0x4f, 0x40, 0x0a, 0x81,
  0x28, 0x40, 0x32, 0x91, 0x2b, 0x64, 0x00, 0x94, 0x2b, 0x6e, 0x00, 0x96,
  0x47, 0x64, 0x00, 0x97, 0x3b, 0x64, 0x00, 0x99, 0x24, 0x6e, 0x00, 0x99,
  0x2c, 0x69, 0x00, 0x99, 0x3b, 0x78, 0x0a, 0x89, 0x24, 0x40, 0x00, 0x89,
  0x2c, 0x40, 0x00, 0x89, 0x3b, 0x40, 0x81, 0x02, 0x86, 0x47, 0x40, 0x00,
  0x87, 0x3b, 0x40, 0x14, 0x84, 0x2b, 0x40, 0x00, 0x97, 0x3e, 0x64, 0x00,
  0x96, 0x4a, 0x64, 0x64, 0x81, 0x2b, 0x40, 0x28, 0x87, 0x3e, 0x40, 0x00,
  0x86, 0x4a, 0x40, 0x14, 0x96, 0x4f, 0x64, 0x00, 0x95, 0x43, 0x5f, 0x00,
  0x95, 0x3e, 0x5f, 0x00, 0x97, 0x43, 0x64, 0x0a, 0x91, 0x2b, 0x5a, 0x00,
  0x99, 0x2c, 0x55, 0x0a, 0x89, 0x2c, 0x40, 0x3c, 0x85, 0x3e, 0x40, 0x00,
  0x85, 0x43, 0x40, 0x1e, 0x81, 0x2b, 0x40, 0x1e, 0x86, 0x4f, 0x40, 0x00,
  0x87, 0x43, 0x40, 0x14, 0x91, 0x28, 0x64, 0x00, 0x94, 0x28, 0x6e, 0x00,
  0x97, 0x3b, 0x64, 0x00, 0x96, 0x47, 0x64, 0x00, 0x99, 0x2c, 0x69, 0x00,
  0x99, 0x26, 0x6e, 0x00, 0x99, 0x3b, 0x78, 0x00, 0x99, 0x36, 0x64, 0x0a,
  0x89, 0x2c, 0x40, 0x00, 0x89, 0x26, 0x40, 0x00, 0x89, 0x3b, 0x40, 0x00,
  0x89, 0x36, 0x40, 0x81, 0x02, 0x87, 0x3b, 0x40, 0x00, 0x86, 0x47, 0x40,
  0x14, 0x84, 0x28, 0x40, 0x00, 0x96, 0x4a, 0x64, 0x00, 0x97, 0x3e, 0x64,
  0x3c, 0x80, 0x3b, 0x40, 0x00, 0x82, 0x47, 0x40, 0x00, 0x88, 0x3b, 0x40,
  0x00, 0x88, 0x47, 0x40, 0x00, 0x82, 0x3b, 0x40, 0x00, 0x80, 0x47, 0x40,
  0x28, 0x81, 0x28, 0x40, 0x28, 0x86, 0x4a, 0x40, 0x00, 0x87, 0x3e, 0x40,
  0x14, 0x90, 0x37, 0x6e, 0x00, 0x90, 0x43, 0x6e, 0x00, 0x92, 0x37, 0x69,
  0x00, 0x92, 0x43, 0x73, 0x00, 0x97, 0x40, 0x64, 0x00, 0x98, 0x37, 0x69,
  0x00, 0x98, 0x43, 0x73, 0x00, 0x96, 0x4c, 0x64, 0x00, 0x95, 0x43, 0x5f,
  0x00, 0x95, 0x3e, 0x5f, 0x0a, 0x91, 0x28, 0x5a, 0x00, 0x99, 0x2c, 0x55,
  0x0a, 0x89, 0x2c, 0x40, 0x3c, 0x85, 0x3e, 0x40, 0x00, 0x85, 0x43, 0x40,
  0x1e, 0x81, 0x28, 0x40, 0x1e, 0x86, 0x4c, 0x40, 0x00, 0x87, 0x40, 0x40,
  0x14, 0x91, 0x26, 0x64, 0x00, 0x94, 0x26, 0x6e, 0x00, 0x95, 0x43, 0x5f,
  0x00, 0x95, 0x3e, 0x5f, 0x00, 0x96, 0x4f, 0x64, 0x00, 0x97, 0x43, 0x64,
  0x00, 0x99, 0x24, 0x6e, 0x00, 0x99, 0x2c, 0x69, 0x00, 0x99, 0x3b, 0x78,
  0x0a, 0x89, 0x24, 0x40, 0x00, 0x89, 0x2c, 0x40, 0x00, 0x89, 0x3b, 0x40,
  0x81, 0x16, 0x84, 0x26, 0x40, 0x50, 0x88, 0x43, 0x40, 0x00, 0x82, 0x43,
  0x40, 0x00, 0x80, 0x43, 0x40, 0x00, 0x80, 0x37, 0x40, 0x00, 0x82, 0x37,
  0x40, 0x00, 0x88, 0x37, 0x40, 0x14, 0x81, 0x26, 0x40, 0x3c, 0x90, 0x3b,
  0x6e, 0x00, 0x90, 0x47, 0x6e, 0x00, 0x92, 0x3b, 0x69, 0x00, 0x92, 0x47,
  0x73, 0x00, 0x98, 0x3b, 0x69, 0x00, 0x98, 0x47, 0x73, 0x0a, 0x91, 0x26,
  0x5a, 0x00, 0x99, 0x2c, 0x55, 0x0a, 0x89, 0x2c, 0x40, 0x5a, 0x81, 0x26,
  0x40, 0x0a, 0x88, 0x47, 0x40, 0x00, 0x80, 0x3b, 0x40, 0x00, 0x88, 0x3b,
  0x40, 0x00, 0x82, 0x47, 0x40, 0x00, 0x82, 0x3b, 0x40, 0x00, 0x80, 0x47,
  0x40, 0x14, 0x85, 0x3e, 0x40, 0x00, 0x85, 0x43, 0x40, 0x14, 0x90, 0x3d,
  0x73, 0x00, 0x90, 0x49, 0x73, 0x00, 0x91, 0x23, 0x64, 0x00, 0x92, 0x3d,
  0x69, 0x00, 0x92, 0x49, 0x78, 0x00, 0x94, 0x23, 0x6e, 0x00, 0x98, 0x3d,
  0x69, 0x00, 0x98, 0x49, 0x78, 0x00, 0x99, 0x2c, 0x69, 0x00, 0x99, 0x26,
  0x6e, 0x00, 0x99, 0x36, 0x64, 0x0a, 0x89, 0x2c, 0x40, 0x00, 0x89, 0x26,
  0x40, 0x00, 0x89, 0x36, 0x40, 0x81, 0x16, 0x84, 0x23, 0x40, 0x00, 0x99,
  0x36, 0x50, 0x00, 0x99, 0x26, 0x50, 0x0a, 0x89, 0x36, 0x40, 0x00, 0x89,
  0x26, 0x40, 0x5a, 0x81, 0x23, 0x40, 0x28, 0x88, 0x3d, 0x40, 0x00, 0x80,
  0x49, 0x40, 0x00, 0x82, 0x49, 0x40, 0x00, 0x80, 0x3d, 0x40, 0x00, 0x88,
  0x49, 0x40, 0x00, 0x87, 0x43, 0x40, 0x00, 0x82, 0x3d, 0x40, 0x14, 0x90,
  0x3e, 0x73, 0x00, 0x90, 0x4a, 0x73, 0x00, 0x92, 0x3e, 0x69, 0x00, 0x92,
  0x4a, 0x78, 0x00, 0x98, 0x3e, 0x69, 0x00, 0x98, 0x4a, 0x78, 0x00, 0x99,
  0x26, 0x64, 0x00, 0x99, 0x36, 0x46, 0x0a, 0x89, 0x26, 0x40, 0x00, 0x89,
  0x36, 0x40, 0x00, 0x91, 0x23, 0x5a, 0x00, 0x99, 0x2c, 0x55, 0x0a, 0x89,
  0x2c, 0x40, 0x50, 0x86, 0x4f, 0x40, 0x0a, 0x81, 0x23, 0x40, 0x0a, 0x88,
  0x4a, 0x40, 0x00, 0x88, 0x3e, 0x40, 0x00, 0x82, 0x4a, 0x40, 0x00, 0x82,
  0x3e, 0x40, 0x00, 0x80, 0x4a, 0x40, 0x00, 0x80, 0x3e, 0x40, 0x1e, 0xe8,
  0x28, 0x3b, 0x0a, 0xe2, 0x28, 0x3b, 0x00, 0x94, 0x21, 0x6e, 0x00, 0x90,
  0x4e, 0x6e, 0x00, 0x90, 0x42, 0x6e, 0x00, 0x91, 0x21, 0x64, 0x00, 0x92,
  0x4e, 0x73, 0x00, 0x92, 0x42, 0x69, 0x00, 0x98, 0x4e, 0x73, 0x00, 0x98,
  0x42, 0x69, 0x00, 0x97, 0x39, 0x64, 0x00, 0x99, 0x24, 0x6e, 0x00, 0x96,
  0x45, 0x64, 0x00, 0x95, 0x45, 0x5f, 0x00, 0x95, 0x40, 0x5f, 0x00, 0x99,
  0x2c, 0x69, 0x00, 0x99, 0x3b, 0x78, 0x0a, 0x89, 0x24, 0x40, 0x00, 0x89,
  0x2c, 0x40, 0x00, 0x89, 0x3b, 0x40, 0x32, 0xe2, 0x54, 0x3d, 0x00, 0xe8,
  0x54, 0x3d, 0x14, 0x85, 0x40, 0x40, 0x00, 0x85, 0x45, 0x40, 0x28, 0xe2,
  0x00, 0x40, 0x00, 0xe8, 0x00, 0x40, 0x14, 0x87, 0x39, 0x40, 0x00, 0x86,
  0x45, 0x40, 0x14, 0x84, 0x21, 0x40, 0x00, 0x97, 0x3d, 0x64, 0x00, 0x96,
  0x49, 0x64, 0x64, 0x81, 0x21, 0x40, 0x28, 0x86, 0x49, 0x40, 0x00, 0x87,
  0x3d, 0x40, 0x00, 0x80, 0x42, 0x40, 0x00, 0x88, 0x4e, 0x40, 0x00, 0x82,
  0x4e, 0x40, 0x00, 0x80, 0x4e, 0x40, 0x00, 0x82, 0x42, 0x40, 0x00, 0x88,
  0x42, 0x40, 0x14, 0x90, 0x42, 0x5a, 0x00, 0x90, 0x4e, 0x5a, 0x00, 0x96,
  0x4c, 0x64, 0x00, 0x97, 0x40, 0x64, 0x0a, 0x91, 0x21, 0x5a, 0x00, 0x99,
  0x2c, 0x55, 0x0a, 0x89, 0x2c, 0x40, 0x5a, 0x81, 0x21, 0x40, 0x0a, 0x80,
  0x4e, 0x40, 0x00, 0x80, 0x42, 0x40, 0x14, 0x86, 0x4c, 0x40, 0x00, 0x87,
  0x40, 0x40, 0x14, 0x90, 0x40, 0x6e, 0x00, 0x90, 0x4c, 0x6e, 0x00, 0x91,
  0x25, 0x64, 0x00, 0x92, 0x40, 0x69, 0x00, 0x92, 0x4c, 0x73, 0x00, 0x94,
  0x25, 0x6e, 0x00, 0x97, 0x39, 0x64, 0x00, 0x98, 0x40, 0x69, 0x00, 0x98,
  0x4c, 0x73, 0x00, 0x96, 0x45, 0x64, 0x00, 0x95, 0x45, 0x5f, 0x00, 0x95,
  0x40, 0x5f, 0x00, 0x99, 0x2c, 0x69, 0x00, 0x99, 0x26, 0x6e, 0x00, 0x99,
  0x3b, 0x78, 0x00, 0x99, 0x36, 0x64, 0x0a, 0x89, 0x2c, 0x40, 0x00, 0x89,
  0x36, 0x40, 0x00, 0x89, 0x26, 0x40, 0x00, 0x89, 0x3b, 0x40, 0x46, 0x85,
  0x40, 0x40, 0x00, 0x85, 0x45, 0x40, 0x3c, 0x87, 0x39, 0x40, 0x00, 0x86,
  0x45, 0x40, 0x14, 0x84, 0x25, 0x40, 0x00, 0x96, 0x49, 0x64, 0x00, 0x97,
  0x3d, 0x64, 0x64, 0x81, 0x25, 0x40, 0x28, 0x87, 0x3d, 0x40, 0x00, 0x86,
  0x49, 0x40, 0x00, 0x88, 0x4c, 0x40, 0x00, 0x80, 0x40, 0x40, 0x00, 0x80,
  0x4c, 0x40, 0x00, 0x88, 0x40, 0x40, 0x00, 0x82, 0x40, 0x40, 0x00, 0x82,
  0x4c, 0x40, 0x14, 0x90, 0x40, 0x5a, 0x00, 0x90, 0x4c, 0x5a, 0x00, 0x97,
  0x40, 0x64, 0x00, 0x96, 0x4c, 0x64, 0x0a, 0x91, 0x25, 0x5a, 0x00, 0x99,
  0x2c, 0x55, 0x0a, 0x89, 0x2c, 0x40, 0x50, 0x80, 0x4c, 0x40, 0x00, 0x80,
  0x40, 0x40, 0x0a, 0x81, 0x25, 0x40, 0x1e, 0x87, 0x40, 0x40, 0x00, 0x86,
  0x4c, 0x40, 0x14, 0x90, 0x3e, 0x73, 0x00, 0x90, 0x4a, 0x73, 0x00, 0x91,
  0x28, 0x64, 0x00, 0x92, 0x3e, 0x69, 0x00, 0x92, 0x4a, 0x78, 0x00, 0x94,
  0x28, 0x6e, 0x00, 0x96, 0x4f, 0x64, 0x00, 0x95, 0x45, 0x5f, 0x00, 0x95,
  0x40, 0x5f, 0x00, 0x97, 0x45, 0x64, 0x00, 0x98, 0x3e, 0x69, 0x00, 0x98,
  0x4a, 0x78, 0x00, 0x99, 0x24, 0x6e, 0x00, 0x99, 0x2c, 0x69, 0x00, 0x99,
  0x3b, 0x78, 0x0a, 0x89, 0x24, 0x40, 0x00, 0x89, 0x2c, 0x40, 0x00, 0x89,
  0x3b, 0x40, 0x81, 0x16, 0x84, 0x28, 0x40, 0x64, 0x81, 0x28, 0x40, 0x14,
  0x88, 0x3e, 0x40, 0x00, 0x80, 0x4a, 0x40, 0x00, 0x82, 0x3e, 0x40, 0x00,
  0x82, 0x4a, 0x40, 0x00, 0x88, 0x4a, 0x40, 0x00, 0x80, 0x3e, 0x40, 0x28,
  0x90, 0x3b, 0x6e, 0x00, 0x90, 0x47, 0x6e, 0x00, 0x92, 0x3b, 0x69, 0x00,
  0x92, 0x47, 0x73, 0x00, 0x98, 0x3b, 0x69, 0x00, 0x98, 0x47, 0x73, 0x0a,
  0x91, 0x28, 0x5a, 0x00, 0x99, 0x2c, 0x55, 0x0a, 0x89, 0x2c, 0x40, 0x3c,
  0x85, 0x45, 0x40, 0x00, 0x85, 0x40, 0x40, 0x1e, 0x81, 0x28, 0x40, 0x0a,
  0x82, 0x47, 0x40, 0x00, 0x88, 0x3b, 0x40, 0x00, 0x82, 0x3b, 0x40, 0x00,
  0x80, 0x47, 0x40, 0x00, 0x88, 0x47, 0x40, 0x00, 0x80, 0x3b, 0x40, 0x28,
  0x91, 0x2a, 0x64, 0x00, 0x94, 0x2a, 0x6e, 0x00, 0x99, 0x2c, 0x69, 0x00,
  0x99, 0x26, 0x6e, 0x00, 0x99, 0x3b, 0x78, 0x00, 0x99, 0x36, 0x64, 0x0a,
  0x89, 0x2c, 0x40, 0x00, 0x89, 0x36, 0x40, 0x00, 0x89, 0x3b, 0x40, 0x00,
  0x89, 0x26, 0x40, 0x81, 0x16, 0x84, 0x2a, 0x40, 0x64, 0x81, 0x2a, 0x40,
  0x28, 0x87, 0x45, 0x40, 0x0a, 0xe8, 0x28, 0x3b, 0x0a, 0xe2, 0x28, 0x3b,
  0x00, 0x90, 0x42, 0x73, 0x00, 0x90, 0x4e, 0x73, 0x00, 0x92, 0x42, 0x69,
  0x00, 0x92, 0x4e, 0x78, 0x00, 0x98, 0x42, 0x69, 0x00, 0x98, 0x4e, 0x78,
  0x00, 0x95, 0x45, 0x5f, 0x00, 0x95, 0x40, 0x5f, 0x0a, 0x91, 0x2a, 0x5a,
  0x00, 0x99, 0x2c, 0x55, 0x0a, 0x89, 0x2c, 0x40, 0x28, 0xe2, 0x54, 0x3d,
  0x00, 0xe8, 0x54, 0x3d, 0x14, 0x85, 0x45, 0x40, 0x00, 0x85, 0x40, 0x40,
  0x14, 0x86, 0x4f, 0x40, 0x0a, 0x81, 0x2a, 0x40, 0x0a, 0xe2, 0x00, 0x40,
  0x00, 0xe8, 0x00, 0x40, 0x28, 0x97, 0x39, 0x64, 0x00, 0x99, 0x24, 0x6e,
  0x00, 0x96, 0x45, 0x64, 0x00, 0x91, 0x2b, 0x64, 0x00, 0x94, 0x2b, 0x6e,
  0x00, 0x99, 0x2c, 0x69, 0x00, 0x99, 0x3b, 0x78, 0x0a, 0x89, 0x24, 0x40,
  0x00, 0x89, 0x2c, 0x40, 0x00, 0x89, 0x3b, 0x40, 0x81, 0x02, 0x87, 0x39,
  0x40, 0x00, 0x86, 0x45, 0x40, 0x14, 0x84, 0x2b, 0x40, 0x00, 0x96, 0x49,
  0x64, 0x00, 0x97, 0x3d, 0x64, 0x50, 0x82, 0x4e, 0x40, 0x00, 0x82, 0x42,
  0x40, 0x00, 0x80, 0x42, 0x40, 0x00, 0x80, 0x4e, 0x40, 0x00, 0x88, 0x4e,
  0x40, 0x00, 0x88, 0x42, 0x40, 0x14, 0x81, 0x2b, 0x40, 0x28, 0x86, 0x49,
  0x40, 0x00, 0x87, 0x3d, 0x40, 0x14, 0x90, 0x42, 0x5a, 0x00, 0x90, 0x4e,
  0x5a, 0x00, 0x97, 0x40, 0x64, 0x00, 0x96, 0x4c, 0x64, 0x00, 0x95, 0x45,
  0x5f, 0x00, 0x95, 0x40, 0x5f, 0x0a, 0x91, 0x2b, 0x5a, 0x00, 0x99, 0x2c,
  0x55, 0x0a, 0x89, 0x2c, 0x40, 0x3c, 0x85, 0x45, 0x40, 0x00, 0x85, 0x40,
  0x40, 0x14, 0x80, 0x42, 0x40, 0x00, 0x80, 0x4e, 0x40, 0x0a, 0x81, 0x2b,
  0x40, 0x1e, 0x86, 0x4c, 0x40, 0x00, 0x87, 0x40, 0x40, 0x14, 0x90, 0x40,
  0x6e, 0x00, 0x90, 0x4c, 0x6e, 0x00, 0x91, 0x2a, 0x64, 0x00, 0x92, 0x40,
  0x69, 0x00, 0x92, 0x4c, 0x73, 0x00, 0x94, 0x2a, 0x6e, 0x00, 0x96, 0x45,
  0x64, 0x00, 0x97, 0x39, 0x64, 0x00, 0x98, 0x40, 0x69, 0x00, 0x98, 0x4c,
  0x73, 0x00, 0x99, 0x2c, 0x69, 0x00, 0x99, 0x26, 0x6e, 0x00, 0x99, 0x3b,
  0x78, 0x00, 0x99, 0x36, 0x64, 0x0a, 0x89, 0x2c, 0x40, 0x00, 0x89, 0x26,
  0x40, 0x00, 0x89, 0x3b, 0x40, 0x00, 0x89, 0x36, 0x40, 0x81, 0x02, 0x86,
  0x45, 0x40, 0x00, 0x87, 0x39, 0x40, 0x14, 0x84, 0x2a, 0x40, 0x00, 0x97,
  0x3d, 0x64, 0x00, 0x96, 0x49, 0x64, 0x64, 0x81, 0x2a, 0x40, 0x14, 0x88,
  0x4c, 0x40, 0x00, 0x80, 0x4c, 0x40, 0x00, 0x88, 0x40, 0x40, 0x00, 0x80,
  0x40, 0x40, 0x00, 0x82, 0x4c, 0x40, 0x00, 0x82, 0x40, 0x40, 0x14, 0x86,
  0x49, 0x40, 0x00, 0x87, 0x3d, 0x40, 0x14, 0x90, 0x4c, 0x5a, 0x00, 0x90,
  0x40, 0x5a, 0x00, 0x96, 0x4c, 0x64, 0x00, 0x95, 0x45, 0x5f, 0x00, 0x95,
  0x40, 0x5f, 0x00, 0x97, 0x40, 0x64, 0x0a, 0x91, 0x2a, 0x5a, 0x00, 0x99,
  0x2c, 0x55, 0x0a, 0x89, 0x2c, 0x40, 0x3c, 0x85, 0x45, 0x40, 0x00, 0x85,
  0x40, 0x40, 0x14, 0x80, 0x40, 0x40, 0x00, 0x80, 0x4c, 0x40, 0x0a, 0x81,
  0x2a, 0x40, 0x1e, 0x86, 0x4c, 0x40, 0x00, 0x87, 0x40, 0x40, 0x14, 0x90,
  0x3e, 0x73, 0x00, 0x90, 0x4a, 0x73, 0x00, 0x91, 0x28, 0x64, 0x00, 0x92,
  0x3e, 0x69, 0x00, 0x92, 0x4a, 0x78, 0x00, 0x94, 0x28, 0x6e, 0x00, 0x97,
  0x45, 0x64, 0x00, 0x98, 0x3e, 0x69, 0x00, 0x98, 0x4a, 0x78, 0x00, 0x99,
  0x24, 0x6e, 0x00, 0x95, 0x45, 0x5f, 0x00, 0x95, 0x40, 0x5f, 0x00, 0x96,
  0x4f, 0x64, 0x00, 0x99, 0x2c, 0x69, 0x00, 0x99, 0x3b, 0x78, 0x0a, 0x89,
  0x24, 0x40, 0x00, 0x89, 0x2c, 0x40, 0x00, 0x89, 0x3b, 0x40, 0x81, 0x16,
  0x84, 0x28, 0x40, 0x64, 0x81, 0x28, 0x40, 0x28, 0x82, 0x3e, 0x40, 0x00,
  0x82, 0x4a, 0x40, 0x00, 0x88, 0x3e, 0x40, 0x00, 0x88, 0x4a, 0x40, 0x00,
  0x80, 0x4a, 0x40, 0x00, 0x80, 0x3e, 0x40, 0x14, 0x90, 0x3e, 0x5a, 0x00,
  0x90, 0x4a, 0x5a, 0x0a, 0x91, 0x28, 0x5a, 0x00, 0x99, 0x2c, 0x55, 0x0a,
  0x89, 0x2c, 0x40, 0x50, 0x80, 0x3e, 0x40, 0x00, 0x80, 0x4a, 0x40, 0x0a,
  0x81, 0x28, 0x40, 0x1e, 0x85, 0x45, 0x40, 0x00, 0x85, 0x40, 0x40, 0x14,
  0x90, 0x40, 0x6e, 0x00, 0x90, 0x4c, 0x6e, 0x00, 0x91, 0x25, 0x64, 0x00,
  0x92, 0x40, 0x69, 0x00, 0x92, 0x4c, 0x73, 0x00, 0x94, 0x25, 0x6e, 0x00,
  0x98, 0x40, 0x69, 0x00, 0x98, 0x4c, 0x73, 0x00, 0x99, 0x2c, 0x69, 0x00,
  0x99, 0x26, 0x6e, 0x00, 0x99, 0x39, 0x64, 0x00, 0x99, 0x36, 0x64, 0x0a,
  0x89, 0x2c, 0x40, 0x00, 0x89, 0x26, 0x40, 0x00, 0x89, 0x39, 0x40, 0x00,
  0x89, 0x36, 0x40, 0x81, 0x16, 0x84, 0x25, 0x40, 0x64, 0x81, 0x25, 0x40,
  0x14, 0x88, 0x40, 0x40, 0x00, 0x88, 0x4c, 0x40, 0x00, 0x82, 0x40, 0x40,
  0x00, 0x80, 0x40, 0x40, 0x00, 0x80, 0x4c, 0x40, 0x00, 0x82, 0x4c, 0x40,
  0x14, 0x87, 0x45, 0x40, 0x14, 0x90, 0x40, 0x5a, 0x00, 0x90, 0x4c, 0x5a,
  0x0a, 0x91, 0x25, 0x5a, 0x00, 0x99, 0x2c, 0x55, 0x0a, 0x89, 0x2c, 0x40,
  0x50, 0x80, 0x40, 0x40, 0x00, 0x86, 0x4f, 0x40, 0x00, 0x80, 0x4c, 0x40,
  0x0a, 0x81, 0x25, 0x40, 0x32, 0x90, 0x3e, 0x6e, 0x00, 0x90, 0x4a, 0x6e,
  0x00, 0x91, 0x26, 0x64, 0x00, 0x92, 0x3e, 0x69, 0x00, 0x92, 0x4a, 0x73,
  0x00, 0x94, 0x26, 0x6e, 0x00, 0x98, 0x3e, 0x69, 0x00, 0x98, 0x4a, 0x73,
  0x00, 0x97, 0x39, 0x64, 0x00, 0x96, 0x45, 0x64, 0x00, 0x95, 0x3e, 0x5f,
  0x00, 0x95, 0x42, 0x5f, 0x00, 0x99, 0x2c, 0x69, 0x00, 0x99, 0x26, 0x6e,
  0x00, 0x99, 0x36, 0x64, 0x00, 0x99, 0x31, 0x64, 0x0a, 0x89, 0x2c, 0x40,
  0x00, 0x89, 0x31, 0x40, 0x00, 0x89, 0x26, 0x40, 0x00, 0x89, 0x36, 0x40,
  0x81, 0x02, 0x86, 0x45, 0x40, 0x00, 0x87, 0x39, 0x40, 0x14, 0x84, 0x26,
  0x40, 0x00, 0x96, 0x4a, 0x64, 0x00, 0x97, 0x3e, 0x64, 0x64, 0x81, 0x26,
  0x40, 0x28, 0x86, 0x4a, 0x40, 0x00, 0x87, 0x3e, 0x40, 0x14, 0x97, 0x42,
  0x64, 0x00, 0x99, 0x24, 0x6e, 0x00, 0x96, 0x4e, 0x64, 0x0a, 0x89, 0x24,
  0x40, 0x00, 0x91, 0x32, 0x5a, 0x00, 0x99, 0x2c, 0x55, 0x0a, 0x89, 0x2c,
  0x40, 0x5a, 0x81, 0x32, 0x40, 0x1e, 0x87, 0x42, 0x40, 0x00, 0x86, 0x4e,
  0x40, 0x14, 0x91, 0x26, 0x64, 0x00, 0x94, 0x26, 0x6e, 0x00, 0x96, 0x51,
  0x64, 0x00, 0x97, 0x45, 0x64, 0x00, 0x99, 0x2c, 0x69, 0x00, 0x99, 0x26,
  0x6e, 0x00, 0x99, 0x31, 0x5a, 0x00, 0x99, 0x36, 0x64, 0x0a, 0x89, 0x2c,
  0x40, 0x00, 0x89, 0x36, 0x40, 0x00, 0x89, 0x26, 0x40, 0x00, 0x89, 0x31,
  0x40, 0x81, 0x02, 0x87, 0x45, 0x40, 0x00, 0x86, 0x51, 0x40, 0x14, 0x84,
  0x26, 0x40, 0x00, 0x97, 0x42, 0x64, 0x00, 0x96, 0x4e, 0x64, 0x64, 0x81,
  0x26, 0x40, 0x28, 0x87, 0x42, 0x40, 0x00, 0x86, 0x4e, 0x40, 0x14, 0x96,
  0x4a, 0x64, 0x00, 0x97, 0x3e, 0x64, 0x00, 0x99, 0x24, 0x6e, 0x0a, 0x89,
  0x24, 0x40, 0x00, 0x91, 0x25, 0x5a, 0x00, 0x99, 0x2c, 0x55, 0x0a, 0x89,
  0x2c, 0x40, 0x28, 0x82, 0x3e, 0x40, 0x00, 0x88, 0x4a, 0x40, 0x00, 0x82,
  0x4a, 0x40, 0x00, 0x88, 0x3e, 0x40, 0x14, 0x85, 0x3e, 0x40, 0x00, 0x80,
  0x4a, 0x40, 0x00, 0x85, 0x42, 0x40, 0x00, 0x80, 0x3e, 0x40, 0x1e, 0x81,
  0x25, 0x40, 0x1e, 0x86, 0x4a, 0x40, 0x00, 0x87, 0x3e, 0x40, 0x14, 0x90,
  0x3b, 0x6e, 0x00, 0x90, 0x47, 0x6e, 0x00, 0x91, 0x23, 0x64, 0x00, 0x92,
  0x3b, 0x69, 0x00, 0x92, 0x47, 0x73, 0x00, 0x94, 0x23, 0x6e, 0x00, 0x97,
  0x37, 0x64, 0x00, 0x98, 0x3b, 0x69, 0x00, 0x98, 0x47, 0x73, 0x00, 0x96,
  0x43, 0x64, 0x00, 0x95, 0x43, 0x5f, 0x00, 0x95, 0x3e, 0x5f, 0x00, 0x99,
  0x2c, 0x69, 0x00, 0x99, 0x26, 0x6e, 0x00, 0x99, 0x36, 0x64, 0x00, 0x99,
  0x39, 0x64, 0x0a, 0x89, 0x2c, 0x40, 0x00, 0x89, 0x39, 0x40, 0x00, 0x89,
  0x26, 0x40, 0x00, 0x89, 0x36, 0x40, 0x81, 0x02, 0x86, 0x43, 0x40, 0x00,
  0x87, 0x37, 0x40, 0x14, 0x84, 0x23, 0x40, 0x00, 0x96, 0x47, 0x64, 0x00,
  0x97, 0x3b, 0x64, 0x64, 0x81, 0x23, 0x40, 0x28, 0x86, 0x47, 0x40, 0x00,
  0x87, 0x3b, 0x40, 0x14, 0x97, 0x3e, 0x64, 0x00, 0x96, 0x4a, 0x64, 0x00,
  0x99, 0x26, 0x5a, 0x0a, 0x89, 0x26, 0x40, 0x00, 0x91, 0x2f, 0x5a, 0x00,
  0x99, 0x2c, 0x55, 0x0a, 0x89, 0x2c, 0x40, 0x5a, 0x81, 0x2f, 0x40, 0x1e,
  0x87, 0x3e, 0x40, 0x00, 0x86, 0x4a, 0x40, 0x14, 0x91, 0x23, 0x64, 0x00,
  0x94, 0x23, 0x6e, 0x00, 0x96, 0x4f, 0x64, 0x00, 0x97, 0x47, 0x64, 0x00,
  0x99, 0x2c, 0x69, 0x00, 0x99, 0x26, 0x6e, 0x00, 0x99, 0x36, 0x64, 0x0a,
  0x89, 0x2c, 0x40, 0x00, 0x89, 0x26, 0x40, 0x00, 0x89, 0x36, 0x40, 0x81,
  0x02, 0x87, 0x47, 0x40, 0x00, 0x86, 0x4f, 0x40, 0x14, 0x84, 0x23, 0x40,
  0x00, 0x97, 0x43, 0x64, 0x00, 0x96, 0x53, 0x64, 0x00, 0x99, 0x26, 0x5a,
  0x0a, 0x89, 0x26, 0x40, 0x5a, 0x81, 0x23, 0x40, 0x14, 0x88, 0x47, 0x40,
  0x00, 0x80, 0x3b, 0x40, 0x00, 0x82, 0x3b, 0x40, 0x00, 0x80, 0x47, 0x40,
  0x00, 0x85, 0x3e, 0x40, 0x00, 0x82, 0x47, 0x40, 0x00, 0x88, 0x3b, 0x40,
  0x00, 0x85, 0x43, 0x40, 0x14, 0x87, 0x43, 0x40, 0x00, 0x86, 0x53, 0x40,
  0x14, 0x90, 0x3e, 0x73, 0x00, 0x90, 0x4a, 0x73, 0x00, 0x92, 0x4a, 0x78,
  0x00, 0x92, 0x3e, 0x69, 0x00, 0x96, 0x56, 0x64, 0x00, 0x95, 0x42, 0x5f,
  0x00, 0x95, 0x3e, 0x5f, 0x00, 0x97, 0x3e, 0x64, 0x00, 0x98, 0x4a, 0x78,
  0x00, 0x98, 0x3e, 0x69, 0x00, 0x99, 0x26, 0x6e, 0x00, 0x99, 0x39, 0x5a,
  0x0a, 0x89, 0x26, 0x40, 0x00, 0x89, 0x39, 0x40, 0x00, 0x91, 0x26, 0x64,
  0x00, 0x99, 0x2c, 0x55, 0x0a, 0x89, 0x2c, 0x40, 0x5a, 0x81, 0x26, 0x40,
  0x1e, 0x86, 0x56, 0x40, 0x14, 0x91, 0x26, 0x64, 0x00, 0x90, 0x26, 0x64,
  0x00, 0x94, 0x26, 0x6e, 0x00, 0x99, 0x24, 0x6e, 0x00, 0x99, 0x2c, 0x69,
  0x0a, 0x89, 0x24, 0x40, 0x00, 0x89, 0x2c, 0x40, 0x81, 0x16, 0x84, 0x26,
  0x40, 0x50, 0x85, 0x42, 0x40, 0x00, 0x87, 0x3e, 0x40, 0x00, 0x85, 0x3e,
  0x40, 0x5a, 0x99, 0x2c, 0x55, 0x0a, 0x89, 0x2c, 0x40, 0x3c, 0x80, 0x26,
  0x40, 0x28, 0x81, 0x26, 0x40, 0x28, 0x90, 0x32, 0x64, 0x00, 0x91, 0x32,
  0x64, 0x00, 0x94, 0x32, 0x6e, 0x00, 0x99, 0x24, 0x6e, 0x00, 0x99, 0x2c,
  0x69, 0x00, 0x99, 0x26, 0x78, 0x00, 0x99, 0x39, 0x64, 0x00, 0x99, 0x36,
  0x64, 0x0a, 0x89, 0x24, 0x40, 0x00, 0x89, 0x2c, 0x40, 0x00, 0x89, 0x26,
  0x40, 0x00, 0x89, 0x39, 0x40, 0x00, 0x89, 0x36, 0x40, 0x81, 0x16, 0x84,
  0x32, 0x40, 0x81, 0x2a, 0x99, 0x2c, 0x55, 0x0a, 0x89, 0x2c, 0x40, 0x3c,
  0x80, 0x32, 0x40, 0x28, 0x81, 0x32, 0x40, 0x28, 0x91, 0x30, 0x64, 0x00,
  0x90, 0x30, 0x64, 0x00, 0x94, 0x30, 0x6e, 0x00, 0x99, 0x24, 0x6e, 0x00,
  0x99, 0x2c, 0x69, 0x00, 0x99, 0x26, 0x6e, 0x00, 0x99, 0x36, 0x64, 0x00,
  0x99, 0x32, 0x6e, 0x0a, 0x89, 0x24, 0x40, 0x00, 0x89, 0x2c, 0x40, 0x00,
  0x89, 0x26, 0x40, 0x00, 0x89, 0x36, 0x40, 0x00, 0x89, 0x32, 0x40, 0x81,
  0x16, 0x84, 0x30, 0x40, 0x00, 0x99, 0x32, 0x6e, 0x0a, 0x89, 0x32, 0x40,
  0x81, 0x16, 0x99, 0x2f, 0x6e, 0x0a, 0x89, 0x2f, 0x40, 0x00, 0x99, 0x2c,
  0x55, 0x0a, 0x89, 0x2c, 0x40, 0x3c, 0x80, 0x30, 0x40, 0x28, 0x81, 0x30,
  0x40, 0x28, 0x90, 0x2d, 0x64, 0x00, 0x91, 0x2d, 0x64, 0x00, 0x94, 0x2d,
  0x6e, 0x00, 0x99, 0x24, 0x6e, 0x00, 0x99, 0x2c, 0x69, 0x00, 0x99, 0x30,
  0x6e, 0x00, 0x99, 0x31, 0x64, 0x00, 0x99, 0x36, 0x64, 0x0a, 0x89, 0x24,
  0x40, 0x00, 0x89, 0x2c, 0x40, 0x00, 0x89, 0x30, 0x40, 0x00, 0x89, 0x31,
  0x40, 0x00, 0x89, 0x36, 0x40, 0x81, 0x02, 0x80, 0x3e, 0x40, 0x00, 0x80,
  0x4a, 0x40, 0x14, 0x84, 0x2d, 0x40, 0x00, 0x99, 0x2f, 0x6e, 0x0a, 0x89,
  0x2f, 0x40, 0x0a, 0x88, 0x3e, 0x40, 0x00, 0x82, 0x3e, 0x40, 0x00, 0x88,
  0x4a, 0x40, 0x00, 0x82, 0x4a, 0x40, 0x78, 0x81, 0x2d, 0x40, 0x00, 0x80,
  0x2d, 0x40, 0x14, 0x99, 0x2d, 0x6e, 0x00, 0x99, 0x36, 0x50, 0x0a, 0x89,
  0x2d, 0x40, 0x00, 0x89, 0x36, 0x40, 0x00, 0x99, 0x2c, 0x55, 0x0a, 0x89,
  0x2c, 0x40, 0x0a, 0x91, 0x25, 0x64, 0x0a, 0x90, 0x25, 0x64, 0x00, 0x94,
  0x25, 0x6e, 0x6e, 0x81, 0x25, 0x40, 0x0a, 0x90, 0x26, 0x50, 0x00, 0x91,
  0x26, 0x64, 0x00, 0x94, 0x26, 0x6e, 0x00, 0x99, 0x24, 0x6e, 0x00, 0x99,
  0x2a, 0x64, 0x00, 0x99, 0x31, 0x64, 0x00, 0x99, 0x3b, 0x78, 0x0a, 0x89,
  0x24, 0x40, 0x00, 0x89, 0x31, 0x40, 0x00, 0x89, 0x3b, 0x40, 0x00, 0x89,
  0x2a, 0x40, 0x1e, 0x80, 0x25, 0x40, 0x00, 0x84, 0x25, 0x40, 0x78, 0x84,
  0x26, 0x40, 0x64, 0x81, 0x26, 0x40, 0x14, 0x80, 0x26, 0x40, 0x28, 0x90,
  0x32, 0x50, 0x0a, 0x91, 0x26, 0x5a, 0x5a, 0x80, 0x32, 0x40, 0x0a, 0x81,
  0x26, 0x40, 0x32, 0x91, 0x26, 0x64, 0x00, 0x90, 0x26, 0x55, 0x00, 0x94,
  0x26, 0x6e, 0x00, 0x99, 0x3b, 0x78, 0x00, 0x99, 0x27, 0x7d, 0x00, 0x99,
  0x2e, 0x5a, 0x00, 0x99, 0x26, 0x64, 0x0a, 0x89, 0x3b, 0x40, 0x00, 0x89,
  0x26, 0x40, 0x00, 0x89, 0x27, 0x40, 0x00, 0x89, 0x2e, 0x40, 0x81, 0x16,
  0x84, 0x26, 0x40, 0x64, 0x81, 0x26, 0x40, 0x14, 0x80, 0x26, 0x40, 0x28,
  0x90, 0x32, 0x55, 0x0a, 0x91, 0x26, 0x5a, 0x5a, 0x80, 0x32, 0x40, 0x0a,
  0x81, 0x26, 0x40, 0x32, 0x90, 0x39, 0x6e, 0x00, 0x90, 0x3c, 0x6e, 0x00,
  0x90, 0x3e, 0x6e, 0x00, 0x91, 0x26, 0x64, 0x00, 0x90, 0x26, 0x5a, 0x00,
  0x94, 0x26, 0x6e, 0x00, 0x99, 0x24, 0x6e, 0x00, 0x99, 0x2a, 0x64, 0x00,
  0x99, 0x3b, 0x78, 0x0a, 0x89, 0x24, 0x40, 0x00, 0x89, 0x2a, 0x40, 0x00,
  0x89, 0x3b, 0x40, 0x5a, 0x80, 0x3e, 0x40, 0x00, 0x80, 0x3c, 0x40, 0x00,
  0x80, 0x39, 0x40, 0x3c, 0x84, 0x26, 0x40, 0x64, 0x81, 0x26, 0x40, 0x14,
  0x80, 0x26, 0x40, 0x28, 0x90, 0x32, 0x5a, 0x0a, 0x91, 0x26, 0x5a, 0x00,
  0x99, 0x2a, 0x50, 0x0a, 0x89, 0x2a, 0x40, 0x50, 0x80, 0x32, 0x40, 0x0a,
  0x81, 0x26, 0x40, 0x32, 0x91, 0x26, 0x64, 0x00, 0x90, 0x26, 0x5f, 0x00,
  0x94, 0x26, 0x6e, 0x00, 0x99, 0x2e, 0x5a, 0x00, 0x99, 0x26, 0x64, 0x00,
  0x99, 0x3b, 0x78, 0x00, 0x99, 0x27, 0x7d, 0x0a, 0x89, 0x2e, 0x40, 0x00,
  0x89, 0x27, 0x40, 0x00, 0x89, 0x26, 0x40, 0x00, 0x89, 0x3b, 0x40, 0x81,
  0x16, 0x84, 0x26, 0x40, 0x64, 0x81, 0x26, 0x40, 0x14, 0x80, 0x26, 0x40,
  0x28, 0x90, 0x32, 0x5f, 0x0a, 0x91, 0x26, 0x5a, 0x5a, 0x80, 0x32, 0x40,
  0x0a, 0x81, 0x26, 0x40, 0x32, 0x90, 0x39, 0x6e, 0x00, 0x90, 0x3c, 0x6e,
  0x00, 0x90, 0x3e, 0x6e, 0x00, 0x91, 0x26, 0x64, 0x00, 0x90, 0x26, 0x5a,
  0x00, 0x94, 0x26, 0x6e, 0x00, 0x99, 0x24, 0x6e, 0x00, 0x99, 0x3b, 0x78,
  0x00, 0x99, 0x2a, 0x64, 0x0a, 0x89, 0x24, 0x40, 0x00, 0x89, 0x3b, 0x40,
  0x00, 0x89, 0x2a, 0x40, 0x5a, 0x80, 0x3e, 0x40, 0x00, 0x80, 0x3c, 0x40,
  0x00, 0x80, 0x39, 0x40, 0x3c, 0x84, 0x26, 0x40, 0x64, 0x81, 0x26, 0x40,
  0x14, 0x80, 0x26, 0x40, 0x28, 0x90, 0x32, 0x5a, 0x0a, 0x91, 0x26, 0x5a,
  0x5a, 0x80, 0x32, 0x40, 0x0a, 0x81, 0x26, 0x40, 0x32, 0x91, 0x26, 0x64,
  0x00, 0x90, 0x26, 0x55, 0x00, 0x94, 0x26, 0x6e, 0x00, 0x99, 0x2e, 0x5a,
  0x00, 0x99, 0x26, 0x64, 0x00, 0x99, 0x3b, 0x78, 0x00, 0x99, 0x27, 0x7d,
  0x0a, 0x89, 0x2e, 0x40, 0x00, 0x89, 0x27, 0x40, 0x00, 0x89, 0x26, 0x40,
  0x00, 0x89, 0x3b, 0x40, 0x81, 0x16, 0x84, 0x26, 0x40, 0x64, 0x81, 0x26,
  0x40, 0x14, 0x80, 0x26, 0x40, 0x28, 0x90, 0x39, 0x6e, 0x00, 0x90, 0x3c,
  0x6e, 0x00, 0x90, 0x3e, 0x6e, 0x00, 0x90, 0x32, 0x55, 0x0a, 0x91, 0x26,
  0x5a, 0x5a, 0x80, 0x39, 0x40, 0x00, 0x80, 0x3c, 0x40, 0x00, 0x80, 0x32,
  0x40, 0x00, 0x80, 0x3e, 0x40, 0x0a, 0x81, 0x26, 0x40, 0x32, 0x91, 0x26,
  0x64, 0x00, 0x90, 0x26, 0x50, 0x00, 0x94, 0x26, 0x6e, 0x00, 0x99, 0x24,
  0x6e, 0x00, 0x99, 0x3b, 0x78, 0x00, 0x99, 0x2a, 0x64, 0x0a, 0x89, 0x24,
  0x40, 0x00, 0x89, 0x3b, 0x40, 0x00, 0x89, 0x2a, 0x40, 0x81, 0x16, 0x84,
  0x26, 0x40, 0x64, 0x81, 0x26, 0x40, 0x14, 0x80, 0x26, 0x40, 0x28, 0x90,
  0x32, 0x50, 0x0a, 0x91, 0x26, 0x5a, 0x00, 0x99, 0x2a, 0x50, 0x0a, 0x89,
  0x2a, 0x40, 0x50, 0x80, 0x32, 0x40, 0x0a, 0x81, 0x26, 0x40, 0x32, 0x91,
  0x26, 0x64, 0x00, 0x90, 0x26, 0x4b, 0x00, 0x94, 0x26, 0x6e, 0x00, 0x99,
  0x2e, 0x5a, 0x00, 0x99, 0x26, 0x64, 0x00, 0x99, 0x3b, 0x78, 0x00, 0x99,
  0x27, 0x7d, 0x0a, 0x89, 0x2e, 0x40, 0x00, 0x89, 0x27, 0x40, 0x00, 0x89,
  0x26, 0x40, 0x00, 0x89, 0x3b, 0x40, 0x81, 0x16, 0x84, 0x26, 0x40, 0x64,
  0x81, 0x26, 0x40, 0x14, 0x80, 0x26, 0x40, 0x28, 0x90, 0x32, 0x4b, 0x0a,
  0x91, 0x26, 0x5a, 0x5a, 0x80, 0x32, 0x40, 0x0a, 0x81, 0x26, 0x40, 0x32,
  0x91, 0x26, 0x64, 0x00, 0x90, 0x26, 0x50, 0x00, 0x94, 0x26, 0x6e, 0x00,
  0x99, 0x24, 0x6e, 0x00, 0x99, 0x3b, 0x78, 0x00, 0x99, 0x2a, 0x64, 0x0a,
  0x89, 0x24, 0x40, 0x00, 0x89, 0x3b, 0x40, 0x00, 0x89, 0x2a, 0x40, 0x81,
  0x16, 0x84, 0x26, 0x40, 0x64, 0x81, 0x26, 0x40, 0x14, 0x80, 0x26, 0x40,
  0x28, 0x90, 0x39, 0x6e, 0x00, 0x90, 0x3c, 0x6e, 0x00, 0x90, 0x3e, 0x6e,
  0x00, 0x90, 0x32, 0x50, 0x0a, 0x91, 0x26, 0x5a, 0x5a, 0x80, 0x39, 0x40,
  0x00, 0x80, 0x3c, 0x40, 0x00, 0x80, 0x32, 0x40, 0x00, 0x80, 0x3e, 0x40,
  0x0a, 0x81, 0x26, 0x40, 0x32, 0x91, 0x26, 0x64, 0x00, 0x90, 0x26, 0x55,
  0x00, 0x94, 0x26, 0x6e, 0x00, 0x99, 0x2e, 0x5a, 0x00, 0x99, 0x26, 0x64,
  0x00, 0x99, 0x3b, 0x78, 0x00, 0x99, 0x27, 0x7d, 0x0a, 0x89, 0x2e, 0x40,
  0x00, 0x89, 0x27, 0x40, 0x00, 0x89, 0x26, 0x40, 0x00, 0x89, 0x3b, 0x40,
  0x81, 0x16, 0x84, 0x26, 0x40, 0x64, 0x81, 0x26, 0x40, 0x14, 0x80, 0x26,
  0x40, 0x28, 0x90, 0x32, 0x55, 0x0a, 0x91, 0x26, 0x5a, 0x5a, 0x80, 0x32,
  0x40, 0x0a, 0x81, 0x26, 0x40, 0x32, 0x90, 0x39, 0x6e, 0x00, 0x90, 0x3c,
  0x6e, 0x00, 0x90, 0x3e, 0x6e, 0x00, 0x91, 0x26, 0x64, 0x00, 0x90, 0x26,
  0x5a, 0x00, 0x94, 0x26, 0x6e, 0x00, 0x99, 0x24, 0x6e, 0x00, 0x99, 0x3b,
  0x78, 0x00, 0x99, 0x2a, 0x64, 0x0a, 0x89, 0x24, 0x40, 0x00, 0x89, 0x3b,
  0x40, 0x00, 0x89, 0x2a, 0x40, 0x5a, 0x80, 0x3e, 0x40, 0x00, 0x80, 0x3c,
  0x40, 0x00, 0x80, 0x39, 0x40, 0x3c, 0x84, 0x26, 0x40, 0x64, 0x81, 0x26,
  0x40, 0x14, 0x80, 0x26, 0x40, 0x28, 0x90, 0x32, 0x5a, 0x0a, 0x91, 0x26,
  0x5a, 0x00, 0x99, 0x2a, 0x50, 0x0a, 0x89, 0x2a, 0x40, 0x50, 0x80, 0x32,
  0x40, 0x0a, 0x81, 0x26, 0x40, 0x32, 0x91, 0x26, 0x64, 0x00, 0x90, 0x26,
  0x5f, 0x00, 0x94, 0x26, 0x6e, 0x00, 0x99, 0x2e, 0x5a, 0x00, 0x99, 0x26,
  0x64, 0x00, 0x99, 0x3b, 0x78, 0x00, 0x99, 0x27, 0x7d, 0x0a, 0x89, 0x2e,
  0x40, 0x00, 0x89, 0x27, 0x40, 0x00, 0x89, 0x26, 0x40, 0x00, 0x89, 0x3b,
  0x40, 0x81, 0x16, 0x84, 0x26, 0x40, 0x64, 0x81, 0x26, 0x40, 0x14, 0x80,
  0x26, 0x40, 0x28, 0x90, 0x32, 0x5f, 0x0a, 0x91, 0x26, 0x5a, 0x5a, 0x80,
  0x32, 0x40, 0x0a, 0x81, 0x26, 0x40, 0x32, 0x90, 0x3c, 0x6e, 0x00, 0x90,
  0x42, 0x6e, 0x00, 0x90, 0x3e, 0x6e, 0x00, 0x91, 0x26, 0x64, 0x00, 0x90,
  0x26, 0x5a, 0x00, 0x94, 0x26, 0x6e, 0x00, 0x99, 0x24, 0x6e, 0x00, 0x99,
  0x3b, 0x78, 0x00, 0x99, 0x2a, 0x64, 0x0a, 0x89, 0x24, 0x40, 0x00, 0x89,
  0x3b, 0x40, 0x00, 0x89, 0x2a, 0x40, 0x5a, 0x80, 0x3e, 0x40, 0x00, 0x80,
  0x42, 0x40, 0x00, 0x80, 0x3c, 0x40, 0x3c, 0x84, 0x26, 0x40, 0x64, 0x81,
  0x26, 0x40, 0x14, 0x80, 0x26, 0x40, 0x28, 0x90, 0x32, 0x5a, 0x0a, 0x91,
  0x26, 0x5a, 0x5a, 0x80, 0x32, 0x40, 0x0a, 0x81, 0x26, 0x40, 0x32, 0x91,
  0x28, 0x64, 0x00, 0x90, 0x28, 0x55, 0x00, 0x94, 0x28, 0x6e, 0x00, 0x99,
  0x2e, 0x5a, 0x00, 0x99, 0x26, 0x64, 0x00, 0x99, 0x3b, 0x78, 0x00, 0x99,
  0x27, 0x7d, 0x0a, 0x89, 0x2e, 0x40, 0x00, 0x89, 0x27, 0x40, 0x00, 0x89,
  0x26, 0x40, 0x00, 0x89, 0x3b, 0x40, 0x81, 0x16, 0x84, 0x28, 0x40, 0x64,
  0x81, 0x28, 0x40, 0x14, 0x80, 0x28, 0x40, 0x28, 0x90, 0x3c, 0x6e, 0x00,
  0x90, 0x3e, 0x6e, 0x00, 0x90, 0x42, 0x6e, 0x00, 0x90, 0x34, 0x55, 0x0a,
  0x91, 0x28, 0x5a, 0x5a, 0x80, 0x3c, 0x40, 0x00, 0x80, 0x3e, 0x40, 0x00,
  0x80, 0x34, 0x40, 0x00, 0x80, 0x42, 0x40, 0x0a, 0x81, 0x28, 0x40, 0x32,
  0x91, 0x29, 0x64, 0x00, 0x90, 0x29, 0x50, 0x00, 0x94, 0x29, 0x6e, 0x00,
  0x99, 0x24, 0x6e, 0x00, 0x99, 0x3b, 0x78, 0x00, 0x99, 0x2a, 0x64, 0x0a,
  0x89, 0x24, 0x40, 0x00, 0x89, 0x3b, 0x40, 0x00, 0x89, 0x2a, 0x40, 0x81,
  0x16, 0x84, 0x29, 0x40, 0x00, 0x99, 0x2a, 0x50, 0x0a, 0x89, 0x2a, 0x40,
  0x5a, 0x81, 0x29, 0x40, 0x14, 0x80, 0x29, 0x40, 0x28, 0x90, 0x35, 0x50,
  0x00, 0x99, 0x2a, 0x50, 0x0a, 0x89, 0x2a, 0x40, 0x00, 0x90, 0x3c, 0x6e,
  0x00, 0x90, 0x45, 0x6e, 0x00, 0x90, 0x42, 0x6e, 0x00, 0x91, 0x29, 0x5a,
  0x5a, 0x80, 0x35, 0x40, 0x0a, 0x81, 0x29, 0x40, 0x32, 0x91, 0x2a, 0x64,
  0x00, 0x90, 0x2a, 0x4b, 0x00, 0x94, 0x2a, 0x6e, 0x00, 0x99, 0x2e, 0x5a,
  0x00, 0x99, 0x26, 0x64, 0x00, 0x99, 0x3b, 0x78, 0x00, 0x99, 0x27, 0x7d,
  0x0a, 0x89, 0x2e, 0x40, 0x00, 0x89, 0x26, 0x40, 0x00, 0x89, 0x3b, 0x40,
  0x00, 0x89, 0x27, 0x40, 0x81, 0x16, 0x84, 0x2a, 0x40, 0x64, 0x81, 0x2a,
  0x40, 0x0a, 0x80, 0x42, 0x40, 0x00, 0x80, 0x3c, 0x40, 0x00, 0x80, 0x45,
  0x40, 0x0a, 0x80, 0x2a, 0x40, 0x28, 0x90, 0x36, 0x4b, 0x0a, 0x91, 0x2a,
  0x5a, 0x00, 0x99, 0x2a, 0x50, 0x0a, 0x89, 0x2a, 0x40, 0x50, 0x80, 0x36,
  0x40, 0x0a, 0x81, 0x2a, 0x40, 0x32, 0x91, 0x2b, 0x64, 0x00, 0x90, 0x2b,
  0x50, 0x00, 0x94, 0x2b, 0x6e, 0x00, 0x99, 0x24, 0x6e, 0x00, 0x99, 0x2a,
  0x64, 0x00, 0x99, 0x3b, 0x78, 0x0a, 0x89, 0x24, 0x40, 0x00, 0x89, 0x2a,
  0x40, 0x00, 0x89, 0x3b, 0x40, 0x81, 0x16, 0x84, 0x2b, 0x40, 0x64, 0x81,
  0x2b, 0x40, 0x14, 0x80, 0x2b, 0x40, 0x28, 0x90, 0x3b, 0x6e, 0x00, 0x90,
  0x3e, 0x6e, 0x00, 0x90, 0x43, 0x6e, 0x00, 0x90, 0x37, 0x50, 0x0a, 0x91,
  0x2b, 0x5a, 0x5a, 0x80, 0x3b, 0x40, 0x00, 0x80, 0x3e, 0x40, 0x00, 0x80,
  0x37, 0x40, 0x00, 0x80, 0x43, 0x40, 0x0a, 0x81, 0x2b, 0x40, 0x32, 0x91,
  0x2b, 0x64, 0x00, 0x90, 0x2b, 0x55, 0x00, 0x94, 0x2b, 0x6e, 0x00, 0x99,
  0x3b, 0x78, 0x00, 0x99, 0x27, 0x7d, 0x00, 0x99, 0x2e, 0x5a, 0x00, 0x99,
  0x26, 0x64, 0x0a, 0x89, 0x3b, 0x40, 0x00, 0x89, 0x26, 0x40, 0x00, 0x89,
  0x27, 0x40, 0x00, 0x89, 0x2e, 0x40, 0x81, 0x16, 0x84, 0x2b, 0x40, 0x64,
  0x81, 0x2b, 0x40, 0x14, 0x80, 0x2b, 0x40, 0x28, 0x90, 0x37, 0x55, 0x0a,
  0x91, 0x2b, 0x5a, 0x5a, 0x80, 0x37, 0x40, 0x0a, 0x81, 0x2b, 0x40, 0x32,
  0x90, 0x3b, 0x6e, 0x00, 0x90, 0x3e, 0x6e, 0x00, 0x90, 0x43, 0x6e, 0x00,
  0x91, 0x2b, 0x64, 0x00, 0x90, 0x2b, 0x5a, 0x00, 0x94, 0x2b, 0x6e, 0x00,
  0x99, 0x24, 0x6e, 0x00, 0x99, 0x2a, 0x64, 0x00, 0x99, 0x3b, 0x78, 0x0a,
  0x89, 0x24, 0x40, 0x00, 0x89, 0x2a, 0x40, 0x00, 0x89, 0x3b, 0x40, 0x5a,
  0x80, 0x43, 0x40, 0x00, 0x80, 0x3e, 0x40, 0x00, 0x80, 0x3b, 0x40, 0x3c,
  0x84, 0x2b, 0x40, 0x64, 0x81, 0x2b, 0x40, 0x14, 0x80, 0x2b, 0x40, 0x28,
  0x90, 0x37, 0x5a, 0x0a, 0x91, 0x2b, 0x5a, 0x00, 0x99, 0x2a, 0x50, 0x0a,
  0x89, 0x2a, 0x40, 0x50, 0x80, 0x37, 0x40, 0x0a, 0x81, 0x2b, 0x40, 0x32,
  0x91, 0x2b, 0x64, 0x00, 0x90, 0x2b, 0x5f, 0x00, 0x94, 0x2b, 0x6e, 0x00,
  0x99, 0x2e, 0x5a, 0x00, 0x99, 0x26, 0x64, 0x00, 0x99, 0x3b, 0x78, 0x00,
  0x99, 0x27, 0x7d, 0x0a, 0x89, 0x2e, 0x40, 0x00, 0x89, 0x27, 0x40, 0x00,
  0x89, 0x26, 0x40, 0x00, 0x89, 0x3b, 0x40, 0x81, 0x16, 0x84, 0x2b, 0x40,
  0x64, 0x81, 0x2b, 0x40, 0x14, 0x80, 0x2b, 0x40, 0x28, 0x90, 0x37, 0x5f,
  0x0a, 0x91, 0x2b, 0x5a, 0x5a, 0x80, 0x37, 0x40, 0x0a, 0x81, 0x2b, 0x40,
  0x32, 0x90, 0x3c, 0x6e, 0x00, 0x90, 0x3e, 0x6e, 0x00, 0x90, 0x43, 0x6e,
  0x00, 0x91, 0x2b, 0x64, 0x00, 0x90, 0x2b, 0x5a, 0x00, 0x94, 0x2b, 0x6e,
  0x00, 0x99, 0x24, 0x6e, 0x00, 0x99, 0x3b, 0x78, 0x00, 0x99, 0x2a, 0x64,
  0x0a, 0x89, 0x24, 0x40, 0x00, 0x89, 0x3b, 0x40, 0x00, 0x89, 0x2a, 0x40,
  0x5a, 0x80, 0x43, 0x40, 0x00, 0x80, 0x3e, 0x40, 0x00, 0x80, 0x3c, 0x40,
  0x3c, 0x84, 0x2b, 0x40, 0x64, 0x81, 0x2b, 0x40, 0x14, 0x80, 0x2b, 0x40,
  0x28, 0x90, 0x37, 0x5a, 0x0a, 0x91, 0x2b, 0x5a, 0x5a, 0x80, 0x37, 0x40,
  0x0a, 0x81, 0x2b, 0x40, 0x32, 0x91, 0x2b, 0x64, 0x00, 0x90, 0x2b, 0x55,
  0x00, 0x94, 0x2b, 0x6e, 0x00, 0x99, 0x2e, 0x5a, 0x00, 0x99, 0x26, 0x64,
  0x00, 0x99, 0x3b, 0x78, 0x00, 0x99, 0x27, 0x7d, 0x0a, 0x89, 0x2e, 0x40,
  0x00, 0x89, 0x27, 0x40, 0x00, 0x89, 0x26, 0x40, 0x00, 0x89, 0x3b, 0x40,
  0x81, 0x16, 0x84, 0x2b, 0x40, 0x64, 0x81, 0x2b, 0x40, 0x14, 0x80, 0x2b,
  0x40, 0x28, 0x90, 0x3b, 0x6e, 0x00, 0x90, 0x3e, 0x6e, 0x00, 0x90, 0x43,
  0x6e, 0x00, 0x90, 0x37, 0x55, 0x0a, 0x91, 0x2b, 0x5a, 0x5a, 0x80, 0x37,
  0x40, 0x0a, 0x81, 0x2b, 0x40, 0x32, 0x91, 0x2b, 0x64, 0x00, 0x90, 0x2b,
  0x50, 0x00, 0x94, 0x2b, 0x6e, 0x00, 0x99, 0x24, 0x6e, 0x00, 0x99, 0x3b,
  0x78, 0x00, 0x99, 0x2a, 0x64, 0x0a, 0x89, 0x24, 0x40, 0x00, 0x89, 0x3b,
  0x40, 0x00, 0x89, 0x2a, 0x40, 0x81, 0x16, 0x84, 0x2b, 0x40, 0x64, 0x80,
  0x43, 0x40, 0x00, 0x81, 0x2b, 0x40, 0x00, 0x80, 0x3b, 0x40, 0x00, 0x80,
  0x3e, 0x40, 0x14, 0x80, 0x2b, 0x40, 0x28, 0x90, 0x37, 0x50, 0x0a, 0x91,
  0x2b, 0x5a, 0x00, 0x99, 0x2a, 0x50, 0x0a, 0x89, 0x2a, 0x40, 0x50, 0x80,
  0x37, 0x40, 0x0a, 0x81, 0x2b, 0x40, 0x32, 0x91, 0x2b, 0x64, 0x00, 0x90,
  0x2b, 0x4b, 0x00, 0x94, 0x2b, 0x6e, 0x00, 0x99, 0x2e, 0x5a, 0x00, 0x99,
  0x26, 0x64, 0x00, 0x99, 0x3b, 0x78, 0x00, 0x99, 0x27, 0x7d, 0x0a, 0x89,
  0x2e, 0x40, 0x00, 0x89, 0x27, 0x40, 0x00, 0x89, 0x26, 0x40, 0x00, 0x89,
  0x3b, 0x40, 0x81, 0x16, 0x84, 0x2b, 0x40, 0x64, 0x81, 0x2b, 0x40, 0x14,
  0x80, 0x2b, 0x40, 0x28, 0x90, 0x37, 0x4b, 0x0a, 0x91, 0x2b, 0x5a, 0x5a,
  0x80, 0x37, 0x40, 0x0a, 0x81, 0x2b, 0x40, 0x32, 0x91, 0x26, 0x64, 0x00,
  0x90, 0x26, 0x50, 0x00, 0x94, 0x26, 0x6e, 0x00, 0x99, 0x24, 0x6e, 0x00,
  0x99, 0x3b, 0x78, 0x00, 0x99, 0x2a, 0x64, 0x0a, 0x89, 0x24, 0x40, 0x00,
  0x89, 0x3b, 0x40, 0x00, 0x89, 0x2a, 0x40, 0x81, 0x16, 0x84, 0x26, 0x40,
  0x64, 0x81, 0x26, 0x40, 0x14, 0x80, 0x26, 0x40, 0x28, 0x90, 0x3c, 0x6e,
  0x00, 0x90, 0x3e, 0x6e, 0x00, 0x90, 0x42, 0x6e, 0x00, 0x90, 0x32, 0x50,
  0x0a, 0x91, 0x26, 0x5a, 0x5a, 0x80, 0x3c, 0x40, 0x00, 0x80, 0x3e, 0x40,
  0x00, 0x80, 0x32, 0x40, 0x00, 0x80, 0x42, 0x40, 0x0a, 0x81, 0x26, 0x40,
  0x32, 0x91, 0x26, 0x64, 0x00, 0x90, 0x26, 0x55, 0x00, 0x94, 0x26, 0x6e,
  0x00, 0x99, 0x2e, 0x5a, 0x00, 0x99, 0x26, 0x64, 0x00, 0x99, 0x3b, 0x78,
  0x00, 0x99, 0x27, 0x7d, 0x0a, 0x89, 0x2e, 0x40, 0x00, 0x89, 0x27, 0x40,
  0x00, 0x89, 0x26, 0x40, 0x00, 0x89, 0x3b, 0x40, 0x81, 0x16, 0x84, 0x26,
  0x40, 0x64, 0x81, 0x26, 0x40, 0x14, 0x80, 0x26, 0x40, 0x28, 0x90, 0x32,
  0x55, 0x0a, 0x91, 0x26, 0x5a, 0x5a, 0x80, 0x32, 0x40, 0x0a, 0x81, 0x26,
  0x40, 0x32, 0x90, 0x3c, 0x6e, 0x00, 0x90, 0x3e, 0x6e, 0x00, 0x90, 0x42,
  0x6e, 0x00, 0x91, 0x26, 0x64, 0x00, 0x90, 0x26, 0x5a, 0x00, 0x94, 0x26,
  0x6e, 0x00, 0x99, 0x24, 0x6e, 0x00, 0x99, 0x3b, 0x78, 0x00, 0x99, 0x2a,
  0x64, 0x0a, 0x89, 0x24, 0x40, 0x00, 0x89, 0x3b, 0x40, 0x00, 0x89, 0x2a,
  0x40, 0x5a, 0x80, 0x42, 0x40, 0x00, 0x80, 0x3e, 0x40, 0x00, 0x80, 0x3c,
  0x40, 0x3c, 0x84, 0x26, 0x40, 0x64, 0x81, 0x26, 0x40, 0x14, 0x80, 0x26,
  0x40, 0x28, 0x90, 0x32, 0x5a, 0x0a, 0x91, 0x26, 0x5a, 0x00, 0x99, 0x2a,
  0x50, 0x0a, 0x89, 0x2a, 0x40, 0x50, 0x80, 0x32, 0x40, 0x0a, 0x81, 0x26,
  0x40, 0x32, 0x91, 0x26, 0x64, 0x00, 0x90, 0x26, 0x5f, 0x00, 0x94, 0x26,
  0x6e, 0x00, 0x99, 0x2e, 0x5a, 0x00, 0x99, 0x26, 0x64, 0x00, 0x99, 0x3b,
  0x78, 0x00, 0x99, 0x27, 0x7d, 0x0a, 0x89, 0x2e, 0x40, 0x00, 0x89, 0x27,
  0x40, 0x00, 0x89, 0x26, 0x40, 0x00, 0x89, 0x3b, 0x40, 0x81, 0x16, 0x84,
  0x26, 0x40, 0x64, 0x81, 0x26, 0x40, 0x14, 0x80, 0x26, 0x40, 0x28, 0x90,
  0x32, 0x5f, 0x0a, 0x91, 0x26, 0x5a, 0x5a, 0x80, 0x32, 0x40, 0x0a, 0x81,
  0x26, 0x40, 0x32, 0x90, 0x3c, 0x6e, 0x00, 0x90, 0x3e, 0x6e, 0x00, 0x90,
  0x43, 0x6e, 0x00, 0x91, 0x26, 0x64, 0x00, 0x90, 0x26, 0x5a, 0x00, 0x94,
  0x26, 0x6e, 0x00, 0x99, 0x24, 0x6e, 0x00, 0x99, 0x3b, 0x78, 0x00, 0x99,
  0x2a, 0x64, 0x0a, 0x89, 0x24, 0x40, 0x00, 0x89, 0x3b, 0x40, 0x00, 0x89,
  0x2a, 0x40, 0x5a, 0x80, 0x43, 0x40, 0x00, 0x80, 0x3e, 0x40, 0x00, 0x80,
  0x3c, 0x40, 0x3c, 0x84, 0x26, 0x40, 0x64, 0x81, 0x26, 0x40, 0x14, 0x80,
  0x26, 0x40, 0x28, 0x90, 0x32, 0x5a, 0x0a, 0x91, 0x26, 0x5a, 0x5a, 0x80,
  0x32, 0x40, 0x0a, 0x81, 0x26, 0x40, 0x32, 0x91, 0x26, 0x64, 0x00, 0x90,
  0x26, 0x55, 0x00, 0x94, 0x26, 0x6e, 0x00, 0x99, 0x2e, 0x5a, 0x00, 0x99,
  0x26, 0x64, 0x00, 0x99, 0x3b, 0x78, 0x00, 0x99, 0x27, 0x7d, 0x0a, 0x89,
  0x2e, 0x40, 0x00, 0x89, 0x27, 0x40, 0x00, 0x89, 0x26, 0x40, 0x00, 0x89,
  0x3b, 0x40, 0x81, 0x16, 0x84, 0x26, 0x40, 0x64, 0x81, 0x26, 0x40, 0x14,
  0x80, 0x26, 0x40, 0x28, 0x90, 0x3c, 0x6e, 0x00, 0x90, 0x3e, 0x6e, 0x00,
  0x90, 0x42, 0x6e, 0x00, 0x90, 0x32, 0x55, 0x0a, 0x91, 0x26, 0x5a, 0x5a,
  0x80, 0x32, 0x40, 0x0a, 0x81, 0x26, 0x40, 0x32, 0x91, 0x26, 0x64, 0x00,
  0x90, 0x26, 0x50, 0x00, 0x94, 0x26, 0x6e, 0x00, 0x99, 0x24, 0x6e, 0x00,
  0x99, 0x3b, 0x78, 0x00, 0x99, 0x2a, 0x64, 0x0a, 0x89, 0x24, 0x40, 0x00,
  0x89, 0x3b, 0x40, 0x00, 0x89, 0x2a, 0x40, 0x81, 0x16, 0x84, 0x26, 0x40,
  0x64, 0x80, 0x42, 0x40, 0x00, 0x81, 0x26, 0x40, 0x00, 0x80, 0x3c, 0x40,
  0x00, 0x80, 0x3e, 0x40, 0x14, 0x80, 0x26, 0x40, 0x28, 0x90, 0x32, 0x50,
  0x0a, 0x91, 0x26, 0x5a, 0x00, 0x99, 0x2a, 0x50, 0x0a, 0x89, 0x2a, 0x40,
  0x50, 0x80, 0x32, 0x40, 0x0a, 0x81, 0x26, 0x40, 0x32, 0x91, 0x26, 0x64,
  0x00, 0x90, 0x26, 0x4b, 0x00, 0x94, 0x26, 0x6e, 0x00, 0x99, 0x2e, 0x5a,
  0x00, 0x99, 0x26, 0x64, 0x00, 0x99, 0x3b, 0x78, 0x00, 0x99, 0x27, 0x7d,
  0x0a, 0x89, 0x2e, 0x40, 0x00, 0x89, 0x27, 0x40, 0x00, 0x89, 0x26, 0x40,
  0x00, 0x89, 0x3b, 0x40, 0x81, 0x16, 0x84, 0x26, 0x40, 0x64, 0x81, 0x26,
  0x40, 0x14, 0x80, 0x26, 0x40, 0x28, 0x90, 0x32, 0x4b, 0x0a, 0x91, 0x26,
  0x5a, 0x5a, 0x80, 0x32, 0x40, 0x0a, 0x81, 0x26, 0x40, 0x32, 0x91, 0x2d,
  0x64, 0x00, 0x90, 0x2d, 0x50, 0x00, 0x94, 0x2d, 0x6e, 0x00, 0x99, 0x24,
  0x6e, 0x00, 0x99, 0x3b, 0x78, 0x00, 0x99, 0x2a, 0x64, 0x0a, 0x89, 0x24,
  0x40, 0x00, 0x89, 0x3b, 0x40, 0x00, 0x89, 0x2a, 0x40, 0x81, 0x16, 0x84,
  0x2d, 0x40, 0x64, 0x81, 0x2d, 0x40, 0x14, 0x80, 0x2d, 0x40, 0x28, 0x90,
  0x40, 0x6e, 0x00, 0x90, 0x45, 0x6e, 0x00, 0x90, 0x43, 0x6e, 0x00, 0x90,
  0x39, 0x50, 0x0a, 0x91, 0x2d, 0x5a, 0x5a, 0x80, 0x40, 0x40, 0x00, 0x80,
  0x45, 0x40, 0x00, 0x80, 0x39, 0x40, 0x00, 0x80, 0x43, 0x40, 0x0a, 0x81,
  0x2d, 0x40, 0x32, 0x91, 0x2d, 0x64, 0x00, 0x90, 0x2d, 0x55, 0x00, 0x94,
  0x2d, 0x6e, 0x00, 0x99, 0x2e, 0x5a, 0x00, 0x99, 0x26, 0x64, 0x00, 0x99,
  0x3b, 0x78, 0x00, 0x99, 0x27, 0x7d, 0x0a, 0x89, 0x2e, 0x40, 0x00, 0x89,
  0x27, 0x40, 0x00, 0x89, 0x26, 0x40, 0x00, 0x89, 0x3b, 0x40, 0x81, 0x16,
  0x84, 0x2d, 0x40, 0x64, 0x81, 0x2d, 0x40, 0x14, 0x80, 0x2d, 0x40, 0x28,
  0x90, 0x39, 0x55, 0x0a, 0x91, 0x2d, 0x5a, 0x5a, 0x80, 0x39, 0x40, 0x0a,
  0x81, 0x2d, 0x40, 0x32, 0x90, 0x40, 0x6e, 0x00, 0x90, 0x43, 0x6e, 0x00,
  0x90, 0x45, 0x6e, 0x00, 0x91, 0x2d, 0x64, 0x00, 0x90, 0x2d, 0x5a, 0x00,
  0x94, 0x2d, 0x6e, 0x00, 0x99, 0x24, 0x6e, 0x00, 0x99, 0x3b, 0x78, 0x00,
  0x99, 0x2a, 0x64, 0x0a, 0x89, 0x24, 0x40, 0x00, 0x89, 0x3b, 0x40, 0x00,
  0x89, 0x2a, 0x40, 0x5a, 0x80, 0x45, 0x40, 0x00, 0x80, 0x43, 0x40, 0x00,
  0x80, 0x40, 0x40, 0x3c, 0x84, 0x2d, 0x40, 0x64, 0x81, 0x2d, 0x40, 0x14,
  0x80, 0x2d, 0x40, 0x28, 0x90, 0x39, 0x5a, 0x0a, 0x91, 0x2d, 0x5a, 0x00,
  0x99, 0x2a, 0x50, 0x0a, 0x89, 0x2a, 0x40, 0x50, 0x80, 0x39, 0x40, 0x0a,
  0x81, 0x2d, 0x40, 0x32, 0x91, 0x2d, 0x64, 0x00, 0x90, 0x2d, 0x5f, 0x00,
  0x94, 0x2d, 0x6e, 0x00, 0x99, 0x2e, 0x5a, 0x00, 0x99, 0x26, 0x64, 0x00,
  0x99, 0x3b, 0x78, 0x00, 0x99, 0x27, 0x7d, 0x0a, 0x89, 0x2e, 0x40, 0x00,
  0x89, 0x27, 0x40, 0x00, 0x89, 0x26, 0x40, 0x00, 0x89, 0x3b, 0x40, 0x81,
  0x16, 0x84, 0x2d, 0x40, 0x64, 0x81, 0x2d, 0x40, 0x14, 0x80, 0x2d, 0x40,
  0x28, 0x90, 0x39, 0x5f, 0x0a, 0x91, 0x2d, 0x5a, 0x5a, 0x80, 0x39, 0x40,
  0x0a, 0x81, 0x2d, 0x40, 0x32, 0x90, 0x3c, 0x6e, 0x00, 0x90, 0x3e, 0x6e,
  0x00, 0x90, 0x43, 0x6e, 0x00, 0x91, 0x2b, 0x64, 0x00, 0x90, 0x2b, 0x5a,
  0x00, 0x94, 0x2b, 0x6e, 0x00, 0x99, 0x24, 0x6e, 0x00, 0x99, 0x3b, 0x78,
  0x00, 0x99, 0x2a, 0x64, 0x0a, 0x89, 0x24, 0x40, 0x00, 0x89, 0x3b, 0x40,
  0x00, 0x89, 0x2a, 0x40, 0x5a, 0x80, 0x43, 0x40, 0x00, 0x80, 0x3e, 0x40,
  0x00, 0x80, 0x3c, 0x40, 0x3c, 0x84, 0x2b, 0x40, 0x64, 0x81, 0x2b, 0x40,
  0x14, 0x80, 0x2b, 0x40, 0x28, 0x90, 0x37, 0x5a, 0x0a, 0x91, 0x2b, 0x5a,
  0x5a, 0x80, 0x37, 0x40, 0x0a, 0x81, 0x2b, 0x40, 0x32, 0x91, 0x2b, 0x64,
  0x00, 0x90, 0x2b, 0x55, 0x00, 0x94, 0x2b, 0x6e, 0x00, 0x99, 0x2e, 0x5a,
  0x00, 0x99, 0x26, 0x64, 0x00, 0x99, 0x3b, 0x78, 0x00, 0x99, 0x27, 0x7d,
  0x0a, 0x89, 0x2e, 0x40, 0x00, 0x89, 0x27, 0x40, 0x00, 0x89, 0x26, 0x40,
  0x00, 0x89, 0x3b, 0x40, 0x81, 0x16, 0x84, 0x2b, 0x40, 0x64, 0x81, 0x2b,
  0x40, 0x14, 0x80, 0x2b, 0x40, 0x28, 0x90, 0x3b, 0x6e, 0x00, 0x90, 0x3e,
  0x6e, 0x00, 0x90, 0x43, 0x6e, 0x00, 0x90, 0x37, 0x55, 0x0a, 0x91, 0x2b,
  0x5a, 0x5a, 0x80, 0x37, 0x40, 0x0a, 0x81, 0x2b, 0x40, 0x32, 0x91, 0x2b,
  0x64, 0x00, 0x90, 0x2b, 0x50, 0x00, 0x94, 0x2b, 0x6e, 0x00, 0x99, 0x24,
  0x6e, 0x00, 0x99, 0x3b, 0x78, 0x00, 0x99, 0x2a, 0x64, 0x0a, 0x89, 0x24,
  0x40, 0x00, 0x89, 0x3b, 0x40, 0x00, 0x89, 0x2a, 0x40, 0x81, 0x16, 0x84,
  0x2b, 0x40, 0x50, 0x80, 0x43, 0x40, 0x00, 0x80, 0x3b, 0x40, 0x00, 0x80,
  0x3e, 0x40, 0x14, 0x81, 0x2b, 0x40, 0x14, 0x80, 0x2b, 0x40, 0x28, 0x90,
  0x41, 0x6e, 0x00, 0x90, 0x4d, 0x6e, 0x00, 0x90, 0x35, 0x50, 0x0a, 0x91,
  0x29, 0x5a, 0x00, 0x99, 0x2a, 0x50, 0x0a, 0x89, 0x2a, 0x40, 0x50, 0x80,
  0x35, 0x40, 0x0a, 0x81, 0x29, 0x40, 0x1e, 0x80, 0x41, 0x40, 0x00, 0x80,
  0x4d, 0x40, 0x14, 0x90, 0x3c, 0x6e, 0x00, 0x90, 0x48, 0x6e, 0x00, 0x91,
  0x24, 0x64, 0x00, 0x90, 0x30, 0x4b, 0x00, 0x94, 0x25, 0x6e, 0x00, 0x99,
  0x2e, 0x5a, 0x00, 0x99, 0x26, 0x64, 0x00, 0x99, 0x3b, 0x78, 0x00, 0x99,
  0x27, 0x7d, 0x0a, 0x89, 0x2e, 0x40, 0x00, 0x89, 0x3b, 0x40, 0x00, 0x89,
  0x27, 0x40, 0x00, 0x89, 0x26, 0x40, 0x81, 0x16, 0x84, 0x25, 0x40, 0x64,
  0x81, 0x24, 0x40, 0x14, 0x80, 0x30, 0x40, 0x1e, 0x80, 0x3c, 0x40, 0x00,
  0x80, 0x48, 0x40, 0x0a, 0x90, 0x31, 0x4b, 0x0a, 0x91, 0x25, 0x5a, 0x0a,
  0x90, 0x49, 0x6e, 0x00, 0x90, 0x3d, 0x6e, 0x50, 0x80, 0x31, 0x40, 0x0a,
  0x81, 0x25, 0x40, 0x32, 0x80, 0x49, 0x40, 0x00, 0x80, 0x3d, 0x40, 0x00,
  0x91, 0x26, 0x64, 0x00, 0x90, 0x26, 0x64, 0x00, 0x90, 0x32, 0x64, 0x00,
  0x94, 0x26, 0x6e, 0x00, 0x99, 0x24, 0x6e, 0x00, 0x99, 0x39, 0x6e, 0x00,
  0x99, 0x2a, 0x64, 0x0a, 0x89, 0x24, 0x40, 0x00, 0x89, 0x2a, 0x40, 0x00,
  0x89, 0x39, 0x40, 0x6e, 0x80, 0x26, 0x40, 0x00, 0x80, 0x32, 0x40, 0x28,
  0x84, 0x26, 0x40, 0x81, 0x34, 0x90, 0x4a, 0x6e, 0x00, 0x90, 0x3e, 0x6e,
  0x64, 0x80, 0x4a, 0x40, 0x00, 0x80, 0x3e, 0x40, 0x28, 0x90, 0x42, 0x6e,
  0x00, 0x90, 0x4e, 0x6e, 0x82, 0x2c, 0x80, 0x42, 0x40, 0x00, 0x80, 0x4e,
  0x40, 0x32, 0x90, 0x4a, 0x6e, 0x00, 0x90, 0x3e, 0x6e, 0x64, 0x80, 0x4a,
  0x40, 0x00, 0x80, 0x3e, 0x40, 0x1e, 0x90, 0x43, 0x6e, 0x00, 0x90, 0x4f,
  0x6e, 0x82, 0x2c, 0x80, 0x43, 0x40, 0x00, 0x80, 0x4f, 0x40, 0x1e, 0x90,
  0x4a, 0x6e, 0x00, 0x90, 0x3e, 0x6e, 0x64, 0x80, 0x4a, 0x40, 0x00, 0x80,
  0x3e, 0x40, 0x32, 0x90, 0x44, 0x6e, 0x00, 0x90, 0x50, 0x6e, 0x82, 0x2c,
  0x80, 0x44, 0x40, 0x00, 0x80, 0x50, 0x40, 0x14, 0x99, 0x30, 0x64, 0x0a,
  0x89, 0x30, 0x40, 0x0a, 0x90, 0x4a, 0x6e, 0x00, 0x90, 0x3e, 0x6e, 0x64,
  0x80, 0x4a, 0x40, 0x00, 0x80, 0x3e, 0x40, 0x28, 0x90, 0x45, 0x6e, 0x00,
  0x90, 0x49, 0x6e, 0x00, 0x90, 0x4c, 0x6e, 0x00, 0x90, 0x51, 0x6e, 0x00,
  0x99, 0x24, 0x6e, 0x00, 0x99, 0x32, 0x6e, 0x00, 0x99, 0x39, 0x6e, 0x00,
  0x99, 0x2c, 0x64, 0x0a, 0x89, 0x24, 0x40, 0x00, 0x89, 0x39, 0x40, 0x00,
  0x89, 0x2c, 0x40, 0x00, 0x89, 0x32, 0x40, 0x6e, 0x80, 0x49, 0x40, 0x00,
  0x80, 0x51, 0x40, 0x00, 0x80, 0x4c, 0x40, 0x00, 0x80, 0x45, 0x40, 0x81,
  0x20, 0x81, 0x26, 0x40, 0x28, 0x90, 0x45, 0x64, 0x00, 0x90, 0x49, 0x64,
  0x00, 0x90, 0x4c, 0x64, 0x00, 0x90, 0x51, 0x64, 0x00, 0x90, 0x2d, 0x64,
  0x00, 0x94, 0x2d, 0x6e, 0x00, 0x99, 0x32, 0x5a, 0x0a, 0x89, 0x32, 0x40,
  0x00, 0x91, 0x2d, 0x64, 0x00, 0x99, 0x2c, 0x50, 0x0a, 0x89, 0x2c, 0x40,
  0x50, 0x84, 0x2d, 0x40, 0x0a, 0x81, 0x2d, 0x40, 0x0a, 0x80, 0x4c, 0x40,
  0x00, 0x80, 0x2d, 0x40, 0x00, 0x80, 0x49, 0x40, 0x00, 0x80, 0x45, 0x40,
  0x00, 0x80, 0x51, 0x40, 0x28, 0x90, 0x47, 0x6e, 0x00, 0x90, 0x4a, 0x6e,
  0x00, 0x90, 0x4c, 0x6e, 0x00, 0x90, 0x53, 0x6e, 0x00, 0x91, 0x2b, 0x64,
  0x00, 0x90, 0x2b, 0x64, 0x00, 0x94, 0x2b, 0x6e, 0x00, 0x99, 0x24, 0x6e,
  0x00, 0x99, 0x2c, 0x64, 0x00, 0x99, 0x30, 0x64, 0x0a, 0x89, 0x24, 0x40,
  0x00, 0x89, 0x2c, 0x40, 0x00, 0x89, 0x30, 0x40, 0x6e, 0x80, 0x53, 0x40,
  0x00, 0x80, 0x4a, 0x40, 0x00, 0x80, 0x47, 0x40, 0x00, 0x80, 0x4c, 0x40,
  0x28, 0x84, 0x2b, 0x40, 0x81, 0x20, 0x90, 0x45, 0x6e, 0x00, 0x90, 0x49,
  0x6e, 0x00, 0x90, 0x4c, 0x6e, 0x00, 0x90, 0x51, 0x6e, 0x0a, 0x99, 0x2c,
  0x50, 0x0a, 0x89, 0x2c, 0x40, 0x3c, 0x80, 0x2b, 0x40, 0x00, 0x81, 0x2b,
  0x40, 0x50, 0x90, 0x2a, 0x64, 0x00, 0x91, 0x2a, 0x64, 0x00, 0x94, 0x2a,
  0x6e, 0x00, 0x99, 0x24, 0x6e, 0x00, 0x99, 0x2c, 0x64, 0x00, 0x99, 0x2f,
  0x64, 0x0a, 0x89, 0x24, 0x40, 0x00, 0x89, 0x2c, 0x40, 0x00, 0x89, 0x2f,
  0x40, 0x81, 0x16, 0x84, 0x2a, 0x40, 0x00, 0x99, 0x2f, 0x50, 0x0a, 0x89,
  0x2f, 0x40, 0x81, 0x16, 0x95, 0x39, 0x73, 0x00, 0x99, 0x2f, 0x50, 0x0a,
  0x89, 0x2f, 0x40, 0x00, 0x99, 0x2c, 0x50, 0x0a, 0x89, 0x2c, 0x40, 0x3c,
  0x80, 0x2a, 0x40, 0x00, 0x81, 0x2a, 0x40, 0x28, 0x85, 0x39, 0x40, 0x28,
  0x91, 0x28, 0x64, 0x00, 0x90, 0x28, 0x64, 0x00, 0x94, 0x28, 0x6e, 0x00,
  0x95, 0x3b, 0x78, 0x00, 0x99, 0x24, 0x6e, 0x00, 0x99, 0x2c, 0x64, 0x00,
  0x99, 0x2d, 0x64, 0x00, 0x99, 0x39, 0x78, 0x0a, 0x89, 0x24, 0x40, 0x00,
  0x89, 0x2c, 0x40, 0x00, 0x89, 0x2d, 0x40, 0x00, 0x89, 0x39, 0x40, 0x81,
  0x16, 0x84, 0x28, 0x40, 0x00, 0x99, 0x2d, 0x50, 0x0a, 0x89, 0x2d, 0x40,
  0x81, 0x0c, 0x85, 0x3b, 0x40, 0x0a, 0x95, 0x3d, 0x78, 0x00, 0x99, 0x2d,
  0x5a, 0x0a, 0x89, 0x2d, 0x40, 0x00, 0x99, 0x2c, 0x50, 0x0a, 0x89, 0x2c,
  0x40, 0x3c, 0x80, 0x28, 0x40, 0x00, 0x81, 0x28, 0x40, 0x28, 0x80, 0x45,
  0x40, 0x00, 0x80, 0x51, 0x40, 0x00, 0x80, 0x4c, 0x40, 0x00, 0x80, 0x49,
  0x40, 0x14, 0x85, 0x3d, 0x40, 0x14, 0x90, 0x26, 0x50, 0x00, 0x91, 0x26,
  0x64, 0x00, 0x94, 0x26, 0x6e, 0x00, 0x95, 0x3e, 0x78, 0x00, 0x99, 0x24,
  0x6e, 0x00, 0x99, 0x2a, 0x64, 0x00, 0x99, 0x31, 0x78, 0x00, 0x99, 0x3b,
  0x78, 0x0a, 0x89, 0x24, 0x40, 0x00, 0x89, 0x3b, 0x40, 0x00, 0x89, 0x31,
  0x40, 0x00, 0x89, 0x2a, 0x40, 0x6e, 0x85, 0x3e, 0x40, 0x28, 0x84, 0x26,
  0x40, 0x64, 0x81, 0x26, 0x40, 0x14, 0x80, 0x26, 0x40, 0x28, 0x90, 0x32,
  0x50, 0x00, 0x95, 0x3e, 0x73, 0x0a, 0x91, 0x26, 0x5a, 0x5a, 0x80, 0x32,
  0x40, 0x0a, 0x81, 0x26, 0x40, 0x0a, 0x85, 0x3e, 0x40, 0x28, 0x91, 0x26,
  0x64, 0x00, 0x90, 0x26, 0x55, 0x00, 0x94, 0x26, 0x6e, 0x00, 0x95, 0x42,
  0x7d, 0x00, 0x99, 0x3b, 0x78, 0x00, 0x99, 0x27, 0x7d, 0x00, 0x99, 0x2e,
  0x5a, 0x00, 0x99, 0x26, 0x64, 0x0a, 0x89, 0x3b, 0x40, 0x00, 0x89, 0x26,
  0x40, 0x00, 0x89, 0x2e, 0x40, 0x00, 0x89, 0x27, 0x40, 0x81, 0x16, 0x84,
  0x26, 0x40, 0x64, 0x81, 0x26, 0x40, 0x14, 0x80, 0x26, 0x40, 0x1e, 0x85,
  0x42, 0x40, 0x0a, 0x90, 0x32, 0x55, 0x00, 0x95, 0x3e, 0x73, 0x0a, 0x91,
  0x26, 0x5a, 0x5a, 0x80, 0x32, 0x40, 0x0a, 0x81, 0x26, 0x40, 0x1e, 0x85,
  0x3e, 0x40, 0x14, 0x90, 0x39, 0x6e, 0x00, 0x90, 0x3c, 0x6e, 0x00, 0x90,
  0x3e, 0x6e, 0x00, 0x91, 0x26, 0x64, 0x00, 0x90, 0x26, 0x5a, 0x00, 0x94,
  0x26, 0x6e, 0x00, 0x99, 0x24, 0x6e, 0x00, 0x99, 0x2a, 0x64, 0x00, 0x99,
  0x3b, 0x78, 0x0a, 0x89, 0x24, 0x40, 0x00, 0x89, 0x2a, 0x40, 0x00, 0x89,
  0x3b, 0x40, 0x5a, 0x80, 0x3e, 0x40, 0x00, 0x80, 0x3c, 0x40, 0x00, 0x80,
  0x39, 0x40, 0x3c, 0x84, 0x26, 0x40, 0x64, 0x81, 0x26, 0x40, 0x14, 0x80,
  0x26, 0x40, 0x28, 0x90, 0x32, 0x5a, 0x00, 0x95, 0x39, 0x6e, 0x0a, 0x91,
  0x26, 0x5a, 0x00, 0x99, 0x2a, 0x50, 0x0a, 0x89, 0x2a, 0x40, 0x50, 0x80,
  0x32, 0x40, 0x0a, 0x81, 0x26, 0x40, 0x0a, 0x85, 0x39, 0x40, 0x28, 0x91,
  0x26, 0x64, 0x00, 0x90, 0x26, 0x5f, 0x00, 0x94, 0x26, 0x6e, 0x00, 0x95,
  0x3b, 0x73, 0x00, 0x99, 0x2e, 0x5a, 0x00, 0x99, 0x26, 0x64, 0x00, 0x99,
  0x3b, 0x78, 0x00, 0x99, 0x27, 0x7d, 0x0a, 0x89, 0x2e, 0x40, 0x00, 0x89,
  0x27, 0x40, 0x00, 0x89, 0x3b, 0x40, 0x00, 0x89, 0x26, 0x40, 0x81, 0x16,
  0x84, 0x26, 0x40, 0x64, 0x81, 0x26, 0x40, 0x14, 0x80, 0x26, 0x40, 0x1e,
  0x85, 0x3b, 0x40, 0x0a, 0x90, 0x32, 0x5f, 0x00, 0x95, 0x3d, 0x73, 0x0a,
  0x91, 0x26, 0x5a, 0x5a, 0x80, 0x32, 0x40, 0x0a, 0x81, 0x26, 0x40, 0x1e,
  0x85, 0x3d, 0x40, 0x14, 0x90, 0x39, 0x6e, 0x00, 0x90, 0x3c, 0x6e, 0x00,
  0x90, 0x3e, 0x6e, 0x00, 0x91, 0x26, 0x64, 0x00, 0x90, 0x26, 0x5a, 0x00,
  0x94, 0x26, 0x6e, 0x00, 0x95, 0x3e, 0x78, 0x00, 0x99, 0x24, 0x6e, 0x00,
  0x99, 0x3b, 0x78, 0x00, 0x99, 0x2a, 0x64, 0x0a, 0x89, 0x24, 0x40, 0x00,
  0x89, 0x3b, 0x40, 0x00, 0x89, 0x2a, 0x40, 0x5a, 0x80, 0x3c, 0x40, 0x00,
  0x80, 0x39, 0x40, 0x00, 0x80, 0x3e, 0x40, 0x14, 0x85, 0x3e, 0x40, 0x28,
  0x84, 0x26, 0x40, 0x64, 0x81, 0x26, 0x40, 0x14, 0x80, 0x26, 0x40, 0x28,
  0x90, 0x32, 0x5a, 0x00, 0x95, 0x3e, 0x73, 0x0a, 0x91, 0x26, 0x5a, 0x5a,
  0x80, 0x32, 0x40, 0x0a, 0x81, 0x26, 0x40, 0x0a, 0x85, 0x3e, 0x40, 0x0a,
  0x95, 0x41, 0x73, 0x1e, 0x91, 0x26, 0x64, 0x00, 0x90, 0x26, 0x55, 0x00,
  0x94, 0x26, 0x6e, 0x00, 0x99, 0x2e, 0x5a, 0x00, 0x99, 0x26, 0x64, 0x00,
  0x99, 0x3b, 0x78, 0x00, 0x99, 0x27, 0x7d, 0x0a, 0x89, 0x2e, 0x40, 0x00,
  0x89, 0x27, 0x40, 0x00, 0x89, 0x3b, 0x40, 0x00, 0x89, 0x26, 0x40, 0x46,
  0x95, 0x42, 0x78, 0x14, 0x85, 0x41, 0x40, 0x3c, 0x84, 0x26, 0x40, 0x64,
  0x81, 0x26, 0x40, 0x14, 0x80, 0x26, 0x40, 0x28, 0x85, 0x42, 0x40, 0x00,
  0x90, 0x39, 0x6e, 0x00, 0x90, 0x3c, 0x6e, 0x00, 0x90, 0x3e, 0x6e, 0x00,
  0x90, 0x32, 0x55, 0x00, 0x95, 0x3e, 0x73, 0x0a, 0x91, 0x26, 0x5a, 0x5a,
  0x80, 0x39, 0x40, 0x00, 0x80, 0x3c, 0x40, 0x00, 0x80, 0x32, 0x40, 0x00,
  0x80, 0x3e, 0x40, 0x0a, 0x81, 0x26, 0x40, 0x1e, 0x85, 0x3e, 0x40, 0x14,
  0x91, 0x26, 0x64, 0x00, 0x90, 0x26, 0x50, 0x00, 0x94, 0x26, 0x6e, 0x00,
  0x99, 0x24, 0x6e, 0x00, 0x99, 0x3b, 0x78, 0x00, 0x99, 0x2a, 0x64, 0x0a,
  0x89, 0x24, 0x40, 0x00, 0x89, 0x3b, 0x40, 0x00, 0x89, 0x2a, 0x40, 0x81,
  0x16, 0x84, 0x26, 0x40, 0x64, 0x81, 0x26, 0x40, 0x14, 0x80, 0x26, 0x40,
  0x28, 0x90, 0x32, 0x50, 0x00, 0x95, 0x3e, 0x73, 0x0a, 0x91, 0x26, 0x5a,
  0x00, 0x99, 0x2a, 0x50, 0x0a, 0x89, 0x2a, 0x40, 0x50, 0x80, 0x32, 0x40,
  0x0a, 0x81, 0x26, 0x40, 0x0a, 0x85, 0x3e, 0x40, 0x28, 0x91, 0x26, 0x64,
  0x00, 0x90, 0x26, 0x4b, 0x00, 0x94, 0x26, 0x6e, 0x00, 0x95, 0x42, 0x78,
  0x00, 0x99, 0x2e, 0x5a, 0x00, 0x99, 0x26, 0x64, 0x00, 0x99, 0x3b, 0x78,
  0x00, 0x99, 0x27, 0x7d, 0x0a, 0x89, 0x2e, 0x40, 0x00, 0x89, 0x27, 0x40,
  0x00, 0x89, 0x3b, 0x40, 0x00, 0x89, 0x26, 0x40, 0x81, 0x16, 0x84, 0x26,
  0x40, 0x64, 0x81, 0x26, 0x40, 0x14, 0x80, 0x26, 0x40, 0x14, 0x85, 0x42,
  0x40, 0x14, 0x90, 0x32, 0x4b, 0x00, 0x95, 0x43, 0x73, 0x0a, 0x91, 0x26,
  0x5a, 0x5a, 0x80, 0x32, 0x40, 0x0a, 0x81, 0x26, 0x40, 0x1e, 0x85, 0x43,
  0x40, 0x14, 0x91, 0x26, 0x64, 0x00, 0x90, 0x26, 0x50, 0x00, 0x94, 0x26,
  0x6e, 0x00, 0x95, 0x45, 0x78, 0x00, 0x99, 0x24, 0x6e, 0x00, 0x99, 0x3b,
  0x78, 0x00, 0x99, 0x2a, 0x64, 0x0a, 0x89, 0x24, 0x40, 0x00, 0x89, 0x2a,
  0x40, 0x00, 0x89, 0x3b, 0x40, 0x6e, 0x85, 0x45, 0x40, 0x28, 0x84, 0x26,
  0x40, 0x64, 0x81, 0x26, 0x40, 0x14, 0x80, 0x26, 0x40, 0x28, 0x90, 0x39,
  0x6e, 0x00, 0x90, 0x3c, 0x6e, 0x00, 0x90, 0x3e, 0x6e, 0x00, 0x90, 0x32,
  0x50, 0x00, 0x95, 0x45, 0x73, 0x0a, 0x91, 0x26, 0x5a, 0x5a, 0x80, 0x39,
  0x40, 0x00, 0x80, 0x3c, 0x40, 0x00, 0x80, 0x32, 0x40, 0x00, 0x80, 0x3e,
  0x40, 0x0a, 0x81, 0x26, 0x40, 0x0a, 0x85, 0x45, 0x40, 0x28, 0x91, 0x26,
  0x64, 0x00, 0x90, 0x26, 0x55, 0x00, 0x94, 0x26, 0x6e, 0x00, 0x95, 0x47,
  0x73, 0x00, 0x99, 0x2e, 0x5a, 0x00, 0x99, 0x26, 0x64, 0x00, 0x99, 0x3b,
  0x78, 0x00, 0x99, 0x27, 0x7d, 0x0a, 0x89, 0x2e, 0x40, 0x00, 0x89, 0x27,
  0x40, 0x00, 0x89, 0x3b, 0x40, 0x00, 0x89, 0x26, 0x40, 0x81, 0x16, 0x84,
  0x26, 0x40, 0x64, 0x81, 0x26, 0x40, 0x14, 0x80, 0x26, 0x40, 0x14, 0x85,
  0x47, 0x40, 0x14, 0x90, 0x32, 0x55, 0x00, 0x95, 0x49, 0x78, 0x0a, 0x91,
  0x26, 0x5a, 0x5a, 0x80, 0x32, 0x40, 0x0a, 0x81, 0x26, 0x40, 0x1e, 0x85,
  0x49, 0x40, 0x14, 0x90, 0x39, 0x6e, 0x00, 0x90, 0x3c, 0x6e, 0x00, 0x90,
  0x3e, 0x6e, 0x00, 0x91, 0x26, 0x64, 0x00, 0x90, 0x26, 0x5a, 0x00, 0x94,
  0x26, 0x6e, 0x00, 0x95, 0x4a, 0x78, 0x00, 0x99, 0x24, 0x6e, 0x00, 0x99,
  0x3b, 0x78, 0x00, 0x99, 0x2a, 0x64, 0x0a, 0x89, 0x24, 0x40, 0x00, 0x89,
  0x3b, 0x40, 0x00, 0x89, 0x2a, 0x40, 0x5a, 0x80, 0x3c, 0x40, 0x00, 0x80,
  0x39, 0x40, 0x00, 0x80, 0x3e, 0x40, 0x28, 0x85, 0x4a, 0x40, 0x14, 0x84,
  0x26, 0x40, 0x00, 0x95, 0x4e, 0x7d, 0x64, 0x81, 0x26, 0x40, 0x14, 0x80,
  0x26, 0x40, 0x14, 0x85, 0x4e, 0x40, 0x14, 0x90, 0x32, 0x5a, 0x00, 0x95,
  0x4a, 0x73, 0x0a, 0x91, 0x26, 0x5a, 0x00, 0x99, 0x2a, 0x50, 0x0a, 0x89,
  0x2a, 0x40, 0x50, 0x80, 0x32, 0x40, 0x0a, 0x81, 0x26, 0x40, 0x00, 0x85,
  0x4a, 0x40, 0x32, 0x91, 0x26, 0x64, 0x00, 0x90, 0x26, 0x5f, 0x00, 0x94,
  0x26, 0x6e, 0x00, 0x95, 0x47, 0x78, 0x00, 0x99, 0x2e, 0x5a, 0x00, 0x99,
  0x26, 0x64, 0x00, 0x99, 0x3b, 0x78, 0x00, 0x99, 0x27, 0x7d, 0x0a, 0x89,
  0x2e, 0x40, 0x00, 0x89, 0x27, 0x40, 0x00, 0x89, 0x3b, 0x40, 0x00, 0x89,
  0x26, 0x40, 0x81, 0x16, 0x84, 0x26, 0x40, 0x28, 0x85, 0x47, 0x40, 0x3c,
  0x81, 0x26, 0x40, 0x14, 0x80, 0x26, 0x40, 0x28, 0x90, 0x32, 0x5f, 0x00,
  0x95, 0x45, 0x73, 0x0a, 0x91, 0x26, 0x5a, 0x5a, 0x80, 0x32, 0x40, 0x0a,
  0x81, 0x26, 0x40, 0x32, 0x90, 0x3c, 0x6e, 0x00, 0x90, 0x42, 0x6e, 0x00,
  0x90, 0x3e, 0x6e, 0x00, 0x91, 0x26, 0x64, 0x00, 0x90, 0x26, 0x5a, 0x00,
  0x94, 0x26, 0x6e, 0x00, 0x99, 0x24, 0x6e, 0x00, 0x99, 0x3b, 0x78, 0x00,
  0x99, 0x2a, 0x64, 0x0a, 0x89, 0x24, 0x40, 0x00, 0x89, 0x3b, 0x40, 0x00,
  0x89, 0x2a, 0x40, 0x5a, 0x80, 0x3e, 0x40, 0x00, 0x80, 0x3c, 0x40, 0x00,
  0x80, 0x42, 0x40, 0x3c, 0x84, 0x26, 0x40, 0x64, 0x81, 0x26, 0x40, 0x14,
  0x80, 0x26, 0x40, 0x28, 0x90, 0x32, 0x5a, 0x0a, 0x91, 0x26, 0x5a, 0x5a,
  0x80, 0x32, 0x40, 0x0a, 0x81, 0x26, 0x40, 0x32, 0x91, 0x28, 0x64, 0x00,
  0x90, 0x28, 0x55, 0x00, 0x94, 0x28, 0x6e, 0x00, 0x99, 0x2e, 0x5a, 0x00,
  0x99, 0x26, 0x64, 0x00, 0x99, 0x3b, 0x78, 0x00, 0x99, 0x27, 0x7d, 0x0a,
  0x89, 0x2e, 0x40, 0x00, 0x89, 0x27, 0x40, 0x00, 0x89, 0x3b, 0x40, 0x00,
  0x89, 0x26, 0x40, 0x81, 0x16, 0x84, 0x28, 0x40, 0x64, 0x81, 0x28, 0x40,
  0x14, 0x80, 0x28, 0x40, 0x28, 0x90, 0x3c, 0x6e, 0x00, 0x90, 0x3e, 0x6e,
  0x00, 0x90, 0x42, 0x6e, 0x00, 0x90, 0x34, 0x55, 0x0a, 0x91, 0x28, 0x5a,
  0x5a, 0x80, 0x3c, 0x40, 0x00, 0x80, 0x42, 0x40, 0x00, 0x80, 0x34, 0x40,
  0x00, 0x80, 0x3e, 0x40, 0x0a, 0x81, 0x28, 0x40, 0x32, 0x91, 0x29, 0x64,
  0x00, 0x90, 0x29, 0x50, 0x00, 0x94, 0x29, 0x6e, 0x00, 0x99, 0x24, 0x6e,
  0x00, 0x99, 0x3b, 0x78, 0x00, 0x99, 0x2a, 0x64, 0x0a, 0x89, 0x24, 0x40,
  0x00, 0x89, 0x2a, 0x40, 0x00, 0x89, 0x3b, 0x40, 0x81, 0x16, 0x84, 0x29,
  0x40, 0x00, 0x99, 0x2a, 0x50, 0x0a, 0x89, 0x2a, 0x40, 0x5a, 0x81, 0x29,
  0x40, 0x14, 0x80, 0x29, 0x40, 0x28, 0x90, 0x35, 0x50, 0x00, 0x99, 0x2a,
  0x50, 0x0a, 0x89, 0x2a, 0x40, 0x00, 0x90, 0x3c, 0x6e, 0x00, 0x90, 0x45,
  0x6e, 0x00, 0x90, 0x42, 0x6e, 0x00, 0x91, 0x29, 0x5a, 0x5a, 0x85, 0x45,
  0x40, 0x00, 0x80, 0x35, 0x40, 0x0a, 0x81, 0x29, 0x40, 0x32, 0x91, 0x2a,
  0x64, 0x00, 0x90, 0x2a, 0x4b, 0x00, 0x94, 0x2a, 0x6e, 0x00, 0x95, 0x47,
  0x73, 0x00, 0x99, 0x2e, 0x5a, 0x00, 0x99, 0x26, 0x64, 0x00, 0x99, 0x3b,
  0x78, 0x00, 0x99, 0x27, 0x7d, 0x0a, 0x89, 0x2e, 0x40, 0x00, 0x89, 0x27,
  0x40, 0x00, 0x89, 0x26, 0x40, 0x00, 0x89, 0x3b, 0x40, 0x50, 0x80, 0x3c,
  0x40, 0x46, 0x84, 0x2a, 0x40, 0x64, 0x81, 0x2a, 0x40, 0x0a, 0x80, 0x45,
  0x40, 0x00, 0x80, 0x42, 0x40, 0x0a, 0x80, 0x2a, 0x40, 0x14, 0x85, 0x47,
  0x40, 0x14, 0x90, 0x36, 0x4b, 0x00, 0x95, 0x49, 0x73, 0x0a, 0x91, 0x2a,
  0x5a, 0x00, 0x99, 0x2a, 0x50, 0x0a, 0x89, 0x2a, 0x40, 0x50, 0x80, 0x36,
  0x40, 0x0a, 0x81, 0x2a, 0x40, 0x1e, 0x85, 0x49, 0x40, 0x14, 0x91, 0x2b,
  0x64, 0x00, 0x90, 0x2b, 0x50, 0x00, 0x94, 0x2b, 0x6e, 0x00, 0x95, 0x4a,
  0x78, 0x00, 0x99, 0x24, 0x6e, 0x00, 0x99, 0x2a, 0x64, 0x00, 0x99, 0x3b,
  0x78, 0x0a, 0x89, 0x24, 0x40, 0x00, 0x89, 0x3b, 0x40, 0x00, 0x89, 0x2a,
  0x40, 0x81, 0x02, 0x85, 0x4a, 0x40, 0x14, 0x84, 0x2b, 0x40, 0x64, 0x81,
  0x2b, 0x40, 0x14, 0x80, 0x2b, 0x40, 0x28, 0x90, 0x3b, 0x6e, 0x00, 0x90,
  0x3e, 0x6e, 0x00, 0x90, 0x43, 0x6e, 0x00, 0x90, 0x37, 0x50, 0x00, 0x95,
  0x4a, 0x78, 0x0a, 0x91, 0x2b, 0x5a, 0x5a, 0x80, 0x3b, 0x40, 0x00, 0x80,
  0x3e, 0x40, 0x00, 0x80, 0x37, 0x40, 0x00, 0x80, 0x43, 0x40, 0x0a, 0x81,
  0x2b, 0x40, 0x1e, 0x85, 0x4a, 0x40, 0x14, 0x91, 0x2b, 0x64, 0x00, 0x90,
  0x2b, 0x55, 0x00, 0x94, 0x2b, 0x6e, 0x00, 0x95, 0x49, 0x73, 0x00, 0x99,
  0x3b, 0x78, 0x00, 0x99, 0x27, 0x7d, 0x00, 0x99, 0x2e, 0x5a, 0x00, 0x99,
  0x26, 0x64, 0x0a, 0x89, 0x3b, 0x40, 0x00, 0x89, 0x26, 0x40, 0x00, 0x89,
  0x2e, 0x40, 0x00, 0x89, 0x27, 0x40, 0x81, 0x16, 0x84, 0x2b, 0x40, 0x64,
  0x81, 0x2b, 0x40, 0x14, 0x80, 0x2b, 0x40, 0x1e, 0x85, 0x49, 0x40, 0x0a,
  0x90, 0x37, 0x55, 0x00, 0x95, 0x4a, 0x73, 0x0a, 0x91, 0x2b, 0x5a, 0x5a,
  0x80, 0x37, 0x40, 0x0a, 0x81, 0x2b, 0x40, 0x14, 0x85, 0x4a, 0x40, 0x1e,
  0x90, 0x3b, 0x6e, 0x00, 0x90, 0x3e, 0x6e, 0x00, 0x90, 0x43, 0x6e, 0x00,
  0x91, 0x2b, 0x64, 0x00, 0x90, 0x2b, 0x5a, 0x00, 0x94, 0x2b, 0x6e, 0x00,
  0x99, 0x24, 0x6e, 0x00, 0x99, 0x2a, 0x64, 0x00, 0x99, 0x3b, 0x78, 0x0a,
  0x89, 0x24, 0x40, 0x00, 0x89, 0x2a, 0x40, 0x00, 0x89, 0x3b, 0x40, 0x5a,
  0x80, 0x43, 0x40, 0x00, 0x80, 0x3e, 0x40, 0x00, 0x80, 0x3b, 0x40, 0x3c,
  0x84, 0x2b, 0x40, 0x64, 0x81, 0x2b, 0x40, 0x14, 0x80, 0x2b, 0x40, 0x28,
  0x90, 0x37, 0x5a, 0x00, 0x95, 0x43, 0x73, 0x0a, 0x91, 0x2b, 0x5a, 0x00,
  0x99, 0x2a, 0x50, 0x0a, 0x89, 0x2a, 0x40, 0x50, 0x80, 0x37, 0x40, 0x0a,
  0x81, 0x2b, 0x40, 0x23, 0x85, 0x43, 0x40, 0x0f, 0x91, 0x2b, 0x64, 0x00,
  0x90, 0x2b, 0x5f, 0x00, 0x94, 0x2b, 0x6e, 0x00, 0x95, 0x45, 0x78, 0x00,
  0x99, 0x2e, 0x5a, 0x00, 0x99, 0x26, 0x64, 0x00, 0x99, 0x3b, 0x78, 0x00,
  0x99, 0x27, 0x7d, 0x0a, 0x89, 0x2e, 0x40, 0x00, 0x89, 0x27, 0x40, 0x00,
  0x89, 0x3b, 0x40, 0x00, 0x89, 0x26, 0x40, 0x81, 0x07, 0x85, 0x45, 0x40,
  0x0f, 0x84, 0x2b, 0x40, 0x00, 0x95, 0x47, 0x78, 0x64, 0x81, 0x2b, 0x40,
  0x14, 0x80, 0x2b, 0x40, 0x19, 0x85, 0x47, 0x40, 0x0f, 0x90, 0x37, 0x5f,
  0x00, 0x95, 0x49, 0x73, 0x0a, 0x91, 0x2b, 0x5a, 0x5a, 0x80, 0x37, 0x40,
  0x0a, 0x81, 0x2b, 0x40, 0x23, 0x85, 0x49, 0x40, 0x0f, 0x90, 0x3c, 0x6e,
  0x00, 0x90, 0x3e, 0x6e, 0x00, 0x90, 0x43, 0x6e, 0x00, 0x91, 0x2b, 0x64,
  0x00, 0x90, 0x2b, 0x5a, 0x00, 0x94, 0x2b, 0x6e, 0x00, 0x95, 0x4a, 0x7d,
  0x00, 0x99, 0x24, 0x6e, 0x00, 0x99, 0x3b, 0x78, 0x00, 0x99, 0x2a, 0x64,
  0x0a, 0x89, 0x24, 0x40, 0x00, 0x89, 0x3b, 0x40, 0x00, 0x89, 0x2a, 0x40,
  0x5a, 0x80, 0x3e, 0x40, 0x00, 0x80, 0x3c, 0x40, 0x00, 0x80, 0x43, 0x40,
  0x28, 0x85, 0x4a, 0x40, 0x14, 0x84, 0x2b, 0x40, 0x64, 0x81, 0x2b, 0x40,
  0x14, 0x80, 0x2b, 0x40, 0x28, 0x90, 0x37, 0x5a, 0x00, 0x95, 0x4a, 0x73,
  0x0a, 0x91, 0x2b, 0x5a, 0x5a, 0x80, 0x37, 0x40, 0x0a, 0x81, 0x2b, 0x40,
  0x1e, 0x85, 0x4a, 0x40, 0x14, 0x91, 0x2b, 0x64, 0x00, 0x90, 0x2b, 0x55,
  0x00, 0x94, 0x2b, 0x6e, 0x00, 0x95, 0x49, 0x73, 0x00, 0x99, 0x2e, 0x5a,
  0x00, 0x99, 0x26, 0x64, 0x00, 0x99, 0x3b, 0x78, 0x00, 0x99, 0x27, 0x7d,
  0x0a, 0x89, 0x2e, 0x40, 0x00, 0x89, 0x27, 0x40, 0x00, 0x89, 0x3b, 0x40,
  0x00, 0x89, 0x26, 0x40, 0x81, 0x16, 0x84, 0x2b, 0x40, 0x64, 0x81, 0x2b,
  0x40, 0x14, 0x80, 0x2b, 0x40, 0x1e, 0x85, 0x49, 0x40, 0x0a, 0x90, 0x3b,
  0x6e, 0x00, 0x90, 0x3e, 0x6e, 0x00, 0x90, 0x43, 0x6e, 0x00, 0x90, 0x37,
  0x55, 0x00, 0x95, 0x4a, 0x78, 0x0a, 0x91, 0x2b, 0x5a, 0x5a, 0x80, 0x37,
  0x40, 0x0a, 0x81, 0x2b, 0x40, 0x14, 0x85, 0x4a, 0x40, 0x1e, 0x91, 0x2b,
  0x64, 0x00, 0x90, 0x2b, 0x50, 0x00, 0x94, 0x2b, 0x6e, 0x00, 0x99, 0x24,
  0x6e, 0x00, 0x99, 0x3b, 0x78, 0x00, 0x99, 0x2a, 0x64, 0x0a, 0x89, 0x24,
  0x40, 0x00, 0x89, 0x3b, 0x40, 0x00, 0x89, 0x2a, 0x40, 0x46, 0x80, 0x3b,
  0x40, 0x50, 0x84, 0x2b, 0x40, 0x64, 0x81, 0x2b, 0x40, 0x00, 0x80, 0x3e,
  0x40, 0x00, 0x80, 0x43, 0x40, 0x14, 0x80, 0x2b, 0x40, 0x28, 0x90, 0x37,
  0x50, 0x00, 0x95, 0x43, 0x73, 0x0a, 0x91, 0x2b, 0x5a, 0x00, 0x99, 0x2a,
  0x50, 0x0a, 0x89, 0x2a, 0x40, 0x50, 0x80, 0x37, 0x40, 0x0a, 0x81, 0x2b,
  0x40, 0x23, 0x85, 0x43, 0x40, 0x0f, 0x91, 0x2b, 0x64, 0x00, 0x90, 0x2b,
  0x4b, 0x00, 0x94, 0x2b, 0x6e, 0x00, 0x95, 0x45, 0x73, 0x00, 0x99, 0x2e,
  0x5a, 0x00, 0x99, 0x26, 0x64, 0x00, 0x99, 0x3b, 0x78, 0x00, 0x99, 0x27,
  0x7d, 0x0a, 0x89, 0x2e, 0x40, 0x00, 0x89, 0x27, 0x40, 0x00, 0x89, 0x3b,
  0x40, 0x00, 0x89, 0x26, 0x40, 0x81, 0x07, 0x85, 0x45, 0x40, 0x0f, 0x84,
  0x2b, 0x40, 0x00, 0x95, 0x47, 0x78, 0x64, 0x81, 0x2b, 0x40, 0x14, 0x80,
  0x2b, 0x40, 0x19, 0x85, 0x47, 0x40, 0x0f, 0x90, 0x37, 0x4b, 0x00, 0x95,
  0x49, 0x73, 0x0a, 0x91, 0x2b, 0x5a, 0x5a, 0x80, 0x37, 0x40, 0x0a, 0x81,
  0x2b, 0x40, 0x23, 0x85, 0x49, 0x40, 0x0f, 0x91, 0x26, 0x64, 0x00, 0x90,
  0x26, 0x50, 0x00, 0x94, 0x26, 0x6e, 0x00, 0x95, 0x4a, 0x78, 0x00, 0x99,
  0x24, 0x6e, 0x00, 0x99, 0x3b, 0x78, 0x00, 0x99, 0x2a, 0x64, 0x0a, 0x89,
  0x24, 0x40, 0x00, 0x89, 0x2a, 0x40, 0x00, 0x89, 0x3b, 0x40, 0x78, 0x85,
  0x4a, 0x40, 0x1e, 0x84, 0x26, 0x40, 0x64, 0x81, 0x26, 0x40, 0x14, 0x80,
  0x26, 0x40, 0x28, 0x90, 0x3c, 0x6e, 0x00, 0x90, 0x3e, 0x6e, 0x00, 0x90,
  0x42, 0x6e, 0x00, 0x90, 0x32, 0x50, 0x00, 0x95, 0x4a, 0x73, 0x0a, 0x91,
  0x26, 0x5a, 0x5a, 0x80, 0x3c, 0x40, 0x00, 0x80, 0x3e, 0x40, 0x00, 0x80,
  0x32, 0x40, 0x00, 0x80, 0x42, 0x40, 0x0a, 0x81, 0x26, 0x40, 0x14, 0x85,
  0x4a, 0x40, 0x1e, 0x91, 0x26, 0x64, 0x00, 0x90, 0x26, 0x55, 0x00, 0x94,
  0x26, 0x6e, 0x00, 0x95, 0x4a, 0x73, 0x00, 0x99, 0x2e, 0x5a, 0x00, 0x99,
  0x26, 0x64, 0x00, 0x99, 0x3b, 0x78, 0x00, 0x99, 0x27, 0x7d, 0x0a, 0x89,
  0x2e, 0x40, 0x00, 0x89, 0x27, 0x40, 0x00, 0x89, 0x3b, 0x40, 0x00, 0x89,
  0x26, 0x40, 0x81, 0x02, 0x85, 0x4a, 0x40, 0x14, 0x84, 0x26, 0x40, 0x00,
  0x95, 0x4e, 0x7d, 0x64, 0x81, 0x26, 0x40, 0x14, 0x80, 0x26, 0x40, 0x14,
  0x85, 0x4e, 0x40, 0x14, 0x90, 0x32, 0x55, 0x00, 0x95, 0x4a, 0x78, 0x0a,
  0x91, 0x26, 0x5a, 0x5a, 0x80, 0x32, 0x40, 0x0a, 0x81, 0x26, 0x40, 0x1e,
  0x85, 0x4a, 0x40, 0x14, 0x90, 0x3c, 0x6e, 0x00, 0x90, 0x3e, 0x6e, 0x00,
  0x90, 0x42, 0x6e, 0x00, 0x91, 0x26, 0x64, 0x00, 0x90, 0x26, 0x5a, 0x00,
  0x94, 0x26, 0x6e, 0x00, 0x95, 0x47, 0x73, 0x00, 0x99, 0x24, 0x6e, 0x00,
  0x99, 0x3b, 0x78, 0x00, 0x99, 0x2a, 0x64, 0x0a, 0x89, 0x24, 0x40, 0x00,
  0x89, 0x3b, 0x40, 0x00, 0x89, 0x2a, 0x40, 0x5a, 0x80, 0x3e, 0x40, 0x00,
  0x80, 0x3c, 0x40, 0x00, 0x80, 0x42, 0x40, 0x3c, 0x84, 0x26, 0x40, 0x64,
  0x81, 0x26, 0x40, 0x14, 0x80, 0x26, 0x40, 0x28, 0x90, 0x32, 0x5a, 0x0a,
  0x91, 0x26, 0x5a, 0x00, 0x99, 0x2a, 0x50, 0x0a, 0x89, 0x2a, 0x40, 0x50,
  0x80, 0x32, 0x40, 0x0a, 0x81, 0x26, 0x40, 0x00, 0x85, 0x47, 0x40, 0x32,
  0x91, 0x26, 0x64, 0x00, 0x90, 0x26, 0x5f, 0x00, 0x94, 0x26, 0x6e, 0x00,
  0x95, 0x46, 0x73, 0x00, 0x99, 0x2e, 0x5a, 0x00, 0x99, 0x26, 0x64, 0x00,
  0x99, 0x3b, 0x78, 0x00, 0x99, 0x27, 0x7d, 0x0a, 0x89, 0x2e, 0x40, 0x00,
  0x89, 0x27, 0x40, 0x00, 0x89, 0x3b, 0x40, 0x00, 0x89, 0x26, 0x40, 0x81,
  0x16, 0x84, 0x26, 0x40, 0x64, 0x81, 0x26, 0x40, 0x14, 0x80, 0x26, 0x40,
  0x1e, 0x85, 0x46, 0x40, 0x0a, 0x90, 0x32, 0x5f, 0x00, 0x95, 0x45, 0x78,
  0x0a, 0x91, 0x26, 0x5a, 0x5a, 0x80, 0x32, 0x40, 0x0a, 0x81, 0x26, 0x40,
  0x32, 0x90, 0x3c, 0x6e, 0x00, 0x90, 0x3e, 0x6e, 0x00, 0x90, 0x43, 0x6e,
  0x00, 0x91, 0x26, 0x64, 0x00, 0x90, 0x26, 0x5a, 0x00, 0x94, 0x26, 0x6e,
  0x00, 0x99, 0x24, 0x6e, 0x00, 0x99, 0x3b, 0x78, 0x00, 0x99, 0x2a, 0x64,
  0x0a, 0x89, 0x24, 0x40, 0x00, 0x89, 0x3b, 0x40, 0x00, 0x89, 0x2a, 0x40,
  0x5a, 0x80, 0x43, 0x40, 0x00, 0x80, 0x3c, 0x40, 0x00, 0x80, 0x3e, 0x40,
  0x3c, 0x84, 0x26, 0x40, 0x64, 0x81, 0x26, 0x40, 0x14, 0x80, 0x26, 0x40,
  0x28, 0x90, 0x32, 0x5a, 0x0a, 0x91, 0x26, 0x5a, 0x5a, 0x80, 0x32, 0x40,
  0x0a, 0x81, 0x26, 0x40, 0x32, 0x91, 0x26, 0x64, 0x00, 0x90, 0x26, 0x55,
  0x00, 0x94, 0x26, 0x6e, 0x00, 0x99, 0x2e, 0x5a, 0x00, 0x99, 0x26, 0x64,
  0x00, 0x99, 0x3b, 0x78, 0x00, 0x99, 0x27, 0x7d, 0x0a, 0x89, 0x2e, 0x40,
  0x00, 0x89, 0x27, 0x40, 0x00, 0x89, 0x3b, 0x40, 0x00, 0x89, 0x26, 0x40,
  0x81, 0x16, 0x84, 0x26, 0x40, 0x64, 0x81, 0x26, 0x40, 0x14, 0x80, 0x26,
  0x40, 0x28, 0x90, 0x3c, 0x6e, 0x00, 0x90, 0x3e, 0x6e, 0x00, 0x90, 0x42,
  0x6e, 0x00, 0x90, 0x32, 0x55, 0x0a, 0x91, 0x26, 0x5a, 0x5a, 0x80, 0x32,
  0x40, 0x0a, 0x81, 0x26, 0x40, 0x32, 0x91, 0x26, 0x64, 0x00, 0x90, 0x26,
  0x50, 0x00, 0x94, 0x26, 0x6e, 0x00, 0x99, 0x24, 0x6e, 0x00, 0x99, 0x3b,
  0x78, 0x00, 0x99, 0x2a, 0x64, 0x0a, 0x89, 0x24, 0x40, 0x00, 0x89, 0x3b,
  0x40, 0x00, 0x89, 0x2a, 0x40, 0x81, 0x16, 0x84, 0x26, 0x40, 0x64, 0x80,
  0x3e, 0x40, 0x00, 0x80, 0x3c, 0x40, 0x00, 0x81, 0x26, 0x40, 0x00, 0x80,
  0x42, 0x40, 0x14, 0x80, 0x26, 0x40, 0x28, 0x90, 0x32, 0x50, 0x0a, 0x91,
  0x26, 0x5a, 0x00, 0x99, 0x2a, 0x50, 0x0a, 0x89, 0x2a, 0x40, 0x50, 0x80,
  0x32, 0x40, 0x0a, 0x81, 0x26, 0x40, 0x00, 0x85, 0x45, 0x40, 0x32, 0x91,
  0x26, 0x64, 0x00, 0x90, 0x26, 0x4b, 0x00, 0x94, 0x26, 0x6e, 0x00, 0x99,
  0x2e, 0x5a, 0x00, 0x99, 0x26, 0x64, 0x00, 0x99, 0x3b, 0x78, 0x00, 0x99,
  0x27, 0x7d, 0x0a, 0x89, 0x2e, 0x40, 0x00, 0x89, 0x27, 0x40, 0x00, 0x89,
  0x26, 0x40, 0x00, 0x89, 0x3b, 0x40, 0x81, 0x16, 0x84, 0x26, 0x40, 0x64,
  0x81, 0x26, 0x40, 0x14, 0x80, 0x26, 0x40, 0x28, 0x90, 0x32, 0x4b, 0x0a,
  0x91, 0x26, 0x5a, 0x5a, 0x80, 0x32, 0x40, 0x0a, 0x81, 0x26, 0x40, 0x32,
  0x91, 0x2d, 0x64, 0x00, 0x90, 0x2d, 0x50, 0x00, 0x94, 0x2d, 0x6e, 0x00,
  0x99, 0x24, 0x6e, 0x00, 0x95, 0x45, 0x78, 0x00, 0x99, 0x3b, 0x78, 0x00,
  0x99, 0x2a, 0x64, 0x0a, 0x89, 0x24, 0x40, 0x00, 0x89, 0x2a, 0x40, 0x00,
  0x89, 0x3b, 0x40, 0x81, 0x02, 0x85, 0x45, 0x40, 0x14, 0x84, 0x2d, 0x40,
  0x64, 0x81, 0x2d, 0x40, 0x14, 0x80, 0x2d, 0x40, 0x28, 0x90, 0x40, 0x6e,
  0x00, 0x90, 0x45, 0x6e, 0x00, 0x90, 0x43, 0x6e, 0x00, 0x90, 0x39, 0x50,
  0x00, 0x95, 0x45, 0x73, 0x0a, 0x91, 0x2d, 0x5a, 0x5a, 0x80, 0x40, 0x40,
  0x00, 0x80, 0x45, 0x40, 0x00, 0x80, 0x39, 0x40, 0x00, 0x80, 0x43, 0x40,
  0x0a, 0x81, 0x2d, 0x40, 0x0a, 0x85, 0x45, 0x40, 0x28, 0x91, 0x2d, 0x64,
  0x00, 0x90, 0x2d, 0x55, 0x00, 0x94, 0x2d, 0x6e, 0x00, 0x95, 0x49, 0x73,
  0x00, 0x99, 0x2e, 0x5a, 0x00, 0x99, 0x26, 0x64, 0x00, 0x99, 0x3b, 0x78,
  0x00, 0x99, 0x27, 0x7d, 0x0a, 0x89, 0x2e, 0x40, 0x00, 0x89, 0x27, 0x40,
  0x00, 0x89, 0x3b, 0x40, 0x00, 0x89, 0x26, 0x40, 0x81, 0x02, 0x85, 0x49,
  0x40, 0x14, 0x84, 0x2d, 0x40, 0x00, 0x95, 0x4c, 0x73, 0x64, 0x81, 0x2d,
  0x40, 0x14, 0x80, 0x2d, 0x40, 0x14, 0x85, 0x4c, 0x40, 0x0a, 0xe5, 0x18,
  0x38, 0x0a, 0x95, 0x51, 0x7d, 0x00, 0x90, 0x39, 0x55, 0x0a, 0x91, 0x2d,
  0x5a, 0x28, 0xe5, 0x44, 0x3a, 0x32, 0x80, 0x39, 0x40, 0x00, 0xe5, 0x54,
  0x3d, 0x0a, 0x81, 0x2d, 0x40, 0x1e, 0xe5, 0x00, 0x40, 0x14, 0x99, 0x24,
  0x6e, 0x00, 0x90, 0x40, 0x6e, 0x00, 0x90, 0x43, 0x6e, 0x00, 0x90, 0x45,
  0x6e, 0x00, 0x91, 0x2d, 0x64, 0x00, 0x90, 0x2d, 0x5a, 0x00, 0x94, 0x2d,
  0x6e, 0x00, 0x99, 0x3b, 0x78, 0x00, 0x99, 0x2a, 0x64, 0x0a, 0x89, 0x24,
  0x40, 0x00, 0x89, 0x3b, 0x40, 0x00, 0x89, 0x2a, 0x40, 0x5a, 0x80, 0x43,
  0x40, 0x00, 0x80, 0x45, 0x40, 0x00, 0x80, 0x40, 0x40, 0x3c, 0x84, 0x2d,
  0x40, 0x64, 0x81, 0x2d, 0x40, 0x14, 0x80, 0x2d, 0x40, 0x28, 0x90, 0x39,
  0x5a, 0x0a, 0x91, 0x2d, 0x5a, 0x00, 0x99, 0x2a, 0x50, 0x0a, 0x89, 0x2a,
  0x40, 0x50, 0x80, 0x39, 0x40, 0x0a, 0x81, 0x2d, 0x40, 0x32, 0x91, 0x2d,
  0x64, 0x00, 0x90, 0x2d, 0x5f, 0x00, 0x94, 0x2d, 0x6e, 0x00, 0x99, 0x2e,
  0x5a, 0x00, 0x99, 0x26, 0x64, 0x00, 0x99, 0x3b, 0x78, 0x00, 0x99, 0x27,
  0x7d, 0x0a, 0x89, 0x2e, 0x40, 0x00, 0x89, 0x27, 0x40, 0x00, 0x89, 0x3b,
  0x40, 0x00, 0x89, 0x26, 0x40, 0x81, 0x16, 0x84, 0x2d, 0x40, 0x64, 0x81,
  0x2d, 0x40, 0x14, 0x80, 0x2d, 0x40, 0x28, 0x90, 0x39, 0x5f, 0x0a, 0x91,
  0x2d, 0x5a, 0x5a, 0x80, 0x39, 0x40, 0x0a, 0x81, 0x2d, 0x40, 0x00, 0x85,
  0x51, 0x40, 0x32, 0x90, 0x3c, 0x6e, 0x00, 0x90, 0x3e, 0x6e, 0x00, 0x90,
  0x43, 0x6e, 0x00, 0x91, 0x2b, 0x64, 0x00, 0x90, 0x2b, 0x5a, 0x00, 0x94,
  0x2b, 0x6e, 0x00, 0x99, 0x24, 0x6e, 0x00, 0x95, 0x43, 0x78, 0x00, 0x99,
  0x3b, 0x78, 0x00, 0x99, 0x2a, 0x64, 0x0a, 0x89, 0x24, 0x40, 0x00, 0x89,
  0x3b, 0x40, 0x00, 0x89, 0x2a, 0x40, 0x5a, 0x80, 0x3e, 0x40, 0x00, 0x80,
  0x43, 0x40, 0x00, 0x80, 0x3c, 0x40, 0x28, 0x85, 0x43, 0x40, 0x14, 0x84,
  0x2b, 0x40, 0x64, 0x81, 0x2b, 0x40, 0x14, 0x80, 0x2b, 0x40, 0x28, 0x90,
  0x37, 0x5a, 0x00, 0x95, 0x47, 0x73, 0x0a, 0x91, 0x2b, 0x5a, 0x5a, 0x80,
  0x37, 0x40, 0x0a, 0x81, 0x2b, 0x40, 0x0a, 0x85, 0x47, 0x40, 0x28, 0x91,
  0x2b, 0x64, 0x00, 0x90, 0x2b, 0x55, 0x00, 0x94, 0x2b, 0x6e, 0x00, 0x95,
  0x49, 0x73, 0x00, 0x99, 0x2e, 0x5a, 0x00, 0x99, 0x26, 0x64, 0x00, 0x99,
  0x3b, 0x78, 0x00, 0x99, 0x27, 0x7d, 0x0a, 0x89, 0x2e, 0x40, 0x00, 0x89,
  0x27, 0x40, 0x00, 0x89, 0x3b, 0x40, 0x00, 0x89, 0x26, 0x40, 0x81, 0x02,
  0x85, 0x49, 0x40, 0x14, 0x84, 0x2b, 0x40, 0x00, 0x95, 0x4a, 0x73, 0x64,
  0x81, 0x2b, 0x40, 0x14, 0x80, 0x2b, 0x40, 0x0a, 0x85, 0x4a, 0x40, 0x14,
  0xe5, 0x18, 0x38, 0x0a, 0x95, 0x4f, 0x78, 0x00, 0x90, 0x3b, 0x6e, 0x00,
  0x90, 0x3e, 0x6e, 0x00, 0x90, 0x43, 0x6e, 0x00, 0x90, 0x37, 0x55, 0x0a,
  0x91, 0x2b, 0x5a, 0x28, 0xe5, 0x44, 0x3a, 0x32, 0x80, 0x37, 0x40, 0x00,
  0xe5, 0x54, 0x3d, 0x0a, 0x81, 0x2b, 0x40, 0x1e, 0xe5, 0x00, 0x40, 0x14,
  0x99, 0x24, 0x6e, 0x00, 0x91, 0x2b, 0x64, 0x00, 0x90, 0x2b, 0x50, 0x00,
  0x94, 0x2b, 0x6e, 0x00, 0x99, 0x3b, 0x78, 0x00, 0x99, 0x2a, 0x64, 0x0a,
  0x89, 0x24, 0x40, 0x00, 0x89, 0x3b, 0x40, 0x00, 0x89, 0x2a, 0x40, 0x81,
  0x02, 0x80, 0x43, 0x40, 0x00, 0x80, 0x3b, 0x40, 0x00, 0x80, 0x3e, 0x40,
  0x14, 0x84, 0x2b, 0x40, 0x64, 0x81, 0x2b, 0x40, 0x14, 0x80, 0x2b, 0x40,
  0x28, 0x90, 0x41, 0x6e, 0x00, 0x90, 0x4d, 0x6e, 0x00, 0x90, 0x35, 0x50,
  0x0a, 0x91, 0x29, 0x5a, 0x00, 0x99, 0x2a, 0x50, 0x0a, 0x89, 0x2a, 0x40,
  0x50, 0x80, 0x35, 0x40, 0x00, 0x85, 0x4f, 0x40, 0x0a, 0x81, 0x29, 0x40,
  0x1e, 0x80, 0x4d, 0x40, 0x00, 0x80, 0x41, 0x40, 0x14, 0x90, 0x3d, 0x6e,
  0x00, 0x90, 0x49, 0x6e, 0x00, 0x91, 0x25, 0x64, 0x00, 0x90, 0x25, 0x4b,
  0x00, 0x94, 0x25, 0x6e, 0x00, 0x95, 0x49, 0x73, 0x00, 0x99, 0x2e, 0x5a,
  0x00, 0x99, 0x26, 0x64, 0x00, 0x99, 0x3b, 0x78, 0x00, 0x99, 0x27, 0x7d,
  0x0a, 0x89, 0x2e, 0x40, 0x00, 0x89, 0x26, 0x40, 0x00, 0x89, 0x3b, 0x40,
  0x00, 0x89, 0x27, 0x40, 0x81, 0x16, 0x84, 0x25, 0x40, 0x64, 0x81, 0x25,
  0x40, 0x14, 0x80, 0x25, 0x40, 0x14, 0x85, 0x49, 0x40, 0x0a, 0x80, 0x49,
  0x40, 0x00, 0x80, 0x3d, 0x40, 0x0a, 0x90, 0x31, 0x4b, 0x00, 0x95, 0x4a,
  0x7d, 0x0a, 0x91, 0x25, 0x5a, 0x0a, 0x90, 0x49, 0x6e, 0x00, 0x90, 0x3d,
  0x6e, 0x50, 0x80, 0x31, 0x40, 0x0a, 0x81, 0x25, 0x40, 0x32, 0x80, 0x49,
  0x40, 0x00, 0x80, 0x3d, 0x40, 0x00, 0x91, 0x26, 0x64, 0x00, 0x90, 0x26,
  0x64, 0x00, 0x90, 0x32, 0x64, 0x00, 0x94, 0x26, 0x6e, 0x00, 0x99, 0x24,
  0x6e, 0x00, 0x99, 0x39, 0x6e, 0x00, 0x99, 0x2a, 0x64, 0x0a, 0x89, 0x24,
  0x40, 0x00, 0x89, 0x2a, 0x40, 0x00, 0x89, 0x39, 0x40, 0x1e, 0x85, 0x4a,
  0x40, 0x50, 0x80, 0x32, 0x40, 0x00, 0x80, 0x26, 0x40, 0x28, 0x84, 0x26,
  0x40, 0x81, 0x3e, 0x90, 0x4a, 0x6e, 0x00, 0x90, 0x3e, 0x6e, 0x64, 0x80,
  0x4a, 0x40, 0x00, 0x80, 0x3e, 0x40, 0x1e, 0x90, 0x42, 0x6e, 0x00, 0x90,
  0x4e, 0x6e, 0x82, 0x2c, 0x80, 0x42, 0x40, 0x00, 0x80, 0x4e, 0x40, 0x1e,
  0x90, 0x4a, 0x6e, 0x00, 0x90, 0x3e, 0x6e, 0x64, 0x80, 0x4a, 0x40, 0x00,
  0x80, 0x3e, 0x40, 0x32, 0x90, 0x43, 0x6e, 0x00, 0x90, 0x4f, 0x6e, 0x82,
  0x2c, 0x80, 0x43, 0x40, 0x00, 0x80, 0x4f, 0x40, 0x28, 0x90, 0x4a, 0x6e,
  0x00, 0x90, 0x3e, 0x6e, 0x64, 0x80, 0x4a, 0x40, 0x00, 0x80, 0x3e, 0x40,
  0x28, 0x90, 0x45, 0x6e, 0x00, 0x90, 0x51, 0x6e, 0x82, 0x2c, 0x80, 0x45,
  0x40, 0x00, 0x80, 0x51, 0x40, 0x14, 0x99, 0x30, 0x64, 0x0a, 0x89, 0x30,
  0x40, 0x14, 0x90, 0x49, 0x6e, 0x00, 0x90, 0x3d, 0x6e, 0x64, 0x80, 0x49,
  0x40, 0x00, 0x80, 0x3d, 0x40, 0x1e, 0x90, 0x3e, 0x6e, 0x00, 0x90, 0x45,
  0x6e, 0x00, 0x90, 0x42, 0x6e, 0x00, 0x92, 0x42, 0x6e, 0x00, 0x92, 0x45,
  0x6e, 0x00, 0x99, 0x24, 0x6e, 0x00, 0x99, 0x32, 0x6e, 0x00, 0x99, 0x39,
  0x6e, 0x00, 0x99, 0x2c, 0x64, 0x0a, 0x89, 0x24, 0x40, 0x00, 0x89, 0x32,
  0x40, 0x00, 0x89, 0x39, 0x40, 0x00, 0x89, 0x2c, 0x40, 0x46, 0x82, 0x45,
  0x40, 0x00, 0x82, 0x42, 0x40, 0x28, 0x80, 0x3e, 0x40, 0x00, 0x80, 0x42,
  0x40, 0x00, 0x80, 0x45, 0x40, 0x28, 0x81, 0x26, 0x40, 0x81, 0x20, 0x90,
  0x3e, 0x64, 0x00, 0x90, 0x45, 0x64, 0x00, 0x90, 0x42, 0x64, 0x00, 0x92,
  0x42, 0x6e, 0x00, 0x92, 0x45, 0x6e, 0x00, 0x90, 0x2d, 0x64, 0x00, 0x94,
  0x2d, 0x6e, 0x00, 0x99, 0x32, 0x5a, 0x00, 0x9a, 0x54, 0x73, 0x0a, 0x89,
  0x32, 0x40, 0x00, 0x8a, 0x54, 0x40, 0x00, 0x91, 0x2d, 0x64, 0x00, 0x99,
  0x2c, 0x50, 0x0a, 0x89, 0x2c, 0x40, 0x3c, 0x82, 0x45, 0x40, 0x00, 0x82,
  0x42, 0x40, 0x14, 0x84, 0x2d, 0x40, 0x0a, 0x81, 0x2d, 0x40, 0x0a, 0x80,
  0x3e, 0x40, 0x00, 0x80, 0x45, 0x40, 0x00, 0x80, 0x42, 0x40, 0x00, 0x80,
  0x2d, 0x40, 0x28, 0x90, 0x47, 0x6e, 0x00, 0x90, 0x42, 0x6e, 0x00, 0x90,
  0x3e, 0x6e, 0x00, 0x91, 0x26, 0x64, 0x00, 0x90, 0x26, 0x64, 0x00, 0x92,
  0x43, 0x6e, 0x00, 0x92, 0x47, 0x6e, 0x00, 0x94, 0x26, 0x6e, 0x00, 0x99,
  0x24, 0x6e, 0x00, 0x99, 0x2c, 0x64, 0x00, 0x99, 0x30, 0x64, 0x0a, 0x89,
  0x24, 0x40, 0x00, 0x89, 0x2c, 0x40, 0x00, 0x89, 0x30, 0x40, 0x6e, 0x80,
  0x42, 0x40, 0x00, 0x80, 0x47, 0x40, 0x00, 0x80, 0x3e, 0x40, 0x28, 0x84,
  0x26, 0x40, 0x81, 0x0c, 0x82, 0x43, 0x40, 0x00, 0x82, 0x47, 0x40, 0x14,
  0x90, 0x3e, 0x6e, 0x00, 0x90, 0x42, 0x6e, 0x00, 0x90, 0x45, 0x6e, 0x00,
  0x92, 0x42, 0x6e, 0x00, 0x92, 0x45, 0x6e, 0x00, 0x9a, 0x4c, 0x73, 0x0a,
  0x8a, 0x4c, 0x40, 0x00, 0x99, 0x2c, 0x50, 0x0a, 0x89, 0x2c, 0x40, 0x3c,
  0x81, 0x26, 0x40, 0x00, 0x80, 0x26, 0x40, 0x50, 0x90, 0x28, 0x64, 0x00,
  0x91, 0x28, 0x64, 0x00, 0x94, 0x28, 0x6e, 0x00, 0x99, 0x24, 0x6e, 0x00,
  0x99, 0x2c, 0x64, 0x00, 0x9a, 0x54, 0x73, 0x00, 0x99, 0x2f, 0x64, 0x0a,
  0x89, 0x24, 0x40, 0x00, 0x89, 0x2c, 0x40, 0x00, 0x8a, 0x54, 0x40, 0x00,
  0x89, 0x2f, 0x40, 0x81, 0x16, 0x84, 0x28, 0x40, 0x00, 0x99, 0x2f, 0x50,
  0x0a, 0x89, 0x2f, 0x40, 0x81, 0x16, 0x99, 0x2f, 0x50, 0x0a, 0x89, 0x2f,
  0x40, 0x00, 0x99, 0x2c, 0x50, 0x0a, 0x89, 0x2c, 0x40, 0x3c, 0x80, 0x28,
  0x40, 0x00, 0x81, 0x28, 0x40, 0x50, 0x91, 0x29, 0x64, 0x00, 0x90, 0x29,
  0x64, 0x00, 0x94, 0x29, 0x6e, 0x00, 0x99, 0x24, 0x6e, 0x00, 0x99, 0x2c,
  0x64, 0x00, 0x99, 0x2d, 0x64, 0x00, 0x99, 0x31, 0x78, 0x00, 0x9a, 0x54,
  0x73, 0x0a, 0x89, 0x24, 0x40, 0x00, 0x89, 0x2c, 0x40, 0x00, 0x89, 0x2d,
  0x40, 0x00, 0x89, 0x31, 0x40, 0x00, 0x8a, 0x54, 0x40, 0x81, 0x16, 0x84,
  0x29, 0x40, 0x00, 0x99, 0x2d, 0x50, 0x0a, 0x89, 0x2d, 0x40, 0x81, 0x16,
  0x99, 0x2d, 0x5a, 0x0a, 0x89, 0x2d, 0x40, 0x00, 0x99, 0x2c, 0x50, 0x0a,
  0x89, 0x2c, 0x40, 0x3c, 0x81, 0x29, 0x40, 0x00, 0x80, 0x29, 0x40, 0x14,
  0x82, 0x42, 0x40, 0x00, 0x82, 0x45, 0x40, 0x14, 0x80, 0x45, 0x40, 0x00,
  0x80, 0x3e, 0x40, 0x00, 0x80, 0x42, 0x40, 0x28, 0xb3, 0x0b, 0x7f, 0x00,
  0xb7, 0x0b, 0x7f, 0x00, 0x99, 0x24, 0x64, 0x00, 0x91, 0x23, 0x64, 0x00,
  0x94, 0x23, 0x64, 0x00, 0x99, 0x2c, 0x69, 0x00, 0x99, 0x3b, 0x78, 0x00,
  0x9a, 0x54, 0x73, 0x0a, 0x89, 0x24, 0x40, 0x00, 0x89, 0x2c, 0x40, 0x00,
  0x89, 0x3b, 0x40, 0x00, 0x8a, 0x54, 0x40, 0x81, 0x2a, 0x84, 0x23, 0x40,
  0x81, 0x0c, 0x92, 0x4e, 0x78, 0x00, 0x92, 0x4a, 0x64, 0x00, 0x97, 0x3b,
  0x64, 0x00, 0x97, 0x3e, 0x64, 0x00, 0x97, 0x42, 0x78, 0x0a, 0xe3, 0x5a,
  0x3b, 0x00, 0x99, 0x2c, 0x55, 0x0a, 0x89, 0x2c, 0x40, 0x00, 0x93, 0x3e,
  0x78, 0x00, 0x93, 0x42, 0x78, 0x50, 0x81, 0x23, 0x40, 0x14, 0xe3, 0x6a,
  0x3e, 0x28, 0x94, 0x25, 0x64, 0x00, 0x91, 0x25, 0x64, 0x00, 0x99, 0x2c,
  0x69, 0x00, 0x99, 0x26, 0x6e, 0x00, 0x9a, 0x4c, 0x73, 0x00, 0x99, 0x3b,
  0x78, 0x0a, 0x89, 0x2c, 0x40, 0x00, 0x89, 0x26, 0x40, 0x00, 0x8a, 0x4c,
  0x40, 0x00, 0x89, 0x3b, 0x40, 0x1e, 0xe3, 0x32, 0x40, 0x81, 0x0c, 0x84,
  0x25, 0x40, 0x78, 0xe3, 0x22, 0x3d, 0x14, 0x99, 0x24, 0x64, 0x0a, 0x89,
  0x24, 0x40, 0x00, 0x99, 0x2c, 0x55, 0x0a, 0x89, 0x2c, 0x40, 0x00, 0xe3,
  0x12, 0x3a, 0x28, 0xe3, 0x72, 0x33, 0x28, 0x87, 0x3e, 0x40, 0x00, 0x87,
  0x3b, 0x40, 0x00, 0x81, 0x25, 0x40, 0x00, 0x87, 0x42, 0x40, 0x00, 0x82,
  0x4a, 0x40, 0x00, 0x82, 0x4e, 0x40, 0x00, 0xe3, 0x7a, 0x28, 0x32, 0xe3,
  0x32, 0x40, 0x0a, 0x93, 0x3b, 0x78, 0x00, 0x93, 0x3e, 0x78, 0x00, 0x94,
  0x26, 0x64, 0x00, 0x91, 0x26, 0x64, 0x00, 0x92, 0x47, 0x64, 0x00, 0x92,
  0x4a, 0x78, 0x00, 0x99, 0x24, 0x64, 0x00, 0x97, 0x36, 0x64, 0x00, 0x97,
  0x3b, 0x64, 0x00, 0x97, 0x3e, 0x78, 0x00, 0x99, 0x2c, 0x69, 0x00, 0x99,
  0x3b, 0x78, 0x00, 0x9a, 0x54, 0x73, 0x0a, 0x83, 0x42, 0x40, 0x00, 0x8a,
  0x54, 0x40, 0x00, 0x83, 0x3e, 0x40, 0x00, 0x89, 0x24, 0x40, 0x00, 0x89,
  0x2c, 0x40, 0x00, 0x89, 0x3b, 0x40, 0x81, 0x2a, 0x84, 0x26, 0x40, 0x14,
  0x83, 0x3e, 0x40, 0x00, 0x83, 0x3b, 0x40, 0x28, 0x82, 0x47, 0x40, 0x00,
  0x87, 0x3b, 0x40, 0x00, 0x87, 0x3e, 0x40, 0x00, 0x87, 0x36, 0x40, 0x00,
  0x82, 0x4a, 0x40, 0x5a, 0x99, 0x2c, 0x55, 0x0a, 0x89, 0x2c, 0x40, 0x50,
  0x81, 0x26, 0x40, 0x3c, 0x92, 0x4a, 0x64, 0x00, 0x92, 0x4e, 0x78, 0x00,
  0x91, 0x27, 0x64, 0x00, 0x94, 0x27, 0x64, 0x00, 0x97, 0x3b, 0x64, 0x00,
  0x97, 0x3e, 0x64, 0x00, 0x97, 0x42, 0x78, 0x00, 0x99, 0x2c, 0x69, 0x00,
  0x99, 0x26, 0x6e, 0x00, 0x9a, 0x4c, 0x73, 0x00, 0x99, 0x3b, 0x78, 0x0a,
  0x89, 0x2c, 0x40, 0x00, 0x89, 0x3b, 0x40, 0x00, 0x89, 0x26, 0x40, 0x00,
  0x8a, 0x4c, 0x40, 0x81, 0x2a, 0x84, 0x27, 0x40, 0x78, 0x87, 0x42, 0x40,
  0x00, 0x82, 0x4e, 0x40, 0x00, 0x87, 0x3b, 0x40, 0x00, 0x82, 0x4a, 0x40,
  0x00, 0x87, 0x3e, 0x40, 0x1e, 0x99, 0x2c, 0x55, 0x0a, 0x89, 0x2c, 0x40,
  0x50, 0x81, 0x27, 0x40, 0x3c, 0x91, 0x28, 0x64, 0x00, 0x92, 0x4c, 0x64,
  0x00, 0x92, 0x50, 0x78, 0x00, 0x94, 0x28, 0x64, 0x00, 0x97, 0x3b, 0x64,
  0x00, 0x97, 0x40, 0x64, 0x00, 0x97, 0x44, 0x78, 0x00, 0x99, 0x24, 0x64,
  0x00, 0x99, 0x2c, 0x69, 0x00, 0x99, 0x3b, 0x78, 0x00, 0x9a, 0x54, 0x73,
  0x0a, 0x89, 0x24, 0x40, 0x00, 0x8a, 0x54, 0x40, 0x00, 0x89, 0x2c, 0x40,
  0x00, 0x89, 0x3b, 0x40, 0x64, 0x87, 0x3b, 0x40, 0x00, 0x87, 0x44, 0x40,
  0x00, 0x87, 0x40, 0x40, 0x00, 0x82, 0x4c, 0x40, 0x00, 0x82, 0x50, 0x40,
  0x46, 0x84, 0x28, 0x40, 0x81, 0x0c, 0x92, 0x4a, 0x64, 0x00, 0x92, 0x50,
  0x78, 0x00, 0x97, 0x3b, 0x64, 0x00, 0x97, 0x3e, 0x64, 0x00, 0x97, 0x44,
  0x78, 0x0a, 0x99, 0x2c, 0x55, 0x0a, 0x89, 0x2c, 0x40, 0x50, 0x81, 0x28,
  0x40, 0x32, 0xe3, 0x5a, 0x3b, 0x0a, 0x93, 0x44, 0x78, 0x00, 0x93, 0x3e,
  0x78, 0x00, 0x94, 0x2a, 0x64, 0x00, 0x91, 0x2a, 0x64, 0x00, 0x99, 0x2c,
  0x69, 0x00, 0x99, 0x26, 0x6e, 0x00, 0x9a, 0x4c, 0x73, 0x00, 0x99, 0x3b,
  0x78, 0x0a, 0x89, 0x2c, 0x40, 0x00, 0x89, 0x26, 0x40, 0x00, 0x8a, 0x4c,
  0x40, 0x00, 0x89, 0x3b, 0x40, 0x32, 0xe3, 0x6a, 0x3e, 0x3c, 0xe3, 0x32,
  0x40, 0x3c, 0x84, 0x2a, 0x40, 0x50, 0x87, 0x3e, 0x40, 0x00, 0x82, 0x4a,
  0x40, 0x00, 0x87, 0x3b, 0x40, 0x00, 0x82, 0x50, 0x40, 0x00, 0x87, 0x44,
  0x40, 0x28, 0xe3, 0x22, 0x3d, 0x14, 0x92, 0x4a, 0x64, 0x00, 0x92, 0x4c,
  0x78, 0x00, 0x97, 0x38, 0x64, 0x00, 0x97, 0x3e, 0x64, 0x00, 0x97, 0x40,
  0x78, 0x00, 0x99, 0x24, 0x64, 0x0a, 0x89, 0x24, 0x40, 0x00, 0x99, 0x2c,
  0x55, 0x0a, 0x89, 0x2c, 0x40, 0x00, 0xe3, 0x12, 0x3a, 0x28, 0xe3, 0x72,
  0x33, 0x28, 0x82, 0x4a, 0x40, 0x00, 0x87, 0x40, 0x40, 0x00, 0x87, 0x3e,
  0x40, 0x00, 0x81, 0x2a, 0x40, 0x00, 0x82, 0x4c, 0x40, 0x00, 0x87, 0x38,
  0x40, 0x00, 0xe3, 0x7a, 0x28, 0x28, 0x83, 0x44, 0x40, 0x00, 0x83, 0x3e,
  0x40, 0x0a, 0xe3, 0x32, 0x40, 0x0a, 0x93, 0x3b, 0x78, 0x00, 0x93, 0x40,
  0x78, 0x00, 0x94, 0x2b, 0x64, 0x00, 0x92, 0x4a, 0x64, 0x00, 0x92, 0x50,
  0x78, 0x00, 0x91, 0x2b, 0x64, 0x00, 0x99, 0x24, 0x64, 0x00, 0x97, 0x3b,
  0x64, 0x00, 0x97, 0x3e, 0x64, 0x00, 0x97, 0x44, 0x78, 0x00, 0x99, 0x2c,
  0x69, 0x00, 0x99, 0x3b, 0x78, 0x00, 0x9a, 0x54, 0x73, 0x0a, 0x89, 0x24,
  0x40, 0x00, 0x89, 0x2c, 0x40, 0x00, 0x89, 0x3b, 0x40, 0x00, 0x8a, 0x54,
  0x40, 0x81, 0x2a, 0x84, 0x2b, 0x40, 0x14, 0x83, 0x40, 0x40, 0x00, 0x83,
  0x3b, 0x40, 0x28, 0x82, 0x50, 0x40, 0x00, 0x87, 0x3e, 0x40, 0x00, 0x87,
  0x44, 0x40, 0x00, 0x82, 0x4a, 0x40, 0x00, 0x87, 0x3b, 0x40, 0x50, 0x92,
  0x50, 0x64, 0x00, 0x92, 0x53, 0x78, 0x00, 0x97, 0x3e, 0x64, 0x00, 0x97,
  0x44, 0x64, 0x00, 0x97, 0x47, 0x78, 0x0a, 0x99, 0x2c, 0x55, 0x0a, 0x89,
  0x2c, 0x40, 0x50, 0x81, 0x2b, 0x40, 0x3c, 0x91, 0x2c, 0x64, 0x00, 0x94,
  0x2c, 0x64, 0x00, 0x99, 0x2c, 0x69, 0x00, 0x99, 0x26, 0x6e, 0x00, 0x9a,
  0x4c, 0x73, 0x00, 0x99, 0x3b, 0x78, 0x0a, 0x89, 0x2c, 0x40, 0x00, 0x89,
  0x3b, 0x40, 0x00, 0x89, 0x26, 0x40, 0x00, 0x8a, 0x4c, 0x40, 0x81, 0x2a,
  0x84, 0x2c, 0x40, 0x50, 0x82, 0x53, 0x40, 0x00, 0x87, 0x3e, 0x40, 0x00,
  0x87, 0x44, 0x40, 0x00, 0x82, 0x50, 0x40, 0x00, 0x87, 0x47, 0x40, 0x3c,
  0x92, 0x50, 0x64, 0x00, 0x92, 0x56, 0x78, 0x00, 0x97, 0x40, 0x64, 0x00,
  0x97, 0x44, 0x64, 0x00, 0x97, 0x4a, 0x78, 0x0a, 0x99, 0x2c, 0x55, 0x0a,
  0x89, 0x2c, 0x40, 0x3c, 0x82, 0x56, 0x40, 0x00, 0x87, 0x4a, 0x40, 0x00,
  0x87, 0x44, 0x40, 0x00, 0x87, 0x40, 0x40, 0x00, 0x82, 0x50, 0x40, 0x14,
  0x81, 0x2c, 0x40, 0x3c, 0x91, 0x2d, 0x64, 0x00, 0x94, 0x2d, 0x64, 0x00,
  0x99, 0x24, 0x64, 0x00, 0x99, 0x2c, 0x69, 0x00, 0x99, 0x3b, 0x78, 0x00,
  0x9a, 0x54, 0x73, 0x0a, 0x89, 0x24, 0x40, 0x00, 0x89, 0x2c, 0x40, 0x00,
  0x89, 0x3b, 0x40, 0x00, 0x8a, 0x54, 0x40, 0x81, 0x2a, 0x84, 0x2d, 0x40,
  0x81, 0x16, 0xe3, 0x5a, 0x3b, 0x00, 0x99, 0x2c, 0x55, 0x0a, 0x89, 0x2c,
  0x40, 0x00, 0x93, 0x3d, 0x78, 0x00, 0x93, 0x40, 0x78, 0x50, 0x81, 0x2d,
  0x40, 0x14, 0xe3, 0x6a, 0x3e, 0x28, 0x94, 0x2b, 0x64, 0x00, 0x91, 0x2b,
  0x64, 0x00, 0x92, 0x4f, 0x64, 0x00, 0x92, 0x55, 0x78, 0x00, 0x97, 0x40,
  0x64, 0x00, 0x97, 0x43, 0x64, 0x00, 0x97, 0x49, 0x78, 0x00, 0x99, 0x2c,
  0x69, 0x00, 0x99, 0x26, 0x6e, 0x00, 0x9a, 0x4c, 0x73, 0x00, 0x99, 0x3b,
  0x78, 0x0a, 0x89, 0x2c, 0x40, 0x00, 0x89, 0x26, 0x40, 0x00, 0x8a, 0x4c,
  0x40, 0x00, 0x89, 0x3b, 0x40, 0x1e, 0xe3, 0x32, 0x40, 0x81, 0x0c, 0x84,
  0x2b, 0x40, 0x78, 0xe3, 0x22, 0x3d, 0x14, 0x99, 0x24, 0x64, 0x0a, 0x89,
  0x24, 0x40, 0x00, 0x99, 0x2c, 0x55, 0x0a, 0x89, 0x2c, 0x40, 0x00, 0xe3,
  0x12, 0x3a, 0x28, 0xe3, 0x72, 0x33, 0x14, 0x87, 0x43, 0x40, 0x00, 0x87,
  0x49, 0x40, 0x00, 0x87, 0x40, 0x40, 0x00, 0x82, 0x55, 0x40, 0x00, 0x82,
  0x4f, 0x40, 0x14, 0x81, 0x2b, 0x40, 0x00, 0xe3, 0x7a, 0x28, 0x32, 0xe3,
  0x32, 0x40, 0x0a, 0x93, 0x39, 0x78, 0x00, 0x93, 0x3d, 0x78, 0x00, 0x94,
  0x2a, 0x64, 0x00, 0x92, 0x4c, 0x64, 0x00, 0x92, 0x51, 0x78, 0x00, 0x91,
  0x2a, 0x64, 0x00, 0x99, 0x24, 0x64, 0x00, 0x97, 0x3d, 0x64, 0x00, 0x97,
  0x40, 0x64, 0x00, 0x97, 0x45, 0x78, 0x00, 0x99, 0x2c, 0x69, 0x00, 0x99,
  0x3b, 0x78, 0x00, 0x9a, 0x54, 0x73, 0x0a, 0x83, 0x3d, 0x40, 0x00, 0x8a,
  0x54, 0x40, 0x00, 0x83, 0x40, 0x40, 0x00, 0x89, 0x24, 0x40, 0x00, 0x89,
  0x2c, 0x40, 0x00, 0x89, 0x3b, 0x40, 0x81, 0x2a, 0x84, 0x2a, 0x40, 0x14,
  0x83, 0x3d, 0x40, 0x00, 0x83, 0x39, 0x40, 0x81, 0x02, 0x99, 0x2c, 0x55,
  0x0a, 0x89, 0x2c, 0x40, 0x28, 0x87, 0x40, 0x40, 0x00, 0x82, 0x51, 0x40,
  0x00, 0x82, 0x4c, 0x40, 0x00, 0x87, 0x3d, 0x40, 0x00, 0x87, 0x45, 0x40,
  0x28, 0x81, 0x2a, 0x40, 0x3c, 0x91, 0x28, 0x64, 0x00, 0x92, 0x49, 0x64,
  0x00, 0x92, 0x4c, 0x78, 0x00, 0x94, 0x28, 0x64, 0x00, 0x97, 0x39, 0x64,
  0x00, 0x97, 0x3d, 0x64, 0x00, 0x97, 0x40, 0x78, 0x00, 0x99, 0x2c, 0x69,
  0x00, 0x99, 0x26, 0x6e, 0x00, 0x9a, 0x4c, 0x73, 0x00, 0x99, 0x3b, 0x78,
  0x0a, 0x89, 0x2c, 0x40, 0x00, 0x89, 0x3b, 0x40, 0x00, 0x89, 0x26, 0x40,
  0x00, 0x8a, 0x4c, 0x40, 0x81, 0x2a, 0x84, 0x28, 0x40, 0x81, 0x16, 0x99,
  0x2c, 0x55, 0x0a, 0x89, 0x2c, 0x40, 0x3c, 0x82, 0x4c, 0x40, 0x00, 0x87,
  0x3d, 0x40, 0x00, 0x87, 0x39, 0x40, 0x00, 0x82, 0x49, 0x40, 0x00, 0x87,
  0x40, 0x40, 0x14, 0x81, 0x28, 0x40, 0x3c, 0x92, 0x4a, 0x64, 0x00, 0x92,
  0x4e, 0x78, 0x00, 0x91, 0x26, 0x64, 0x00, 0x94, 0x26, 0x64, 0x00, 0x97,
  0x39, 0x64, 0x00, 0x97, 0x3e, 0x64, 0x00, 0x97, 0x42, 0x78, 0x00, 0x99,
  0x24, 0x64, 0x00, 0x99, 0x2c, 0x69, 0x00, 0x99, 0x3b, 0x78, 0x00, 0x9a,
  0x54, 0x73, 0x0a, 0x89, 0x24, 0x40, 0x00, 0x8a, 0x54, 0x40, 0x00, 0x89,
  0x2c, 0x40, 0x00, 0x89, 0x3b, 0x40, 0x81, 0x2a, 0x84, 0x26, 0x40, 0x28,
  0x87, 0x42, 0x40, 0x00, 0x82, 0x4e, 0x40, 0x00, 0x87, 0x39, 0x40, 0x00,
  0x82, 0x4a, 0x40, 0x00, 0x87, 0x3e, 0x40, 0x64, 0x92, 0x4a, 0x64, 0x00,
  0x92, 0x4d, 0x78, 0x00, 0x97, 0x39, 0x64, 0x00, 0x97, 0x3e, 0x64, 0x00,
  0x97, 0x41, 0x78, 0x0a, 0x99, 0x2c, 0x55, 0x0a, 0x89, 0x2c, 0x40, 0x3c,
  0x82, 0x4d, 0x40, 0x00, 0x87, 0x41, 0x40, 0x00, 0x87, 0x3e, 0x40, 0x00,
  0x87, 0x39, 0x40, 0x00, 0x82, 0x4a, 0x40, 0x14, 0x81, 0x26, 0x40, 0x32,
  0xe3, 0x5a, 0x3b, 0x0a, 0x93, 0x42, 0x78, 0x00, 0x93, 0x3d, 0x78, 0x00,
  0x94, 0x1f, 0x64, 0x00, 0x92, 0x4a, 0x64, 0x00, 0x92, 0x4e, 0x78, 0x00,
  0x91, 0x1f, 0x64, 0x00, 0x97, 0x39, 0x64, 0x00, 0x97, 0x3e, 0x64, 0x00,
  0x97, 0x42, 0x78, 0x00, 0x99, 0x2c, 0x69, 0x00, 0x99, 0x26, 0x6e, 0x00,
  0x9a, 0x4c, 0x73, 0x00, 0x99, 0x3b, 0x78, 0x0a, 0x89, 0x2c, 0x40, 0x00,
  0x89, 0x26, 0x40, 0x00, 0x8a, 0x4c, 0x40, 0x00, 0x89, 0x3b, 0x40, 0x32,
  0xe3, 0x6a, 0x3e, 0x3c, 0x87, 0x39, 0x40, 0x00, 0x87, 0x3e, 0x40, 0x00,
  0x87, 0x42, 0x40, 0x00, 0x82, 0x4a, 0x40, 0x00, 0x82, 0x4e, 0x40, 0x00,
  0xe3, 0x32, 0x40, 0x3c, 0x84, 0x1f, 0x40, 0x78, 0xe3, 0x22, 0x3d, 0x14,
  0x92, 0x55, 0x78, 0x00, 0x92, 0x51, 0x64, 0x00, 0x97, 0x42, 0x64, 0x00,
  0x97, 0x45, 0x64, 0x00, 0x97, 0x49, 0x78, 0x00, 0x99, 0x24, 0x64, 0x0a,
  0x89, 0x24, 0x40, 0x00, 0x99, 0x2c, 0x55, 0x0a, 0x89, 0x2c, 0x40, 0x00,
  0xe3, 0x12, 0x3a, 0x28, 0xe3, 0x72, 0x33, 0x28, 0x81, 0x1f, 0x40, 0x00,
  0xe3, 0x7a, 0x28, 0x28, 0x83, 0x3d, 0x40, 0x00, 0x83, 0x42, 0x40, 0x0a,
  0xe3, 0x32, 0x40, 0x0a, 0x93, 0x39, 0x78, 0x00, 0x93, 0x3d, 0x78, 0x00,
  0x94, 0x20, 0x64, 0x00, 0x91, 0x20, 0x64, 0x00, 0x99, 0x24, 0x64, 0x00,
  0x99, 0x2c, 0x69, 0x00, 0x99, 0x3b, 0x78, 0x00, 0x9a, 0x54, 0x73, 0x0a,
  0x89, 0x24, 0x40, 0x00, 0x89, 0x2c, 0x40, 0x00, 0x89, 0x3b, 0x40, 0x00,
  0x8a, 0x54, 0x40, 0x46, 0x84, 0x20, 0x40, 0x78, 0x83, 0x3d, 0x40, 0x00,
  0x83, 0x39, 0x40, 0x81, 0x02, 0x99, 0x2c, 0x55, 0x0a, 0x89, 0x2c, 0x40,
  0x50, 0x81, 0x20, 0x40, 0x3c, 0x91, 0x21, 0x64, 0x00, 0x94, 0x21, 0x64,
  0x00, 0x99, 0x2c, 0x69, 0x00, 0x99, 0x26, 0x6e, 0x00, 0x9a, 0x4c, 0x73,
  0x00, 0x99, 0x3b, 0x78, 0x0a, 0x89, 0x2c, 0x40, 0x00, 0x89, 0x3b, 0x40,
  0x00, 0x89, 0x26, 0x40, 0x00, 0x8a, 0x4c, 0x40, 0x81, 0x16, 0x99, 0x26,
  0x5a, 0x0a, 0x89, 0x26, 0x40, 0x0a, 0x84, 0x21, 0x40, 0x81, 0x0c, 0x99,
  0x26, 0x64, 0x0a, 0x89, 0x26, 0x40, 0x00, 0x99, 0x2c, 0x55, 0x0a, 0x89,
  0x2c, 0x40, 0x3c, 0x82, 0x55, 0x40, 0x00, 0x87, 0x42, 0x40, 0x00, 0x82,
  0x51, 0x40, 0x00, 0x87, 0x49, 0x40, 0x00, 0x87, 0x45, 0x40, 0x14, 0x81,
  0x21, 0x40, 0x3c, 0x91, 0x1f, 0x64, 0x00, 0x94, 0x1f, 0x64, 0x00, 0x99,
  0x24, 0x64, 0x00, 0x99, 0x2c, 0x69, 0x00, 0x99, 0x3b, 0x78, 0x00, 0x9a,
  0x54, 0x73, 0x0a, 0x89, 0x24, 0x40, 0x00, 0x89, 0x2c, 0x40, 0x00, 0x89,
  0x3b, 0x40, 0x00, 0x8a, 0x54, 0x40, 0x81, 0x2a, 0x84, 0x1f, 0x40, 0x81,
  0x16, 0x99, 0x2c, 0x55, 0x0a, 0x89, 0x2c, 0x40, 0x00, 0x93, 0x37, 0x78,
  0x00, 0x93, 0x3b, 0x78, 0x50, 0x81, 0x1f, 0x40, 0x14, 0x83, 0x3b, 0x40,
  0x00, 0x83, 0x37, 0x40, 0x28, 0x91, 0x26, 0x64, 0x00, 0x92, 0x47, 0x78,
  0x00, 0x92, 0x43, 0x64, 0x00, 0x94, 0x26, 0x64, 0x00, 0x97, 0x3b, 0x69,
  0x00, 0x97, 0x43, 0x69, 0x00, 0x99, 0x2c, 0x69, 0x00, 0x99, 0x26, 0x6e,
  0x00, 0x9a, 0x4c, 0x73, 0x00, 0x99, 0x3b, 0x78, 0x0a, 0x89, 0x2c, 0x40,
  0x00, 0x89, 0x26, 0x40, 0x00, 0x8a, 0x4c, 0x40, 0x00, 0x89, 0x3b, 0x40,
  0x81, 0x2a, 0x84, 0x26, 0x40, 0x81, 0x0c, 0x99, 0x24, 0x64, 0x0a, 0x89,
  0x24, 0x40, 0x00, 0x99, 0x2c, 0x55, 0x0a, 0x89, 0x2c, 0x40, 0x3c, 0x87,
  0x43, 0x40, 0x00, 0x82, 0x47, 0x40, 0x00, 0x87, 0x3b, 0x40, 0x00, 0x82,
  0x43, 0x40, 0x14, 0x81, 0x26, 0x40, 0x3c, 0x92, 0x43, 0x64, 0x00, 0x92,
  0x49, 0x78, 0x00, 0x91, 0x2b, 0x64, 0x00, 0x94, 0x2b, 0x64, 0x00, 0x93,
  0x37, 0x78, 0x00, 0x93, 0x3b, 0x78, 0x00, 0x99, 0x24, 0x64, 0x00, 0x97,
  0x43, 0x69, 0x00, 0x97, 0x3d, 0x69, 0x00, 0x99, 0x2c, 0x69, 0x00, 0x99,
  0x3b, 0x78, 0x00, 0x9a, 0x54, 0x73, 0x0a, 0x89, 0x24, 0x40, 0x00, 0x89,
  0x2c, 0x40, 0x00, 0x89, 0x3b, 0x40, 0x00, 0x8a, 0x54, 0x40, 0x5a, 0x87,
  0x43, 0x40, 0x00, 0x87, 0x3d, 0x40, 0x00, 0x82, 0x49, 0x40, 0x00, 0x82,
  0x43, 0x40, 0x50, 0x84, 0x2b, 0x40, 0x78, 0x83, 0x3b, 0x40, 0x00, 0x83,
  0x37, 0x40, 0x14, 0x92, 0x47, 0x64, 0x00, 0x92, 0x4a, 0x78, 0x00, 0x97,
  0x43, 0x69, 0x00, 0x97, 0x3e, 0x69, 0x0a, 0x99, 0x2c, 0x55, 0x0a, 0x89,
  0x2c, 0x40, 0x50, 0x81, 0x2b, 0x40, 0x3c, 0x91, 0x26, 0x64, 0x00, 0x94,
  0x26, 0x64, 0x00, 0x99, 0x2c, 0x69, 0x00, 0x99, 0x26, 0x6e, 0x00, 0x9a,
  0x4c, 0x73, 0x00, 0x99, 0x3b, 0x78, 0x0a, 0x89, 0x2c, 0x40, 0x00, 0x89,
  0x26, 0x40, 0x00, 0x8a, 0x4c, 0x40, 0x00, 0x89, 0x3b, 0x40, 0x81, 0x2a,
  0x84, 0x26, 0x40, 0x28, 0x82, 0x4a, 0x40, 0x00, 0x82, 0x47, 0x40, 0x00,
  0x87, 0x43, 0x40, 0x00, 0x87, 0x3e, 0x40, 0x64, 0x92, 0x47, 0x64, 0x00,
  0x92, 0x4c, 0x78, 0x00, 0x97, 0x44, 0x69, 0x00, 0x97, 0x40, 0x69, 0x0a,
  0x99, 0x2c, 0x55, 0x0a, 0x89, 0x2c, 0x40, 0x50, 0x81, 0x26, 0x40, 0x3c,
  0x91, 0x20, 0x64, 0x00, 0x94, 0x20, 0x64, 0x00, 0x93, 0x3e, 0x78, 0x00,
  0x93, 0x38, 0x78, 0x00, 0x99, 0x24, 0x64, 0x00, 0x99, 0x2c, 0x69, 0x00,
  0x99, 0x3b, 0x78, 0x00, 0x9a, 0x54, 0x73, 0x0a, 0x89, 0x24, 0x40, 0x00,
  0x89, 0x2c, 0x40, 0x00, 0x89, 0x3b, 0x40, 0x00, 0x8a, 0x54, 0x40, 0x5a,
  0x83, 0x38, 0x40, 0x00, 0x83, 0x3e, 0x40, 0x50, 0x84, 0x20, 0x40, 0x28,
  0x87, 0x44, 0x40, 0x00, 0x82, 0x47, 0x40, 0x00, 0x82, 0x4c, 0x40, 0x00,
  0x87, 0x40, 0x40, 0x64, 0x92, 0x47, 0x64, 0x00, 0x92, 0x4c, 0x78, 0x00,
  0x97, 0x44, 0x69, 0x00, 0x97, 0x40, 0x69, 0x0a, 0x99, 0x2c, 0x55, 0x0a,
  0x89, 0x2c, 0x40, 0x50, 0x82, 0x4c, 0x40, 0x00, 0x87, 0x40, 0x40, 0x00,
  0x87, 0x44, 0x40, 0x00, 0x81, 0x20, 0x40, 0x00, 0x82, 0x47, 0x40, 0x3c,
  0x92, 0x47, 0x64, 0x00, 0x92, 0x4a, 0x78, 0x00, 0x91, 0x28, 0x64, 0x00,
  0x94, 0x28, 0x64, 0x00, 0x97, 0x44, 0x69, 0x00, 0x97, 0x3e, 0x69, 0x00,
  0x99, 0x2c, 0x69, 0x00, 0x99, 0x26, 0x6e, 0x00, 0x9a, 0x4c, 0x73, 0x00,
  0x99, 0x3b, 0x78, 0x0a, 0x89, 0x2c, 0x40, 0x00, 0x89, 0x26, 0x40, 0x00,
  0x8a, 0x4c, 0x40, 0x00, 0x89, 0x3b, 0x40, 0x5a, 0x87, 0x3e, 0x40, 0x00,
  0x87, 0x44, 0x40, 0x00, 0x82, 0x4a, 0x40, 0x00, 0x82, 0x47, 0x40, 0x50,
  0x84, 0x28, 0x40, 0x81, 0x0c, 0x99, 0x24, 0x64, 0x0a, 0x89, 0x24, 0x40,
  0x00, 0x93, 0x38, 0x78, 0x00, 0x93, 0x3e, 0x78, 0x00, 0x99, 0x2c, 0x55,
  0x0a, 0x89, 0x2c, 0x40, 0x50, 0x81, 0x28, 0x40, 0x3c, 0x91, 0x2c, 0x64,
  0x00, 0x92, 0x44, 0x64, 0x00, 0x92, 0x49, 0x78, 0x00, 0x94, 0x2c, 0x64,
  0x00, 0x99, 0x24, 0x64, 0x00, 0x97, 0x44, 0x69, 0x00, 0x97, 0x3d, 0x69,
  0x00, 0x99, 0x2c, 0x69, 0x00, 0x99, 0x3b, 0x78, 0x00, 0x9a, 0x54, 0x73,
  0x0a, 0x89, 0x24, 0x40, 0x00, 0x89, 0x2c, 0x40, 0x00, 0x89, 0x3b, 0x40,
  0x00, 0x8a, 0x54, 0x40, 0x5a, 0x87, 0x44, 0x40, 0x00, 0x87, 0x3d, 0x40,
  0x00, 0x82, 0x49, 0x40, 0x00, 0x82, 0x44, 0x40, 0x32, 0x83, 0x38, 0x40,
  0x00, 0x83, 0x3e, 0x40, 0x1e, 0x84, 0x2c, 0x40, 0x81, 0x16, 0x99, 0x2c,
  0x55, 0x0a, 0x89, 0x2c, 0x40, 0x50, 0x81, 0x2c, 0x40, 0x3c, 0x92, 0x44,
  0x64, 0x00, 0x92, 0x4a, 0x78, 0x00, 0x91, 0x2f, 0x64, 0x00, 0x94, 0x2f,
  0x64, 0x00, 0x97, 0x44, 0x69, 0x00, 0x97, 0x3e, 0x69, 0x00, 0x99, 0x2c,
  0x69, 0x00, 0x99, 0x26, 0x6e, 0x00, 0x9a, 0x4c, 0x73, 0x00, 0x99, 0x3b,
  0x78, 0x0a, 0x89, 0x2c, 0x40, 0x00, 0x89, 0x26, 0x40, 0x00, 0x8a, 0x4c,
  0x40, 0x00, 0x89, 0x3b, 0x40, 0x81, 0x2a, 0x84, 0x2f, 0x40, 0x81, 0x16,
  0x99, 0x2c, 0x55, 0x0a, 0x89, 0x2c, 0x40, 0x28, 0x87, 0x3e, 0x40, 0x00,
  0x82, 0x44, 0x40, 0x00, 0x87, 0x44, 0x40, 0x00, 0x82, 0x4a, 0x40, 0x28,
  0x81, 0x2f, 0x40, 0x3c, 0x91, 0x21, 0x64, 0x00, 0x92, 0x45, 0x64, 0x00,
  0x92, 0x49, 0x78, 0x00, 0x94, 0x21, 0x64, 0x00, 0x93, 0x39, 0x78, 0x00,
  0x93, 0x3d, 0x78, 0x00, 0x97, 0x45, 0x69, 0x00, 0x97, 0x3d, 0x69, 0x00,
  0x99, 0x24, 0x64, 0x00, 0x99, 0x2c, 0x69, 0x00, 0x99, 0x3b, 0x78, 0x00,
  0x9a, 0x54, 0x73, 0x0a, 0x89, 0x24, 0x40, 0x00, 0x89, 0x2c, 0x40, 0x00,
  0x89, 0x3b, 0x40, 0x00, 0x8a, 0x54, 0x40, 0x5a, 0x83, 0x39, 0x40, 0x00,
  0x83, 0x3d, 0x40, 0x50, 0x84, 0x21, 0x40, 0x64, 0x81, 0x21, 0x40, 0x32,
  0x99, 0x2c, 0x55, 0x0a, 0x89, 0x2c, 0x40, 0x28, 0x82, 0x49, 0x40, 0x00,
  0x82, 0x45, 0x40, 0x00, 0x87, 0x3d, 0x40, 0x00, 0x87, 0x45, 0x40, 0x64,
  0x92, 0x45, 0x64, 0x00, 0x92, 0x4c, 0x78, 0x00, 0x97, 0x45, 0x69, 0x00,
  0x97, 0x40, 0x69, 0x00, 0x99, 0x2c, 0x69, 0x00, 0x99, 0x26, 0x6e, 0x00,
  0x9a, 0x4c, 0x73, 0x00, 0x99, 0x3b, 0x78, 0x0a, 0x89, 0x2c, 0x40, 0x00,
  0x89, 0x3b, 0x40, 0x00, 0x8a, 0x4c, 0x40, 0x00, 0x89, 0x26, 0x40, 0x81,
  0x3e, 0x82, 0x4c, 0x40, 0x00, 0x82, 0x45, 0x40, 0x00, 0x87, 0x45, 0x40,
  0x00, 0x87, 0x40, 0x40, 0x78, 0x92, 0x51, 0x78, 0x00, 0x92, 0x49, 0x64,
  0x00, 0x97, 0x45, 0x69, 0x00, 0x97, 0x49, 0x69, 0x00, 0x99, 0x24, 0x64,
  0x00, 0x99, 0x26, 0x46, 0x0a, 0x89, 0x24, 0x40, 0x00, 0x89, 0x26, 0x40,
  0x00, 0x91, 0x21, 0x64, 0x00, 0x99, 0x2c, 0x55, 0x0a, 0x89, 0x2c, 0x40,
  0x00, 0x93, 0x3d, 0x6e, 0x00, 0x93, 0x39, 0x6e, 0x5a, 0x81, 0x21, 0x40,
  0x0a, 0x83, 0x39, 0x40, 0x00, 0x83, 0x3d, 0x40, 0x28, 0x91, 0x21, 0x64,
  0x00, 0x93, 0x39, 0x78, 0x00, 0x93, 0x3d, 0x78, 0x00, 0x94, 0x21, 0x64,
  0x00, 0x99, 0x24, 0x64, 0x00, 0x99, 0x2c, 0x69, 0x00, 0x99, 0x26, 0x55,
  0x00, 0x99, 0x3b, 0x78, 0x00, 0x9a, 0x54, 0x73, 0x0a, 0x89, 0x24, 0x40,
  0x00, 0x89, 0x2c, 0x40, 0x00, 0x89, 0x26, 0x40, 0x00, 0x89, 0x3b, 0x40,
  0x00, 0x8a, 0x54, 0x40, 0x5a, 0x83, 0x3d, 0x40, 0x00, 0x83, 0x39, 0x40,
  0x50, 0x84, 0x21, 0x40, 0x50, 0x81, 0x21, 0x40, 0x46, 0x91, 0x21, 0x5a,
  0x00, 0x99, 0x2c, 0x55, 0x0a, 0x89, 0x2c, 0x40, 0x5a, 0x81, 0x21, 0x40,
  0x32, 0x91, 0x28, 0x64, 0x00, 0x94, 0x28, 0x64, 0x00, 0x99, 0x2c, 0x69,
  0x00, 0x99, 0x26, 0x73, 0x00, 0x9a, 0x4c, 0x73, 0x00, 0x99, 0x3b, 0x78,
  0x0a, 0x89, 0x2c, 0x40, 0x00, 0x89, 0x26, 0x40, 0x00, 0x8a, 0x4c, 0x40,
  0x00, 0x89, 0x3b, 0x40, 0x81, 0x2a, 0x84, 0x28, 0x40, 0x50, 0x81, 0x28,
  0x40, 0x46, 0x91, 0x2d, 0x5a, 0x00, 0x99, 0x2c, 0x55, 0x0a, 0x89, 0x2c,
  0x40, 0x5a, 0x81, 0x2d, 0x40, 0x32, 0x91, 0x2d, 0x64, 0x00, 0x94, 0x2d,
  0x64, 0x00, 0x93, 0x37, 0x6e, 0x00, 0x93, 0x3d, 0x6e, 0x00, 0x99, 0x24,
  0x64, 0x00, 0x99, 0x2c, 0x69, 0x00, 0x99, 0x3b, 0x78, 0x00, 0x9a, 0x54,
  0x73, 0x0a, 0x89, 0x24, 0x40, 0x00, 0x89, 0x2c, 0x40, 0x00, 0x89, 0x3b,
  0x40, 0x00, 0x8a, 0x54, 0x40, 0x81, 0x2a, 0x84, 0x2d, 0x40, 0x78, 0x83,
  0x3d, 0x40, 0x00, 0x83, 0x37, 0x40, 0x1e, 0x99, 0x2c, 0x55, 0x0a, 0x89,
  0x2c, 0x40, 0x50, 0x81, 0x2d, 0x40, 0x3c, 0x91, 0x2b, 0x64, 0x00, 0x93,
  0x3d, 0x6e, 0x00, 0x93, 0x37, 0x6e, 0x00, 0x94, 0x2b, 0x64, 0x00, 0x99,
  0x2c, 0x69, 0x00, 0x99, 0x26, 0x6e, 0x00, 0x9a, 0x4c, 0x73, 0x00, 0x99,
  0x3b, 0x78, 0x0a, 0x89, 0x2c, 0x40, 0x00, 0x89, 0x26, 0x40, 0x00, 0x8a,
  0x4c, 0x40, 0x00, 0x89, 0x3b, 0x40, 0x81, 0x2a, 0x84, 0x2b, 0x40, 0x78,
  0x83, 0x3d, 0x40, 0x00, 0x83, 0x37, 0x40, 0x14, 0x99, 0x24, 0x64, 0x0a,
  0x89, 0x24, 0x40, 0x00, 0x99, 0x2c, 0x55, 0x0a, 0x89, 0x2c, 0x40, 0x50,
  0x81, 0x2b, 0x40, 0x3c, 0x91, 0x2a, 0x64, 0x00, 0x94, 0x2a, 0x64, 0x00,
  0x93, 0x39, 0x6e, 0x00, 0x93, 0x3d, 0x6e, 0x00, 0x99, 0x24, 0x64, 0x00,
  0x99, 0x2c, 0x69, 0x00, 0x99, 0x26, 0x5f, 0x00, 0x9a, 0x54, 0x73, 0x0a,
  0x89, 0x24, 0x40, 0x00, 0x89, 0x2c, 0x40, 0x00, 0x89, 0x26, 0x40, 0x00,
  0x8a, 0x54, 0x40, 0x81, 0x16, 0x99, 0x26, 0x64, 0x0a, 0x89, 0x26, 0x40,
  0x0a, 0x84, 0x2a, 0x40, 0x78, 0x83, 0x3d, 0x40, 0x00, 0x83, 0x39, 0x40,
  0x14, 0x95, 0x39, 0x78, 0x00, 0x96, 0x51, 0x78, 0x00, 0x99, 0x26, 0x69,
  0x0a, 0x89, 0x26, 0x40, 0x00, 0x99, 0x2c, 0x55, 0x0a, 0x89, 0x2c, 0x40,
  0x50, 0x81, 0x2a, 0x40, 0x3c, 0x91, 0x28, 0x64, 0x00, 0x93, 0x39, 0x6e,
  0x00, 0x93, 0x3d, 0x6e, 0x00, 0x94, 0x28, 0x64, 0x00, 0x99, 0x2c, 0x69,
  0x00, 0x99, 0x26, 0x6e, 0x00, 0x9a, 0x4c, 0x73, 0x0a, 0x89, 0x2c, 0x40,
  0x00, 0x89, 0x26, 0x40, 0x00, 0x8a, 0x4c, 0x40, 0x81, 0x02, 0x82, 0x51,
  0x40, 0x00, 0x86, 0x51, 0x40, 0x00, 0x82, 0x49, 0x40, 0x00, 0x87, 0x45,
  0x40, 0x00, 0x85, 0x39, 0x40, 0x00, 0x87, 0x49, 0x40, 0x14, 0x99, 0x26,
  0x73, 0x0a, 0x89, 0x26, 0x40, 0x0a, 0x84, 0x28, 0x40, 0x78, 0x83, 0x39,
  0x40, 0x00, 0x83, 0x3d, 0x40, 0x14, 0x96, 0x51, 0x6e, 0x00, 0x95, 0x39,
  0x6e, 0x00, 0x99, 0x26, 0x78, 0x0a, 0x89, 0x26, 0x40, 0x00, 0x99, 0x2c,
  0x55, 0x0a, 0x89, 0x2c, 0x40, 0x50, 0x81, 0x28, 0x40, 0x14, 0x85, 0x39,
  0x40, 0x00, 0x86, 0x51, 0x40, 0x28, 0x93, 0x42, 0x73, 0x00, 0x95, 0x42,
  0x6e, 0x00, 0x96, 0x5a, 0x73, 0x00, 0x99, 0x24, 0x50, 0x00, 0x97, 0x4e,
  0x73, 0x00, 0x99, 0x2c, 0x69, 0x00, 0x99, 0x26, 0x46, 0x00, 0x99, 0x46,
  0x50, 0x00, 0x99, 0x39, 0x78, 0x0a, 0x89, 0x24, 0x40, 0x00, 0x89, 0x46,
  0x40, 0x00, 0x89, 0x39, 0x40, 0x00, 0x89, 0x26, 0x40, 0x00, 0x89, 0x2c,
  0x40, 0x82, 0x0e, 0x87, 0x4e, 0x40, 0x00, 0x83, 0x42, 0x40, 0x00, 0x86,
  0x5a, 0x40, 0x00, 0x85, 0x42, 0x40, 0x32, 0x90, 0x26, 0x5a, 0x00, 0x99,
  0x46, 0x50, 0x00, 0x99, 0x2c, 0x55, 0x0a, 0x89, 0x46, 0x40, 0x00, 0x89,
  0x2c, 0x40, 0x00, 0x96, 0x5a, 0x69, 0x0a, 0x95, 0x42, 0x64, 0x00, 0x97,
  0x4e, 0x69, 0x00, 0x93, 0x42, 0x69, 0x5a, 0x86, 0x5a, 0x40, 0x0a, 0x83,
  0x42, 0x40, 0x00, 0x87, 0x4e, 0x40, 0x00, 0x85, 0x42, 0x40, 0x1e, 0x90,
  0x42, 0x6e, 0x00, 0x90, 0x3e, 0x6e, 0x00, 0x90, 0x39, 0x6e, 0x00, 0x91,
  0x26, 0x64, 0x00, 0x93, 0x3e, 0x73, 0x00, 0x94, 0x26, 0x64, 0x00, 0x97,
  0x4a, 0x73, 0x00, 0x98, 0x4a, 0x6e, 0x00, 0x98, 0x42, 0x6e, 0x00, 0x99,
  0x24, 0x64, 0x00, 0x95, 0x3e, 0x6e, 0x00, 0x96, 0x56, 0x73, 0x00, 0x99,
  0x2c, 0x69, 0x00, 0x99, 0x26, 0x7d, 0x00, 0x99, 0x36, 0x7d, 0x0a, 0x89,
  0x24, 0x40, 0x00, 0x89, 0x36, 0x40, 0x00, 0x89, 0x2c, 0x40, 0x00, 0x89,
  0x26, 0x40, 0x81, 0x2a, 0x84, 0x26, 0x40, 0x64, 0x87, 0x4a, 0x40, 0x00,
  0x85, 0x3e, 0x40, 0x00, 0x86, 0x56, 0x40, 0x00, 0x83, 0x3e, 0x40, 0x14,
  0x80, 0x3e, 0x40, 0x00, 0x80, 0x39, 0x40, 0x00, 0x80, 0x42, 0x40, 0x1e,
  0x99, 0x46, 0x50, 0x00, 0x99, 0x2c, 0x55, 0x0a, 0x89, 0x46, 0x40, 0x00,
  0x89, 0x2c, 0x40, 0x00, 0x96, 0x56, 0x69, 0x0a, 0x95, 0x3e, 0x64, 0x00,
  0x97, 0x4a, 0x69, 0x00, 0x93, 0x3e, 0x69, 0x32, 0x81, 0x26, 0x40, 0x1e,
  0x80, 0x26, 0x40, 0x0a, 0x86, 0x56, 0x40, 0x0a, 0x87, 0x4a, 0x40, 0x00,
  0x83, 0x3e, 0x40, 0x00, 0x85, 0x3e, 0x40, 0x1e, 0x88, 0x42, 0x40, 0x00,
  0x88, 0x4a, 0x40, 0x00, 0x93, 0x42, 0x73, 0x00, 0x97, 0x4e, 0x73, 0x00,
  0x99, 0x24, 0x50, 0x00, 0x95, 0x42, 0x6e, 0x00, 0x96, 0x5a, 0x73, 0x00,
  0x99, 0x2c, 0x69, 0x00, 0x99, 0x26, 0x32, 0x00, 0x99, 0x46, 0x50, 0x0a,
  0x89, 0x24, 0x40, 0x00, 0x89, 0x46, 0x40, 0x00, 0x89, 0x26, 0x40, 0x00,
  0x89, 0x2c, 0x40, 0x81, 0x16, 0x99, 0x26, 0x3c, 0x0a, 0x89, 0x26, 0x40,
  0x6e, 0x85, 0x42, 0x40, 0x00, 0x87, 0x4e, 0x40, 0x00, 0x83, 0x42, 0x40,
  0x00, 0x86, 0x5a, 0x40, 0x28, 0x99, 0x26, 0x46, 0x0a, 0x89, 0x26, 0x40,
  0x00, 0x90, 0x26, 0x5a, 0x00, 0x99, 0x2c, 0x55, 0x00, 0x99, 0x46, 0x50,
  0x0a, 0x89, 0x2c, 0x40, 0x00, 0x89, 0x46, 0x40, 0x00, 0x93, 0x3e, 0x73,
  0x00, 0x96, 0x56, 0x73, 0x00, 0x95, 0x3e, 0x6e, 0x00, 0x97, 0x4a, 0x73,
  0x81, 0x0c, 0x83, 0x3e, 0x40, 0x00, 0x87, 0x4a, 0x40, 0x00, 0x85, 0x3e,
  0x40, 0x00, 0x86, 0x56, 0x40, 0x00, 0x90, 0x39, 0x6e, 0x00, 0x90, 0x3e,
  0x6e, 0x00, 0x90, 0x42, 0x6e, 0x00, 0x91, 0x26, 0x64, 0x00, 0x94, 0x26,
  0x64, 0x00, 0x98, 0x4a, 0x6e, 0x00, 0x98, 0x42, 0x6e, 0x00, 0x99, 0x24,
  0x64, 0x00, 0x99, 0x36, 0x7d, 0x00, 0x99, 0x2c, 0x69, 0x00, 0x99, 0x26,
  0x7d, 0x0a, 0x89, 0x24, 0x40, 0x00, 0x89, 0x36, 0x40, 0x00, 0x89, 0x2c,
  0x40, 0x00, 0x89, 0x26, 0x40, 0x81, 0x2a, 0x84, 0x26, 0x40, 0x78, 0x80,
  0x42, 0x40, 0x00, 0x80, 0x3e, 0x40, 0x00, 0x80, 0x39, 0x40, 0x14, 0x93,
  0x43, 0x73, 0x00, 0x97, 0x4f, 0x73, 0x00, 0x95, 0x43, 0x6e, 0x00, 0x96,
  0x5b, 0x73, 0x0a, 0x99, 0x2c, 0x55, 0x00, 0x99, 0x46, 0x50, 0x0a, 0x89,
  0x2c, 0x40, 0x00, 0x89, 0x46, 0x40, 0x3c, 0x81, 0x26, 0x40, 0x1e, 0x80,
  0x26, 0x40, 0x32, 0x88, 0x4a, 0x40, 0x00, 0x88, 0x42, 0x40, 0x00, 0x99,
  0x24, 0x50, 0x00, 0x99, 0x46, 0x50, 0x00, 0x99, 0x2c, 0x69, 0x00, 0x99,
  0x26, 0x32, 0x0a, 0x89, 0x24, 0x40, 0x00, 0x89, 0x26, 0x40, 0x00, 0x89,
  0x2c, 0x40, 0x00, 0x89, 0x46, 0x40, 0x81, 0x16, 0x99, 0x26, 0x3c, 0x0a,
  0x89, 0x26, 0x40, 0x46, 0x86, 0x5b, 0x40, 0x00, 0x83, 0x43, 0x40, 0x00,
  0x87, 0x4f, 0x40, 0x00, 0x85, 0x43, 0x40, 0x50, 0x96, 0x5b, 0x6e, 0x0a,
  0x90, 0x26, 0x5a, 0x00, 0x99, 0x2c, 0x55, 0x00, 0x99, 0x46, 0x50, 0x0a,
  0x89, 0x2c, 0x40, 0x00, 0x89, 0x46, 0x40, 0x00, 0x93, 0x43, 0x6e, 0x00,
  0x95, 0x43, 0x69, 0x00, 0x97, 0x4f, 0x6e, 0x14, 0x99, 0x26, 0x46, 0x0a,
  0x89, 0x26, 0x40, 0x32, 0x86, 0x5b, 0x40, 0x14, 0x87, 0x4f, 0x40, 0x00,
  0x85, 0x43, 0x40, 0x00, 0x83, 0x43, 0x40, 0x28, 0x90, 0x39, 0x6e, 0x00,
  0x90, 0x3e, 0x6e, 0x00, 0x90, 0x42, 0x6e, 0x00, 0x91, 0x26, 0x64, 0x00,
  0x93, 0x42, 0x73, 0x00, 0x94, 0x26, 0x64, 0x00, 0x97, 0x4e, 0x73, 0x00,
  0x98, 0x4a, 0x6e, 0x00, 0x98, 0x42, 0x6e, 0x00, 0x99, 0x24, 0x64, 0x00,
  0x95, 0x42, 0x6e, 0x00, 0x96, 0x5a, 0x73, 0x00, 0x99, 0x26, 0x7d, 0x00,
  0x99, 0x2c, 0x69, 0x00, 0x99, 0x36, 0x7d, 0x0a, 0x89, 0x24, 0x40, 0x00,
  0x89, 0x36, 0x40, 0x00, 0x89, 0x26, 0x40, 0x00, 0x89, 0x2c, 0x40, 0x81,
  0x2a, 0x84, 0x26, 0x40, 0x64, 0x87, 0x4e, 0x40, 0x00, 0x85, 0x42, 0x40,
  0x00, 0x86, 0x5a, 0x40, 0x00, 0x83, 0x42, 0x40, 0x14, 0x80, 0x3e, 0x40,
  0x00, 0x80, 0x42, 0x40, 0x00, 0x80, 0x39, 0x40, 0x1e, 0x99, 0x46, 0x50,
  0x00, 0x99, 0x2c, 0x55, 0x0a, 0x89, 0x46, 0x40, 0x00, 0x89, 0x2c, 0x40,
  0x00, 0x96, 0x56, 0x73, 0x00, 0x99, 0x26, 0x46, 0x0a, 0x89, 0x26, 0x40,
  0x00, 0x93, 0x3e, 0x73, 0x00, 0x95, 0x3e, 0x6e, 0x00, 0x97, 0x4a, 0x73,
  0x32, 0x81, 0x26, 0x40, 0x1e, 0x80, 0x26, 0x40, 0x32, 0x88, 0x4a, 0x40,
  0x00, 0x88, 0x42, 0x40, 0x00, 0x99, 0x24, 0x50, 0x00, 0x99, 0x26, 0x46,
  0x00, 0x99, 0x2c, 0x69, 0x00, 0x99, 0x46, 0x50, 0x0a, 0x89, 0x24, 0x40,
  0x00, 0x89, 0x46, 0x40, 0x00, 0x89, 0x2c, 0x40, 0x00, 0x89, 0x26, 0x40,
  0x81, 0x16, 0x86, 0x56, 0x40, 0x0a, 0x87, 0x4a, 0x40, 0x00, 0x83, 0x3e,
  0x40, 0x00, 0x85, 0x3e, 0x40, 0x81, 0x16, 0x93, 0x3d, 0x73, 0x00, 0x97,
  0x49, 0x73, 0x00, 0x95, 0x3d, 0x6e, 0x00, 0x96, 0x55, 0x73, 0x0a, 0x90,
  0x26, 0x5a, 0x00, 0x99, 0x46, 0x50, 0x00, 0x99, 0x2c, 0x55, 0x0a, 0x89,
  0x46, 0x40, 0x00, 0x89, 0x2c, 0x40, 0x05, 0x99, 0x26, 0x32, 0x0a, 0x89,
  0x26, 0x40, 0x7d, 0x90, 0x39, 0x6e, 0x00, 0x90, 0x3e, 0x6e, 0x00, 0x90,
  0x42, 0x6e, 0x00, 0x91, 0x26, 0x64, 0x00, 0x94, 0x26, 0x64, 0x00, 0x98,
  0x4a, 0x6e, 0x00, 0x98, 0x42, 0x6e, 0x00, 0x99, 0x24, 0x64, 0x00, 0x99,
  0x26, 0x64, 0x00, 0x99, 0x2c, 0x69, 0x00, 0x99, 0x36, 0x7d, 0x0a, 0x89,
  0x24, 0x40, 0x00, 0x89, 0x36, 0x40, 0x00, 0x89, 0x26, 0x40, 0x00, 0x89,
  0x2c, 0x40, 0x32, 0x99, 0x26, 0x5a, 0x0a, 0x89, 0x26, 0x40, 0x32, 0x99,
  0x26, 0x50, 0x0a, 0x89, 0x26, 0x40, 0x32, 0x84, 0x26, 0x40, 0x00, 0x99,
  0x26, 0x46, 0x0a, 0x89, 0x26, 0x40, 0x32, 0x99, 0x26, 0x3c, 0x0a, 0x89,
  0x26, 0x40, 0x32, 0x80, 0x3e, 0x40, 0x00, 0x80, 0x42, 0x40, 0x00, 0x80,
  0x39, 0x40, 0x00, 0x99, 0x26, 0x32, 0x0a, 0x89, 0x26, 0x40, 0x14, 0x99,
  0x2c, 0x55, 0x00, 0x99, 0x46, 0x50, 0x0a, 0x89, 0x2c, 0x40, 0x00, 0x89,
  0x46, 0x40, 0x14, 0x99, 0x26, 0x28, 0x0a, 0x89, 0x26, 0x40, 0x1e, 0x81,
  0x26, 0x40, 0x14, 0x99, 0x26, 0x1e, 0x0a, 0x80, 0x26, 0x40, 0x00, 0x89,
  0x26, 0x40, 0x1e, 0x83, 0x3d, 0x40, 0x00, 0x85, 0x3d, 0x40, 0x00, 0x87,
  0x49, 0x40, 0x00, 0x86, 0x55, 0x40, 0x14, 0x88, 0x42, 0x40, 0x00, 0x88,
  0x4a, 0x40, 0x00, 0x93, 0x3e, 0x73, 0x00, 0x99, 0x24, 0x50, 0x00, 0x97,
  0x4a, 0x73, 0x00, 0x96, 0x56, 0x73, 0x00, 0x95, 0x3e, 0x6e, 0x00, 0x99,
  0x26, 0x46, 0x00, 0x99, 0x2c, 0x69, 0x00, 0x99, 0x46, 0x50, 0x0a, 0x89,
  0x24, 0x40, 0x00, 0x89, 0x46, 0x40, 0x00, 0x89, 0x2c, 0x40, 0x00, 0x89,
  0x26, 0x40, 0x82, 0x0e, 0x85, 0x3e, 0x40, 0x00, 0x83, 0x3e, 0x40, 0x00,
  0x87, 0x4a, 0x40, 0x00, 0x86, 0x56, 0x40, 0x32, 0x90, 0x2b, 0x5a, 0x00,
  0x99, 0x46, 0x50, 0x00, 0x99, 0x2c, 0x55, 0x0a, 0x89, 0x46, 0x40, 0x00,
  0x89, 0x2c, 0x40, 0x00, 0x96, 0x56, 0x69, 0x0a, 0x95, 0x3e, 0x64, 0x00,
  0x97, 0x4a, 0x69, 0x00, 0x93, 0x3e, 0x69, 0x5a, 0x86, 0x56, 0x40, 0x0a,
  0x83, 0x3e, 0x40, 0x00, 0x87, 0x4a, 0x40, 0x00, 0x85, 0x3e, 0x40, 0x1e,
  0x90, 0x3b, 0x6e, 0x00, 0x90, 0x3e, 0x6e, 0x00, 0x90, 0x43, 0x6e, 0x00,
  0x91, 0x2b, 0x64, 0x00, 0x93, 0x3e, 0x78, 0x00, 0x94, 0x2b, 0x64, 0x00,
  0x97, 0x4a, 0x78, 0x00, 0x98, 0x4a, 0x6e, 0x00, 0x98, 0x43, 0x6e, 0x00,
  0x99, 0x24, 0x64, 0x00, 0x95, 0x3e, 0x73, 0x00, 0x96, 0x56, 0x78, 0x00,
  0x99, 0x2c, 0x69, 0x00, 0x99, 0x26, 0x7d, 0x00, 0x99, 0x36, 0x7d, 0x0a,
  0x89, 0x24, 0x40, 0x00, 0x89, 0x36, 0x40, 0x00, 0x89, 0x2c, 0x40, 0x00,
  0x89, 0x26, 0x40, 0x81, 0x2a, 0x84, 0x2b, 0x40, 0x64, 0x87, 0x4a, 0x40,
  0x00, 0x85, 0x3e, 0x40, 0x00, 0x86, 0x56, 0x40, 0x00, 0x83, 0x3e, 0x40,
  0x14, 0x80, 0x3e, 0x40, 0x00, 0x80, 0x43, 0x40, 0x00, 0x80, 0x3b, 0x40,
  0x1e, 0x99, 0x46, 0x50, 0x00, 0x99, 0x2c, 0x55, 0x0a, 0x89, 0x46, 0x40,
  0x00, 0x89, 0x2c, 0x40, 0x00, 0x93, 0x3e, 0x69, 0x00, 0x96, 0x56, 0x69,
  0x00, 0x95, 0x3e, 0x64, 0x00, 0x97, 0x4a, 0x69, 0x3c, 0x81, 0x2b, 0x40,
  0x1e, 0x80, 0x2b, 0x40, 0x0a, 0x85, 0x3e, 0x40, 0x00, 0x87, 0x4a, 0x40,
  0x00, 0x83, 0x3e, 0x40, 0x00, 0x86, 0x56, 0x40, 0x28, 0x88, 0x4a, 0x40,
  0x00, 0x88, 0x43, 0x40, 0x00, 0x93, 0x3e, 0x73, 0x00, 0x97, 0x4a, 0x73,
  0x00, 0x99, 0x24, 0x50, 0x00, 0x95, 0x3e, 0x6e, 0x00, 0x96, 0x56, 0x73,
  0x00, 0x99, 0x2c, 0x69, 0x00, 0x99, 0x26, 0x32, 0x00, 0x99, 0x46, 0x50,
  0x0a, 0x89, 0x24, 0x40, 0x00, 0x89, 0x46, 0x40, 0x00, 0x89, 0x26, 0x40,
  0x00, 0x89, 0x2c, 0x40, 0x81, 0x16, 0x99, 0x26, 0x3c, 0x0a, 0x89, 0x26,
  0x40, 0x6e, 0x85, 0x3e, 0x40, 0x00, 0x87, 0x4a, 0x40, 0x00, 0x83, 0x3e,
  0x40, 0x00, 0x86, 0x56, 0x40, 0x28, 0x99, 0x26, 0x46, 0x0a, 0x89, 0x26,
  0x40, 0x00, 0x90, 0x2b, 0x5a, 0x00, 0x99, 0x2c, 0x55, 0x00, 0x99, 0x46,
  0x50, 0x0a, 0x89, 0x2c, 0x40, 0x00, 0x89, 0x46, 0x40, 0x00, 0x96, 0x55,
  0x73, 0x0a, 0x95, 0x3d, 0x6e, 0x00, 0x97, 0x49, 0x73, 0x00, 0x93, 0x3d,
  0x73, 0x5a, 0x86, 0x55, 0x40, 0x0a, 0x83, 0x3d, 0x40, 0x00, 0x87, 0x49,
  0x40, 0x00, 0x85, 0x3d, 0x40, 0x1e, 0x90, 0x3b, 0x6e, 0x00, 0x90, 0x3e,
  0x6e, 0x00, 0x90, 0x43, 0x6e, 0x00, 0x91, 0x2b, 0x64, 0x00, 0x94, 0x2b,
  0x64, 0x00, 0x98, 0x4a, 0x6e, 0x00, 0x98, 0x43, 0x6e, 0x00, 0x99, 0x24,
  0x64, 0x00, 0x99, 0x36, 0x7d, 0x00, 0x99, 0x2c, 0x69, 0x00, 0x99, 0x26,
  0x7d, 0x0a, 0x89, 0x24, 0x40, 0x00, 0x89, 0x36, 0x40, 0x00, 0x89, 0x2c,
  0x40, 0x00, 0x89, 0x26, 0x40, 0x81, 0x2a, 0x84, 0x2b, 0x40, 0x78, 0x80,
  0x43, 0x40, 0x00, 0x80, 0x3e, 0x40, 0x00, 0x80, 0x3b, 0x40, 0x14, 0x93,
  0x3b, 0x6e, 0x00, 0x97, 0x47, 0x6e, 0x00, 0x95, 0x3b, 0x69, 0x00, 0x96,
  0x53, 0x6e, 0x0a, 0x99, 0x2c, 0x55, 0x00, 0x99, 0x46, 0x50, 0x0a, 0x89,
  0x2c, 0x40, 0x00, 0x89, 0x46, 0x40, 0x3c, 0x81, 0x2b, 0x40, 0x1e, 0x80,
  0x2b, 0x40, 0x32, 0x88, 0x4a, 0x40, 0x00, 0x88, 0x43, 0x40, 0x00, 0x99,
  0x24, 0x50, 0x00, 0x99, 0x46, 0x50, 0x00, 0x99, 0x2c, 0x69, 0x00, 0x99,
  0x26, 0x32, 0x0a, 0x89, 0x24, 0x40, 0x00, 0x89, 0x26, 0x40, 0x00, 0x89,
  0x2c, 0x40, 0x00, 0x89, 0x46, 0x40, 0x81, 0x16, 0x99, 0x26, 0x3c, 0x0a,
  0x89, 0x26, 0x40, 0x81, 0x20, 0x90, 0x2b, 0x5a, 0x00, 0x99, 0x2c, 0x55,
  0x00, 0x99, 0x46, 0x50, 0x0a, 0x89, 0x2c, 0x40, 0x00, 0x89, 0x46, 0x40,
  0x14, 0x99, 0x26, 0x46, 0x0a, 0x89, 0x26, 0x40, 0x6e, 0x90, 0x3b, 0x6e,
  0x00, 0x90, 0x3e, 0x6e, 0x00, 0x90, 0x43, 0x6e, 0x00, 0x91, 0x2b, 0x64,
  0x00, 0x94, 0x2b, 0x64, 0x00, 0x99, 0x24, 0x64, 0x00, 0x98, 0x4a, 0x6e,
  0x00, 0x98, 0x43, 0x6e, 0x00, 0x99, 0x26, 0x7d, 0x00, 0x99, 0x2c, 0x69,
  0x00, 0x99, 0x36, 0x7d, 0x0a, 0x89, 0x24, 0x40, 0x00, 0x89, 0x36, 0x40,
  0x00, 0x89, 0x26, 0x40, 0x00, 0x89, 0x2c, 0x40, 0x81, 0x2a, 0x84, 0x2b,
  0x40, 0x28, 0x83, 0x3b, 0x40, 0x00, 0x86, 0x53, 0x40, 0x00, 0x85, 0x3b,
  0x40, 0x00, 0x87, 0x47, 0x40, 0x50, 0x80, 0x43, 0x40, 0x00, 0x80, 0x3e,
  0x40, 0x00, 0x80, 0x3b, 0x40, 0x14, 0x93, 0x37, 0x73, 0x00, 0x97, 0x43,
  0x73, 0x00, 0x96, 0x4f, 0x73, 0x00, 0x95, 0x37, 0x6e, 0x0a, 0x99, 0x46,
  0x50, 0x00, 0x99, 0x2c, 0x55, 0x0a, 0x89, 0x46, 0x40, 0x00, 0x89, 0x2c,
  0x40, 0x00, 0x99, 0x26, 0x46, 0x0a, 0x89, 0x26, 0x40, 0x32, 0x81, 0x2b,
  0x40, 0x1e, 0x80, 0x2b, 0x40, 0x32, 0x88, 0x43, 0x40, 0x00, 0x88, 0x4a,
  0x40, 0x00, 0x99, 0x24, 0x50, 0x00, 0x99, 0x26, 0x46, 0x00, 0x99, 0x2c,
  0x69, 0x00, 0x99, 0x46, 0x50, 0x0a, 0x89, 0x24, 0x40, 0x00, 0x89, 0x46,
  0x40, 0x00, 0x89, 0x2c, 0x40, 0x00, 0x89, 0x26, 0x40, 0x82, 0x22, 0x86,
  0x4f, 0x40, 0x00, 0x83, 0x37, 0x40, 0x00, 0x87, 0x43, 0x40, 0x00, 0x85,
  0x37, 0x40, 0x1e, 0x90, 0x2b, 0x5a, 0x00, 0x99, 0x46, 0x50, 0x00, 0x99,
  0x2c, 0x55, 0x0a, 0x89, 0x46, 0x40, 0x00, 0x89, 0x2c, 0x40, 0x00, 0x93,
  0x3b, 0x73, 0x00, 0x97, 0x47, 0x73, 0x00, 0x95, 0x3b, 0x6e, 0x00, 0x96,
  0x53, 0x73, 0x05, 0x99, 0x26, 0x32, 0x0a, 0x89, 0x26, 0x40, 0x5f, 0x87,
  0x47, 0x40, 0x00, 0x86, 0x53, 0x40, 0x00, 0x85, 0x3b, 0x40, 0x00, 0x83,
  0x3b, 0x40, 0x1e, 0x90, 0x3b, 0x6e, 0x00, 0x90, 0x3e, 0x6e, 0x00, 0x90,
  0x43, 0x6e, 0x00, 0x91, 0x2b, 0x64, 0x00, 0x93, 0x3d, 0x73, 0x00, 0x94,
  0x2b, 0x64, 0x00, 0x96, 0x55, 0x73, 0x00, 0x95, 0x3d, 0x6e, 0x00, 0x97,
  0x49, 0x73, 0x00, 0x98, 0x4a, 0x6e, 0x00, 0x98, 0x43, 0x6e, 0x00, 0x99,
  0x24, 0x64, 0x00, 0x99, 0x26, 0x64, 0x00, 0x99, 0x2c, 0x69, 0x00, 0x99,
  0x36, 0x7d, 0x0a, 0x89, 0x24, 0x40, 0x00, 0x89, 0x36, 0x40, 0x00, 0x89,
  0x26, 0x40, 0x00, 0x89, 0x2c, 0x40, 0x32, 0x99, 0x26, 0x5a, 0x0a, 0x89,
  0x26, 0x40, 0x32, 0x99, 0x26, 0x50, 0x0a, 0x89, 0x26, 0x40, 0x32, 0x84,
  0x2b, 0x40, 0x00, 0x99, 0x26, 0x46, 0x0a, 0x89, 0x26, 0x40, 0x32, 0x99,
  0x26, 0x3c, 0x0a, 0x89, 0x26, 0x40, 0x32, 0x83, 0x3d, 0x40, 0x00, 0x86,
  0x55, 0x40, 0x00, 0x85, 0x3d, 0x40, 0x00, 0x87, 0x49, 0x40, 0x00, 0x80,
  0x3b, 0x40, 0x00, 0x80, 0x3e, 0x40, 0x00, 0x80, 0x43, 0x40, 0x00, 0x99,
  0x26, 0x32, 0x0a, 0x89, 0x26, 0x40, 0x14, 0x99, 0x2c, 0x55, 0x00, 0x99,
  0x46, 0x50, 0x0a, 0x89, 0x2c, 0x40, 0x00, 0x89, 0x46, 0x40, 0x00, 0x93,
  0x3e, 0x73, 0x00, 0x97, 0x4a, 0x73, 0x00, 0x95, 0x3e, 0x6e, 0x00, 0x96,
  0x56, 0x73, 0x14, 0x99, 0x26, 0x28, 0x0a, 0x89, 0x26, 0x40, 0x1e, 0x81,
  0x2b, 0x40, 0x14, 0x99, 0x26, 0x1e, 0x0a, 0x80, 0x2b, 0x40, 0x00, 0x89,
  0x26, 0x40, 0x14, 0x85, 0x3e, 0x40, 0x00, 0x86, 0x56, 0x40, 0x00, 0x83,
  0x3e, 0x40, 0x00, 0x87, 0x4a, 0x40, 0x1e, 0x88, 0x43, 0x40, 0x00, 0x88,
  0x4a, 0x40, 0x00, 0x93, 0x42, 0x6e, 0x00, 0x96, 0x5a, 0x6e, 0x00, 0x95,
  0x42, 0x69, 0x00, 0x97, 0x4e, 0x6e, 0x00, 0x99, 0x24, 0x50, 0x00, 0x99,
  0x26, 0x46, 0x00, 0x99, 0x2c, 0x69, 0x00, 0x99, 0x46, 0x50, 0x0a, 0x89,
  0x24, 0x40, 0x00, 0x89, 0x46, 0x40, 0x00, 0x89, 0x2c, 0x40, 0x00, 0x89,
  0x26, 0x40, 0x82, 0x22, 0x86, 0x5a, 0x40, 0x00, 0x83, 0x42, 0x40, 0x00,
  0x85, 0x42, 0x40, 0x00, 0x87, 0x4e, 0x40, 0x1e, 0x90, 0x2d, 0x5a, 0x00,
  0x99, 0x46, 0x50, 0x00, 0x99, 0x2c, 0x55, 0x0a, 0x89, 0x46, 0x40, 0x00,
  0x89, 0x2c, 0x40, 0x00, 0x96, 0x5a, 0x5a, 0x0a, 0x95, 0x42, 0x55, 0x00,
  0x97, 0x4e, 0x5a, 0x00, 0x93, 0x42, 0x5a, 0x6e, 0x86, 0x5a, 0x40, 0x0a,
  0x83, 0x42, 0x40, 0x00, 0x87, 0x4e, 0x40, 0x00, 0x85, 0x42, 0x40, 0x0a,
  0x90, 0x3d, 0x6e, 0x00, 0x90, 0x40, 0x6e, 0x00, 0x90, 0x45, 0x6e, 0x00,
  0x91, 0x2d, 0x64, 0x00, 0x93, 0x40, 0x6e, 0x00, 0x94, 0x2d, 0x64, 0x00,
  0x97, 0x4c, 0x6e, 0x00, 0x98, 0x4c, 0x6e, 0x00, 0x98, 0x45, 0x6e, 0x00,
  0x99, 0x24, 0x64, 0x00, 0x95, 0x40, 0x69, 0x00, 0x96, 0x58, 0x6e, 0x00,
  0x99, 0x2c, 0x69, 0x00, 0x99, 0x26, 0x7d, 0x00, 0x99, 0x36, 0x7d, 0x0a,
  0x89, 0x24, 0x40, 0x00, 0x89, 0x36, 0x40, 0x00, 0x89, 0x2c, 0x40, 0x00,
  0x89, 0x26, 0x40, 0x81, 0x2a, 0x84, 0x2d, 0x40, 0x78, 0x85, 0x40, 0x40,
  0x00, 0x86, 0x58, 0x40, 0x00, 0x87, 0x4c, 0x40, 0x00, 0x80, 0x45, 0x40,
  0x00, 0x80, 0x40, 0x40, 0x00, 0x80, 0x3d, 0x40, 0x00, 0x83, 0x40, 0x40,
  0x1e, 0x99, 0x46, 0x50, 0x00, 0x99, 0x2c, 0x55, 0x0a, 0x89, 0x46, 0x40,
  0x00, 0x89, 0x2c, 0x40, 0x00, 0x96, 0x58, 0x5a, 0x0a, 0x95, 0x40, 0x55,
  0x00, 0x97, 0x4c, 0x5a, 0x00, 0x93, 0x40, 0x5a, 0x32, 0x81, 0x2d, 0x40,
  0x1e, 0x80, 0x2d, 0x40, 0x0a, 0x86, 0x58, 0x40, 0x0a, 0x87, 0x4c, 0x40,
  0x00, 0x83, 0x40, 0x40, 0x00, 0x85, 0x40, 0x40, 0x1e, 0x88, 0x4c, 0x40,
  0x00, 0x88, 0x45, 0x40, 0x00, 0x93, 0x3e, 0x73, 0x00, 0x97, 0x4a, 0x73,
  0x00, 0x99, 0x24, 0x50, 0x00, 0x95, 0x3e, 0x6e, 0x00, 0x96, 0x56, 0x73,
  0x00, 0x99, 0x2c, 0x69, 0x00, 0x99, 0x26, 0x32, 0x00, 0x99, 0x46, 0x50,
  0x0a, 0x89, 0x24, 0x40, 0x00, 0x89, 0x46, 0x40, 0x00, 0x89, 0x26, 0x40,
  0x00, 0x89, 0x2c, 0x40, 0x81, 0x16, 0x99, 0x26, 0x3c, 0x0a, 0x89, 0x26,
  0x40, 0x6e, 0x85, 0x3e, 0x40, 0x00, 0x87, 0x4a, 0x40, 0x00, 0x83, 0x3e,
  0x40, 0x00, 0x86, 0x56, 0x40, 0x28, 0x99, 0x26, 0x46, 0x0a, 0x89, 0x26,
  0x40, 0x00, 0x90, 0x2d, 0x5a, 0x00, 0x99, 0x2c, 0x55, 0x00, 0x99, 0x46,
  0x50, 0x0a, 0x89, 0x2c, 0x40, 0x00, 0x89, 0x46, 0x40, 0x00, 0x93, 0x3b,
  0x6e, 0x00, 0x96, 0x53, 0x6e, 0x00, 0x95, 0x3b, 0x69, 0x00, 0x97, 0x47,
  0x6e, 0x78, 0x83, 0x3b, 0x40, 0x00, 0x87, 0x47, 0x40, 0x00, 0x85, 0x3b,
  0x40, 0x00, 0x86, 0x53, 0x40, 0x14, 0x90, 0x3d, 0x6e, 0x00, 0x90, 0x40,
  0x6e, 0x00, 0x90, 0x45, 0x6e, 0x00, 0x91, 0x2d, 0x64, 0x00, 0x94, 0x2d,
  0x64, 0x00, 0x98, 0x4c, 0x6e, 0x00, 0x98, 0x45, 0x6e, 0x00, 0x99, 0x24,
  0x64, 0x00, 0x99, 0x36, 0x7d, 0x00, 0x99, 0x2c, 0x69, 0x00, 0x99, 0x26,
  0x7d, 0x0a, 0x89, 0x24, 0x40, 0x00, 0x89, 0x36, 0x40, 0x00, 0x89, 0x2c,
  0x40, 0x00, 0x89, 0x26, 0x40, 0x81, 0x2a, 0x84, 0x2d, 0x40, 0x78, 0x80,
  0x45, 0x40, 0x00, 0x80, 0x40, 0x40, 0x00, 0x80, 0x3d, 0x40, 0x14, 0x93,
  0x42, 0x73, 0x00, 0x97, 0x4e, 0x73, 0x00, 0x95, 0x42, 0x6e, 0x00, 0x96,
  0x5a, 0x73, 0x0a, 0x99, 0x2c, 0x55, 0x00, 0x99, 0x46, 0x50, 0x0a, 0x89,
  0x2c, 0x40, 0x00, 0x89, 0x46, 0x40, 0x3c, 0x81, 0x2d, 0x40, 0x1e, 0x80,
  0x2d, 0x40, 0x32, 0x88, 0x4c, 0x40, 0x00, 0x88, 0x45, 0x40, 0x00, 0x99,
  0x24, 0x50, 0x00, 0x99, 0x46, 0x50, 0x00, 0x99, 0x2c, 0x69, 0x00, 0x99,
  0x26, 0x32, 0x0a, 0x89, 0x24, 0x40, 0x00, 0x89, 0x26, 0x40, 0x00, 0x89,
  0x2c, 0x40, 0x00, 0x89, 0x46, 0x40, 0x81, 0x16, 0x99, 0x26, 0x3c, 0x0a,
  0x89, 0x26, 0x40, 0x46, 0x86, 0x5a, 0x40, 0x00, 0x83, 0x42, 0x40, 0x00,
  0x87, 0x4e, 0x40, 0x00, 0x85, 0x42, 0x40, 0x50, 0x96, 0x5a, 0x5a, 0x0a,
  0x90, 0x2d, 0x5a, 0x00, 0x99, 0x2c, 0x55, 0x00, 0x99, 0x46, 0x50, 0x0a,
  0x89, 0x2c, 0x40, 0x00, 0x89, 0x46, 0x40, 0x0a, 0x93, 0x42, 0x5a, 0x00,
  0x95, 0x42, 0x55, 0x00, 0x97, 0x4e, 0x5a, 0x0a, 0x99, 0x26, 0x46, 0x0a,
  0x89, 0x26, 0x40, 0x32, 0x86, 0x5a, 0x40, 0x1e, 0x87, 0x4e, 0x40, 0x00,
  0x85, 0x42, 0x40, 0x00, 0x83, 0x42, 0x40, 0x1e, 0x90, 0x3d, 0x6e, 0x00,
  0x90, 0x40, 0x6e, 0x00, 0x90, 0x45, 0x6e, 0x00, 0x91, 0x2d, 0x64, 0x00,
  0x93, 0x40, 0x6e, 0x00, 0x94, 0x2d, 0x64, 0x00, 0x97, 0x4c, 0x6e, 0x00,
  0x98, 0x4c, 0x6e, 0x00, 0x98, 0x45, 0x6e, 0x00, 0x99, 0x24, 0x64, 0x00,
  0x95, 0x40, 0x69, 0x00, 0x96, 0x58, 0x6e, 0x00, 0x99, 0x26, 0x7d, 0x00,
  0x99, 0x2c, 0x69, 0x00, 0x99, 0x36, 0x7d, 0x0a, 0x89, 0x24, 0x40, 0x00,
  0x89, 0x36, 0x40, 0x00, 0x89, 0x26, 0x40, 0x00, 0x89, 0x2c, 0x40, 0x81,
  0x2a, 0x84, 0x2d, 0x40, 0x64, 0x87, 0x4c, 0x40, 0x00, 0x85, 0x40, 0x40,
  0x00, 0x86, 0x58, 0x40, 0x00, 0x83, 0x40, 0x40, 0x14, 0x80, 0x40, 0x40,
  0x00, 0x80, 0x45, 0x40, 0x00, 0x80, 0x3d, 0x40, 0x1e, 0x99, 0x46, 0x50,
  0x00, 0x99, 0x2c, 0x55, 0x0a, 0x89, 0x46, 0x40, 0x00, 0x89, 0x2c, 0x40,
  0x00, 0x93, 0x40, 0x5a, 0x00, 0x96, 0x58, 0x5a, 0x00, 0x95, 0x40, 0x55,
  0x00, 0x97, 0x4c, 0x5a, 0x00, 0x99, 0x26, 0x46, 0x0a, 0x89, 0x26, 0x40,
  0x32, 0x81, 0x2d, 0x40, 0x1e, 0x80, 0x2d, 0x40, 0x0a, 0x85, 0x40, 0x40,
  0x00, 0x87, 0x4c, 0x40, 0x00, 0x83, 0x40, 0x40, 0x00, 0x86, 0x58, 0x40,
  0x28, 0x88, 0x4c, 0x40, 0x00, 0x88, 0x45, 0x40, 0x00, 0x93, 0x3e, 0x73,
  0x00, 0x97, 0x4a, 0x73, 0x00, 0x99, 0x24, 0x50, 0x00, 0x95, 0x3e, 0x6e,
  0x00, 0x96, 0x56, 0x73, 0x00, 0x99, 0x26, 0x46, 0x00, 0x99, 0x2c, 0x69,
  0x00, 0x99, 0x46, 0x50, 0x0a, 0x89, 0x24, 0x40, 0x00, 0x89, 0x46, 0x40,
  0x00, 0x89, 0x2c, 0x40, 0x00, 0x89, 0x26, 0x40, 0x82, 0x22, 0x86, 0x56,
  0x40, 0x00, 0x87, 0x4a, 0x40, 0x00, 0x83, 0x3e, 0x40, 0x00, 0x85, 0x3e,
  0x40, 0x1e, 0x90, 0x2d, 0x5a, 0x00, 0x99, 0x46, 0x50, 0x00, 0x99, 0x2c,
  0x55, 0x0a, 0x89, 0x46, 0x40, 0x00, 0x89, 0x2c, 0x40, 0x00, 0x93, 0x3e,
  0x5a, 0x00, 0x96, 0x56, 0x5a, 0x00, 0x95, 0x3e, 0x55, 0x00, 0x97, 0x4a,
  0x5a, 0x05, 0x99, 0x26, 0x32, 0x0a, 0x89, 0x26, 0x40, 0x55, 0x86, 0x56,
  0x40, 0x00, 0x87, 0x4a, 0x40, 0x00, 0x85, 0x3e, 0x40, 0x00, 0x83, 0x3e,
  0x40, 0x28, 0x90, 0x3d, 0x6e, 0x00, 0x90, 0x40, 0x6e, 0x00, 0x90, 0x45,
  0x6e, 0x00, 0x91, 0x2d, 0x64, 0x00, 0x93, 0x40, 0x6e, 0x00, 0x94, 0x2d,
  0x64, 0x00, 0x97, 0x4c, 0x6e, 0x00, 0x98, 0x4c, 0x6e, 0x00, 0x98, 0x45,
  0x6e, 0x00, 0x99, 0x24, 0x64, 0x00, 0x95, 0x40, 0x69, 0x00, 0x96, 0x58,
  0x6e, 0x00, 0x99, 0x26, 0x64, 0x00, 0x99, 0x2c, 0x69, 0x00, 0x99, 0x36,
  0x7d, 0x0a, 0x89, 0x24, 0x40, 0x00, 0x89, 0x36, 0x40, 0x00, 0x89, 0x26,
  0x40, 0x00, 0x89, 0x2c, 0x40, 0x32, 0x99, 0x26, 0x5a, 0x0a, 0x89, 0x26,
  0x40, 0x32, 0x99, 0x26, 0x50, 0x0a, 0x89, 0x26, 0x40, 0x32, 0x84, 0x2d,
  0x40, 0x00, 0x99, 0x26, 0x46, 0x0a, 0x89, 0x26, 0x40, 0x32, 0x99, 0x26,
  0x3c, 0x0a, 0x89, 0x26, 0x40, 0x1e, 0x85, 0x40, 0x40, 0x00, 0x86, 0x58,
  0x40, 0x00, 0x87, 0x4c, 0x40, 0x00, 0x83, 0x40, 0x40, 0x14, 0x80, 0x40,
  0x40, 0x00, 0x80, 0x45, 0x40, 0x00, 0x80, 0x3d, 0x40, 0x00, 0x99, 0x26,
  0x32, 0x0a, 0x89, 0x26, 0x40, 0x14, 0x99, 0x2c, 0x55, 0x00, 0x99, 0x46,
  0x50, 0x0a, 0x89, 0x2c, 0x40, 0x00, 0x89, 0x46, 0x40, 0x00, 0x93, 0x40,
  0x5a, 0x00, 0x96, 0x58, 0x5a, 0x00, 0x95, 0x40, 0x55, 0x00, 0x97, 0x4c,
  0x5a, 0x14, 0x99, 0x26, 0x28, 0x0a, 0x89, 0x26, 0x40, 0x1e, 0x81, 0x2d,
  0x40, 0x14, 0x99, 0x26, 0x1e, 0x0a, 0x80, 0x2d, 0x40, 0x00, 0x89, 0x26,
  0x40, 0x0a, 0x85, 0x40, 0x40, 0x00, 0x87, 0x4c, 0x40, 0x00, 0x83, 0x40,
  0x40, 0x00, 0x86, 0x58, 0x40, 0x28, 0x88, 0x4c, 0x40, 0x00, 0x88, 0x45,
  0x40, 0x00, 0x93, 0x3e, 0x73, 0x00, 0x97, 0x4a, 0x73, 0x00, 0x99, 0x24,
  0x50, 0x00, 0x95, 0x3e, 0x6e, 0x00, 0x96, 0x56, 0x73, 0x00, 0x99, 0x26,
  0x46, 0x00, 0x99, 0x2c, 0x69, 0x00, 0x99, 0x46, 0x50, 0x0a, 0x89, 0x24,
  0x40, 0x00, 0x89, 0x46, 0x40, 0x00, 0x89, 0x2c, 0x40, 0x00, 0x89, 0x26,
  0x40, 0x82, 0x40, 0x90, 0x32, 0x5a, 0x00, 0x99, 0x46, 0x50, 0x00, 0x99,
  0x2c, 0x55, 0x0a, 0x89, 0x46, 0x40, 0x00, 0x89, 0x2c, 0x40, 0x81, 0x0c,
  0x90, 0x39, 0x6e, 0x00, 0x90, 0x3e, 0x6e, 0x00, 0x90, 0x42, 0x6e, 0x00,
  0x91, 0x26, 0x64, 0x00, 0x94, 0x26, 0x64, 0x00, 0x99, 0x24, 0x64, 0x00,
  0x98, 0x4a, 0x6e, 0x00, 0x98, 0x42, 0x6e, 0x00, 0x99, 0x2c, 0x69, 0x00,
  0x99, 0x26, 0x7d, 0x00, 0x99, 0x36, 0x7d, 0x0a, 0x89, 0x24, 0x40, 0x00,
  0x89, 0x36, 0x40, 0x00, 0x89, 0x2c, 0x40, 0x00, 0x89, 0x26, 0x40, 0x81,
  0x2a, 0x84, 0x26, 0x40, 0x64, 0x87, 0x4a, 0x40, 0x00, 0x83, 0x3e, 0x40,
  0x00, 0x85, 0x3e, 0x40, 0x00, 0x86, 0x56, 0x40, 0x14, 0x80, 0x42, 0x40,
  0x00, 0x80, 0x3e, 0x40, 0x00, 0x80, 0x39, 0x40, 0x14, 0x93, 0x3b, 0x73,
  0x00, 0x97, 0x47, 0x73, 0x00, 0x96, 0x53, 0x73, 0x00, 0x95, 0x3b, 0x6e,
  0x0a, 0x99, 0x46, 0x50, 0x00, 0x99, 0x2c, 0x55, 0x0a, 0x89, 0x46, 0x40,
  0x00, 0x89, 0x2c, 0x40, 0x3c, 0x81, 0x26, 0x40, 0x1e, 0x80, 0x32, 0x40,
  0x32, 0x88, 0x42, 0x40, 0x00, 0x88, 0x4a, 0x40, 0x00, 0x99, 0x24, 0x50,
  0x00, 0x99, 0x2c, 0x69, 0x00, 0x99, 0x26, 0x32, 0x00, 0x99, 0x46, 0x50,
  0x0a, 0x89, 0x24, 0x40, 0x00, 0x89, 0x46, 0x40, 0x00, 0x89, 0x26, 0x40,
  0x00, 0x89, 0x2c, 0x40, 0x81, 0x16, 0x99, 0x26, 0x3c, 0x0a, 0x89, 0x26,
  0x40, 0x81, 0x16, 0x99, 0x26, 0x46, 0x0a, 0x89, 0x26, 0x40, 0x00, 0x90,
  0x32, 0x5a, 0x00, 0x99, 0x2c, 0x55, 0x00, 0x99, 0x46, 0x50, 0x0a, 0x89,
  0x2c, 0x40, 0x00, 0x89, 0x46, 0x40, 0x81, 0x0c, 0x90, 0x39, 0x6e, 0x00,
  0x90, 0x3e, 0x6e, 0x00, 0x90, 0x42, 0x6e, 0x00, 0x91, 0x26, 0x64, 0x00,
  0x93, 0x39, 0x73, 0x00, 0x94, 0x26, 0x64, 0x00, 0x99, 0x24, 0x64, 0x00,
  0x97, 0x45, 0x73, 0x00, 0x98, 0x4a, 0x6e, 0x00, 0x98, 0x42, 0x6e, 0x00,
  0x95, 0x39, 0x6e, 0x00, 0x96, 0x51, 0x73, 0x00, 0x99, 0x36, 0x7d, 0x00,
  0x99, 0x2c, 0x69, 0x00, 0x99, 0x26, 0x7d, 0x0a, 0x89, 0x24, 0x40, 0x00,
  0x89, 0x36, 0x40, 0x00, 0x89, 0x2c, 0x40, 0x00, 0x89, 0x26, 0x40, 0x6e,
  0x85, 0x3b, 0x40, 0x00, 0x83, 0x3b, 0x40, 0x00, 0x87, 0x47, 0x40, 0x00,
  0x86, 0x53, 0x40, 0x3c, 0x84, 0x26, 0x40, 0x78, 0x80, 0x42, 0x40, 0x00,
  0x80, 0x39, 0x40, 0x00, 0x80, 0x3e, 0x40, 0x1e, 0x99, 0x2c, 0x55, 0x00,
  0x99, 0x46, 0x50, 0x0a, 0x89, 0x2c, 0x40, 0x00, 0x89, 0x46, 0x40, 0x3c,
  0x81, 0x26, 0x40, 0x1e, 0x80, 0x32, 0x40, 0x32, 0x88, 0x42, 0x40, 0x00,
  0x88, 0x4a, 0x40, 0x00, 0x99, 0x24, 0x50, 0x00, 0x99, 0x46, 0x50, 0x00,
  0x99, 0x2c, 0x69, 0x00, 0x99, 0x26, 0x32, 0x0a, 0x89, 0x24, 0x40, 0x00,
  0x89, 0x26, 0x40, 0x00, 0x89, 0x2c, 0x40, 0x00, 0x89, 0x46, 0x40, 0x81,
  0x16, 0x99, 0x26, 0x3c, 0x0a, 0x89, 0x26, 0x40, 0x81, 0x20, 0x90, 0x26,
  0x5a, 0x00, 0x99, 0x2c, 0x55, 0x00, 0x99, 0x46, 0x50, 0x0a, 0x89, 0x2c,
  0x40, 0x00, 0x89, 0x46, 0x40, 0x14, 0x99, 0x26, 0x46, 0x0a, 0x89, 0x26,
  0x40, 0x6e, 0x90, 0x39, 0x6e, 0x00, 0x90, 0x3e, 0x6e, 0x00, 0x90, 0x42,
  0x6e, 0x00, 0x91, 0x26, 0x64, 0x00, 0x94, 0x26, 0x64, 0x00, 0x99, 0x24,
  0x64, 0x00, 0x98, 0x4a, 0x6e, 0x00, 0x98, 0x42, 0x6e, 0x00, 0x99, 0x26,
  0x7d, 0x00, 0x99, 0x2c, 0x69, 0x00, 0x99, 0x36, 0x7d, 0x0a, 0x89, 0x24,
  0x40, 0x00, 0x89, 0x36, 0x40, 0x00, 0x89, 0x26, 0x40, 0x00, 0x89, 0x2c,
  0x40, 0x81, 0x2a, 0x84, 0x26, 0x40, 0x78, 0x80, 0x39, 0x40, 0x00, 0x80,
  0x42, 0x40, 0x00, 0x80, 0x3e, 0x40, 0x1e, 0x99, 0x46, 0x50, 0x00, 0x99,
  0x2c, 0x55, 0x0a, 0x89, 0x46, 0x40, 0x00, 0x89, 0x2c, 0x40, 0x00, 0x99,
  0x26, 0x46, 0x0a, 0x89, 0x26, 0x40, 0x32, 0x87, 0x45, 0x40, 0x00, 0x85,
  0x39, 0x40, 0x00, 0x86, 0x51, 0x40, 0x00, 0x81, 0x26, 0x40, 0x00, 0x83,
  0x39, 0x40, 0x1e, 0x80, 0x26, 0x40, 0x32, 0x88, 0x42, 0x40, 0x00, 0x88,
  0x4a, 0x40, 0x00, 0x93, 0x39, 0x73, 0x00, 0x97, 0x45, 0x73, 0x00, 0x99,
  0x24, 0x50, 0x00, 0x96, 0x51, 0x73, 0x00, 0x95, 0x39, 0x6e, 0x00, 0x99,
  0x26, 0x46, 0x00, 0x99, 0x2c, 0x69, 0x00, 0x99, 0x46, 0x50, 0x0a, 0x89,
  0x24, 0x40, 0x00, 0x89, 0x46, 0x40, 0x00, 0x89, 0x2c, 0x40, 0x00, 0x89,
  0x26, 0x40, 0x82, 0x22, 0x85, 0x39, 0x40, 0x00, 0x87, 0x45, 0x40, 0x00,
  0x83, 0x39, 0x40, 0x00, 0x86, 0x51, 0x40, 0x1e, 0x90, 0x2a, 0x5a, 0x00,
  0x99, 0x46, 0x50, 0x00, 0x99, 0x2c, 0x55, 0x0a, 0x89, 0x46, 0x40, 0x00,
  0x89, 0x2c, 0x40, 0x00, 0x96, 0x53, 0x69, 0x05, 0x99, 0x26, 0x32, 0x05,
  0x93, 0x3b, 0x69, 0x00, 0x95, 0x3b, 0x64, 0x00, 0x97, 0x47, 0x69, 0x05,
  0x89, 0x26, 0x40, 0x69, 0x86, 0x53, 0x40, 0x0a, 0x85, 0x3b, 0x40, 0x00,
  0x83, 0x3b, 0x40, 0x00, 0x87, 0x47, 0x40, 0x0a, 0x90, 0x3e, 0x6e, 0x00,
  0x90, 0x42, 0x6e, 0x00, 0x90, 0x45, 0x6e, 0x00, 0x91, 0x2a, 0x64, 0x00,
  0x93, 0x3d, 0x73, 0x00, 0x94, 0x2a, 0x64, 0x00, 0x97, 0x49, 0x73, 0x00,
  0x98, 0x4a, 0x6e, 0x00, 0x98, 0x42, 0x6e, 0x00, 0x99, 0x24, 0x64, 0x00,
  0x95, 0x3d, 0x6e, 0x00, 0x96, 0x55, 0x73, 0x00, 0x99, 0x26, 0x64, 0x00,
  0x99, 0x2c, 0x69, 0x00, 0x99, 0x36, 0x7d, 0x0a, 0x89, 0x24, 0x40, 0x00,
  0x89, 0x36, 0x40, 0x00, 0x89, 0x26, 0x40, 0x00, 0x89, 0x2c, 0x40, 0x32,
  0x99, 0x26, 0x5a, 0x0a, 0x89, 0x26, 0x40, 0x32, 0x99, 0x26, 0x50, 0x0a,
  0x89, 0x26, 0x40, 0x32, 0x84, 0x2a, 0x40, 0x00, 0x99, 0x26, 0x46, 0x0a,
  0x89, 0x26, 0x40, 0x32, 0x99, 0x26, 0x3c, 0x0a, 0x89, 0x26, 0x40, 0x32,
  0x80, 0x42, 0x40, 0x00, 0x86, 0x55, 0x40, 0x00, 0x87, 0x49, 0x40, 0x00,
  0x80, 0x45, 0x40, 0x00, 0x83, 0x3d, 0x40, 0x00, 0x80, 0x3e, 0x40, 0x00,
  0x85, 0x3d, 0x40, 0x00, 0x99, 0x26, 0x32, 0x0a, 0x89, 0x26, 0x40, 0x14,
  0x99, 0x2c, 0x55, 0x00, 0x99, 0x46, 0x50, 0x0a, 0x89, 0x2c, 0x40, 0x00,
  0x89, 0x46, 0x40, 0x00, 0x96, 0x58, 0x64, 0x0a, 0x95, 0x40, 0x5f, 0x00,
  0x97, 0x4c, 0x64, 0x00, 0x93, 0x40, 0x64, 0x0a, 0x99, 0x26, 0x28, 0x0a,
  0x89, 0x26, 0x40, 0x1e, 0x81, 0x2a, 0x40, 0x14, 0x99, 0x26, 0x1e, 0x0a,
  0x80, 0x2a, 0x40, 0x00, 0x89, 0x26, 0x40, 0x0a, 0x86, 0x58, 0x40, 0x0a,
  0x87, 0x4c, 0x40, 0x00, 0x83, 0x40, 0x40, 0x00, 0x85, 0x40, 0x40, 0x1e,
  0x88, 0x4a, 0x40, 0x00, 0x88, 0x42, 0x40, 0x00, 0x93, 0x42, 0x73, 0x00,
  0x97, 0x4e, 0x73, 0x00, 0x99, 0x24, 0x50, 0x00, 0x95, 0x42, 0x6e, 0x00,
  0x96, 0x5a, 0x73, 0x00, 0x99, 0x26, 0x46, 0x00, 0x99, 0x2c, 0x69, 0x00,
  0x99, 0x46, 0x50, 0x00, 0x99, 0x39, 0x78, 0x0a, 0x89, 0x24, 0x40, 0x00,
  0x89, 0x46, 0x40, 0x00, 0x89, 0x39, 0x40, 0x00, 0x89, 0x2c, 0x40, 0x00,
  0x89, 0x26, 0x40, 0x82, 0x0e, 0x86, 0x5a, 0x40, 0x00, 0x87, 0x4e, 0x40,
  0x00, 0x83, 0x42, 0x40, 0x00, 0x85, 0x42, 0x40, 0x32, 0x90, 0x26, 0x5a,
  0x00, 0x99, 0x46, 0x50, 0x00, 0x99, 0x2c, 0x55, 0x0a, 0x89, 0x46, 0x40,
  0x00, 0x89, 0x2c, 0x40, 0x00, 0x96, 0x5a, 0x69, 0x0a, 0x95, 0x42, 0x64,
  0x00, 0x97, 0x4e, 0x69, 0x00, 0x93, 0x42, 0x69, 0x5a, 0x86, 0x5a, 0x40,
  0x0a, 0x83, 0x42, 0x40, 0x00, 0x87, 0x4e, 0x40, 0x00, 0x85, 0x42, 0x40,
  0x1e, 0x90, 0x39, 0x6e, 0x00, 0x90, 0x3e, 0x6e, 0x00, 0x90, 0x42, 0x6e,
  0x00, 0x91, 0x26, 0x64, 0x00, 0x93, 0x3e, 0x73, 0x00, 0x94, 0x26, 0x64,
  0x00, 0x97, 0x4a, 0x73, 0x00, 0x98, 0x4a, 0x6e, 0x00, 0x98, 0x42, 0x6e,
  0x00, 0x99, 0x24, 0x64, 0x00, 0x95, 0x3e, 0x6e, 0x00, 0x96, 0x56, 0x73,
  0x00, 0x99, 0x2c, 0x69, 0x00, 0x99, 0x26, 0x7d, 0x00, 0x99, 0x36, 0x7d,
  0x0a, 0x89, 0x24, 0x40, 0x00, 0x89, 0x36, 0x40, 0x00, 0x89, 0x2c, 0x40,
  0x00, 0x89, 0x26, 0x40, 0x81, 0x2a, 0x84, 0x26, 0x40, 0x64, 0x87, 0x4a,
  0x40, 0x00, 0x85, 0x3e, 0x40, 0x00, 0x86, 0x56, 0x40, 0x00, 0x83, 0x3e,
  0x40, 0x14, 0x80, 0x3e, 0x40, 0x00, 0x80, 0x42, 0x40, 0x00, 0x80, 0x39,
  0x40, 0x1e, 0x99, 0x46, 0x50, 0x00, 0x99, 0x2c, 0x55, 0x0a, 0x89, 0x46,
  0x40, 0x00, 0x89, 0x2c, 0x40, 0x00, 0x93, 0x3e, 0x69, 0x00, 0x96, 0x56,
  0x69, 0x00, 0x95, 0x3e, 0x64, 0x00, 0x97, 0x4a, 0x69, 0x3c, 0x81, 0x26,
  0x40, 0x1e, 0x80, 0x26, 0x40, 0x0a, 0x85, 0x3e, 0x40, 0x00, 0x87, 0x4a,
  0x40, 0x00, 0x83, 0x3e, 0x40, 0x00, 0x86, 0x56, 0x40, 0x28, 0x88, 0x4a,
  0x40, 0x00, 0x88, 0x42, 0x40, 0x00, 0x93, 0x42, 0x73, 0x00, 0x97, 0x4e,
  0x73, 0x00, 0x99, 0x24, 0x50, 0x00, 0x95, 0x42, 0x6e, 0x00, 0x96, 0x5a,
  0x73, 0x00, 0x99, 0x2c, 0x69, 0x00, 0x99, 0x26, 0x32, 0x00, 0x99, 0x46,
  0x50, 0x0a, 0x89, 0x24, 0x40, 0x00, 0x89, 0x46, 0x40, 0x00, 0x89, 0x26,
  0x40, 0x00, 0x89, 0x2c, 0x40, 0x81, 0x16, 0x99, 0x26, 0x3c, 0x0a, 0x89,
  0x26, 0x40, 0x6e, 0x85, 0x42, 0x40, 0x00, 0x87, 0x4e, 0x40, 0x00, 0x83,
  0x42, 0x40, 0x00, 0x86, 0x5a, 0x40, 0x28, 0x99, 0x26, 0x46, 0x0a, 0x89,
  0x26, 0x40, 0x00, 0x90, 0x26, 0x5a, 0x00, 0x99, 0x2c, 0x55, 0x00, 0x99,
  0x46, 0x50, 0x0a, 0x89, 0x2c, 0x40, 0x00, 0x89, 0x46, 0x40, 0x00, 0x96,
  0x56, 0x73, 0x0a, 0x95, 0x3e, 0x6e, 0x00, 0x97, 0x4a, 0x73, 0x00, 0x93,
  0x3e, 0x73, 0x81, 0x02, 0x86, 0x56, 0x40, 0x00, 0x90, 0x39, 0x6e, 0x00,
  0x90, 0x3e, 0x6e, 0x00, 0x90, 0x42, 0x6e, 0x00, 0x91, 0x26, 0x64, 0x00,
  0x94, 0x26, 0x64, 0x00, 0x98, 0x4a, 0x6e, 0x00, 0x98, 0x42, 0x6e, 0x00,
  0x99, 0x24, 0x64, 0x00, 0x99, 0x36, 0x7d, 0x00, 0x99, 0x2c, 0x69, 0x00,
  0x99, 0x26, 0x7d, 0x0a, 0x83, 0x3e, 0x40, 0x00, 0x89, 0x26, 0x40, 0x00,
  0x87, 0x4a, 0x40, 0x00, 0x89, 0x36, 0x40, 0x00, 0x85, 0x3e, 0x40, 0x00,
  0x89, 0x24, 0x40, 0x00, 0x89, 0x2c, 0x40, 0x81, 0x2a, 0x84, 0x26, 0x40,
  0x78, 0x80, 0x42, 0x40, 0x00, 0x80, 0x39, 0x40, 0x00, 0x80, 0x3e, 0x40,
  0x14, 0x93, 0x43, 0x73, 0x00, 0x97, 0x4f, 0x73, 0x00, 0x95, 0x43, 0x6e,
  0x00, 0x96, 0x5b, 0x73, 0x0a, 0x99, 0x2c, 0x55, 0x00, 0x99, 0x46, 0x50,
  0x0a, 0x89, 0x2c, 0x40, 0x00, 0x89, 0x46, 0x40, 0x3c, 0x81, 0x26, 0x40,
  0x1e, 0x80, 0x26, 0x40, 0x32, 0x88, 0x42, 0x40, 0x00, 0x88, 0x4a, 0x40,
  0x00, 0x99, 0x24, 0x50, 0x00, 0x99, 0x46, 0x50, 0x00, 0x99, 0x2c, 0x69,
  0x00, 0x99, 0x26, 0x32, 0x0a, 0x89, 0x24, 0x40, 0x00, 0x89, 0x26, 0x40,
  0x00, 0x89, 0x2c, 0x40, 0x00, 0x89, 0x46, 0x40, 0x81, 0x16, 0x99, 0x26,
  0x3c, 0x0a, 0x89, 0x26, 0x40, 0x46, 0x86, 0x5b, 0x40, 0x00, 0x83, 0x43,
  0x40, 0x00, 0x87, 0x4f, 0x40, 0x00, 0x85, 0x43, 0x40, 0x50, 0x93, 0x43,
  0x6e, 0x00, 0x97, 0x4f, 0x6e, 0x00, 0x95, 0x43, 0x69, 0x0a, 0x90, 0x26,
  0x5a, 0x00, 0x99, 0x2c, 0x55, 0x00, 0x99, 0x46, 0x50, 0x0a, 0x89, 0x2c,
  0x40, 0x00, 0x89, 0x46, 0x40, 0x00, 0x96, 0x5b, 0x6e, 0x14, 0x99, 0x26,
  0x46, 0x0a, 0x89, 0x26, 0x40, 0x32, 0x85, 0x43, 0x40, 0x00, 0x83, 0x43,
  0x40, 0x00, 0x87, 0x4f, 0x40, 0x14, 0x86, 0x5b, 0x40, 0x28, 0x90, 0x39,
  0x6e, 0x00, 0x90, 0x3e, 0x6e, 0x00, 0x90, 0x42, 0x6e, 0x00, 0x91, 0x26,
  0x64, 0x00, 0x93, 0x42, 0x73, 0x00, 0x94, 0x26, 0x64, 0x00, 0x96, 0x5a,
  0x73, 0x00, 0x95, 0x42, 0x6e, 0x00, 0x97, 0x4e, 0x73, 0x00, 0x98, 0x4a,
  0x6e, 0x00, 0x98, 0x42, 0x6e, 0x00, 0x99, 0x24, 0x64, 0x00, 0x99, 0x26,
  0x7d, 0x00, 0x99, 0x2c, 0x69, 0x00, 0x99, 0x36, 0x7d, 0x0a, 0x89, 0x24,
  0x40, 0x00, 0x89, 0x36, 0x40, 0x00, 0x89, 0x26, 0x40, 0x00, 0x89, 0x2c,
  0x40, 0x81, 0x2a, 0x84, 0x26, 0x40, 0x64, 0x86, 0x5a, 0x40, 0x00, 0x85,
  0x42, 0x40, 0x00, 0x87, 0x4e, 0x40, 0x00, 0x83, 0x42, 0x40, 0x14, 0x80,
  0x42, 0x40, 0x00, 0x80, 0x39, 0x40, 0x00, 0x80, 0x3e, 0x40, 0x14, 0x96,
  0x56, 0x73, 0x0a, 0x99, 0x46, 0x50, 0x00, 0x99, 0x2c, 0x55, 0x0a, 0x89,
  0x46, 0x40, 0x00, 0x89, 0x2c, 0x40, 0x00, 0x99, 0x26, 0x46, 0x05, 0x93,
  0x3e, 0x73, 0x00, 0x95, 0x3e, 0x6e, 0x00, 0x97, 0x4a, 0x73, 0x05, 0x89,
  0x26, 0x40, 0x32, 0x81, 0x26, 0x40, 0x1e, 0x80, 0x26, 0x40, 0x32, 0x88,
  0x4a, 0x40, 0x00, 0x88, 0x42, 0x40, 0x00, 0x99, 0x24, 0x50, 0x00, 0x99,
  0x26, 0x46, 0x00, 0x99, 0x2c, 0x69, 0x00, 0x99, 0x46, 0x50, 0x0a, 0x89,
  0x24, 0x40, 0x00, 0x89, 0x46, 0x40, 0x00, 0x89, 0x2c, 0x40, 0x00, 0x89,
  0x26, 0x40, 0x81, 0x02, 0x86, 0x56, 0x40, 0x19, 0x85, 0x3e, 0x40, 0x00,
  0x87, 0x4a, 0x40, 0x00, 0x83, 0x3e, 0x40, 0x81, 0x1b, 0x93, 0x3d, 0x73,
  0x00, 0x97, 0x49, 0x73, 0x00, 0x95, 0x3d, 0x6e, 0x00, 0x96, 0x55, 0x73,
  0x0a, 0x90, 0x26, 0x5a, 0x00, 0x99, 0x46, 0x50, 0x00, 0x99, 0x2c, 0x55,
  0x0a, 0x89, 0x46, 0x40, 0x00, 0x89, 0x2c, 0x40, 0x05, 0x99, 0x26, 0x32,
  0x0a, 0x89, 0x26, 0x40, 0x7d, 0x90, 0x39, 0x6e, 0x00, 0x90, 0x3e, 0x6e,
  0x00, 0x90, 0x42, 0x6e, 0x00, 0x91, 0x26, 0x64, 0x00, 0x94, 0x26, 0x64,
  0x00, 0x98, 0x4a, 0x6e, 0x00, 0x98, 0x42, 0x6e, 0x00, 0x99, 0x24, 0x64,
  0x00, 0x99, 0x26, 0x64, 0x00, 0x99, 0x2c, 0x69, 0x00, 0x99, 0x36, 0x7d,
  0x0a, 0x89, 0x24, 0x40, 0x00, 0x89, 0x36, 0x40, 0x00, 0x89, 0x26, 0x40,
  0x00, 0x89, 0x2c, 0x40, 0x32, 0x99, 0x26, 0x5a, 0x0a, 0x89, 0x26, 0x40,
  0x32, 0x99, 0x26, 0x50, 0x0a, 0x89, 0x26, 0x40, 0x32, 0x84, 0x26, 0x40,
  0x00, 0x99, 0x26, 0x46, 0x0a, 0x89, 0x26, 0x40, 0x32, 0x99, 0x26, 0x3c,
  0x0a, 0x89, 0x26, 0x40, 0x32, 0x80, 0x3e, 0x40, 0x00, 0x80, 0x42, 0x40,
  0x00, 0x80, 0x39, 0x40, 0x00, 0x99, 0x26, 0x32, 0x0a, 0x89, 0x26, 0x40,
  0x14, 0x99, 0x2c, 0x55, 0x00, 0x99, 0x46, 0x50, 0x0a, 0x89, 0x2c, 0x40,
  0x00, 0x89, 0x46, 0x40, 0x14, 0x99, 0x26, 0x28, 0x0a, 0x89, 0x26, 0x40,
  0x1e, 0x81, 0x26, 0x40, 0x14, 0x99, 0x26, 0x1e, 0x0a, 0x80, 0x26, 0x40,
  0x00, 0x89, 0x26, 0x40, 0x1e, 0x83, 0x3d, 0x40, 0x00, 0x85, 0x3d, 0x40,
  0x00, 0x87, 0x49, 0x40, 0x00, 0x86, 0x55, 0x40, 0x14, 0x88, 0x42, 0x40,
  0x00, 0x88, 0x4a, 0x40, 0x00, 0x93, 0x3e, 0x73, 0x00, 0x99, 0x24, 0x50,
  0x00, 0x97, 0x4a, 0x73, 0x00, 0x96, 0x56, 0x73, 0x00, 0x95, 0x3e, 0x6e,
  0x00, 0x99, 0x26, 0x46, 0x00, 0x99, 0x2c, 0x69, 0x00, 0x99, 0x46, 0x50,
  0x0a, 0x89, 0x24, 0x40, 0x00, 0x89, 0x46, 0x40, 0x00, 0x89, 0x2c, 0x40,
  0x00, 0x89, 0x26, 0x40, 0x82, 0x0e, 0x85, 0x3e, 0x40, 0x00, 0x83, 0x3e,
  0x40, 0x00, 0x87, 0x4a, 0x40, 0x00, 0x86, 0x56, 0x40, 0x32, 0x90, 0x2b,
  0x5a, 0x00, 0x99, 0x46, 0x50, 0x00, 0x99, 0x2c, 0x55, 0x0a, 0x89, 0x46,
  0x40, 0x00, 0x89, 0x2c, 0x40, 0x00, 0x96, 0x56, 0x69, 0x0a, 0x95, 0x3e,
  0x64, 0x00, 0x97, 0x4a, 0x69, 0x00, 0x93, 0x3e, 0x69, 0x5a, 0x86, 0x56,
  0x40, 0x0a, 0x83, 0x3e, 0x40, 0x00, 0x87, 0x4a, 0x40, 0x00, 0x85, 0x3e,
  0x40, 0x1e, 0x90, 0x3b, 0x6e, 0x00, 0x90, 0x3e, 0x6e, 0x00, 0x90, 0x43,
  0x6e, 0x00, 0x91, 0x2b, 0x64, 0x00, 0x93, 0x3e, 0x78, 0x00, 0x94, 0x2b,
  0x64, 0x00, 0x97, 0x4a, 0x78, 0x00, 0x98, 0x4a, 0x6e, 0x00, 0x98, 0x43,
  0x6e, 0x00, 0x99, 0x24, 0x64, 0x00, 0x95, 0x3e, 0x73, 0x00, 0x96, 0x56,
  0x78, 0x00, 0x99, 0x2c, 0x69, 0x00, 0x99, 0x26, 0x7d, 0x00, 0x99, 0x36,
  0x7d, 0x0a, 0x89, 0x24, 0x40, 0x00, 0x89, 0x36, 0x40, 0x00, 0x89, 0x2c,
  0x40, 0x00, 0x89, 0x26, 0x40, 0x81, 0x2a, 0x84, 0x2b, 0x40, 0x64, 0x87,
  0x4a, 0x40, 0x00, 0x85, 0x3e, 0x40, 0x00, 0x86, 0x56, 0x40, 0x00, 0x83,
  0x3e, 0x40, 0x14, 0x80, 0x3e, 0x40, 0x00, 0x80, 0x43, 0x40, 0x00, 0x80,
  0x3b, 0x40, 0x1e, 0x99, 0x46, 0x50, 0x00, 0x99, 0x2c, 0x55, 0x0a, 0x89,
  0x46, 0x40, 0x00, 0x89, 0x2c, 0x40, 0x00, 0x93, 0x3e, 0x69, 0x00, 0x96,
  0x56, 0x69, 0x00, 0x95, 0x3e, 0x64, 0x00, 0x97, 0x4a, 0x69, 0x3c, 0x81,
  0x2b, 0x40, 0x1e, 0x80, 0x2b, 0x40, 0x0a, 0x85, 0x3e, 0x40, 0x00, 0x87,
  0x4a, 0x40, 0x00, 0x83, 0x3e, 0x40, 0x00, 0x86, 0x56, 0x40, 0x28, 0x88,
  0x4a, 0x40, 0x00, 0x88, 0x43, 0x40, 0x00, 0x93, 0x3e, 0x73, 0x00, 0x97,
  0x4a, 0x73, 0x00, 0x99, 0x24, 0x50, 0x00, 0x95, 0x3e, 0x6e, 0x00, 0x96,
  0x56, 0x73, 0x00, 0x99, 0x2c, 0x69, 0x00, 0x99, 0x26, 0x32, 0x00, 0x99,
  0x46, 0x50, 0x0a, 0x89, 0x24, 0x40, 0x00, 0x89, 0x46, 0x40, 0x00, 0x89,
  0x26, 0x40, 0x00, 0x89, 0x2c, 0x40, 0x81, 0x16, 0x99, 0x26, 0x3c, 0x0a,
  0x89, 0x26, 0x40, 0x6e, 0x85, 0x3e, 0x40, 0x00, 0x87, 0x4a, 0x40, 0x00,
  0x83, 0x3e, 0x40, 0x00, 0x86, 0x56, 0x40, 0x28, 0x99, 0x26, 0x46, 0x0a,
  0x89, 0x26, 0x40, 0x00, 0x90, 0x2b, 0x5a, 0x00, 0x99, 0x2c, 0x55, 0x00,
  0x99, 0x46, 0x50, 0x0a, 0x89, 0x2c, 0x40, 0x00, 0x89, 0x46, 0x40, 0x00,
  0x93, 0x3d, 0x73, 0x00, 0x96, 0x55, 0x73, 0x00, 0x95, 0x3d, 0x6e, 0x00,
  0x97, 0x49, 0x73, 0x64, 0x83, 0x3d, 0x40, 0x00, 0x87, 0x49, 0x40, 0x00,
  0x85, 0x3d, 0x40, 0x00, 0x86, 0x55, 0x40, 0x28, 0x90, 0x3b, 0x6e, 0x00,
  0x90, 0x3e, 0x6e, 0x00, 0x90, 0x43, 0x6e, 0x00, 0x91, 0x2b, 0x64, 0x00,
  0x94, 0x2b, 0x64, 0x00, 0x98, 0x4a, 0x6e, 0x00, 0x98, 0x43, 0x6e, 0x00,
  0x99, 0x24, 0x64, 0x00, 0x99, 0x36, 0x7d, 0x00, 0x99, 0x2c, 0x69, 0x00,
  0x99, 0x26, 0x7d, 0x0a, 0x89, 0x24, 0x40, 0x00, 0x89, 0x36, 0x40, 0x00,
  0x89, 0x2c, 0x40, 0x00, 0x89, 0x26, 0x40, 0x81, 0x2a, 0x84, 0x2b, 0x40,
  0x78, 0x80, 0x43, 0x40, 0x00, 0x80, 0x3e, 0x40, 0x00, 0x80, 0x3b, 0x40,
  0x14, 0x93, 0x3b, 0x6e, 0x00, 0x97, 0x47, 0x6e, 0x00, 0x95, 0x3b, 0x69,
  0x00, 0x96, 0x53, 0x6e, 0x0a, 0x99, 0x2c, 0x55, 0x00, 0x99, 0x46, 0x50,
  0x0a, 0x89, 0x2c, 0x40, 0x00, 0x89, 0x46, 0x40, 0x3c, 0x81, 0x2b, 0x40,
  0x1e, 0x80, 0x2b, 0x40, 0x32, 0x88, 0x4a, 0x40, 0x00, 0x88, 0x43, 0x40,
  0x00, 0x99, 0x24, 0x50, 0x00, 0x99, 0x46, 0x50, 0x00, 0x99, 0x2c, 0x69,
  0x00, 0x99, 0x26, 0x32, 0x0a, 0x89, 0x24, 0x40, 0x00, 0x89, 0x26, 0x40,
  0x00, 0x89, 0x2c, 0x40, 0x00, 0x89, 0x46, 0x40, 0x81, 0x16, 0x99, 0x26,
  0x3c, 0x0a, 0x89, 0x26, 0x40, 0x81, 0x20, 0x90, 0x2b, 0x5a, 0x00, 0x99,
  0x2c, 0x55, 0x00, 0x99, 0x46, 0x50, 0x0a, 0x89, 0x2c, 0x40, 0x00, 0x89,
  0x46, 0x40, 0x14, 0x99, 0x26, 0x46, 0x0a, 0x89, 0x26, 0x40, 0x6e, 0x90,
  0x3b, 0x6e, 0x00, 0x90, 0x3e, 0x6e, 0x00, 0x90, 0x43, 0x6e, 0x00, 0x91,
  0x2b, 0x64, 0x00, 0x94, 0x2b, 0x64, 0x00, 0x99, 0x24, 0x64, 0x00, 0x98,
  0x4a, 0x6e, 0x00, 0x98, 0x43, 0x6e, 0x00, 0x99, 0x26, 0x7d, 0x00, 0x99,
  0x2c, 0x69, 0x00, 0x99, 0x36, 0x7d, 0x0a, 0x89, 0x24, 0x40, 0x00, 0x89,
  0x36, 0x40, 0x00, 0x89, 0x26, 0x40, 0x00, 0x89, 0x2c, 0x40, 0x81, 0x2a,
  0x84, 0x2b, 0x40, 0x28, 0x83, 0x3b, 0x40, 0x00, 0x86, 0x53, 0x40, 0x00,
  0x85, 0x3b, 0x40, 0x00, 0x87, 0x47, 0x40, 0x50, 0x80, 0x43, 0x40, 0x00,
  0x80, 0x3e, 0x40, 0x00, 0x80, 0x3b, 0x40, 0x14, 0x93, 0x37, 0x73, 0x00,
  0x97, 0x43, 0x73, 0x00, 0x96, 0x4f, 0x73, 0x00, 0x95, 0x37, 0x6e, 0x0a,
  0x99, 0x46, 0x50, 0x00, 0x99, 0x2c, 0x55, 0x0a, 0x89, 0x46, 0x40, 0x00,
  0x89, 0x2c, 0x40, 0x00, 0x99, 0x26, 0x46, 0x0a, 0x89, 0x26, 0x40, 0x32,
  0x81, 0x2b, 0x40, 0x1e, 0x80, 0x2b, 0x40, 0x32, 0x88, 0x43, 0x40, 0x00,
  0x88, 0x4a, 0x40, 0x00, 0x99, 0x24, 0x50, 0x00, 0x99, 0x26, 0x46, 0x00,
  0x99, 0x2c, 0x69, 0x00, 0x99, 0x46, 0x50, 0x0a, 0x89, 0x24, 0x40, 0x00,
  0x89, 0x46, 0x40, 0x00, 0x89, 0x2c, 0x40, 0x00, 0x89, 0x26, 0x40, 0x82,
  0x22, 0x86, 0x4f, 0x40, 0x00, 0x83, 0x37, 0x40, 0x00, 0x87, 0x43, 0x40,
  0x00, 0x85, 0x37, 0x40, 0x14, 0x93, 0x3b, 0x73, 0x00, 0x97, 0x47, 0x73,
  0x00, 0x95, 0x3b, 0x6e, 0x0a, 0x90, 0x2b, 0x5a, 0x00, 0x99, 0x46, 0x50,
  0x00, 0x99, 0x2c, 0x55, 0x0a, 0x89, 0x46, 0x40, 0x00, 0x89, 0x2c, 0x40,
  0x00, 0x96, 0x53, 0x73, 0x05, 0x99, 0x26, 0x32, 0x0a, 0x89, 0x26, 0x40,
  0x4b, 0x85, 0x3b, 0x40, 0x00, 0x83, 0x3b, 0x40, 0x00, 0x87, 0x47, 0x40,
  0x14, 0x86, 0x53, 0x40, 0x1e, 0x90, 0x3b, 0x6e, 0x00, 0x90, 0x3e, 0x6e,
  0x00, 0x90, 0x43, 0x6e, 0x00, 0x91, 0x2b, 0x64, 0x00, 0x93, 0x3d, 0x73,
  0x00, 0x94, 0x2b, 0x64, 0x00, 0x96, 0x55, 0x73, 0x00, 0x95, 0x3d, 0x6e,
  0x00, 0x97, 0x49, 0x73, 0x00, 0x98, 0x4a, 0x6e, 0x00, 0x98, 0x43, 0x6e,
  0x00, 0x99, 0x24, 0x64, 0x00, 0x99, 0x26, 0x64, 0x00, 0x99, 0x2c, 0x69,
  0x00, 0x99, 0x36, 0x7d, 0x0a, 0x89, 0x24, 0x40, 0x00, 0x89, 0x36, 0x40,
  0x00, 0x89, 0x26, 0x40, 0x00, 0x89, 0x2c, 0x40, 0x32, 0x99, 0x26, 0x5a,
  0x0a, 0x89, 0x26, 0x40, 0x32, 0x99, 0x26, 0x50, 0x0a, 0x89, 0x26, 0x40,
  0x32, 0x84, 0x2b, 0x40, 0x00, 0x99, 0x26, 0x46, 0x0a, 0x89, 0x26, 0x40,
  0x32, 0x99, 0x26, 0x3c, 0x0a, 0x89, 0x26, 0x40, 0x32, 0x83, 0x3d, 0x40,
  0x00, 0x86, 0x55, 0x40, 0x00, 0x85, 0x3d, 0x40, 0x00, 0x87, 0x49, 0x40,
  0x00, 0x80, 0x3b, 0x40, 0x00, 0x80, 0x3e, 0x40, 0x00, 0x80, 0x43, 0x40,
  0x00, 0x99, 0x26, 0x32, 0x0a, 0x89, 0x26, 0x40, 0x0a, 0x96, 0x56, 0x73,
  0x0a, 0x99, 0x2c, 0x55, 0x00, 0x99, 0x46, 0x50, 0x0a, 0x89, 0x2c, 0x40,
  0x00, 0x89, 0x46, 0x40, 0x0a, 0x93, 0x3e, 0x73, 0x00, 0x95, 0x3e, 0x6e,
  0x00, 0x97, 0x4a, 0x73, 0x0a, 0x99, 0x26, 0x28, 0x0a, 0x89, 0x26, 0x40,
  0x1e, 0x81, 0x2b, 0x40, 0x14, 0x99, 0x26, 0x1e, 0x0a, 0x80, 0x2b, 0x40,
  0x00, 0x86, 0x56, 0x40, 0x00, 0x89, 0x26, 0x40, 0x1e, 0x85, 0x3e, 0x40,
  0x00, 0x87, 0x4a, 0x40, 0x00, 0x83, 0x3e, 0x40, 0x14, 0x88, 0x4a, 0x40,
  0x00, 0x88, 0x43, 0x40, 0x00, 0x93, 0x42, 0x6e, 0x00, 0x97, 0x4e, 0x6e,
  0x00, 0x99, 0x24, 0x50, 0x00, 0x95, 0x42, 0x69, 0x00, 0x96, 0x5a, 0x6e,
  0x00, 0x99, 0x26, 0x46, 0x00, 0x99, 0x2c, 0x69, 0x00, 0x99, 0x46, 0x50,
  0x0a, 0x89, 0x24, 0x40, 0x00, 0x89, 0x46, 0x40, 0x00, 0x89, 0x2c, 0x40,
  0x00, 0x89, 0x26, 0x40, 0x82, 0x22, 0x86, 0x5a, 0x40, 0x00, 0x87, 0x4e,
  0x40, 0x00, 0x83, 0x42, 0x40, 0x00, 0x85, 0x42, 0x40, 0x1e, 0x90, 0x2d,
  0x5a, 0x00, 0x99, 0x46, 0x50, 0x00, 0x99, 0x2c, 0x55, 0x0a, 0x89, 0x46,
  0x40, 0x00, 0x89, 0x2c, 0x40, 0x00, 0x96, 0x5a, 0x5a, 0x0a, 0x95, 0x42,
  0x55, 0x00, 0x97, 0x4e, 0x5a, 0x00, 0x93, 0x42, 0x5a, 0x6e, 0x86, 0x5a,
  0x40, 0x0a, 0x83, 0x42, 0x40, 0x00, 0x87, 0x4e, 0x40, 0x00, 0x85, 0x42,
  0x40, 0x0a, 0x90, 0x3d, 0x6e, 0x00, 0x90, 0x40, 0x6e, 0x00, 0x90, 0x45,
  0x6e, 0x00, 0x91, 0x2d, 0x64, 0x00, 0x93, 0x40, 0x6e, 0x00, 0x94, 0x2d,
  0x64, 0x00, 0x97, 0x4c, 0x6e, 0x00, 0x98, 0x4c, 0x6e, 0x00, 0x98, 0x45,
  0x6e, 0x00, 0x99, 0x24, 0x64, 0x00, 0x95, 0x40, 0x69, 0x00, 0x96, 0x58,
  0x6e, 0x00, 0x99, 0x2c, 0x69, 0x00, 0x99, 0x26, 0x7d, 0x00, 0x99, 0x36,
  0x7d, 0x0a, 0x89, 0x24, 0x40, 0x00, 0x89, 0x36, 0x40, 0x00, 0x89, 0x2c,
  0x40, 0x00, 0x89, 0x26, 0x40, 0x81, 0x2a, 0x84, 0x2d, 0x40, 0x78, 0x85,
  0x40, 0x40, 0x00, 0x86, 0x58, 0x40, 0x00, 0x87, 0x4c, 0x40, 0x00, 0x80,
  0x45, 0x40, 0x00, 0x80, 0x40, 0x40, 0x00, 0x80, 0x3d, 0x40, 0x00, 0x83,
  0x40, 0x40, 0x1e, 0x99, 0x46, 0x50, 0x00, 0x99, 0x2c, 0x55, 0x0a, 0x89,
  0x46, 0x40, 0x00, 0x89, 0x2c, 0x40, 0x00, 0x96, 0x58, 0x5a, 0x0a, 0x95,
  0x40, 0x55, 0x00, 0x97, 0x4c, 0x5a, 0x00, 0x93, 0x40, 0x5a, 0x32, 0x81,
  0x2d, 0x40, 0x1e, 0x80, 0x2d, 0x40, 0x0a, 0x86, 0x58, 0x40, 0x0a, 0x87,
  0x4c, 0x40, 0x00, 0x83, 0x40, 0x40, 0x00, 0x85, 0x40, 0x40, 0x1e, 0x88,
  0x4c, 0x40, 0x00, 0x88, 0x45, 0x40, 0x00, 0x93, 0x3e, 0x73, 0x00, 0x97,
  0x4a, 0x73, 0x00, 0x99, 0x24, 0x50, 0x00, 0x95, 0x3e, 0x6e, 0x00, 0x96,
  0x56, 0x73, 0x00, 0x99, 0x2c, 0x69, 0x00, 0x99, 0x26, 0x32, 0x00, 0x99,
  0x46, 0x50, 0x0a, 0x89, 0x24, 0x40, 0x00, 0x89, 0x46, 0x40, 0x00, 0x89,
  0x26, 0x40, 0x00, 0x89, 0x2c, 0x40, 0x81, 0x16, 0x99, 0x26, 0x3c, 0x0a,
  0x89, 0x26, 0x40, 0x6e, 0x85, 0x3e, 0x40, 0x00, 0x87, 0x4a, 0x40, 0x00,
  0x83, 0x3e, 0x40, 0x00, 0x86, 0x56, 0x40, 0x28, 0x99, 0x26, 0x46, 0x0a,
  0x89, 0x26, 0x40, 0x00, 0x90, 0x2d, 0x5a, 0x00, 0x99, 0x2c, 0x55, 0x00,
  0x99, 0x46, 0x50, 0x0a, 0x89, 0x2c, 0x40, 0x00, 0x89, 0x46, 0x40, 0x00,
  0x93, 0x3b, 0x6e, 0x00, 0x96, 0x53, 0x6e, 0x00, 0x95, 0x3b, 0x69, 0x00,
  0x97, 0x47, 0x6e, 0x78, 0x83, 0x3b, 0x40, 0x00, 0x87, 0x47, 0x40, 0x00,
  0x85, 0x3b, 0x40, 0x00, 0x86, 0x53, 0x40, 0x14, 0x90, 0x3d, 0x6e, 0x00,
  0x90, 0x40, 0x6e, 0x00, 0x90, 0x45, 0x6e, 0x00, 0x91, 0x2d, 0x64, 0x00,
  0x94, 0x2d, 0x64, 0x00, 0x98, 0x4c, 0x6e, 0x00, 0x98, 0x45, 0x6e, 0x00,
  0x99, 0x24, 0x64, 0x00, 0x99, 0x36, 0x7d, 0x00, 0x99, 0x2c, 0x69, 0x00,
  0x99, 0x26, 0x7d, 0x0a, 0x89, 0x24, 0x40, 0x00, 0x89, 0x36, 0x40, 0x00,
  0x89, 0x2c, 0x40, 0x00, 0x89, 0x26, 0x40, 0x81, 0x2a, 0x84, 0x2d, 0x40,
  0x78, 0x80, 0x45, 0x40, 0x00, 0x80, 0x40, 0x40, 0x00, 0x80, 0x3d, 0x40,
  0x14, 0x93, 0x42, 0x73, 0x00, 0x97, 0x4e, 0x73, 0x00, 0x95, 0x42, 0x6e,
  0x00, 0x96, 0x5a, 0x73, 0x0a, 0x99, 0x2c, 0x55, 0x00, 0x99, 0x46, 0x50,
  0x0a, 0x89, 0x2c, 0x40, 0x00, 0x89, 0x46, 0x40, 0x3c, 0x81, 0x2d, 0x40,
  0x1e, 0x80, 0x2d, 0x40, 0x32, 0x88, 0x4c, 0x40, 0x00, 0x88, 0x45, 0x40,
  0x00, 0x99, 0x24, 0x50, 0x00, 0x99, 0x46, 0x50, 0x00, 0x99, 0x2c, 0x69,
  0x00, 0x99, 0x26, 0x32, 0x0a, 0x89, 0x24, 0x40, 0x00, 0x89, 0x26, 0x40,
  0x00, 0x89, 0x2c, 0x40, 0x00, 0x89, 0x46, 0x40, 0x81, 0x16, 0x99, 0x26,
  0x3c, 0x0a, 0x89, 0x26, 0x40, 0x46, 0x86, 0x5a, 0x40, 0x00, 0x83, 0x42,
  0x40, 0x00, 0x87, 0x4e, 0x40, 0x00, 0x85, 0x42, 0x40, 0x50, 0x93, 0x42,
  0x5a, 0x00, 0x97, 0x4e, 0x5a, 0x00, 0x95, 0x42, 0x55, 0x0a, 0x90, 0x2d,
  0x5a, 0x00, 0x99, 0x2c, 0x55, 0x00, 0x99, 0x46, 0x50, 0x0a, 0x89, 0x2c,
  0x40, 0x00, 0x89, 0x46, 0x40, 0x00, 0x96, 0x5a, 0x5a, 0x14, 0x99, 0x26,
  0x46, 0x0a, 0x89, 0x26, 0x40, 0x32, 0x85, 0x42, 0x40, 0x00, 0x83, 0x42,
  0x40, 0x00, 0x87, 0x4e, 0x40, 0x14, 0x86, 0x5a, 0x40, 0x28, 0x90, 0x3d,
  0x6e, 0x00, 0x90, 0x40, 0x6e, 0x00, 0x90, 0x45, 0x6e, 0x00, 0x91, 0x2d,
  0x64, 0x00, 0x93, 0x40, 0x6e, 0x00, 0x94, 0x2d, 0x64, 0x00, 0x96, 0x58,
  0x6e, 0x00, 0x95, 0x40, 0x69, 0x00, 0x97, 0x4c, 0x6e, 0x00, 0x98, 0x4c,
  0x6e, 0x00, 0x98, 0x45, 0x6e, 0x00, 0x99, 0x24, 0x64, 0x00, 0x99, 0x26,
  0x7d, 0x00, 0x99, 0x2c, 0x69, 0x00, 0x99, 0x36, 0x7d, 0x0a, 0x89, 0x24,
  0x40, 0x00, 0x89, 0x36, 0x40, 0x00, 0x89, 0x26, 0x40, 0x00, 0x89, 0x2c,
  0x40, 0x81, 0x2a, 0x84, 0x2d, 0x40, 0x64, 0x86, 0x58, 0x40, 0x00, 0x85,
  0x40, 0x40, 0x00, 0x87, 0x4c, 0x40, 0x00, 0x83, 0x40, 0x40, 0x14, 0x80,
  0x45, 0x40, 0x00, 0x80, 0x3d, 0x40, 0x00, 0x80, 0x40, 0x40, 0x1e, 0x99,
  0x46, 0x50, 0x00, 0x99, 0x2c, 0x55, 0x0a, 0x89, 0x46, 0x40, 0x00, 0x89,
  0x2c, 0x40, 0x00, 0x96, 0x58, 0x5a, 0x00, 0x99, 0x26, 0x46, 0x0a, 0x89,
  0x26, 0x40, 0x00, 0x93, 0x40, 0x5a, 0x00, 0x95, 0x40, 0x55, 0x00, 0x97,
  0x4c, 0x5a, 0x32, 0x81, 0x2d, 0x40, 0x1e, 0x80, 0x2d, 0x40, 0x0a, 0x86,
  0x58, 0x40, 0x0a, 0x85, 0x40, 0x40, 0x00, 0x87, 0x4c, 0x40, 0x00, 0x83,
  0x40, 0x40, 0x1e, 0x88, 0x45, 0x40, 0x00, 0x88, 0x4c, 0x40, 0x00, 0x93,
  0x3e, 0x73, 0x00, 0x97, 0x4a, 0x73, 0x00, 0x99, 0x24, 0x50, 0x00, 0x95,
  0x3e, 0x6e, 0x00, 0x96, 0x56, 0x73, 0x00, 0x99, 0x26, 0x46, 0x00, 0x99,
  0x2c, 0x69, 0x00, 0x99, 0x46, 0x50, 0x0a, 0x89, 0x24, 0x40, 0x00, 0x89,
  0x46, 0x40, 0x00, 0x89, 0x2c, 0x40, 0x00, 0x89, 0x26, 0x40, 0x82, 0x22,
  0x86, 0x56, 0x40, 0x00, 0x87, 0x4a, 0x40, 0x00, 0x83, 0x3e, 0x40, 0x00,
  0x85, 0x3e, 0x40, 0x14, 0x96, 0x56, 0x5a, 0x0a, 0x90, 0x2d, 0x5a, 0x00,
  0x99, 0x46, 0x50, 0x00, 0x99, 0x2c, 0x55, 0x0a, 0x89, 0x46, 0x40, 0x00,
  0x89, 0x2c, 0x40, 0x00, 0x93, 0x3e, 0x5a, 0x00, 0x95, 0x3e, 0x55, 0x00,
  0x97, 0x4a, 0x5a, 0x05, 0x99, 0x26, 0x32, 0x0a, 0x89, 0x26, 0x40, 0x41,
  0x86, 0x56, 0x40, 0x14, 0x87, 0x4a, 0x40, 0x00, 0x85, 0x3e, 0x40, 0x00,
  0x83, 0x3e, 0x40, 0x28, 0x90, 0x45, 0x6e, 0x00, 0x90, 0x40, 0x6e, 0x00,
  0x90, 0x3d, 0x6e, 0x00, 0x91, 0x2d, 0x64, 0x00, 0x93, 0x40, 0x6e, 0x00,
  0x94, 0x2d, 0x64, 0x00, 0x97, 0x4c, 0x6e, 0x00, 0x98, 0x4c, 0x6e, 0x00,
  0x98, 0x45, 0x6e, 0x00, 0x99, 0x24, 0x64, 0x00, 0x95, 0x40, 0x69, 0x00,
  0x96, 0x58, 0x6e, 0x00, 0x99, 0x26, 0x64, 0x00, 0x99, 0x2c, 0x69, 0x00,
  0x99, 0x36, 0x7d, 0x0a, 0x89, 0x24, 0x40, 0x00, 0x89, 0x36, 0x40, 0x00,
  0x89, 0x26, 0x40, 0x00, 0x89, 0x2c, 0x40, 0x32, 0x99, 0x26, 0x5a, 0x0a,
  0x89, 0x26, 0x40, 0x32, 0x99, 0x26, 0x50, 0x0a, 0x89, 0x26, 0x40, 0x32,
  0x84, 0x2d, 0x40, 0x00, 0x99, 0x26, 0x46, 0x0a, 0x89, 0x26, 0x40, 0x32,
  0x99, 0x26, 0x3c, 0x0a, 0x89, 0x26, 0x40, 0x1e, 0x85, 0x40, 0x40, 0x00,
  0x86, 0x58, 0x40, 0x00, 0x87, 0x4c, 0x40, 0x00, 0x83, 0x40, 0x40, 0x14,
  0x80, 0x40, 0x40, 0x00, 0x80, 0x3d, 0x40, 0x00, 0x80, 0x45, 0x40, 0x00,
  0x99, 0x26, 0x32, 0x0a, 0x89, 0x26, 0x40, 0x14, 0x99, 0x2c, 0x55, 0x00,
  0x99, 0x46, 0x50, 0x0a, 0x89, 0x2c, 0x40, 0x00, 0x89, 0x46, 0x40, 0x00,
  0x96, 0x58, 0x5a, 0x0a, 0x95, 0x40, 0x55, 0x00, 0x97, 0x4c, 0x5a, 0x00,
  0x93, 0x40, 0x5a, 0x0a, 0x99, 0x26, 0x28, 0x0a, 0x89, 0x26, 0x40, 0x1e,
  0x81, 0x2d, 0x40, 0x14, 0x99, 0x26, 0x1e, 0x0a, 0x80, 0x2d, 0x40, 0x00,
  0x89, 0x26, 0x40, 0x0a, 0x86, 0x58, 0x40, 0x0a, 0x87, 0x4c, 0x40, 0x00,
  0x83, 0x40, 0x40, 0x00, 0x85, 0x40, 0x40, 0x1e, 0x88, 0x45, 0x40, 0x00,
  0x88, 0x4c, 0x40, 0x00, 0x93, 0x3e, 0x78, 0x00, 0x97, 0x4a, 0x78, 0x00,
  0x99, 0x24, 0x50, 0x00, 0x95, 0x3e, 0x73, 0x00, 0x96, 0x56, 0x78, 0x00,
  0x99, 0x26, 0x46, 0x00, 0x99, 0x2c, 0x69, 0x00, 0x99, 0x46, 0x50, 0x0a,
  0x89, 0x24, 0x40, 0x00, 0x89, 0x46, 0x40, 0x00, 0x89, 0x2c, 0x40, 0x00,
  0x89, 0x26, 0x40, 0x82, 0x40, 0x90, 0x26, 0x5a, 0x00, 0x99, 0x46, 0x50,
  0x00, 0x99, 0x2c, 0x55, 0x0a, 0x89, 0x46, 0x40, 0x00, 0x89, 0x2c, 0x40,
  0x81, 0x0c, 0x90, 0x39, 0x6e, 0x00, 0x90, 0x3e, 0x6e, 0x00, 0x90, 0x42,
  0x6e, 0x00, 0x91, 0x26, 0x64, 0x00, 0x94, 0x26, 0x64, 0x00, 0x99, 0x24,
  0x64, 0x00, 0x98, 0x4a, 0x6e, 0x00, 0x98, 0x42, 0x6e, 0x00, 0x99, 0x2c,
  0x69, 0x00, 0x99, 0x26, 0x7d, 0x00, 0x99, 0x36, 0x7d, 0x0a, 0x89, 0x24,
  0x40, 0x00, 0x89, 0x36, 0x40, 0x00, 0x89, 0x2c, 0x40, 0x00, 0x89, 0x26,
  0x40, 0x81, 0x2a, 0x84, 0x26, 0x40, 0x78, 0x80, 0x39, 0x40, 0x00, 0x80,
  0x42, 0x40, 0x00, 0x80, 0x3e, 0x40, 0x1e, 0x99, 0x46, 0x50, 0x00, 0x99,
  0x2c, 0x55, 0x0a, 0x89, 0x46, 0x40, 0x00, 0x89, 0x2c, 0x40, 0x3c, 0x87,
  0x4a, 0x40, 0x00, 0x85, 0x3e, 0x40, 0x00, 0x83, 0x3e, 0x40, 0x00, 0x88,
  0x4a, 0x40, 0x00, 0x81, 0x26, 0x40, 0x00, 0x88, 0x42, 0x40, 0x00, 0x86,
  0x56, 0x40, 0x1e, 0x80, 0x26, 0x40, 0x32, 0x90, 0x3b, 0x6e, 0x00, 0x90,
  0x3e, 0x6e, 0x00, 0x90, 0x43, 0x6e, 0x00, 0x91, 0x23, 0x64, 0x00, 0x90,
  0x23, 0x5a, 0x00, 0x94, 0x23, 0x64, 0x00, 0x93, 0x3b, 0x6e, 0x00, 0x98,
  0x47, 0x6e, 0x00, 0x98, 0x43, 0x6e, 0x00, 0x97, 0x47, 0x6e, 0x00, 0x99,
  0x24, 0x50, 0x00, 0x96, 0x53, 0x6e, 0x00, 0x95, 0x3b, 0x69, 0x00, 0x99,
  0x2c, 0x69, 0x00, 0x99, 0x26, 0x32, 0x00, 0x99, 0x46, 0x50, 0x0a, 0x89,
  0x24, 0x40, 0x00, 0x89, 0x46, 0x40, 0x00, 0x89, 0x2c, 0x40, 0x00, 0x89,
  0x26, 0x40, 0x81, 0x16, 0x99, 0x26, 0x3c, 0x0a, 0x89, 0x26, 0x40, 0x0a,
  0x84, 0x23, 0x40, 0x81, 0x0c, 0x99, 0x26, 0x46, 0x0a, 0x89, 0x26, 0x40,
  0x00, 0x99, 0x2c, 0x55, 0x00, 0x99, 0x46, 0x50, 0x0a, 0x89, 0x2c, 0x40,
  0x00, 0x89, 0x46, 0x40, 0x81, 0x0c, 0x99, 0x24, 0x64, 0x00, 0x99, 0x36,
  0x7d, 0x00, 0x99, 0x2c, 0x69, 0x00, 0x99, 0x26, 0x7d, 0x0a, 0x89, 0x24,
  0x40, 0x00, 0x89, 0x26, 0x40, 0x00, 0x89, 0x36, 0x40, 0x00, 0x89, 0x2c,
  0x40, 0x5a, 0x88, 0x47, 0x40, 0x00, 0x88, 0x43, 0x40, 0x00, 0x80, 0x23,
  0x40, 0x81, 0x0c, 0x80, 0x43, 0x40, 0x00, 0x80, 0x3b, 0x40, 0x00, 0x80,
  0x3e, 0x40, 0x14, 0x86, 0x53, 0x40, 0x00, 0x83, 0x3b, 0x40, 0x00, 0x85,
  0x3b, 0x40, 0x00, 0x87, 0x47, 0x40, 0x14, 0x81, 0x23, 0x40, 0x28, 0x90,
  0x39, 0x6e, 0x00, 0x90, 0x3e, 0x6e, 0x00, 0x90, 0x42, 0x6e, 0x00, 0x90,
  0x26, 0x5a, 0x00, 0x91, 0x26, 0x64, 0x00, 0x93, 0x3e, 0x73, 0x00, 0x94,
  0x26, 0x64, 0x00, 0x97, 0x4a, 0x73, 0x00, 0x98, 0x4a, 0x6e, 0x00, 0x98,
  0x42, 0x6e, 0x00, 0x95, 0x3e, 0x6e, 0x00, 0x96, 0x56, 0x73, 0x0a, 0x99,
  0x2c, 0x55, 0x00, 0x99, 0x46, 0x50, 0x0a, 0x89, 0x2c, 0x40, 0x00, 0x89,
  0x46, 0x40, 0x50, 0x86, 0x56, 0x40, 0x3c, 0x99, 0x24, 0x5a, 0x00, 0x99,
  0x46, 0x50, 0x00, 0x99, 0x2c, 0x69, 0x00, 0x99, 0x26, 0x46, 0x0a, 0x89,
  0x24, 0x40, 0x00, 0x89, 0x26, 0x40, 0x00, 0x89, 0x46, 0x40, 0x00, 0x89,
  0x2c, 0x40, 0x0a, 0x84, 0x26, 0x40, 0x82, 0x36, 0x99, 0x2c, 0x55, 0x00,
  0x99, 0x46, 0x50, 0x0a, 0x89, 0x2c, 0x40, 0x00, 0x89, 0x46, 0x40, 0x50,
  0x88, 0x4a, 0x40, 0x00, 0x88, 0x42, 0x40, 0x00, 0x80, 0x26, 0x40, 0x28,
  0x80, 0x39, 0x40, 0x00, 0x80, 0x3e, 0x40, 0x00, 0x81, 0x26, 0x40, 0x00,
  0x80, 0x42, 0x40, 0x14, 0x91, 0x32, 0x64, 0x00, 0x90, 0x32, 0x5a, 0x00,
  0x99, 0x24, 0x5a, 0x00, 0x99, 0x36, 0x7d, 0x00, 0x99, 0x2c, 0x69, 0x00,
  0x99, 0x26, 0x78, 0x0a, 0x89, 0x24, 0x40, 0x00, 0x89, 0x2c, 0x40, 0x00,
  0x89, 0x26, 0x40, 0x00, 0x89, 0x36, 0x40, 0x82, 0x40, 0x99, 0x2c, 0x55,
  0x00, 0x99, 0x46, 0x50, 0x0a, 0x89, 0x2c, 0x40, 0x00, 0x89, 0x46, 0x40,
  0x28, 0x81, 0x32, 0x40, 0x14, 0x80, 0x32, 0x40, 0x50, 0x90, 0x30, 0x5a,
  0x00, 0x91, 0x30, 0x64, 0x00, 0x99, 0x24, 0x5a, 0x00, 0x99, 0x46, 0x50,
  0x00, 0x99, 0x2c, 0x69, 0x00, 0x99, 0x26, 0x6e, 0x0a, 0x89, 0x24, 0x40,
  0x00, 0x89, 0x2c, 0x40, 0x00, 0x89, 0x26, 0x40, 0x00, 0x89, 0x46, 0x40,
  0x82, 0x40, 0x99, 0x2c, 0x55, 0x00, 0x99, 0x46, 0x50, 0x0a, 0x89, 0x2c,
  0x40, 0x00, 0x89, 0x46, 0x40, 0x28, 0x81, 0x30, 0x40, 0x14, 0x80, 0x30,
  0x40, 0x50, 0x91, 0x2d, 0x64, 0x00, 0x90, 0x2d, 0x5a, 0x00, 0x99, 0x24,
  0x5a, 0x00, 0x99, 0x36, 0x7d, 0x00, 0x99, 0x2c, 0x69, 0x00, 0x99, 0x26,
  0x78, 0x0a, 0x89, 0x24, 0x40, 0x00, 0x89, 0x2c, 0x40, 0x00, 0x89, 0x26,
  0x40, 0x00, 0x89, 0x36, 0x40, 0x81, 0x16, 0x99, 0x26, 0x64, 0x0a, 0x89,
  0x26, 0x40, 0x6e, 0x81, 0x2d, 0x40, 0x14, 0x80, 0x2d, 0x40, 0x14, 0x90,
  0x25, 0x5a, 0x00, 0x91, 0x25, 0x64, 0x00, 0x99, 0x24, 0x5a, 0x00, 0x99,
  0x26, 0x5a, 0x0a, 0x89, 0x24, 0x40, 0x00, 0x89, 0x26, 0x40, 0x00, 0x99,
  0x2c, 0x55, 0x00, 0x99, 0x46, 0x50, 0x0a, 0x89, 0x2c, 0x40, 0x00, 0x89,
  0x46, 0x40, 0x50, 0x83, 0x3e, 0x40, 0x00, 0x87, 0x4a, 0x40, 0x00, 0x85,
  0x3e, 0x40, 0x1e, 0x80, 0x25, 0x40, 0x0a, 0x81, 0x25, 0x40, 0x14, 0x91,
  0x26, 0x5a, 0x00, 0x90, 0x26, 0x5a, 0x8f, 0x00, 0x81, 0x26, 0x40, 0x00,
  0x80, 0x26, 0x40, 0x8f, 0x00, 0xe0, 0x00, 0x40, 0x00, 0xff, 0x2f, 0x00
};
unsigned int song_mid_len = 98244;
