const unsigned char song_mid[] = {
  0x4d, 0x54, 0x68, 0x64, 0x00, 0x00, 0x00, 0x06, 0x00, 0x01, 0x00, 0x0e,
  0x00, 0x78, 0x4d, 0x54, 0x72, 0x6b, 0x00, 0x00, 0x00, 0x19, 0x00, 0xff,
  0x58, 0x04, 0x04, 0x02, 0x18, 0x08, 0x00, 0xff, 0x59, 0x02, 0x00, 0x00,
  0x00, 0xff, 0x51, 0x03, 0x07, 0x18, 0xdc, 0x00, 0xff, 0x2f, 0x00, 0x4d,
  0x54, 0x72, 0x6b, 0x00, 0x00, 0x00, 0x1b, 0x00, 0xff, 0x21, 0x01, 0x00,
  0x00, 0xff, 0x03, 0x0e, 0x3c, 0xbe, 0xc6, 0xb1, 0xe2, 0xb0, 0xf8, 0xb7,
  0xe6, 0xb5, 0xd1, 0xb8, 0xae, 0x3e, 0x00, 0xff, 0x2f, 0x00, 0x4d, 0x54,
  0x72, 0x6b, 0x00, 0x00, 0x00, 0x1a, 0x00, 0xff, 0x21, 0x01, 0x00, 0x00,
  0xff, 0x03, 0x0d, 0x2d, 0x2d, 0x2d, 0x20, 0x33, 0x32, 0x4d, 0x45, 0x46,
  0x20, 0x2d, 0x2d, 0x2d, 0x00, 0xff, 0x2f, 0x00, 0x4d, 0x54, 0x72, 0x6b,
  0x00, 0x00, 0x00, 0x16, 0x00, 0xff, 0x21, 0x01, 0x00, 0x00, 0xff, 0x03,
  0x09, 0x50, 0x72, 0x65, 0x73, 0x65, 0x6e, 0x74, 0x65, 0x64, 0x00, 0xff,
  0x2f, 0x00, 0x4d, 0x54, 0x72, 0x6b, 0x00, 0x00, 0x00, 0x0f, 0x00, 0xff,
  0x21, 0x01, 0x00, 0x00, 0xff, 0x03, 0x02, 0x42, 0x79, 0x00, 0xff, 0x2f,
  0x00, 0x4d, 0x54, 0x72, 0x6b, 0x00, 0x00, 0x00, 0x14, 0x00, 0xff, 0x21,
  0x01, 0x00, 0x00, 0xff, 0x03, 0x07, 0x48, 0x61, 0x6e, 0x62, 0x72, 0x6f,
  0x73, 0x00, 0xff, 0x2f, 0x00, 0x4d, 0x54, 0x72, 0x6b, 0x00, 0x00, 0x08,
  0x00, 0x00, 0xff, 0x21, 0x01, 0x00, 0x00, 0xff, 0x03, 0x0a, 0x4d, 0x61,
  0x69, 0x6e, 0x20, 0x56, 0x6f, 0x69, 0x63, 0x65, 0x00, 0xc0, 0x44, 0x00,
  0xb0, 0x07, 0x7a, 0x00, 0xb0, 0x0a, 0x5f, 0x85, 0x50, 0xb0, 0x01, 0x0a,
  0x00, 0x5b, 0x5a, 0x00, 0xff, 0x05, 0x03, 0xbf, 0xe4, 0x20, 0x00, 0x90,
  0x4c, 0x74, 0x3c, 0x4c, 0x00, 0x00, 0xff, 0x05, 0x03, 0xb8, 0xae, 0x20,
  0x00, 0x90, 0x4f, 0x7c, 0x3c, 0x4f, 0x00, 0x00, 0xff, 0x05, 0x03, 0xba,
  0xb8, 0x20, 0x00, 0x90, 0x4c, 0x74, 0x1e, 0x4c, 0x00, 0x1e, 0xff, 0x05,
  0x03, 0xb0, 0xed, 0x20, 0x00, 0x90, 0x4a, 0x7b, 0x85, 0x14, 0x4a, 0x00,
  0x78, 0xff, 0x05, 0x03, 0xc1, 0xb6, 0x20, 0x00, 0x90, 0x4a, 0x67, 0x3c,
  0x4a, 0x00, 0x00, 0xff, 0x05, 0x03, 0xb8, 0xae, 0x20, 0x00, 0x90, 0x4f,
  0x7c, 0x3c, 0x4f, 0x00, 0x00, 0xff, 0x05, 0x03, 0xba, 0xc1, 0x20, 0x00,
  0x90, 0x4a, 0x6c, 0x1e, 0x4a, 0x00, 0x1e, 0xff, 0x05, 0x03, 0xb5, 0xb5,
  0x20, 0x00, 0x90, 0x48, 0x74, 0x85, 0x13, 0x48, 0x00, 0x79, 0xff, 0x05,
  0x03, 0xbe, 0xcb, 0x20, 0x00, 0x90, 0x4c, 0x6c, 0x3c, 0x4c, 0x00, 0x00,
  0xff, 0x05, 0x03, 0xbc, 0xf6, 0x20, 0x00, 0x90, 0x4f, 0x7c, 0x3c, 0x4f,
  0x00, 0x00, 0xff, 0x05, 0x03, 0xbe, 0xf8, 0x20, 0x00, 0x90, 0x4c, 0x75,
  0x1e, 0x4c, 0x00, 0x1e, 0xff, 0x05, 0x03, 0xb4, 0xc2, 0x20, 0x00, 0x90,
  0x4a, 0x74, 0x83, 0x24, 0x51, 0x74, 0x00, 0xff, 0x05, 0x03, 0xb5, 0xd1,
  0x20, 0x77, 0x90, 0x51, 0x00, 0x01, 0x4f, 0x74, 0x00, 0xff, 0x05, 0x03,
  0xb8, 0xae, 0x20, 0x77, 0x90, 0x4a, 0x00, 0x81, 0x70, 0x4f, 0x00, 0x01,
  0xff, 0x05, 0x03, 0xb5, 0xd1, 0x20, 0x00, 0x90, 0x4c, 0x78, 0x78, 0x4c,
  0x00, 0x00, 0xff, 0x05, 0x03, 0xb8, 0xae, 0x20, 0x00, 0x90, 0x4f, 0x7e,
  0x82, 0x68, 0x4f, 0x00, 0x78, 0xff, 0x05, 0x02, 0x2e, 0x20, 0x00, 0x90,
  0x4f, 0x75, 0x1e, 0x4f, 0x00, 0x5a, 0xff, 0x05, 0x02, 0x2e, 0x20, 0x00,
  0x90, 0x4f, 0x79, 0x77, 0x4f, 0x00, 0x01, 0xff, 0x05, 0x03, 0xba, 0xf9,
  0x20, 0x00, 0x90, 0x4c, 0x75, 0x3c, 0x4c, 0x00, 0x00, 0xff, 0x05, 0x03,
  0xbb, 0xea, 0x20, 0x00, 0x90, 0x4f, 0x7c, 0x3c, 0x4f, 0x00, 0x00, 0xff,
  0x05, 0x03, 0xc5, 0xb8, 0x20, 0x00, 0x90, 0x4c, 0x74, 0x1e, 0x4c, 0x00,
  0x1e, 0xff, 0x05, 0x03, 0xb0, 0xed, 0x20, 0x00, 0x90, 0x4a, 0x74, 0x85,
  0x14, 0x4a, 0x00, 0x78, 0xff, 0x05, 0x03, 0xb3, 0xbb, 0x20, 0x00, 0x90,
  0x53, 0x64, 0x77, 0x53, 0x00, 0x01, 0xff, 0x05, 0x03, 0xb7, 0xc1, 0x20,
  0x00, 0x90, 0x4f, 0x64, 0x3b, 0x4f, 0x00, 0x01, 0xff, 0x05, 0x03, 0xbf,
  0xcd, 0x20, 0x00, 0x90, 0x4c, 0x79, 0x85, 0x14, 0x4c, 0x00, 0x78, 0xff,
  0x05, 0x03, 0xc4, 0xa3, 0x20, 0x00, 0x90, 0x4c, 0x74, 0x77, 0x4c, 0x00,
  0x01, 0xff, 0x05, 0x03, 0xb1, 0xb8, 0x20, 0x00, 0x90, 0x4c, 0x74, 0x3b,
  0x4c, 0x00, 0x01, 0xff, 0x05, 0x03, 0xb8, 0xa6, 0x20, 0x00, 0x90, 0x4a,
  0x74, 0x85, 0x13, 0x4a, 0x00, 0x79, 0xff, 0x05, 0x03, 0xb8, 0xb8, 0x20,
  0x00, 0x90, 0x4a, 0x74, 0x3b, 0x4a, 0x00, 0x01, 0xff, 0x05, 0x03, 0xb3,
  0xb5, 0x20, 0x00, 0x90, 0x48, 0x74, 0x3b, 0x48, 0x00, 0x01, 0xff, 0x05,
  0x03, 0xc1, 0xf6, 0x20, 0x00, 0x90, 0x4a, 0x74, 0x3b, 0x4a, 0x00, 0x01,
  0xff, 0x05, 0x03, 0xb8, 0xb8, 0x20, 0x00, 0x90, 0x4c, 0x7c, 0x84, 0x57,
  0x4c, 0x00, 0x81, 0x35, 0xff, 0x05, 0x03, 0xc0, 0xcf, 0x20, 0x00, 0x90,
  0x4c, 0x7c, 0x3b, 0x4c, 0x00, 0x01, 0xff, 0x05, 0x03, 0xbe, 0xef, 0x20,
  0x00, 0x90, 0x4f, 0x7c, 0x3b, 0x4f, 0x00, 0x01, 0xff, 0x05, 0x03, 0xb3,
  0xe2, 0x20, 0x00, 0x90, 0x51, 0x7c, 0x1d, 0x51, 0x00, 0x1f, 0xff, 0x05,
  0x03, 0xc0, 0xfc, 0x20, 0x00, 0x90, 0x51, 0x7c, 0x83, 0x05, 0x51, 0x00,
  0x1f, 0xff, 0x05, 0x03, 0xbf, 0xbe, 0x20, 0x00, 0x90, 0x51, 0x7c, 0x3b,
  0x51, 0x00, 0x01, 0xff, 0x05, 0x03, 0xb3, 0xaf, 0x20, 0x00, 0x90, 0x53,
  0x7c, 0x3b, 0x53, 0x00, 0x01, 0xff, 0x05, 0x03, 0xc0, 0xcc, 0x20, 0x00,
  0x90, 0x54, 0x7c, 0x83, 0x5f, 0x54, 0x00, 0x79, 0xff, 0x05, 0x03, 0xb3,
  0xca, 0x20, 0x00, 0x90, 0x53, 0x7c, 0x3b, 0x53, 0x00, 0x3d, 0xff, 0x05,
  0x03, 0xb9, 0xab, 0x20, 0x00, 0x90, 0x53, 0x7c, 0x77, 0x53, 0x00, 0x01,
  0xff, 0x05, 0x03, 0xb3, 0xaa, 0x20, 0x00, 0x90, 0x4f, 0x7c, 0x77, 0x4f,
  0x00, 0x01, 0xff, 0x05, 0x03, 0xb1, 0xd7, 0x20, 0x00, 0x90, 0x4c, 0x7c,
  0x77, 0x4c, 0x00, 0x01, 0xff, 0x05, 0x03, 0xb8, 0xae, 0x20, 0x00, 0x90,
  0x4f, 0x7c, 0x3b, 0x4f, 0x00, 0x01, 0xff, 0x05, 0x03, 0xbf, 0xf6, 0x20,
  0x00, 0x90, 0x51, 0x7c, 0x82, 0x2b, 0x51, 0x00, 0x79, 0xff, 0x05, 0x03,
  0xba, 0xb8, 0x20, 0x00, 0x90, 0x51, 0x7c, 0x3b, 0x51, 0x00, 0x3d, 0xff,
  0x05, 0x03, 0xb0, 0xed, 0x20, 0x00, 0x90, 0x51, 0x7c, 0x77, 0x51, 0x00,
  0x01, 0xff, 0x05, 0x03, 0xc7, 0xc2, 0x20, 0x00, 0x90, 0x53, 0x7c, 0x3b,
  0x53, 0x00, 0x3d, 0xff, 0x05, 0x03, 0xbe, 0xf6, 0x20, 0x00, 0x90, 0x53,
  0x7c, 0x1d, 0x53, 0x00, 0x1f, 0xff, 0x05, 0x03, 0xb8, 0xb6, 0x20, 0x00,
  0x90, 0x53, 0x7c, 0x3b, 0x53, 0x00, 0x01, 0xff, 0x05, 0x03, 0xc3, 0xa3,
  0x20, 0x00, 0x90, 0x51, 0x7c, 0x3b, 0x51, 0x00, 0x01, 0xff, 0x05, 0x03,
  0xbe, 0xc6, 0x20, 0x00, 0x90, 0x4f, 0x7c, 0x82, 0x2b, 0x4f, 0x00, 0x79,
  0xff, 0x05, 0x03, 0xbf, 0xec, 0x20, 0x00, 0x90, 0x4c, 0x7c, 0x1d, 0x4c,
  0x00, 0x1f, 0xff, 0x05, 0x03, 0xb8, 0xae, 0x20, 0x00, 0x90, 0x4c, 0x7c,
  0x3b, 0x4c, 0x00, 0x01, 0xff, 0x05, 0x03, 0xc7, 0xd4, 0x20, 0x00, 0x90,
  0x58, 0x7c, 0x77, 0x58, 0x00, 0x01, 0xff, 0x05, 0x03, 0xb2, 0xb2, 0x20,
  0x00, 0x90, 0x56, 0x7c, 0x77, 0x56, 0x00, 0x01, 0xff, 0x05, 0x03, 0xb6,
  0xb0, 0x20, 0x00, 0x90, 0x54, 0x7c, 0x77, 0x54, 0x00, 0x01, 0xff, 0x05,
  0x03, 0xb3, 0xaa, 0x20, 0x00, 0x90, 0x53, 0x7c, 0x3b, 0x53, 0x00, 0x01,
  0xff, 0x05, 0x03, 0xc0, 0xda, 0x20, 0x00, 0x90, 0x54, 0x7c, 0x77, 0x54,
  0x00, 0x3d, 0xff, 0x05, 0x03, 0xbe, 0xc6, 0x20, 0x00, 0x90, 0x54, 0x7c,
  0x77, 0x54, 0x00, 0x01, 0xff, 0x05, 0x03, 0xbe, 0xc6, 0x20, 0x00, 0x90,
  0x53, 0x7c, 0x82, 0x2b, 0x53, 0x00, 0x3d, 0xff, 0x05, 0x03, 0xbe, 0xc6,
  0x20, 0x00, 0x90, 0x53, 0x7c, 0x3b, 0x53, 0x00, 0x01, 0x54, 0x7c, 0x3b,
  0x54, 0x00, 0x01, 0x56, 0x7c, 0x83, 0x5f, 0x56, 0x00, 0x79, 0xff, 0x05,
  0x03, 0xb3, 0xbb, 0x20, 0x00, 0x90, 0x58, 0x7c, 0x3b, 0x58, 0x00, 0x3d,
  0xff, 0x05, 0x03, 0xc4, 0xa3, 0x20, 0x00, 0x90, 0x58, 0x7c, 0x3b, 0x58,
  0x00, 0x3d, 0xff, 0x05, 0x03, 0xb1, 0xb8, 0x20, 0x00, 0x90, 0x58, 0x7c,
  0x3b, 0x58, 0x00, 0x3d, 0xff, 0x05, 0x03, 0xb5, 0xd1, 0x20, 0x00, 0x90,
  0x59, 0x7c, 0x77, 0x59, 0x00, 0x01, 0xff, 0x05, 0x03, 0xb8, 0xae, 0x20,
  0x00, 0x90, 0x58, 0x7c, 0x3b, 0x58, 0x00, 0x01, 0xff, 0x05, 0x03, 0xb4,
  0xc2, 0x20, 0x00, 0x90, 0x56, 0x7c, 0x82, 0x2b, 0x56, 0x00, 0x79, 0xff,
  0x05, 0x03, 0xb1, 0xcd, 0x20, 0x00, 0x90, 0x56, 0x7c, 0x3b, 0x56, 0x00,
  0x3d, 0xff, 0x05, 0x03, 0xbf, 0xa9, 0x20, 0x00, 0x90, 0x56, 0x7c, 0x3b,
  0x56, 0x00, 0x3d, 0xff, 0x05, 0x03, 0xbf, 0xee, 0x20, 0x00, 0x90, 0x54,
  0x7c, 0x3b, 0x54, 0x00, 0x3d, 0xff, 0x05, 0x03, 0xbe, 0xc6, 0x20, 0x00,
  0x90, 0x58, 0x7c, 0x3b, 0x58, 0x00, 0x01, 0xff, 0x05, 0x03, 0xb1, 0xe2,
  0x20, 0x00, 0x90, 0x58, 0x7c, 0x3b, 0x58, 0x00, 0x01, 0xff, 0x05, 0x03,
  0xb0, 0xf8, 0x20, 0x00, 0x90, 0x56, 0x7c, 0x3b, 0x56, 0x00, 0x01, 0xff,
  0x05, 0x03, 0xb7, 0xe6, 0x20, 0x00, 0x90, 0x54, 0x7c, 0x82, 0x2b, 0x54,
  0x00, 0x01, 0xff, 0x05, 0x03, 0xc8, 0xa3, 0x20, 0x00, 0x90, 0x54, 0x7c,
  0x1d, 0x54, 0x00, 0x01, 0xff, 0x05, 0x03, 0xc0, 0xcc, 0x20, 0x00, 0x90,
  0x54, 0x7c, 0x1d, 0x54, 0x00, 0x81, 0x35, 0xff, 0x05, 0x03, 0xc8, 0xa3,
  0x20, 0x00, 0x90, 0x54, 0x7c, 0x1d, 0x54, 0x00, 0x01, 0xff, 0x05, 0x03,
  0xc0, 0xcc, 0x20, 0x00, 0x90, 0x54, 0x7c, 0x1d, 0x54, 0x00, 0x81, 0x35,
  0xff, 0x05, 0x03, 0xb5, 0xd1, 0x20, 0x00, 0x90, 0x53, 0x7c, 0x77, 0x53,
  0x00, 0x01, 0xff, 0x05, 0x03, 0xb8, 0xae, 0x20, 0x00, 0x90, 0x54, 0x7c,
  0x3b, 0x54, 0x00, 0x01, 0xff, 0x05, 0x03, 0xb4, 0xc2, 0x20, 0x00, 0x90,
  0x56, 0x7c, 0x82, 0x2b, 0x56, 0x00, 0x3d, 0xff, 0x05, 0x03, 0xc3, 0xca,
  0x20, 0x00, 0x90, 0x4f, 0x7c, 0x1d, 0x4f, 0x00, 0x1f, 0xff, 0x05, 0x03,
  0xb4, 0xc9, 0x20, 0x00, 0x90, 0x4f, 0x7c, 0x3b, 0x4f, 0x00, 0x01, 0xff,
  0x05, 0x03, 0xb7, 0xc2, 0x20, 0x00, 0x90, 0x4f, 0x7c, 0x3b, 0x4f, 0x00,
  0x01, 0xff, 0x05, 0x03, 0xb3, 0xbb, 0x20, 0x00, 0x90, 0x58, 0x7c, 0x77,
  0x58, 0x00, 0x01, 0xff, 0x05, 0x03, 0xc4, 0xa3, 0x20, 0x00, 0x90, 0x58,
  0x7c, 0x1d, 0x58, 0x00, 0x1f, 0xff, 0x05, 0x03, 0xb1, 0xb8, 0x20, 0x00,
  0x90, 0x54, 0x7c, 0x84, 0x1b, 0x54, 0x00, 0x84, 0x59, 0xff, 0x05, 0x03,
  0xb3, 0xbb, 0x20, 0x00, 0x90, 0x58, 0x7c, 0x3b, 0x58, 0x00, 0x3d, 0xff,
  0x05, 0x03, 0xc4, 0xa3, 0x20, 0x00, 0x90, 0x58, 0x7c, 0x3b, 0x58, 0x00,
  0x3d, 0xff, 0x05, 0x03, 0xb1, 0xb8, 0x20, 0x00, 0x90, 0x58, 0x7c, 0x3b,
  0x58, 0x00, 0x3d, 0xff, 0x05, 0x03, 0xb5, 0xd1, 0x20, 0x00, 0x90, 0x59,
  0x7c, 0x77, 0x59, 0x00, 0x01, 0xff, 0x05, 0x03, 0xb8, 0xae, 0x20, 0x00,
  0x90, 0x58, 0x7c, 0x3b, 0x58, 0x00, 0x01, 0xff, 0x05, 0x03, 0xb4, 0xc2,
  0x20, 0x00, 0x90, 0x56, 0x7c, 0x82, 0x2b, 0x56, 0x00, 0x79, 0xff, 0x05,
  0x03, 0xb1, 0xcd, 0x20, 0x00, 0x90, 0x56, 0x7c, 0x3b, 0x56, 0x00, 0x3d,
  0xff, 0x05, 0x03, 0xbf, 0xa9, 0x20, 0x00, 0x90, 0x56, 0x7c, 0x3b, 0x56,
  0x00, 0x3d, 0xff, 0x05, 0x03, 0xbf, 0xee, 0x20, 0x00, 0x90, 0x54, 0x7c,
  0x3b, 0x54, 0x00, 0x3d, 0xff, 0x05, 0x03, 0xbe, 0xc6, 0x20, 0x00, 0x90,
  0x58, 0x7c, 0x3b, 0x58, 0x00, 0x01, 0xff, 0x05, 0x03, 0xb1, 0xe2, 0x20,
  0x00, 0x90, 0x58, 0x7c, 0x3b, 0x58, 0x00, 0x01, 0xff, 0x05, 0x03, 0xb0,
  0xf8, 0x20, 0x00, 0x90, 0x56, 0x7c, 0x3b, 0x56, 0x00, 0x01, 0xff, 0x05,
  0x03, 0xb7, 0xe6, 0x20, 0x00, 0x90, 0x54, 0x7c, 0x81, 0x6f, 0x54, 0x00,
  0x3d, 0xff, 0x05, 0x03, 0xc8, 0xa3, 0x20, 0x00, 0x90, 0x54, 0x7c, 0x1d,
  0x54, 0x00, 0x01, 0xff, 0x05, 0x03, 0xc0, 0xcc, 0x20, 0x00, 0x90, 0x54,
  0x7c, 0x1d, 0x54, 0x00, 0x81, 0x35, 0xff, 0x05, 0x03, 0xc8, 0xa3, 0x20,
  0x00, 0x90, 0x54, 0x7c, 0x1d, 0x54, 0x00, 0x01, 0xff, 0x05, 0x03, 0xc0,
  0xcc, 0x20, 0x00, 0x90, 0x54, 0x7c, 0x1d, 0x54, 0x00, 0x81, 0x35, 0xff,
  0x05, 0x03, 0xb5, 0xd1, 0x20, 0x00, 0x90, 0x53, 0x7c, 0x77, 0x53, 0x00,
  0x01, 0xff, 0x05, 0x03, 0xb8, 0xae, 0x20, 0x00, 0x90, 0x54, 0x7c, 0x3b,
  0x54, 0x00, 0x01, 0xff, 0x05, 0x03, 0xb4, 0xc2, 0x20, 0x00, 0x90, 0x56,
  0x7c, 0x82, 0x2b, 0x56, 0x00, 0x3d, 0xff, 0x05, 0x03, 0xc3, 0xca, 0x20,
  0x00, 0x90, 0x4f, 0x7c, 0x1d, 0x4f, 0x00, 0x1f, 0xff, 0x05, 0x03, 0xb4,
  0xc9, 0x20, 0x00, 0x90, 0x4f, 0x7c, 0x3b, 0x4f, 0x00, 0x01, 0xff, 0x05,
  0x03, 0xb7, 0xc2, 0x20, 0x00, 0x90, 0x4f, 0x7c, 0x3b, 0x4f, 0x00, 0x01,
  0xff, 0x05, 0x03, 0xb3, 0xbb, 0x20, 0x00, 0x90, 0x58, 0x7c, 0x77, 0x58,
  0x00, 0x01, 0xff, 0x05, 0x03, 0xc4, 0xa3, 0x20, 0x00, 0x90, 0x58, 0x7c,
  0x1d, 0x58, 0x00, 0x1f, 0xff, 0x05, 0x03, 0xb1, 0xb8, 0x20, 0x00, 0x90,
  0x54, 0x7c, 0x84, 0x1b, 0x54, 0x00, 0x84, 0x59, 0xff, 0x05, 0x03, 0xb3,
  0xbb, 0x20, 0x00, 0x90, 0x58, 0x7c, 0x3b, 0x58, 0x00, 0x3d, 0xff, 0x05,
  0x03, 0xc4, 0xa3, 0x20, 0x00, 0x90, 0x58, 0x7c, 0x3b, 0x58, 0x00, 0x3d,
  0xff, 0x05, 0x03, 0xb1, 0xb8, 0x20, 0x00, 0x90, 0x58, 0x7c, 0x3b, 0x58,
  0x00, 0x3d, 0xff, 0x05, 0x03, 0xb5, 0xd1, 0x20, 0x00, 0x90, 0x59, 0x7c,
  0x77, 0x59, 0x00, 0x01, 0xff, 0x05, 0x03, 0xb8, 0xae, 0x20, 0x00, 0x90,
  0x58, 0x7c, 0x3b, 0x58, 0x00, 0x01, 0xff, 0x05, 0x03, 0xb4, 0xc2, 0x20,
  0x00, 0x90, 0x56, 0x7c, 0x82, 0x2b, 0x56, 0x00, 0x79, 0xff, 0x05, 0x03,
  0xb1, 0xcd, 0x20, 0x00, 0x90, 0x56, 0x7c, 0x3b, 0x56, 0x00, 0x3d, 0xff,
  0x05, 0x03, 0xbf, 0xa9, 0x20, 0x00, 0x90, 0x56, 0x7c, 0x3b, 0x56, 0x00,
  0x3d, 0xff, 0x05, 0x03, 0xbf, 0xee, 0x20, 0x00, 0x90, 0x54, 0x7c, 0x3b,
  0x54, 0x00, 0x3d, 0xff, 0x05, 0x03, 0xbe, 0xc6, 0x20, 0x00, 0x90, 0x58,
  0x7c, 0x3b, 0x58, 0x00, 0x01, 0xff, 0x05, 0x03, 0xb1, 0xe2, 0x20, 0x00,
  0x90, 0x58, 0x7c, 0x3b, 0x58, 0x00, 0x01, 0xff, 0x05, 0x03, 0xb0, 0xf8,
  0x20, 0x00, 0x90, 0x56, 0x7c, 0x3b, 0x56, 0x00, 0x01, 0xff, 0x05, 0x03,
  0xb7, 0xe6, 0x20, 0x00, 0x90, 0x54, 0x7c, 0x81, 0x6f, 0x54, 0x00, 0x3d,
  0xff, 0x05, 0x03, 0xc8, 0xa3, 0x20, 0x00, 0x90, 0x54, 0x7c, 0x1d, 0x54,
  0x00, 0x01, 0xff, 0x05, 0x03, 0xc0, 0xcc, 0x20, 0x00, 0x90, 0x54, 0x7c,
  0x1d, 0x54, 0x00, 0x81, 0x35, 0xff, 0x05, 0x03, 0xc8, 0xa3, 0x20, 0x00,
  0x90, 0x54, 0x7c, 0x1d, 0x54, 0x00, 0x01, 0xff, 0x05, 0x03, 0xc0, 0xcc,
  0x20, 0x00, 0x90, 0x54, 0x7c, 0x1d, 0x54, 0x00, 0x81, 0x35, 0xff, 0x05,
  0x03, 0xb5, 0xd1, 0x20, 0x00, 0x90, 0x53, 0x7c, 0x77, 0x53, 0x00, 0x01,
  0xff, 0x05, 0x03, 0xb8, 0xae, 0x20, 0x00, 0x90, 0x54, 0x7c, 0x3b, 0x54,
  0x00, 0x01, 0xff, 0x05, 0x03, 0xb4, 0xc2, 0x20, 0x00, 0x90, 0x56, 0x7c,
  0x82, 0x2b, 0x56, 0x00, 0x3d, 0xff, 0x05, 0x03, 0xc3, 0xca, 0x20, 0x00,
  0x90, 0x4f, 0x7c, 0x1d, 0x4f, 0x00, 0x1f, 0xff, 0x05, 0x03, 0xb4, 0xc9,
  0x20, 0x00, 0x90, 0x4f, 0x7c, 0x3b, 0x4f, 0x00, 0x01, 0xff, 0x05, 0x03,
  0xb7, 0xc2, 0x20, 0x00, 0x90, 0x4f, 0x7c, 0x3b, 0x4f, 0x00, 0x01, 0xff,
  0x05, 0x03, 0xb3, 0xbb, 0x20, 0x00, 0x90, 0x58, 0x7c, 0x77, 0x58, 0x00,
  0x01, 0xff, 0x05, 0x03, 0xc4, 0xa3, 0x20, 0x00, 0x90, 0x58, 0x7c, 0x1d,
  0x58, 0x00, 0x1f, 0xff, 0x05, 0x03, 0xb1, 0xb8, 0x20, 0x00, 0x90, 0x54,
  0x7c, 0x84, 0x1b, 0x54, 0x00, 0x00, 0xff, 0x2f, 0x00, 0x4d, 0x54, 0x72,
  0x6b, 0x00, 0x00, 0x03, 0xde, 0x00, 0xff, 0x21, 0x01, 0x00, 0x00, 0xff,
  0x03, 0x06, 0x43, 0x68, 0x6f, 0x72, 0x75, 0x73, 0x00, 0xc5, 0x34, 0x00,
  0xb5, 0x07, 0x73, 0x00, 0xb5, 0x0a, 0x1e, 0x91, 0x68, 0xb5, 0x5d, 0x64,
  0x00, 0x5b, 0x64, 0x00, 0x95, 0x51, 0x7f, 0x77, 0x51, 0x00, 0x01, 0x4f,
  0x7b, 0x82, 0x58, 0x4f, 0x00, 0x83, 0x70, 0x45, 0x66, 0x77, 0x45, 0x00,
  0x01, 0x43, 0x69, 0x82, 0x67, 0x43, 0x00, 0x01, 0x40, 0x6f, 0x77, 0x40,
  0x00, 0x01, 0x43, 0x6b, 0x83, 0x5f, 0x43, 0x00, 0x83, 0x61, 0x48, 0x64,
  0x82, 0x67, 0x48, 0x00, 0x01, 0x4c, 0x69, 0x77, 0x4c, 0x00, 0x01, 0x4a,
  0x69, 0x81, 0x6f, 0x4a, 0x00, 0x01, 0x4d, 0x54, 0x81, 0x6f, 0x4d, 0x00,
  0x01, 0x4c, 0x64, 0x82, 0x67, 0x4c, 0x00, 0x01, 0x4f, 0x64, 0x77, 0x4f,
  0x00, 0x01, 0x4c, 0x66, 0x82, 0x67, 0x4c, 0x00, 0x79, 0x4d, 0x66, 0x82,
  0x67, 0x4d, 0x00, 0x01, 0x51, 0x68, 0x77, 0x51, 0x00, 0x01, 0x4f, 0x68,
  0x81, 0x6f, 0x4f, 0x00, 0x01, 0x53, 0x60, 0x81, 0x6f, 0x53, 0x00, 0x01,
  0x4f, 0x64, 0x85, 0x4f, 0x4f, 0x00, 0x81, 0x79, 0x4c, 0x58, 0x00, 0x48,
  0x5c, 0x83, 0x44, 0x4d, 0x6a, 0x02, 0x4a, 0x52, 0x28, 0x4c, 0x00, 0x0f,
  0x48, 0x00, 0x83, 0x21, 0x4c, 0x61, 0x01, 0x4f, 0x61, 0x13, 0x4d, 0x00,
  0x02, 0x4a, 0x00, 0x83, 0x57, 0x54, 0x62, 0x00, 0x51, 0x62, 0x20, 0x4f,
  0x00, 0x0e, 0x4c, 0x00, 0x83, 0x30, 0x51, 0x60, 0x01, 0x4d, 0x60, 0x1e,
  0x54, 0x00, 0x0f, 0x51, 0x00, 0x83, 0x3d, 0x4f, 0x60, 0x02, 0x53, 0x60,
  0x1f, 0x51, 0x00, 0x01, 0x4d, 0x00, 0x83, 0x35, 0x4f, 0x65, 0x00, 0x4c,
  0x51, 0x19, 0x53, 0x00, 0x0d, 0x4f, 0x00, 0x83, 0x47, 0x48, 0x60, 0x00,
  0x4c, 0x60, 0x10, 0x4f, 0x00, 0x0f, 0x4c, 0x00, 0x83, 0x4c, 0x4c, 0x4c,
  0x00, 0x4f, 0x4c, 0x30, 0x48, 0x00, 0x00, 0x4c, 0x00, 0x82, 0x7f, 0x51,
  0x66, 0x01, 0x4a, 0x66, 0x11, 0x4c, 0x00, 0x00, 0x4f, 0x00, 0x81, 0x40,
  0x4f, 0x64, 0x00, 0x4c, 0x64, 0x0e, 0x51, 0x00, 0x10, 0x4a, 0x00, 0x82,
  0x2b, 0x4f, 0x00, 0x00, 0x4c, 0x00, 0x61, 0x4c, 0x72, 0x42, 0x4c, 0x00,
  0x38, 0x4c, 0x74, 0x40, 0x4c, 0x00, 0x36, 0x4c, 0x74, 0x72, 0x4c, 0x00,
  0x06, 0x4d, 0x6f, 0x77, 0x4d, 0x00, 0x05, 0x4c, 0x6c, 0x37, 0x4a, 0x60,
  0x05, 0x4c, 0x00, 0x82, 0x72, 0x4a, 0x00, 0x24, 0x4a, 0x72, 0x4c, 0x4a,
  0x00, 0x2d, 0x4a, 0x6f, 0x6c, 0x4a, 0x00, 0x09, 0x48, 0x63, 0x77, 0x4c,
  0x6a, 0x08, 0x48, 0x00, 0x16, 0x4c, 0x00, 0x1c, 0x4c, 0x6c, 0x3d, 0x4c,
  0x00, 0x09, 0x4a, 0x75, 0x37, 0x48, 0x72, 0x03, 0x4a, 0x00, 0x82, 0x05,
  0x48, 0x00, 0x11, 0x47, 0x6f, 0x2b, 0x48, 0x75, 0x10, 0x47, 0x00, 0x2f,
  0x48, 0x00, 0x81, 0x19, 0x47, 0x6d, 0x1e, 0x48, 0x79, 0x09, 0x47, 0x00,
  0x3e, 0x48, 0x00, 0x81, 0x11, 0x47, 0x72, 0x70, 0x47, 0x00, 0x08, 0x48,
  0x67, 0x39, 0x4a, 0x75, 0x06, 0x48, 0x00, 0x82, 0x2e, 0x4a, 0x00, 0x32,
  0x43, 0x72, 0x21, 0x43, 0x00, 0x1d, 0x43, 0x72, 0x1c, 0x43, 0x00, 0x1a,
  0x43, 0x6a, 0x30, 0x43, 0x00, 0x0e, 0x4c, 0x79, 0x59, 0x4c, 0x00, 0x22,
  0x4c, 0x74, 0x3d, 0x4c, 0x00, 0x05, 0x48, 0x74, 0x83, 0x4e, 0x48, 0x00,
  0x40, 0x4f, 0x5b, 0x03, 0x4c, 0x4c, 0x06, 0x48, 0x47, 0x84, 0x1e, 0x4f,
  0x00, 0x1a, 0x4c, 0x00, 0x03, 0x48, 0x00, 0x1c, 0x4c, 0x67, 0x55, 0x4c,
  0x00, 0x29, 0x4c, 0x6c, 0x41, 0x4c, 0x00, 0x2e, 0x4c, 0x6d, 0x74, 0x4c,
  0x00, 0x08, 0x4d, 0x65, 0x81, 0x00, 0x4d, 0x00, 0x08, 0x4c, 0x6c, 0x34,
  0x4a, 0x60, 0x01, 0x4c, 0x00, 0x82, 0x6b, 0x4a, 0x00, 0x34, 0x4a, 0x6f,
  0x44, 0x4a, 0x00, 0x30, 0x4a, 0x6c, 0x73, 0x4a, 0x00, 0x05, 0x48, 0x6c,
  0x79, 0x4c, 0x6f, 0x08, 0x48, 0x00, 0x14, 0x4c, 0x00, 0x1c, 0x4c, 0x6d,
  0x33, 0x4c, 0x00, 0x0f, 0x4a, 0x72, 0x39, 0x4a, 0x00, 0x00, 0x48, 0x62,
  0x82, 0x13, 0x48, 0x00, 0x10, 0x47, 0x6d, 0x23, 0x48, 0x6c, 0x11, 0x47,
  0x00, 0x30, 0x48, 0x00, 0x81, 0x13, 0x47, 0x6f, 0x22, 0x48, 0x72, 0x0a,
  0x47, 0x00, 0x3e, 0x48, 0x00, 0x81, 0x09, 0x47, 0x6c, 0x72, 0x47, 0x00,
  0x00, 0x48, 0x60, 0x39, 0x4a, 0x6a, 0x04, 0x48, 0x00, 0x82, 0x4f, 0x4a,
  0x00, 0x2a, 0x43, 0x6a, 0x24, 0x43, 0x00, 0x16, 0x43, 0x60, 0x20, 0x43,
  0x00, 0x1a, 0x43, 0x63, 0x3a, 0x4c, 0x72, 0x01, 0x43, 0x00, 0x4f, 0x4c,
  0x00, 0x21, 0x4c, 0x6d, 0x33, 0x4c, 0x00, 0x08, 0x48, 0x6c, 0x83, 0x4c,
  0x48, 0x00, 0x4b, 0x54, 0x59, 0x01, 0x48, 0x53, 0x02, 0x4c, 0x52, 0x03,
  0x4f, 0x57, 0x84, 0x09, 0x4f, 0x00, 0x0c, 0x54, 0x00, 0x26, 0x4c, 0x00,
  0x00, 0x48, 0x00, 0x1a, 0x4c, 0x47, 0x0c, 0x48, 0x47, 0x45, 0x48, 0x00,
  0x07, 0x4c, 0x00, 0x1b, 0x48, 0x47, 0x09, 0x4c, 0x47, 0x44, 0x48, 0x00,
  0x04, 0x4c, 0x00, 0x2b, 0x48, 0x48, 0x02, 0x4c, 0x48, 0x6f, 0x4c, 0x00,
  0x00, 0x48, 0x00, 0x06, 0x4a, 0x4b, 0x02, 0x4d, 0x4b, 0x76, 0x4d, 0x00,
  0x02, 0x4a, 0x00, 0x06, 0x4c, 0x4c, 0x01, 0x48, 0x4c, 0x36, 0x4a, 0x4f,
  0x05, 0x4c, 0x00, 0x04, 0x47, 0x4f, 0x01, 0x48, 0x00, 0x82, 0x71, 0x4a,
  0x00, 0x02, 0x47, 0x00, 0x28, 0x4a, 0x4a, 0x04, 0x47, 0x4a, 0x41, 0x47,
  0x00, 0x09, 0x4a, 0x00, 0x24, 0x4a, 0x4a, 0x05, 0x47, 0x4a, 0x6d, 0x47,
  0x00, 0x03, 0x4a, 0x00, 0x04, 0x45, 0x4a, 0x03, 0x48, 0x4a, 0x72, 0x48,
  0x4a, 0x02, 0x48, 0x00, 0x00, 0x4c, 0x4a, 0x0b, 0x45, 0x00, 0x12, 0x48,
  0x00, 0x01, 0x4c, 0x00, 0x19, 0x48, 0x4b, 0x02, 0x4c, 0x4b, 0x3a, 0x48,
  0x00, 0x05, 0x4c, 0x00, 0x06, 0x47, 0x4c, 0x04, 0x4a, 0x4c, 0x34, 0x43,
  0x4e, 0x05, 0x47, 0x00, 0x00, 0x48, 0x4e, 0x07, 0x4a, 0x00, 0x82, 0x09,
  0x43, 0x00, 0x02, 0x48, 0x00, 0x04, 0x43, 0x57, 0x08, 0x47, 0x6f, 0x1c,
  0x45, 0x5d, 0x0d, 0x43, 0x00, 0x01, 0x48, 0x6f, 0x0a, 0x47, 0x00, 0x2d,
  0x45, 0x00, 0x21, 0x48, 0x00, 0x75, 0x43, 0x52, 0x14, 0x47, 0x6c, 0x0e,
  0x45, 0x63, 0x0b, 0x43, 0x00, 0x04, 0x48, 0x75, 0x0c, 0x47, 0x00, 0x25,
  0x45, 0x00, 0x0e, 0x48, 0x00, 0x7e, 0x43, 0x4f, 0x21, 0x47, 0x4f, 0x59,
  0x47, 0x00, 0x01, 0x45, 0x50, 0x01, 0x43, 0x00, 0x04, 0x48, 0x50, 0x39,
  0x47, 0x50, 0x01, 0x45, 0x00, 0x04, 0x4a, 0x50, 0x05, 0x48, 0x00, 0x82,
  0x33, 0x47, 0x00, 0x18, 0x4a, 0x00, 0x1a, 0x47, 0x5e, 0x07, 0x43, 0x5e,
  0x19, 0x47, 0x00, 0x0a, 0x43, 0x00, 0x06, 0x47, 0x5e, 0x15, 0x43, 0x5e,
  0x0e, 0x47, 0x00, 0x0e, 0x43, 0x00, 0x11, 0x47, 0x5e, 0x08, 0x43, 0x5e,
  0x34, 0x43, 0x00, 0x03, 0x4c, 0x5e, 0x04, 0x4f, 0x5e, 0x04, 0x47, 0x00,
  0x51, 0x4f, 0x00, 0x00, 0x4c, 0x00, 0x1c, 0x4c, 0x67, 0x09, 0x4f, 0x67,
  0x34, 0x4c, 0x00, 0x02, 0x48, 0x5f, 0x0a, 0x4c, 0x5e, 0x0c, 0x4f, 0x00,
  0x87, 0x13, 0x48, 0x00, 0x04, 0x4c, 0x00, 0x00, 0xff, 0x2f, 0x00, 0x4d,
  0x54, 0x72, 0x6b, 0x00, 0x00, 0x0a, 0x50, 0x00, 0xff, 0x21, 0x01, 0x00,
  0x00, 0xff, 0x03, 0x04, 0x42, 0x61, 0x73, 0x73, 0x00, 0xb1, 0x07, 0x5e,
  0x00, 0xb1, 0x0a, 0x42, 0x00, 0xb1, 0x5d, 0x32, 0x00, 0x00, 0x00, 0x00,
  0x20, 0x78, 0x00, 0xc1, 0x26, 0x83, 0x60, 0x91, 0x30, 0x79, 0x00, 0x24,
  0x6f, 0x3c, 0x24, 0x00, 0x00, 0x30, 0x00, 0x3c, 0x30, 0x7a, 0x00, 0x24,
  0x7c, 0x82, 0x2c, 0x24, 0x00, 0x00, 0x30, 0x00, 0x3c, 0x32, 0x75, 0x3c,
  0x32, 0x00, 0x3c, 0x32, 0x79, 0x3c, 0x32, 0x00, 0x00, 0x26, 0x6f, 0x3c,
  0x26, 0x00, 0x00, 0x32, 0x7a, 0x3c, 0x32, 0x00, 0x00, 0x26, 0x6f, 0x3c,
  0x26, 0x00, 0x00, 0x32, 0x78, 0x3c, 0x32, 0x00, 0x00, 0x26, 0x79, 0x3c,
  0x26, 0x00, 0x00, 0x2b, 0x7c, 0x3c, 0x2b, 0x00, 0x3c, 0x2b, 0x7a, 0x3c,
  0x2b, 0x00, 0x00, 0x1f, 0x75, 0x3c, 0x1f, 0x00, 0x00, 0x2b, 0x7a, 0x3c,
  0x2b, 0x00, 0x00, 0x1f, 0x72, 0x3c, 0x1f, 0x00, 0x00, 0x2b, 0x78, 0x3c,
  0x2b, 0x00, 0x00, 0x1f, 0x74, 0x3c, 0x1f, 0x00, 0x00, 0x30, 0x79, 0x3c,
  0x30, 0x00, 0x3c, 0x30, 0x7e, 0x3c, 0x30, 0x00, 0x00, 0x24, 0x78, 0x3c,
  0x24, 0x00, 0x00, 0x30, 0x7a, 0x3c, 0x30, 0x00, 0x00, 0x24, 0x6f, 0x3c,
  0x24, 0x00, 0x00, 0x30, 0x79, 0x3c, 0x30, 0x00, 0x00, 0x24, 0x74, 0x3c,
  0x24, 0x00, 0x00, 0x2d, 0x74, 0x3c, 0x2d, 0x00, 0x3c, 0x2d, 0x79, 0x3c,
  0x2d, 0x00, 0x00, 0x21, 0x6d, 0x3c, 0x21, 0x00, 0x00, 0x2d, 0x75, 0x3c,
  0x2d, 0x00, 0x00, 0x21, 0x67, 0x3c, 0x21, 0x00, 0x00, 0x2d, 0x6c, 0x3c,
  0x2d, 0x00, 0x00, 0x21, 0x74, 0x3c, 0x21, 0x00, 0x00, 0x32, 0x79, 0x3c,
  0x32, 0x00, 0x3c, 0x32, 0x79, 0x3c, 0x32, 0x00, 0x00, 0x26, 0x6f, 0x3c,
  0x26, 0x00, 0x00, 0x32, 0x78, 0x3c, 0x32, 0x00, 0x00, 0x26, 0x6a, 0x3c,
  0x26, 0x00, 0x00, 0x32, 0x75, 0x3c, 0x32, 0x00, 0x00, 0x26, 0x75, 0x3c,
  0x26, 0x00, 0x00, 0x2b, 0x7c, 0x3c, 0x2b, 0x00, 0x3c, 0x2b, 0x7c, 0x3c,
  0x2b, 0x00, 0x00, 0x1f, 0x75, 0x3c, 0x1f, 0x00, 0x00, 0x2b, 0x75, 0x3c,
  0x2b, 0x00, 0x00, 0x1f, 0x6c, 0x3c, 0x1f, 0x00, 0x00, 0x2b, 0x72, 0x3c,
  0x2b, 0x00, 0x00, 0x1f, 0x74, 0x3c, 0x30, 0x7a, 0x3c, 0x30, 0x00, 0x00,
  0x1f, 0x00, 0x3c, 0x30, 0x7c, 0x3c, 0x30, 0x00, 0x00, 0x24, 0x75, 0x3c,
  0x24, 0x00, 0x00, 0x30, 0x79, 0x3c, 0x30, 0x00, 0x00, 0x24, 0x6f, 0x3c,
  0x24, 0x00, 0x00, 0x30, 0x75, 0x3c, 0x30, 0x00, 0x00, 0x24, 0x6c, 0x3c,
  0x24, 0x00, 0x00, 0x30, 0x7c, 0x3c, 0x30, 0x00, 0x3c, 0x24, 0x72, 0x00,
  0x30, 0x7f, 0x82, 0x2c, 0x30, 0x00, 0x00, 0x24, 0x00, 0x3c, 0xb1, 0x07,
  0x68, 0x00, 0x00, 0x00, 0x00, 0x20, 0x3c, 0x00, 0xc1, 0x20, 0x00, 0x91,
  0x32, 0x79, 0x3c, 0x32, 0x00, 0x3c, 0x32, 0x75, 0x3c, 0x32, 0x00, 0x00,
  0x26, 0x67, 0x3c, 0x26, 0x00, 0x00, 0x32, 0x79, 0x3c, 0x32, 0x00, 0x00,
  0x26, 0x53, 0x3c, 0x26, 0x00, 0x00, 0x32, 0x79, 0x3c, 0x32, 0x00, 0x00,
  0x26, 0x75, 0x3c, 0x26, 0x00, 0x00, 0x2b, 0x7c, 0x3c, 0x2b, 0x00, 0x3c,
  0x2b, 0x75, 0x3c, 0x2b, 0x00, 0x00, 0x1f, 0x75, 0x3c, 0x1f, 0x00, 0x00,
  0x2b, 0x79, 0x3c, 0x2b, 0x00, 0x00, 0x1f, 0x6c, 0x3c, 0x1f, 0x00, 0x00,
  0x2b, 0x78, 0x3c, 0x2b, 0x00, 0x00, 0x1f, 0x6c, 0x3c, 0x1f, 0x00, 0x00,
  0x30, 0x79, 0x3c, 0x30, 0x00, 0x3c, 0x30, 0x7c, 0x3c, 0x30, 0x00, 0x00,
  0x24, 0x72, 0x3c, 0x24, 0x00, 0x00, 0x30, 0x7c, 0x3c, 0x30, 0x00, 0x00,
  0x24, 0x6c, 0x3c, 0x24, 0x00, 0x00, 0x30, 0x78, 0x3c, 0x30, 0x00, 0x00,
  0x24, 0x6f, 0x3c, 0x24, 0x00, 0x00, 0x2d, 0x74, 0x3c, 0x2d, 0x00, 0x3c,
  0x2d, 0x75, 0x3c, 0x2d, 0x00, 0x00, 0x21, 0x6d, 0x3c, 0x21, 0x00, 0x00,
  0x2d, 0x78, 0x3c, 0x2d, 0x00, 0x00, 0x21, 0x63, 0x3c, 0x21, 0x00, 0x00,
  0x2d, 0x74, 0x3c, 0x2d, 0x00, 0x00, 0x21, 0x6f, 0x3c, 0x21, 0x00, 0x00,
  0x32, 0x74, 0x3c, 0x32, 0x00, 0x3c, 0x32, 0x78, 0x3c, 0x32, 0x00, 0x00,
  0x26, 0x78, 0x3c, 0x26, 0x00, 0x00, 0x32, 0x78, 0x3c, 0x32, 0x00, 0x00,
  0x26, 0x75, 0x3c, 0x26, 0x00, 0x00, 0x32, 0x79, 0x3c, 0x32, 0x00, 0x00,
  0x26, 0x79, 0x3c, 0x26, 0x00, 0x00, 0x2b, 0x7c, 0x3c, 0x2b, 0x00, 0x3c,
  0x2b, 0x79, 0x3c, 0x2b, 0x00, 0x00, 0x1f, 0x75, 0x3c, 0x1f, 0x00, 0x00,
  0x2b, 0x78, 0x3c, 0x2b, 0x00, 0x00, 0x1f, 0x75, 0x3c, 0x1f, 0x00, 0x00,
  0x2b, 0x78, 0x3c, 0x2b, 0x00, 0x00, 0x1f, 0x75, 0x3c, 0x1f, 0x00, 0x00,
  0x30, 0x79, 0x3c, 0x30, 0x00, 0x3c, 0x30, 0x7c, 0x3c, 0x30, 0x00, 0x00,
  0x24, 0x74, 0x3c, 0x24, 0x00, 0x00, 0x30, 0x79, 0x3c, 0x30, 0x00, 0x00,
  0x24, 0x6f, 0x3c, 0x24, 0x00, 0x00, 0x30, 0x7a, 0x3c, 0x30, 0x00, 0x00,
  0x24, 0x6f, 0x3c, 0x24, 0x00, 0x00, 0x30, 0x7c, 0x3c, 0x30, 0x00, 0x3c,
  0x30, 0x7c, 0x00, 0x24, 0x74, 0x00, 0xb1, 0x00, 0x00, 0x00, 0x20, 0x78,
  0x00, 0xc1, 0x21, 0x81, 0x70, 0x91, 0x30, 0x00, 0x3c, 0x24, 0x00, 0x3c,
  0x1d, 0x74, 0x81, 0x34, 0x1d, 0x00, 0x00, 0x1d, 0x72, 0x82, 0x2c, 0x1d,
  0x00, 0x00, 0x1f, 0x79, 0x78, 0x1f, 0x00, 0x3c, 0x1f, 0x7f, 0x81, 0x70,
  0x1f, 0x00, 0x00, 0x1d, 0x7c, 0x3c, 0x1d, 0x00, 0x00, 0x1c, 0x74, 0x83,
  0x60, 0x1c, 0x00, 0x00, 0x21, 0x7c, 0x78, 0x21, 0x00, 0x3c, 0x21, 0x79,
  0x81, 0x33, 0x21, 0x00, 0x01, 0x21, 0x79, 0x3b, 0x21, 0x00, 0x01, 0x19,
  0x79, 0x3b, 0x19, 0x00, 0x01, 0x1a, 0x78, 0x83, 0x60, 0x1a, 0x00, 0x00,
  0x1f, 0x7a, 0x83, 0x24, 0x1f, 0x00, 0x00, 0x1d, 0x79, 0x3c, 0x1d, 0x00,
  0x00, 0x1c, 0x6f, 0x83, 0x60, 0x1c, 0x00, 0x00, 0x21, 0x7a, 0x78, 0x21,
  0x00, 0x3c, 0x21, 0x79, 0x82, 0x2c, 0x21, 0x00, 0x00, 0x1f, 0x78, 0x83,
  0x60, 0x1f, 0x00, 0x3c, 0x1f, 0x53, 0x3c, 0x1f, 0x00, 0x00, 0x1f, 0x5a,
  0x3c, 0x1f, 0x00, 0x00, 0x1f, 0x5f, 0x3c, 0x1f, 0x00, 0x00, 0x1f, 0x65,
  0x3c, 0x1f, 0x00, 0x00, 0x1f, 0x6f, 0x3c, 0x1f, 0x00, 0x00, 0x1f, 0x78,
  0x3c, 0x1f, 0x00, 0x00, 0x1f, 0x7f, 0x3c, 0x1f, 0x00, 0x00, 0x24, 0x7f,
  0x3b, 0x24, 0x00, 0x01, 0x24, 0x7f, 0x3b, 0x24, 0x00, 0x3d, 0x24, 0x7f,
  0x3b, 0x24, 0x00, 0x01, 0x24, 0x7f, 0x3b, 0x24, 0x00, 0x3d, 0x24, 0x7f,
  0x3b, 0x24, 0x00, 0x01, 0x24, 0x7f, 0x3b, 0x24, 0x00, 0x01, 0xb1, 0x00,
  0x00, 0x00, 0x20, 0x78, 0x00, 0xc1, 0x22, 0x00, 0x91, 0x26, 0x7f, 0x78,
  0x26, 0x00, 0x3c, 0x26, 0x7c, 0x81, 0x70, 0x26, 0x00, 0x00, 0x21, 0x79,
  0x3c, 0x21, 0x00, 0x00, 0x1f, 0x74, 0x3b, 0x1f, 0x00, 0x01, 0x1f, 0x74,
  0x3b, 0x1f, 0x00, 0x01, 0x1f, 0x74, 0x3b, 0x1f, 0x00, 0x01, 0x1f, 0x74,
  0x3b, 0x1f, 0x00, 0x01, 0x1f, 0x74, 0x3b, 0x1f, 0x00, 0x01, 0x1f, 0x74,
  0x3b, 0x1f, 0x00, 0x01, 0x21, 0x74, 0x3b, 0x21, 0x00, 0x01, 0x23, 0x74,
  0x3b, 0x23, 0x00, 0x01, 0x24, 0x79, 0x78, 0x24, 0x00, 0x3c, 0x24, 0x7f,
  0x81, 0x34, 0x24, 0x00, 0x00, 0x23, 0x7c, 0x77, 0x23, 0x00, 0x01, 0x20,
  0x7c, 0x1d, 0x20, 0x00, 0x01, 0x21, 0x77, 0x1d, 0x21, 0x00, 0x81, 0x35,
  0x20, 0x7c, 0x1d, 0x20, 0x00, 0x01, 0x21, 0x7c, 0x1d, 0x21, 0x00, 0x81,
  0x35, 0x26, 0x7e, 0x78, 0x26, 0x00, 0x3c, 0x26, 0x7c, 0x77, 0x26, 0x00,
  0x3d, 0x26, 0x7c, 0x1d, 0x26, 0x00, 0x1f, 0x21, 0x7c, 0x3b, 0x21, 0x00,
  0x01, 0x1f, 0x6c, 0x78, 0x1f, 0x00, 0x3c, 0x1f, 0x79, 0x82, 0x2c, 0x1f,
  0x00, 0x00, 0x24, 0x7f, 0x78, 0x24, 0x00, 0x3c, 0x24, 0x7f, 0x81, 0x70,
  0x24, 0x00, 0x3c, 0x18, 0x67, 0x00, 0xb1, 0x07, 0x71, 0x1d, 0x91, 0x18,
  0x00, 0x1f, 0x18, 0x69, 0x1d, 0x18, 0x00, 0x1f, 0x1c, 0x6f, 0x1d, 0x1c,
  0x00, 0x1f, 0x1c, 0x73, 0x1d, 0x1c, 0x00, 0x1f, 0x1f, 0x73, 0x1d, 0x1f,
  0x00, 0x1f, 0x1f, 0x78, 0x1d, 0x1f, 0x00, 0x1f, 0x24, 0x7e, 0x1d, 0x24,
  0x00, 0x1f, 0x24, 0x7f, 0x00, 0xb1, 0x07, 0x5e, 0x00, 0x00, 0x00, 0x00,
  0x20, 0x3c, 0x00, 0xc1, 0x22, 0x1d, 0x91, 0x24, 0x00, 0x1f, 0x24, 0x7f,
  0x3c, 0x24, 0x00, 0x00, 0x30, 0x7c, 0x1d, 0x30, 0x00, 0x1f, 0x23, 0x75,
  0x3c, 0x23, 0x00, 0x00, 0x30, 0x7e, 0x1d, 0x30, 0x00, 0x1f, 0x24, 0x7c,
  0x3c, 0x24, 0x00, 0x00, 0x30, 0x7c, 0x1d, 0x30, 0x00, 0x1f, 0x24, 0x74,
  0x3b, 0x24, 0x00, 0x01, 0x31, 0x7a, 0x00, 0xe1, 0x00, 0x0d, 0x02, 0x00,
  0x11, 0x02, 0x00, 0x14, 0x02, 0x00, 0x17, 0x02, 0x00, 0x18, 0x04, 0x00,
  0x1a, 0x02, 0x00, 0x1c, 0x04, 0x00, 0x1f, 0x02, 0x00, 0x22, 0x02, 0x00,
  0x28, 0x02, 0x00, 0x27, 0x02, 0x00, 0x2a, 0x02, 0x00, 0x2c, 0x02, 0x00,
  0x30, 0x04, 0x00, 0x34, 0x02, 0x00, 0x35, 0x02, 0x00, 0x38, 0x02, 0x00,
  0x3a, 0x02, 0x00, 0x3c, 0x04, 0x00, 0x40, 0x04, 0x00, 0x42, 0x09, 0x91,
  0x31, 0x00, 0x01, 0x26, 0x74, 0x06, 0xe1, 0x00, 0x41, 0x36, 0x91, 0x26,
  0x00, 0x00, 0x32, 0x79, 0x1d, 0x32, 0x00, 0x1f, 0x25, 0x79, 0x3c, 0x25,
  0x00, 0x00, 0x32, 0x78, 0x1d, 0x32, 0x00, 0x1f, 0x26, 0x75, 0x3c, 0x26,
  0x00, 0x00, 0x32, 0x7c, 0x1d, 0x32, 0x00, 0x1f, 0x26, 0x78, 0x1d, 0x26,
  0x00, 0x01, 0x32, 0x78, 0x1d, 0x32, 0x00, 0x01, 0x3e, 0x7c, 0x0e, 0x3e,
  0x00, 0x10, 0x32, 0x7c, 0x1d, 0x32, 0x00, 0x01, 0x1f, 0x78, 0x3c, 0x1f,
  0x00, 0x00, 0x2b, 0x7c, 0x1d, 0x2b, 0x00, 0x1f, 0x1e, 0x75, 0x3c, 0x1e,
  0x00, 0x00, 0x2b, 0x7c, 0x1d, 0x2b, 0x00, 0x1f, 0x1f, 0x74, 0x3c, 0x1f,
  0x00, 0x00, 0x2b, 0x7a, 0x1d, 0x2b, 0x00, 0x1f, 0x20, 0x72, 0x3c, 0x20,
  0x00, 0x00, 0x30, 0x7c, 0x00, 0xe1, 0x00, 0x0f, 0x02, 0x00, 0x12, 0x02,
  0x00, 0x13, 0x02, 0x00, 0x17, 0x04, 0x00, 0x1b, 0x02, 0x00, 0x1d, 0x02,
  0x00, 0x1f, 0x04, 0x00, 0x22, 0x02, 0x00, 0x23, 0x02, 0x00, 0x29, 0x04,
  0x00, 0x2b, 0x02, 0x00, 0x2d, 0x02, 0x00, 0x2e, 0x02, 0x00, 0x2f, 0x04,
  0x00, 0x30, 0x02, 0x00, 0x33, 0x04, 0x00, 0x34, 0x02, 0x00, 0x36, 0x02,
  0x00, 0x38, 0x04, 0x00, 0x3a, 0x02, 0x00, 0x3b, 0x02, 0x00, 0x3c, 0x04,
  0x00, 0x3f, 0x01, 0x91, 0x30, 0x00, 0x01, 0x24, 0x67, 0x02, 0xe1, 0x00,
  0x40, 0x3a, 0x91, 0x24, 0x00, 0x00, 0x30, 0x7c, 0x1d, 0x30, 0x00, 0x1f,
  0x24, 0x6c, 0x0e, 0x24, 0x00, 0x2e, 0x30, 0x7e, 0x1d, 0x30, 0x00, 0x1f,
  0x24, 0x75, 0x3c, 0x24, 0x00, 0x00, 0x30, 0x7f, 0x1d, 0x30, 0x00, 0x1f,
  0x23, 0x78, 0x3c, 0x23, 0x00, 0x00, 0x2f, 0x7c, 0x1d, 0x2f, 0x00, 0x1f,
  0x21, 0x79, 0x00, 0x2d, 0x7f, 0x1d, 0x2d, 0x00, 0x00, 0x21, 0x00, 0x01,
  0x21, 0x79, 0x00, 0x2d, 0x7f, 0x1d, 0x2d, 0x00, 0x00, 0x21, 0x00, 0x3d,
  0x38, 0x79, 0x1d, 0x38, 0x00, 0x01, 0x39, 0x79, 0x1d, 0x39, 0x00, 0x3d,
  0x21, 0x75, 0x00, 0x2d, 0x7e, 0x1d, 0x2d, 0x00, 0x00, 0x21, 0x00, 0x01,
  0x2d, 0x7e, 0x00, 0x21, 0x75, 0x1d, 0x21, 0x00, 0x00, 0x2d, 0x00, 0x39,
  0xe1, 0x00, 0x0f, 0x02, 0x00, 0x1d, 0x02, 0x91, 0x21, 0x79, 0x00, 0xe1,
  0x00, 0x0f, 0x04, 0x00, 0x13, 0x02, 0x00, 0x16, 0x02, 0x00, 0x19, 0x02,
  0x00, 0x1b, 0x02, 0x00, 0x1c, 0x02, 0x00, 0x1e, 0x02, 0x00, 0x1f, 0x02,
  0x00, 0x21, 0x02, 0x00, 0x22, 0x02, 0x00, 0x25, 0x04, 0x00, 0x26, 0x02,
  0x00, 0x27, 0x02, 0x00, 0x2a, 0x04, 0x00, 0x2b, 0x02, 0x00, 0x2d, 0x02,
  0x00, 0x2f, 0x06, 0x00, 0x31, 0x02, 0x00, 0x33, 0x06, 0x00, 0x35, 0x02,
  0x00, 0x36, 0x04, 0x00, 0x37, 0x04, 0x00, 0x39, 0x06, 0x00, 0x3a, 0x02,
  0x00, 0x3b, 0x08, 0x00, 0x3d, 0x04, 0x00, 0x3e, 0x06, 0x00, 0x3f, 0x1e,
  0x00, 0x41, 0x01, 0x91, 0x21, 0x00, 0x01, 0x26, 0x7c, 0x16, 0xe1, 0x00,
  0x3f, 0x06, 0x00, 0x40, 0x20, 0x91, 0x26, 0x00, 0x00, 0x32, 0x7e, 0x1d,
  0x32, 0x00, 0x1f, 0x26, 0x79, 0x3c, 0x26, 0x00, 0x00, 0x32, 0x7c, 0x0e,
  0x32, 0x00, 0x2e, 0x26, 0x74, 0x3c, 0x26, 0x00, 0x00, 0x32, 0x79, 0x1d,
  0x32, 0x00, 0x1f, 0x26, 0x78, 0x3c, 0x26, 0x00, 0x00, 0x32, 0x7f, 0x0e,
  0x32, 0x00, 0x2e, 0x1f, 0x72, 0x3c, 0x1f, 0x00, 0x00, 0x2b, 0x7a, 0x1d,
  0x2b, 0x00, 0x1f, 0x1f, 0x74, 0x3c, 0x1f, 0x00, 0x00, 0x2b, 0x7a, 0x0e,
  0x2b, 0x00, 0x2e, 0x1f, 0x6f, 0x3c, 0x1f, 0x00, 0x00, 0x2b, 0x78, 0x1d,
  0x2b, 0x00, 0x1f, 0x1f, 0x6c, 0x3c, 0x1f, 0x00, 0x00, 0x2b, 0x7c, 0x0e,
  0x2b, 0x00, 0x2e, 0x24, 0x58, 0x3c, 0x24, 0x00, 0x00, 0x30, 0x7c, 0x1d,
  0x30, 0x00, 0x1f, 0x24, 0x67, 0x3c, 0x24, 0x00, 0x00, 0x30, 0x7c, 0x1d,
  0x30, 0x00, 0x1f, 0x24, 0x6f, 0x3c, 0x24, 0x00, 0x00, 0x30, 0x7a, 0x1d,
  0x30, 0x00, 0x1f, 0x30, 0x6f, 0x00, 0xe1, 0x00, 0x06, 0x04, 0x00, 0x08,
  0x02, 0x00, 0x09, 0x02, 0x00, 0x0c, 0x04, 0x00, 0x0d, 0x02, 0x00, 0x13,
  0x02, 0x00, 0x16, 0x04, 0x00, 0x18, 0x04, 0x00, 0x1c, 0x04, 0x00, 0x22,
  0x04, 0x00, 0x25, 0x04, 0x00, 0x26, 0x02, 0x00, 0x27, 0x02, 0x00, 0x29,
  0x0c, 0x00, 0x2b, 0x02, 0x00, 0x2e, 0x04, 0x00, 0x2f, 0x04, 0x00, 0x31,
  0x04, 0x00, 0x32, 0x02, 0x00, 0x33, 0x06, 0x00, 0x35, 0x02, 0x00, 0x36,
  0x02, 0x00, 0x37, 0x08, 0x00, 0x3a, 0x06, 0x00, 0x3b, 0x0a, 0x00, 0x3c,
  0x04, 0x00, 0x3d, 0x0d, 0x91, 0x30, 0x00, 0x01, 0x24, 0x74, 0x00, 0x18,
  0x67, 0x06, 0xe1, 0x00, 0x3f, 0x04, 0x00, 0x40, 0x06, 0x00, 0x41, 0x0d,
  0x91, 0x18, 0x00, 0x1f, 0x18, 0x69, 0x1d, 0x18, 0x00, 0x1f, 0x24, 0x00,
  0x00, 0x30, 0x78, 0x00, 0x1c, 0x6f, 0x1d, 0x1c, 0x00, 0x1f, 0x30, 0x00,
  0x00, 0x1c, 0x73, 0x1d, 0x1c, 0x00, 0x1f, 0x1f, 0x73, 0x1d, 0x1f, 0x00,
  0x1f, 0x1f, 0x78, 0x1d, 0x1f, 0x00, 0x1f, 0x24, 0x7e, 0x1d, 0x24, 0x00,
  0x1f, 0x24, 0x7f, 0x00, 0xb1, 0x5b, 0x7f, 0x00, 0x5d, 0x7f, 0x00, 0x07,
  0x75, 0x00, 0x00, 0x00, 0x00, 0x20, 0x3c, 0x00, 0xc1, 0x24, 0x1d, 0x91,
  0x24, 0x00, 0x1f, 0x24, 0x7f, 0x3c, 0x24, 0x00, 0x00, 0x30, 0x7c, 0x3b,
  0x30, 0x00, 0x01, 0x23, 0x75, 0x3c, 0x23, 0x00, 0x00, 0x30, 0x7e, 0x1d,
  0x30, 0x00, 0x1f, 0x24, 0x7c, 0x3c, 0x24, 0x00, 0x00, 0x30, 0x7c, 0x3b,
  0x30, 0x00, 0x01, 0x24, 0x74, 0x3a, 0xe1, 0x00, 0x07, 0x01, 0x91, 0x24,
  0x00, 0x01, 0x31, 0x6f, 0x00, 0xe1, 0x00, 0x10, 0x02, 0x00, 0x13, 0x02,
  0x00, 0x18, 0x02, 0x00, 0x19, 0x02, 0x00, 0x1a, 0x02, 0x00, 0x1e, 0x02,
  0x00, 0x22, 0x04, 0x00, 0x25, 0x02, 0x00, 0x28, 0x02, 0x00, 0x2a, 0x04,
  0x00, 0x31, 0x02, 0x00, 0x33, 0x02, 0x00, 0x35, 0x02, 0x00, 0x34, 0x02,
  0x00, 0x35, 0x02, 0x00, 0x38, 0x06, 0x00, 0x39, 0x06, 0x00, 0x3b, 0x04,
  0x00, 0x3c, 0x04, 0x00, 0x3d, 0x05, 0x91, 0x31, 0x00, 0x01, 0x26, 0x74,
  0x04, 0xe1, 0x00, 0x3e, 0x02, 0x00, 0x3f, 0x04, 0x00, 0x40, 0x32, 0x91,
  0x26, 0x00, 0x00, 0x32, 0x79, 0x3b, 0x32, 0x00, 0x01, 0x25, 0x79, 0x3c,
  0x25, 0x00, 0x00, 0x32, 0x78, 0x1d, 0x32, 0x00, 0x1f, 0x26, 0x75, 0x3c,
  0x26, 0x00, 0x00, 0x32, 0x7c, 0x3b, 0x32, 0x00, 0x01, 0x26, 0x78, 0x1d,
  0x26, 0x00, 0x01, 0x32, 0x78, 0x1d, 0x32, 0x00, 0x01, 0x3e, 0x7c, 0x0e,
  0x3e, 0x00, 0x10, 0x32, 0x7c, 0x1d, 0x32, 0x00, 0x01, 0x1f, 0x78, 0x3c,
  0x1f, 0x00, 0x00, 0x2b, 0x7c, 0x3b, 0x2b, 0x00, 0x01, 0x1e, 0x75, 0x3c,
  0x1e, 0x00, 0x00, 0x2b, 0x7c, 0x1d, 0x2b, 0x00, 0x1f, 0x1f, 0x74, 0x3c,
  0x1f, 0x00, 0x00, 0x2b, 0x7a, 0x3b, 0x2b, 0x00, 0x01, 0x20, 0x72, 0x3c,
  0x20, 0x00, 0x00, 0x30, 0x7c, 0x00, 0xe1, 0x00, 0x11, 0x02, 0x00, 0x19,
  0x02, 0x00, 0x23, 0x04, 0x00, 0x25, 0x02, 0x00, 0x27, 0x02, 0x00, 0x29,
  0x04, 0x00, 0x2d, 0x04, 0x00, 0x32, 0x04, 0x00, 0x33, 0x02, 0x00, 0x39,
  0x02, 0x00, 0x3a, 0x04, 0x00, 0x3d, 0x04, 0x00, 0x3e, 0x0c, 0x00, 0x40,
  0x04, 0x00, 0x41, 0x07, 0x91, 0x30, 0x00, 0x01, 0x24, 0x67, 0x3c, 0x24,
  0x00, 0x00, 0x30, 0x7c, 0x3b, 0x30, 0x00, 0x01, 0x24, 0x6c, 0x2c, 0x24,
  0x00, 0x10, 0x30, 0x7e, 0x1d, 0x30, 0x00, 0x1f, 0x24, 0x75, 0x3c, 0x24,
  0x00, 0x00, 0x30, 0x7f, 0x3b, 0x30, 0x00, 0x01, 0x23, 0x78, 0x3c, 0x23,
  0x00, 0x00, 0x2f, 0x7c, 0x1d, 0x2f, 0x00, 0x1f, 0x2c, 0x7f, 0x00, 0x21,
  0x79, 0x1d, 0x21, 0x00, 0x00, 0x2c, 0x00, 0x01, 0x21, 0x79, 0x00, 0x2d,
  0x7f, 0x1d, 0x2d, 0x00, 0x00, 0x21, 0x00, 0x3d, 0x38, 0x79, 0x1d, 0x38,
  0x00, 0x01, 0x39, 0x79, 0x59, 0x39, 0x00, 0x01, 0x2c, 0x7e, 0x00, 0x21,
  0x75, 0x1d, 0x21, 0x00, 0x00, 0x2c, 0x00, 0x01, 0x2d, 0x7e, 0x00, 0x21,
  0x75, 0x1d, 0x21, 0x00, 0x00, 0x2d, 0x00, 0x3d, 0x21, 0x79, 0x00, 0xe1,
  0x00, 0x03, 0x02, 0x00, 0x04, 0x04, 0x00, 0x06, 0x02, 0x00, 0x07, 0x02,
  0x00, 0x0a, 0x04, 0x00, 0x0c, 0x02, 0x00, 0x0e, 0x02, 0x00, 0x10, 0x02,
  0x00, 0x12, 0x02, 0x00, 0x14, 0x02, 0x00, 0x16, 0x02, 0x00, 0x1a, 0x04,
  0x00, 0x1c, 0x02, 0x00, 0x1e, 0x02, 0x00, 0x20, 0x02, 0x00, 0x22, 0x02,
  0x00, 0x23, 0x02, 0x00, 0x24, 0x02, 0x00, 0x28, 0x04, 0x00, 0x2b, 0x02,
  0x00, 0x2c, 0x02, 0x00, 0x2e, 0x02, 0x00, 0x2f, 0x02, 0x00, 0x30, 0x04,
  0x00, 0x32, 0x04, 0x00, 0x33, 0x02, 0x00, 0x35, 0x02, 0x00, 0x37, 0x04,
  0x00, 0x39, 0x02, 0x00, 0x3a, 0x02, 0x00, 0x3b, 0x06, 0x00, 0x3d, 0x12,
  0x00, 0x3e, 0x06, 0x00, 0x40, 0x02, 0x00, 0x41, 0x04, 0x00, 0x42, 0x09,
  0x91, 0x21, 0x00, 0x01, 0x26, 0x7c, 0x3c, 0x26, 0x00, 0x00, 0x32, 0x7e,
  0x3b, 0x32, 0x00, 0x01, 0x26, 0x79, 0x3c, 0x26, 0x00, 0x00, 0x32, 0x7c,
  0x0e, 0x32, 0x00, 0x2e, 0x26, 0x74, 0x3c, 0x26, 0x00, 0x00, 0x32, 0x79,
  0x3b, 0x32, 0x00, 0x01, 0x26, 0x78, 0x3c, 0x26, 0x00, 0x00, 0x32, 0x7f,
  0x0e, 0x32, 0x00, 0x2e, 0x1f, 0x72, 0x3c, 0x1f, 0x00, 0x00, 0x2b, 0x7a,
  0x3b, 0x2b, 0x00, 0x01, 0x1f, 0x74, 0x3c, 0x1f, 0x00, 0x00, 0x2b, 0x7a,
  0x0e, 0x2b, 0x00, 0x2e, 0x1f, 0x6f, 0x3c, 0x1f, 0x00, 0x00, 0x2b, 0x78,
  0x3b, 0x2b, 0x00, 0x01, 0x1f, 0x6c, 0x3c, 0x1f, 0x00, 0x00, 0x2b, 0x7c,
  0x0e, 0x2b, 0x00, 0x2e, 0x24, 0x58, 0x3c, 0x24, 0x00, 0x00, 0x30, 0x7c,
  0x3b, 0x30, 0x00, 0x01, 0x24, 0x67, 0x3c, 0x24, 0x00, 0x00, 0x30, 0x7c,
  0x1d, 0x30, 0x00, 0x1f, 0x24, 0x6f, 0x3c, 0x24, 0x00, 0x00, 0x30, 0x7a,
  0x3b, 0x30, 0x00, 0x01, 0x24, 0x6f, 0x3c, 0x24, 0x00, 0x00, 0x30, 0x79,
  0x1d, 0x30, 0x00, 0x1f, 0x24, 0x74, 0x78, 0x24, 0x00, 0x00, 0x30, 0x78,
  0x3c, 0x30, 0x00, 0x00, 0xff, 0x2f, 0x00, 0x4d, 0x54, 0x72, 0x6b, 0x00,
  0x00, 0x09, 0xea, 0x00, 0xff, 0x21, 0x01, 0x00, 0x00, 0xff, 0x03, 0x0d,
  0x42, 0x61, 0x63, 0x6b, 0x69, 0x6e, 0x67, 0x20, 0x50, 0x69, 0x61, 0x6e,
  0x6f, 0x00, 0xc2, 0x03, 0x00, 0xb2, 0x07, 0x69, 0x00, 0xb2, 0x0a, 0x21,
  0x83, 0x60, 0xb2, 0x5d, 0x3c, 0x00, 0x5b, 0x6e, 0x00, 0x92, 0x30, 0x59,
  0x00, 0x34, 0x5d, 0x00, 0x37, 0x6a, 0x3c, 0x37, 0x00, 0x00, 0x34, 0x00,
  0x00, 0x30, 0x00, 0x3c, 0x30, 0x74, 0x00, 0x37, 0x7a, 0x00, 0x34, 0x7a,
  0x81, 0x70, 0x34, 0x00, 0x00, 0x37, 0x00, 0x00, 0x30, 0x00, 0x78, 0x32,
  0x63, 0x3c, 0x32, 0x00, 0x00, 0x35, 0x6f, 0x3c, 0x35, 0x00, 0x00, 0x39,
  0x78, 0x3c, 0x39, 0x00, 0x00, 0x32, 0x5c, 0x3c, 0x32, 0x00, 0x00, 0x35,
  0x6c, 0x3c, 0x35, 0x00, 0x00, 0x39, 0x75, 0x3c, 0x39, 0x00, 0x00, 0x32,
  0x72, 0x3c, 0x32, 0x00, 0x00, 0x35, 0x59, 0x00, 0x39, 0x7c, 0x3c, 0x39,
  0x00, 0x00, 0x35, 0x00, 0x00, 0x2b, 0x75, 0x3c, 0x2b, 0x00, 0x00, 0x2f,
  0x59, 0x3c, 0x2f, 0x00, 0x00, 0x32, 0x67, 0x3c, 0x32, 0x00, 0x00, 0x2b,
  0x6d, 0x3c, 0x2b, 0x00, 0x00, 0x2f, 0x51, 0x3c, 0x2f, 0x00, 0x00, 0x32,
  0x63, 0x3c, 0x32, 0x00, 0x00, 0x2b, 0x62, 0x3c, 0x2b, 0x00, 0x00, 0x2f,
  0x59, 0x3c, 0x2f, 0x00, 0x00, 0x30, 0x79, 0x3c, 0x30, 0x00, 0x00, 0x34,
  0x74, 0x3c, 0x34, 0x00, 0x00, 0x37, 0x78, 0x3c, 0x37, 0x00, 0x00, 0x30,
  0x75, 0x3c, 0x30, 0x00, 0x00, 0x34, 0x75, 0x3c, 0x34, 0x00, 0x00, 0x37,
  0x79, 0x3c, 0x37, 0x00, 0x00, 0x30, 0x62, 0x3c, 0x30, 0x00, 0x00, 0x34,
  0x74, 0x3c, 0x34, 0x00, 0x00, 0x2d, 0x72, 0x3c, 0x2d, 0x00, 0x00, 0x30,
  0x6f, 0x3c, 0x30, 0x00, 0x00, 0x34, 0x78, 0x3c, 0x34, 0x00, 0x00, 0x2d,
  0x63, 0x3c, 0x2d, 0x00, 0x00, 0x30, 0x72, 0x3c, 0x30, 0x00, 0x00, 0x34,
  0x78, 0x3c, 0x34, 0x00, 0x00, 0x2d, 0x60, 0x3c, 0x2d, 0x00, 0x00, 0x30,
  0x60, 0x3c, 0x30, 0x00, 0x00, 0x32, 0x72, 0x3c, 0x32, 0x00, 0x00, 0x35,
  0x72, 0x3c, 0x35, 0x00, 0x00, 0x39, 0x74, 0x3c, 0x39, 0x00, 0x00, 0x32,
  0x6d, 0x3c, 0x32, 0x00, 0x00, 0x35, 0x74, 0x3c, 0x35, 0x00, 0x00, 0x39,
  0x7f, 0x3c, 0x39, 0x00, 0x00, 0x32, 0x74, 0x3c, 0x32, 0x00, 0x00, 0x35,
  0x67, 0x3c, 0x35, 0x00, 0x00, 0x2b, 0x74, 0x3c, 0x2b, 0x00, 0x00, 0x2f,
  0x60, 0x3c, 0x2f, 0x00, 0x00, 0x32, 0x79, 0x3c, 0x32, 0x00, 0x00, 0x2b,
  0x6f, 0x3c, 0x2b, 0x00, 0x00, 0x2f, 0x74, 0x3c, 0x2f, 0x00, 0x00, 0x32,
  0x78, 0x3c, 0x32, 0x00, 0x00, 0x2b, 0x75, 0x3c, 0x2b, 0x00, 0x00, 0x2f,
  0x6d, 0x3c, 0x2f, 0x00, 0x00, 0x30, 0x72, 0x3c, 0x30, 0x00, 0x00, 0x34,
  0x6f, 0x3c, 0x34, 0x00, 0x00, 0x37, 0x79, 0x3c, 0x37, 0x00, 0x00, 0x30,
  0x75, 0x3c, 0x30, 0x00, 0x00, 0x34, 0x72, 0x3c, 0x34, 0x00, 0x00, 0x37,
  0x74, 0x3c, 0x37, 0x00, 0x00, 0x30, 0x78, 0x3c, 0x30, 0x00, 0x00, 0x34,
  0x75, 0x3c, 0x34, 0x00, 0x00, 0x37, 0x7a, 0x00, 0x30, 0x7e, 0x00, 0x34,
  0x72, 0x3c, 0x34, 0x00, 0x00, 0x30, 0x00, 0x00, 0x37, 0x00, 0x3c, 0x30,
  0x79, 0x00, 0x34, 0x78, 0x00, 0x37, 0x7c, 0x81, 0x70, 0x37, 0x00, 0x00,
  0x34, 0x00, 0x00, 0x30, 0x00, 0x78, 0x32, 0x74, 0x3c, 0x32, 0x00, 0x00,
  0x35, 0x6d, 0x3c, 0x35, 0x00, 0x00, 0x39, 0x6f, 0x3c, 0x39, 0x00, 0x00,
  0x32, 0x74, 0x3c, 0x32, 0x00, 0x00, 0x35, 0x6c, 0x3c, 0x35, 0x00, 0x00,
  0x39, 0x75, 0x3c, 0x39, 0x00, 0x00, 0x32, 0x6d, 0x3c, 0x32, 0x00, 0x00,
  0x35, 0x79, 0x3c, 0x35, 0x00, 0x00, 0x2b, 0x65, 0x3c, 0x2b, 0x00, 0x00,
  0x2f, 0x6f, 0x3c, 0x2f, 0x00, 0x00, 0x32, 0x6c, 0x3c, 0x32, 0x00, 0x00,
  0x2b, 0x67, 0x3c, 0x2b, 0x00, 0x00, 0x2f, 0x6c, 0x3c, 0x2f, 0x00, 0x00,
  0x32, 0x78, 0x3c, 0x32, 0x00, 0x00, 0x2b, 0x72, 0x3c, 0x2b, 0x00, 0x00,
  0x2f, 0x78, 0x3c, 0x2f, 0x00, 0x00, 0x30, 0x7c, 0x3c, 0x30, 0x00, 0x00,
  0x34, 0x6a, 0x3c, 0x34, 0x00, 0x00, 0x37, 0x63, 0x3c, 0x37, 0x00, 0x00,
  0x30, 0x7c, 0x3c, 0x30, 0x00, 0x00, 0x34, 0x6d, 0x3c, 0x34, 0x00, 0x00,
  0x37, 0x7c, 0x3c, 0x37, 0x00, 0x00, 0x30, 0x7a, 0x3c, 0x30, 0x00, 0x00,
  0x34, 0x78, 0x3c, 0x34, 0x00, 0x00, 0x2d, 0x6a, 0x3c, 0x2d, 0x00, 0x00,
  0x30, 0x5c, 0x3c, 0x30, 0x00, 0x00, 0x34, 0x59, 0x3c, 0x34, 0x00, 0x00,
  0x2d, 0x6c, 0x3c, 0x2d, 0x00, 0x00, 0x30, 0x6f, 0x3c, 0x30, 0x00, 0x00,
  0x34, 0x7c, 0x3c, 0x34, 0x00, 0x00, 0x2d, 0x67, 0x3c, 0x2d, 0x00, 0x00,
  0x30, 0x79, 0x3c, 0x30, 0x00, 0x00, 0x32, 0x6f, 0x3c, 0x32, 0x00, 0x00,
  0x35, 0x75, 0x3c, 0x35, 0x00, 0x00, 0x39, 0x7c, 0x3c, 0x39, 0x00, 0x00,
  0x32, 0x6f, 0x3c, 0x32, 0x00, 0x00, 0x35, 0x74, 0x3c, 0x35, 0x00, 0x00,
  0x39, 0x79, 0x3c, 0x39, 0x00, 0x00, 0x32, 0x75, 0x3c, 0x32, 0x00, 0x00,
  0x35, 0x75, 0x3c, 0x35, 0x00, 0x00, 0x2b, 0x6c, 0x3c, 0x2b, 0x00, 0x00,
  0x2f, 0x6c, 0x3c, 0x2f, 0x00, 0x00, 0x32, 0x65, 0x3c, 0x32, 0x00, 0x00,
  0x2b, 0x60, 0x3c, 0x2b, 0x00, 0x00, 0x2f, 0x43, 0x3c, 0x2f, 0x00, 0x00,
  0x32, 0x75, 0x3c, 0x32, 0x00, 0x00, 0x2b, 0x6f, 0x3c, 0x2b, 0x00, 0x00,
  0x2f, 0x53, 0x3c, 0x2f, 0x00, 0x00, 0x30, 0x78, 0x3c, 0x30, 0x00, 0x00,
  0x34, 0x75, 0x3c, 0x34, 0x00, 0x00, 0x37, 0x79, 0x3c, 0x37, 0x00, 0x00,
  0x30, 0x6f, 0x3c, 0x30, 0x00, 0x00, 0x34, 0x74, 0x3c, 0x34, 0x00, 0x00,
  0x37, 0x6a, 0x3c, 0x37, 0x00, 0x00, 0x34, 0x72, 0x3c, 0x34, 0x00, 0x00,
  0x30, 0x67, 0x3c, 0x30, 0x00, 0x00, 0x30, 0x64, 0x3c, 0x30, 0x00, 0x00,
  0x34, 0x64, 0x3c, 0x34, 0x00, 0x00, 0x37, 0x64, 0x3c, 0x37, 0x00, 0x00,
  0x34, 0x64, 0x3c, 0x34, 0x00, 0x00, 0x30, 0x64, 0x3c, 0x30, 0x00, 0x00,
  0x34, 0x64, 0x3c, 0x34, 0x00, 0x00, 0x37, 0x64, 0x3c, 0x37, 0x00, 0x00,
  0x34, 0x64, 0x3c, 0x34, 0x00, 0x00, 0x29, 0x6f, 0x3c, 0x2d, 0x74, 0x3c,
  0x2d, 0x00, 0x00, 0x29, 0x00, 0x00, 0x30, 0x7a, 0x3c, 0x30, 0x00, 0x00,
  0x29, 0x74, 0x3c, 0x29, 0x00, 0x00, 0x2d, 0x5c, 0x3c, 0x2d, 0x00, 0x00,
  0x30, 0x7f, 0x3c, 0x30, 0x00, 0x00, 0x29, 0x74, 0x3c, 0x29, 0x00, 0x00,
  0x2d, 0x72, 0x3c, 0x2d, 0x00, 0x00, 0x2b, 0x6d, 0x3c, 0x2b, 0x00, 0x00,
  0x2f, 0x65, 0x3c, 0x2f, 0x00, 0x00, 0x32, 0x78, 0x3c, 0x32, 0x00, 0x00,
  0x2b, 0x75, 0x3c, 0x2b, 0x00, 0x00, 0x2f, 0x6a, 0x3c, 0x2f, 0x00, 0x00,
  0x32, 0x75, 0x3c, 0x32, 0x00, 0x00, 0x2b, 0x72, 0x3c, 0x2b, 0x00, 0x00,
  0x2f, 0x74, 0x3c, 0x2f, 0x00, 0x00, 0x28, 0x79, 0x3c, 0x28, 0x00, 0x00,
  0x2b, 0x74, 0x3c, 0x2b, 0x00, 0x00, 0x2f, 0x79, 0x3c, 0x2f, 0x00, 0x00,
  0x28, 0x79, 0x3c, 0x28, 0x00, 0x00, 0x2b, 0x79, 0x3c, 0x2b, 0x00, 0x00,
  0x2f, 0x79, 0x3c, 0x2f, 0x00, 0x00, 0x28, 0x42, 0x3c, 0x28, 0x00, 0x00,
  0x2b, 0x79, 0x3c, 0x2b, 0x00, 0x00, 0x2d, 0x6f, 0x3c, 0x2d, 0x00, 0x00,
  0x30, 0x59, 0x3c, 0x30, 0x00, 0x00, 0x34, 0x59, 0x3c, 0x34, 0x00, 0x00,
  0x2d, 0x6d, 0x3c, 0x2d, 0x00, 0x00, 0x30, 0x74, 0x3c, 0x30, 0x00, 0x00,
  0x34, 0x79, 0x3c, 0x34, 0x00, 0x00, 0x2d, 0x78, 0x3c, 0x2d, 0x00, 0x00,
  0x30, 0x78, 0x3c, 0x30, 0x00, 0x00, 0x26, 0x6c, 0x3c, 0x26, 0x00, 0x00,
  0x29, 0x67, 0x3c, 0x29, 0x00, 0x00, 0x2d, 0x58, 0x3c, 0x2d, 0x00, 0x00,
  0x26, 0x6c, 0x3c, 0x26, 0x00, 0x00, 0x29, 0x63, 0x3c, 0x29, 0x00, 0x00,
  0x2d, 0x78, 0x3c, 0x2d, 0x00, 0x00, 0x26, 0x72, 0x3c, 0x26, 0x00, 0x00,
  0x29, 0x6c, 0x3c, 0x29, 0x00, 0x00, 0x2b, 0x75, 0x3c, 0x2b, 0x00, 0x00,
  0x2f, 0x72, 0x3c, 0x2f, 0x00, 0x00, 0x32, 0x7c, 0x3c, 0x32, 0x00, 0x00,
  0x2b, 0x79, 0x3c, 0x2b, 0x00, 0x00, 0x2f, 0x7c, 0x3c, 0x2f, 0x00, 0x00,
  0x32, 0x7a, 0x3c, 0x32, 0x00, 0x00, 0x2b, 0x75, 0x3c, 0x2b, 0x00, 0x00,
  0x2f, 0x7a, 0x3c, 0x2f, 0x00, 0x00, 0x28, 0x79, 0x3c, 0x28, 0x00, 0x00,
  0x2b, 0x75, 0x3c, 0x2b, 0x00, 0x00, 0x2f, 0x72, 0x3c, 0x2f, 0x00, 0x00,
  0x28, 0x6f, 0x3c, 0x28, 0x00, 0x00, 0x2b, 0x72, 0x3c, 0x2b, 0x00, 0x00,
  0x2f, 0x7a, 0x3c, 0x2f, 0x00, 0x00, 0x28, 0x72, 0x3c, 0x28, 0x00, 0x00,
  0x2b, 0x54, 0x3c, 0x2b, 0x00, 0x00, 0x2d, 0x6f, 0x3c, 0x2d, 0x00, 0x00,
  0x30, 0x67, 0x3c, 0x30, 0x00, 0x00, 0x34, 0x78, 0x3c, 0x34, 0x00, 0x00,
  0x2d, 0x55, 0x3c, 0x2d, 0x00, 0x00, 0x30, 0x7a, 0x3c, 0x30, 0x00, 0x00,
  0x34, 0x78, 0x3c, 0x34, 0x00, 0x00, 0x2d, 0x75, 0x3c, 0x2d, 0x00, 0x00,
  0x30, 0x7c, 0x3c, 0x30, 0x00, 0x00, 0x2b, 0x79, 0x3c, 0x2b, 0x00, 0x00,
  0x2f, 0x75, 0x3c, 0x2f, 0x00, 0x00, 0x32, 0x72, 0x3c, 0x32, 0x00, 0x00,
  0x2b, 0x6c, 0x3c, 0x2b, 0x00, 0x00, 0x2f, 0x6f, 0x3c, 0x2f, 0x00, 0x00,
  0x32, 0x79, 0x3c, 0x32, 0x00, 0x00, 0x2f, 0x75, 0x3c, 0x2f, 0x00, 0x00,
  0x2b, 0x67, 0x3c, 0x2b, 0x00, 0x00, 0x2b, 0x7a, 0x3c, 0x2b, 0x00, 0x00,
  0x2f, 0x6f, 0x3c, 0x2f, 0x00, 0x00, 0x32, 0x79, 0x3c, 0x32, 0x00, 0x00,
  0x2b, 0x7c, 0x3c, 0x2b, 0x00, 0x00, 0x2f, 0x79, 0x3c, 0x2f, 0x00, 0x00,
  0x32, 0x7c, 0x3c, 0x32, 0x00, 0x00, 0x2b, 0x79, 0x3c, 0x2b, 0x00, 0x00,
  0x2f, 0x78, 0x3c, 0x2f, 0x00, 0x00, 0x30, 0x7c, 0x3c, 0x30, 0x00, 0x00,
  0x34, 0x78, 0x3c, 0x34, 0x00, 0x00, 0x37, 0x7a, 0x3c, 0x37, 0x00, 0x00,
  0x30, 0x79, 0x3c, 0x30, 0x00, 0x00, 0x34, 0x7a, 0x3c, 0x34, 0x00, 0x00,
  0x37, 0x7e, 0x3c, 0x37, 0x00, 0x00, 0x30, 0x7a, 0x3c, 0x30, 0x00, 0x00,
  0x34, 0x7c, 0x3c, 0x34, 0x00, 0x00, 0x32, 0x7a, 0x3c, 0x32, 0x00, 0x00,
  0x35, 0x7a, 0x3c, 0x35, 0x00, 0x00, 0x39, 0x7f, 0x3c, 0x39, 0x00, 0x00,
  0x32, 0x79, 0x3c, 0x32, 0x00, 0x00, 0x35, 0x78, 0x3c, 0x35, 0x00, 0x00,
  0x39, 0x7c, 0x3c, 0x39, 0x00, 0x00, 0x32, 0x79, 0x3c, 0x32, 0x00, 0x00,
  0x35, 0x6c, 0x3c, 0x35, 0x00, 0x00, 0x2b, 0x79, 0x3c, 0x2b, 0x00, 0x00,
  0x2f, 0x72, 0x3c, 0x2f, 0x00, 0x00, 0x32, 0x74, 0x3c, 0x32, 0x00, 0x00,
  0x2b, 0x7a, 0x3c, 0x2b, 0x00, 0x00, 0x2f, 0x75, 0x3c, 0x2f, 0x00, 0x00,
  0x32, 0x74, 0x3c, 0x32, 0x00, 0x00, 0x2b, 0x75, 0x3c, 0x2b, 0x00, 0x00,
  0x2f, 0x7a, 0x3c, 0x2f, 0x00, 0x00, 0x24, 0x79, 0x3c, 0x24, 0x00, 0x00,
  0x28, 0x6c, 0x3c, 0x28, 0x00, 0x00, 0x2b, 0x7a, 0x3c, 0x2b, 0x00, 0x00,
  0x24, 0x6c, 0x3c, 0x24, 0x00, 0x00, 0x28, 0x75, 0x3c, 0x28, 0x00, 0x00,
  0x2b, 0x6c, 0x3c, 0x2b, 0x00, 0x00, 0x24, 0x78, 0x3c, 0x24, 0x00, 0x00,
  0x28, 0x78, 0x3c, 0x28, 0x00, 0x00, 0x2d, 0x67, 0x3c, 0x2d, 0x00, 0x00,
  0x30, 0x6f, 0x00, 0x34, 0x74, 0x3c, 0x34, 0x00, 0x00, 0x30, 0x00, 0x78,
  0x2d, 0x75, 0x3c, 0x2d, 0x00, 0x00, 0x30, 0x75, 0x00, 0x34, 0x79, 0x3c,
  0x34, 0x00, 0x00, 0x30, 0x00, 0x78, 0x32, 0x75, 0x3c, 0x32, 0x00, 0x00,
  0x35, 0x79, 0x3c, 0x35, 0x00, 0x00, 0x39, 0x7f, 0x3c, 0x39, 0x00, 0x00,
  0x32, 0x7c, 0x3c, 0x32, 0x00, 0x00, 0x35, 0x74, 0x3c, 0x35, 0x00, 0x00,
  0x39, 0x7c, 0x3c, 0x39, 0x00, 0x00, 0x32, 0x74, 0x3c, 0x32, 0x00, 0x00,
  0x35, 0x7a, 0x3c, 0x35, 0x00, 0x00, 0x2b, 0x79, 0x3c, 0x2b, 0x00, 0x00,
  0x2f, 0x58, 0x3c, 0x2f, 0x00, 0x00, 0x32, 0x78, 0x3c, 0x32, 0x00, 0x00,
  0x2b, 0x57, 0x3c, 0x2b, 0x00, 0x00, 0x2f, 0x74, 0x3c, 0x2f, 0x00, 0x00,
  0x32, 0x79, 0x3c, 0x32, 0x00, 0x00, 0x2f, 0x7f, 0x3c, 0x2f, 0x00, 0x00,
  0x32, 0x64, 0x3b, 0x32, 0x00, 0x01, 0x30, 0x7a, 0x3c, 0x30, 0x00, 0x00,
  0x34, 0x6c, 0x3c, 0x34, 0x00, 0x00, 0x37, 0x7c, 0x3c, 0x37, 0x00, 0x00,
  0x30, 0x7e, 0x3c, 0x30, 0x00, 0x00, 0x34, 0x79, 0x3c, 0x34, 0x00, 0x00,
  0x37, 0x75, 0x3c, 0x37, 0x00, 0x00, 0x34, 0x78, 0x3c, 0x34, 0x00, 0x00,
  0x30, 0x75, 0x3c, 0x30, 0x00, 0x00, 0x30, 0x7c, 0x3c, 0x30, 0x00, 0x00,
  0x34, 0x74, 0x3c, 0x34, 0x00, 0x00, 0x37, 0x7c, 0x3c, 0x37, 0x00, 0x00,
  0x30, 0x7c, 0x3c, 0x30, 0x00, 0x00, 0x34, 0x78, 0x3c, 0x34, 0x00, 0x00,
  0x37, 0x54, 0x3c, 0x37, 0x00, 0x00, 0x30, 0x6f, 0x3c, 0x30, 0x00, 0x00,
  0x34, 0x6c, 0x3c, 0x34, 0x00, 0x00, 0x30, 0x65, 0x3c, 0x30, 0x00, 0x00,
  0x34, 0x74, 0x3c, 0x34, 0x00, 0x00, 0x37, 0x42, 0x3c, 0x37, 0x00, 0x00,
  0x30, 0x74, 0x3b, 0x30, 0x00, 0x01, 0x34, 0x74, 0x3b, 0x34, 0x00, 0x01,
  0x37, 0x74, 0x3b, 0x37, 0x00, 0x01, 0x30, 0x74, 0x3b, 0x30, 0x00, 0x01,
  0x34, 0x74, 0x3b, 0x34, 0x00, 0x01, 0x32, 0x7c, 0x3c, 0x32, 0x00, 0x00,
  0x35, 0x75, 0x3c, 0x35, 0x00, 0x00, 0x39, 0x7e, 0x3c, 0x39, 0x00, 0x00,
  0x32, 0x7a, 0x3c, 0x32, 0x00, 0x00, 0x35, 0x78, 0x3c, 0x35, 0x00, 0x00,
  0x39, 0x7c, 0x3c, 0x39, 0x00, 0x00, 0x35, 0x7a, 0x3c, 0x35, 0x00, 0x00,
  0x32, 0x79, 0x3c, 0x32, 0x00, 0x00, 0x2b, 0x74, 0x3b, 0x2b, 0x00, 0x01,
  0x2f, 0x74, 0x3b, 0x2f, 0x00, 0x01, 0x32, 0x74, 0x3b, 0x32, 0x00, 0x01,
  0x2b, 0x74, 0x3b, 0x2b, 0x00, 0x01, 0x2f, 0x74, 0x3b, 0x2f, 0x00, 0x01,
  0x32, 0x74, 0x3b, 0x32, 0x00, 0x01, 0x2b, 0x7c, 0x3c, 0x2b, 0x00, 0x00,
  0x2f, 0x7c, 0x3c, 0x2f, 0x00, 0x00, 0x30, 0x78, 0x3c, 0x30, 0x00, 0x00,
  0x34, 0x75, 0x3c, 0x34, 0x00, 0x00, 0x37, 0x79, 0x3c, 0x37, 0x00, 0x00,
  0x30, 0x7a, 0x3c, 0x30, 0x00, 0x00, 0x34, 0x67, 0x3c, 0x34, 0x00, 0x00,
  0x37, 0x7c, 0x3c, 0x37, 0x00, 0x00, 0x30, 0x7a, 0x3c, 0x30, 0x00, 0x00,
  0x34, 0x79, 0x3c, 0x34, 0x00, 0x00, 0x2d, 0x72, 0x3c, 0x2d, 0x00, 0x00,
  0x34, 0x7c, 0x00, 0x30, 0x5d, 0x3c, 0x30, 0x00, 0x00, 0x34, 0x00, 0x78,
  0x2d, 0x6c, 0x3c, 0x2d, 0x00, 0x00, 0x34, 0x7a, 0x00, 0x30, 0x7a, 0x3c,
  0x30, 0x00, 0x00, 0x34, 0x00, 0x78, 0x32, 0x6d, 0x3c, 0x32, 0x00, 0x00,
  0x35, 0x45, 0x3c, 0x35, 0x00, 0x00, 0x39, 0x7c, 0x3c, 0x39, 0x00, 0x00,
  0x32, 0x75, 0x3c, 0x32, 0x00, 0x00, 0x35, 0x74, 0x3c, 0x35, 0x00, 0x00,
  0x39, 0x7c, 0x3c, 0x39, 0x00, 0x00, 0x32, 0x74, 0x3c, 0x32, 0x00, 0x00,
  0x35, 0x79, 0x3c, 0x35, 0x00, 0x00, 0x2b, 0x79, 0x3c, 0x2b, 0x00, 0x00,
  0x2f, 0x6c, 0x3c, 0x2f, 0x00, 0x00, 0x32, 0x79, 0x3c, 0x32, 0x00, 0x00,
  0x2b, 0x78, 0x3c, 0x2b, 0x00, 0x00, 0x2f, 0x7a, 0x3c, 0x2f, 0x00, 0x00,
  0x32, 0x65, 0x3c, 0x32, 0x00, 0x00, 0x2b, 0x55, 0x3c, 0x2b, 0x00, 0x00,
  0x2f, 0x78, 0x3c, 0x2f, 0x00, 0x00, 0x24, 0x78, 0x3c, 0x24, 0x00, 0x00,
  0x28, 0x75, 0x3c, 0x28, 0x00, 0x00, 0x2b, 0x7c, 0x3c, 0x2b, 0x00, 0x00,
  0x24, 0x74, 0x3c, 0x24, 0x00, 0x00, 0x28, 0x6f, 0x3c, 0x28, 0x00, 0x00,
  0x2b, 0x79, 0x3c, 0x2b, 0x00, 0x00, 0x24, 0x75, 0x3c, 0x24, 0x00, 0x00,
  0x28, 0x74, 0x3c, 0x28, 0x00, 0x00, 0x30, 0x7c, 0x3c, 0x30, 0x00, 0x00,
  0x34, 0x74, 0x3c, 0x34, 0x00, 0x00, 0x37, 0x7c, 0x3c, 0x37, 0x00, 0x00,
  0x30, 0x7c, 0x3c, 0x30, 0x00, 0x00, 0x34, 0x78, 0x3c, 0x34, 0x00, 0x00,
  0x37, 0x54, 0x3c, 0x37, 0x00, 0x00, 0x30, 0x6f, 0x3c, 0x30, 0x00, 0x00,
  0x34, 0x6c, 0x3c, 0x34, 0x00, 0x00, 0x30, 0x65, 0x3c, 0x30, 0x00, 0x00,
  0x34, 0x74, 0x3c, 0x34, 0x00, 0x00, 0x37, 0x42, 0x3c, 0x37, 0x00, 0x00,
  0x30, 0x74, 0x3b, 0x30, 0x00, 0x01, 0x34, 0x74, 0x3b, 0x34, 0x00, 0x01,
  0x37, 0x74, 0x3b, 0x37, 0x00, 0x01, 0x30, 0x74, 0x3b, 0x30, 0x00, 0x01,
  0x34, 0x74, 0x3b, 0x34, 0x00, 0x01, 0x32, 0x7c, 0x3c, 0x32, 0x00, 0x00,
  0x35, 0x75, 0x3c, 0x35, 0x00, 0x00, 0x39, 0x7e, 0x3c, 0x39, 0x00, 0x00,
  0x32, 0x7a, 0x3c, 0x32, 0x00, 0x00, 0x35, 0x78, 0x3c, 0x35, 0x00, 0x00,
  0x39, 0x7c, 0x3c, 0x39, 0x00, 0x00, 0x35, 0x7a, 0x3c, 0x35, 0x00, 0x00,
  0x32, 0x79, 0x3c, 0x32, 0x00, 0x00, 0x2b, 0x74, 0x3b, 0x2b, 0x00, 0x01,
  0x2f, 0x74, 0x3b, 0x2f, 0x00, 0x01, 0x32, 0x74, 0x3b, 0x32, 0x00, 0x01,
  0x2b, 0x74, 0x3b, 0x2b, 0x00, 0x01, 0x2f, 0x74, 0x3b, 0x2f, 0x00, 0x01,
  0x32, 0x74, 0x3b, 0x32, 0x00, 0x01, 0x2b, 0x7c, 0x3c, 0x2b, 0x00, 0x00,
  0x2f, 0x7c, 0x3c, 0x2f, 0x00, 0x00, 0x30, 0x78, 0x3c, 0x30, 0x00, 0x00,
  0x34, 0x75, 0x3c, 0x34, 0x00, 0x00, 0x37, 0x79, 0x3c, 0x37, 0x00, 0x00,
  0x30, 0x7a, 0x3c, 0x30, 0x00, 0x00, 0x34, 0x67, 0x3c, 0x34, 0x00, 0x00,
  0x37, 0x7c, 0x3c, 0x37, 0x00, 0x00, 0x30, 0x7a, 0x3c, 0x30, 0x00, 0x00,
  0x34, 0x79, 0x3c, 0x34, 0x00, 0x00, 0x2d, 0x72, 0x3c, 0x2d, 0x00, 0x00,
  0x34, 0x7c, 0x00, 0x30, 0x5d, 0x3c, 0x30, 0x00, 0x00, 0x34, 0x00, 0x78,
  0x2d, 0x6c, 0x3c, 0x2d, 0x00, 0x00, 0x34, 0x7a, 0x00, 0x30, 0x7a, 0x3c,
  0x30, 0x00, 0x00, 0x34, 0x00, 0x78, 0x32, 0x6d, 0x3c, 0x32, 0x00, 0x00,
  0x35, 0x45, 0x3c, 0x35, 0x00, 0x00, 0x39, 0x7c, 0x3c, 0x39, 0x00, 0x00,
  0x32, 0x75, 0x3c, 0x32, 0x00, 0x00, 0x35, 0x74, 0x3c, 0x35, 0x00, 0x00,
  0x39, 0x7c, 0x3c, 0x39, 0x00, 0x00, 0x32, 0x74, 0x3c, 0x32, 0x00, 0x00,
  0x35, 0x79, 0x3c, 0x35, 0x00, 0x00, 0x2b, 0x79, 0x3c, 0x2b, 0x00, 0x00,
  0x2f, 0x6c, 0x3c, 0x2f, 0x00, 0x00, 0x32, 0x79, 0x3c, 0x32, 0x00, 0x00,
  0x2b, 0x78, 0x3c, 0x2b, 0x00, 0x00, 0x2f, 0x7a, 0x3c, 0x2f, 0x00, 0x00,
  0x32, 0x65, 0x3c, 0x32, 0x00, 0x00, 0x2b, 0x55, 0x3c, 0x2b, 0x00, 0x00,
  0x2f, 0x78, 0x3c, 0x2f, 0x00, 0x00, 0x24, 0x78, 0x3c, 0x24, 0x00, 0x00,
  0x28, 0x75, 0x3c, 0x28, 0x00, 0x00, 0x2b, 0x7c, 0x3c, 0x2b, 0x00, 0x00,
  0x24, 0x74, 0x3c, 0x24, 0x00, 0x00, 0x28, 0x6f, 0x3c, 0x28, 0x00, 0x00,
  0x2b, 0x79, 0x3c, 0x2b, 0x00, 0x00, 0x24, 0x75, 0x3c, 0x24, 0x00, 0x00,
  0x28, 0x74, 0x3c, 0x28, 0x00, 0x00, 0xff, 0x2f, 0x00, 0x4d, 0x54, 0x72,
  0x6b, 0x00, 0x00, 0x0f, 0x1e, 0x00, 0xff, 0x21, 0x01, 0x00, 0x00, 0xff,
  0x03, 0x0e, 0x42, 0x61, 0x63, 0x6b, 0x69, 0x6e, 0x67, 0x20, 0x47, 0x75,
  0x69, 0x74, 0x61, 0x72, 0x00, 0xc3, 0x1c, 0x00, 0xb3, 0x07, 0x6a, 0x00,
  0xb3, 0x0a, 0x65, 0x83, 0x60, 0xb3, 0x00, 0x00, 0x00, 0x20, 0x1e, 0x00,
  0xc3, 0x1c, 0x00, 0xb3, 0x5d, 0x1e, 0x00, 0x5b, 0x3c, 0x00, 0x93, 0x3c,
  0x63, 0x00, 0x40, 0x63, 0x00, 0x43, 0x6c, 0x1e, 0x43, 0x00, 0x00, 0x40,
  0x00, 0x00, 0x3c, 0x00, 0x5a, 0x3c, 0x6f, 0x00, 0x40, 0x75, 0x00, 0x43,
  0x75, 0x81, 0x70, 0x43, 0x00, 0x00, 0x40, 0x00, 0x00, 0x3c, 0x00, 0x5a,
  0x3e, 0x6c, 0x00, 0x45, 0x6f, 0x1e, 0x41, 0x6a, 0x5a, 0x41, 0x00, 0x00,
  0x45, 0x00, 0x00, 0x3e, 0x00, 0x5a, 0x45, 0x74, 0x00, 0x3e, 0x74, 0x00,
  0x41, 0x78, 0x5a, 0x41, 0x00, 0x00, 0x3e, 0x00, 0x00, 0x45, 0x00, 0x1e,
  0x3e, 0x63, 0x1e, 0x3e, 0x00, 0x1e, 0x41, 0x79, 0x00, 0x45, 0x78, 0x00,
  0x3e, 0x74, 0x3c, 0x3e, 0x00, 0x00, 0x45, 0x00, 0x00, 0x41, 0x00, 0x3c,
  0x3e, 0x79, 0x00, 0x3b, 0x79, 0x00, 0x37, 0x6c, 0x5a, 0x37, 0x00, 0x00,
  0x3b, 0x00, 0x00, 0x3e, 0x00, 0x5a, 0x37, 0x7c, 0x00, 0x3e, 0x6f, 0x00,
  0x3b, 0x75, 0x3c, 0x37, 0x00, 0x3c, 0x3b, 0x00, 0x00, 0x3e, 0x00, 0x00,
  0x37, 0x78, 0x1e, 0x37, 0x00, 0x1e, 0x3e, 0x7a, 0x00, 0x3b, 0x78, 0x1e,
  0x37, 0x6f, 0x1e, 0x37, 0x00, 0x00, 0x3b, 0x00, 0x00, 0x3e, 0x00, 0x3c,
  0x3c, 0x75, 0x00, 0x40, 0x75, 0x00, 0x43, 0x78, 0x3c, 0x3c, 0x00, 0x1e,
  0x43, 0x00, 0x00, 0x40, 0x00, 0x1e, 0x3c, 0x79, 0x1e, 0x3c, 0x00, 0x1e,
  0x43, 0x74, 0x00, 0x40, 0x78, 0x5a, 0x40, 0x00, 0x00, 0x43, 0x00, 0x1e,
  0x3c, 0x79, 0x1e, 0x3c, 0x00, 0x1e, 0x43, 0x79, 0x00, 0x40, 0x79, 0x1e,
  0x3c, 0x79, 0x1e, 0x3c, 0x00, 0x00, 0x40, 0x00, 0x00, 0x43, 0x00, 0x3c,
  0x3c, 0x72, 0x00, 0x40, 0x78, 0x00, 0x39, 0x74, 0x3c, 0x39, 0x00, 0x1e,
  0x40, 0x00, 0x00, 0x3c, 0x00, 0x1e, 0x39, 0x75, 0x1e, 0x39, 0x00, 0x1e,
  0x40, 0x79, 0x00, 0x3c, 0x7a, 0x78, 0x3c, 0x00, 0x00, 0x39, 0x79, 0x1e,
  0x39, 0x00, 0x00, 0x40, 0x00, 0x1e, 0x40, 0x7a, 0x00, 0x3c, 0x79, 0x00,
  0x39, 0x72, 0x3c, 0x39, 0x00, 0x00, 0x3c, 0x00, 0x00, 0x40, 0x00, 0x3c,
  0x3e, 0x72, 0x00, 0x45, 0x75, 0x00, 0x41, 0x74, 0x3c, 0x3e, 0x00, 0x1e,
  0x41, 0x00, 0x00, 0x45, 0x00, 0x00, 0x3e, 0x72, 0x1e, 0x3e, 0x00, 0x3c,
  0x45, 0x78, 0x00, 0x41, 0x75, 0x00, 0x3e, 0x79, 0x5a, 0x3e, 0x00, 0x1e,
  0x41, 0x00, 0x00, 0x45, 0x00, 0x00, 0x3e, 0x78, 0x3c, 0x45, 0x7c, 0x00,
  0x41, 0x7a, 0x1e, 0x3e, 0x00, 0x1e, 0x41, 0x00, 0x00, 0x45, 0x00, 0x3c,
  0x3e, 0x6a, 0x00, 0x3b, 0x72, 0x00, 0x37, 0x78, 0x5a, 0x37, 0x00, 0x00,
  0x3b, 0x00, 0x00, 0x3e, 0x00, 0x1e, 0x37, 0x6f, 0x1e, 0x37, 0x00, 0x1e,
  0x3b, 0x6c, 0x00, 0x41, 0x74, 0x00, 0x3e, 0x72, 0x5a, 0x3e, 0x00, 0x00,
  0x3b, 0x00, 0x1e, 0x41, 0x00, 0x00, 0x37, 0x78, 0x1e, 0x37, 0x00, 0x1e,
  0x3b, 0x57, 0x00, 0x41, 0x72, 0x00, 0x3e, 0x72, 0x3c, 0x3e, 0x00, 0x00,
  0x41, 0x00, 0x00, 0x3b, 0x00, 0x00, 0x37, 0x78, 0x1e, 0x37, 0x00, 0x1e,
  0x3c, 0x75, 0x00, 0x40, 0x6d, 0x00, 0x45, 0x6c, 0x00, 0x43, 0x63, 0x1e,
  0x3c, 0x00, 0x1e, 0x45, 0x00, 0x3c, 0x40, 0x00, 0x00, 0x43, 0x00, 0x00,
  0x3c, 0x7a, 0x1e, 0x3c, 0x00, 0x1e, 0x43, 0x7a, 0x00, 0x40, 0x78, 0x5a,
  0x40, 0x00, 0x00, 0x43, 0x00, 0x1e, 0x3c, 0x79, 0x1e, 0x3c, 0x00, 0x1e,
  0x43, 0x7e, 0x00, 0x40, 0x78, 0x1e, 0x40, 0x00, 0x1e, 0x43, 0x00, 0x00,
  0x3c, 0x78, 0x1e, 0x3c, 0x00, 0x1e, 0x43, 0x7c, 0x00, 0x40, 0x7c, 0x1e,
  0x40, 0x00, 0x00, 0x43, 0x00, 0x5a, 0x3c, 0x78, 0x00, 0x43, 0x78, 0x00,
  0x40, 0x79, 0x81, 0x70, 0x40, 0x00, 0x00, 0x43, 0x00, 0x00, 0x3c, 0x00,
  0x78, 0x3e, 0x75, 0x00, 0x45, 0x75, 0x00, 0x41, 0x7c, 0x5a, 0x45, 0x00,
  0x00, 0x3e, 0x00, 0x1e, 0x41, 0x00, 0x00, 0x3e, 0x6f, 0x1e, 0x3e, 0x00,
  0x1e, 0x41, 0x65, 0x00, 0x45, 0x79, 0x3c, 0x45, 0x00, 0x00, 0x41, 0x00,
  0x00, 0x3e, 0x6c, 0x1e, 0x41, 0x6c, 0x1e, 0x3e, 0x00, 0x00, 0x45, 0x7f,
  0x1e, 0x41, 0x00, 0x1e, 0x41, 0x60, 0x00, 0x3e, 0x78, 0x1e, 0x3e, 0x00,
  0x00, 0x45, 0x00, 0x1e, 0x41, 0x00, 0x3c, 0x3e, 0x75, 0x00, 0x3b, 0x75,
  0x00, 0x37, 0x6f, 0x3c, 0x37, 0x00, 0x1e, 0x3b, 0x00, 0x00, 0x3e, 0x00,
  0x00, 0x37, 0x72, 0x1e, 0x37, 0x00, 0x3c, 0x3e, 0x7a, 0x00, 0x3b, 0x79,
  0x1e, 0x37, 0x59, 0x1e, 0x37, 0x00, 0x1e, 0x3b, 0x00, 0x00, 0x3e, 0x00,
  0x00, 0x3e, 0x6f, 0x00, 0x3b, 0x63, 0x1e, 0x3b, 0x00, 0x00, 0x3e, 0x00,
  0x3c, 0x37, 0x7f, 0x00, 0x3b, 0x75, 0x00, 0x3e, 0x6c, 0x1e, 0x37, 0x00,
  0x1e, 0x3e, 0x00, 0x00, 0x3b, 0x00, 0x3c, 0x3c, 0x63, 0x00, 0x40, 0x74,
  0x00, 0x43, 0x7c, 0x3c, 0x43, 0x00, 0x00, 0x3c, 0x00, 0x1e, 0x40, 0x00,
  0x00, 0x3c, 0x75, 0x1e, 0x3c, 0x00, 0x00, 0x40, 0x79, 0x00, 0x43, 0x7c,
  0x3c, 0x43, 0x00, 0x00, 0x40, 0x00, 0x00, 0x3c, 0x7f, 0x3c, 0x3c, 0x00,
  0x00, 0x40, 0x47, 0x00, 0x43, 0x52, 0x1e, 0x43, 0x00, 0x1e, 0x40, 0x00,
  0x00, 0x3c, 0x6d, 0x1e, 0x3c, 0x00, 0x1e, 0x3c, 0x5c, 0x3c, 0x3c, 0x00,
  0x00, 0x40, 0x7a, 0x00, 0x43, 0x7f, 0x00, 0x3c, 0x79, 0x1e, 0x3c, 0x00,
  0x1e, 0x43, 0x00, 0x00, 0x40, 0x00, 0x00, 0x3c, 0x6a, 0x00, 0x40, 0x4a,
  0x00, 0x39, 0x72, 0x3c, 0x39, 0x00, 0x1e, 0x40, 0x00, 0x00, 0x3c, 0x00,
  0x1e, 0x39, 0x67, 0x1e, 0x39, 0x00, 0x1e, 0x40, 0x79, 0x00, 0x3c, 0x79,
  0x3c, 0x3c, 0x00, 0x00, 0x40, 0x00, 0x00, 0x39, 0x65, 0x1e, 0x39, 0x00,
  0x3c, 0x39, 0x51, 0x1e, 0x40, 0x5c, 0x00, 0x3c, 0x74, 0x1e, 0x39, 0x00,
  0x1e, 0x3c, 0x00, 0x00, 0x40, 0x00, 0x3c, 0x3e, 0x67, 0x00, 0x41, 0x75,
  0x00, 0x45, 0x7a, 0x1e, 0x3e, 0x00, 0x1e, 0x45, 0x00, 0x1e, 0x41, 0x00,
  0x00, 0x3e, 0x5c, 0x1e, 0x3e, 0x00, 0x00, 0x3e, 0x79, 0x3c, 0x3e, 0x00,
  0x00, 0x41, 0x79, 0x00, 0x45, 0x7c, 0x3c, 0x45, 0x00, 0x00, 0x41, 0x00,
  0x00, 0x3e, 0x63, 0x1e, 0x3e, 0x00, 0x3c, 0x3e, 0x75, 0x1e, 0x3e, 0x00,
  0x00, 0x45, 0x7f, 0x00, 0x41, 0x7c, 0x3c, 0x41, 0x00, 0x00, 0x45, 0x00,
  0x00, 0x3e, 0x7a, 0x1e, 0x3e, 0x00, 0x1e, 0x37, 0x6d, 0x00, 0x39, 0x67,
  0x1e, 0x39, 0x00, 0x1e, 0x37, 0x00, 0x00, 0x3b, 0x67, 0x00, 0x3e, 0x6a,
  0x1e, 0x3e, 0x00, 0x00, 0x3b, 0x00, 0x1e, 0x37, 0x79, 0x1e, 0x37, 0x00,
  0x1e, 0x3e, 0x78, 0x00, 0x3b, 0x7c, 0x3c, 0x3b, 0x00, 0x00, 0x3e, 0x00,
  0x00, 0x37, 0x72, 0x1e, 0x37, 0x00, 0x1e, 0x37, 0x6f, 0x1e, 0x37, 0x00,
  0x1e, 0x3e, 0x74, 0x00, 0x3b, 0x79, 0x00, 0x37, 0x47, 0x3c, 0x37, 0x00,
  0x00, 0x3b, 0x00, 0x00, 0x3e, 0x00, 0x3c, 0x3c, 0x75, 0x00, 0x40, 0x78,
  0x00, 0x43, 0x78, 0x3c, 0x43, 0x00, 0x00, 0x40, 0x00, 0x00, 0x3c, 0x00,
  0x1e, 0x3c, 0x48, 0x1e, 0x3c, 0x00, 0x1e, 0x3c, 0x67, 0x1e, 0x3c, 0x00,
  0x00, 0x3c, 0x62, 0x00, 0x43, 0x7c, 0x00, 0x40, 0x75, 0x1e, 0x3c, 0x00,
  0x1e, 0x40, 0x00, 0x00, 0x43, 0x00, 0x1e, 0x3c, 0x5c, 0x1e, 0x3c, 0x00,
  0x00, 0x40, 0x79, 0x00, 0x43, 0x7a, 0x1e, 0x3c, 0x6f, 0x1e, 0x3c, 0x00,
  0x00, 0x43, 0x00, 0x00, 0x40, 0x00, 0x1e, 0x3c, 0x75, 0x1e, 0x3c, 0x00,
  0x3c, 0x3c, 0x7f, 0x00, 0x40, 0x7a, 0x00, 0x43, 0x75, 0x1e, 0x43, 0x00,
  0x00, 0x40, 0x00, 0x00, 0x3c, 0x00, 0x5a, 0x3c, 0x7c, 0x00, 0x43, 0x7c,
  0x00, 0x40, 0x79, 0x81, 0x70, 0x40, 0x00, 0x00, 0x43, 0x00, 0x00, 0x3c,
  0x00, 0x78, 0xb3, 0x00, 0x00, 0x00, 0x20, 0x3c, 0x00, 0xc3, 0x1f, 0x00,
  0x93, 0x35, 0x6f, 0x00, 0x3c, 0x6d, 0x00, 0x39, 0x6d, 0x3c, 0x35, 0x00,
  0x1e, 0x39, 0x00, 0x00, 0x3c, 0x00, 0x1e, 0x35, 0x63, 0x1e, 0x35, 0x00,
  0x1e, 0xb3, 0x00, 0x01, 0x00, 0x20, 0x70, 0x00, 0xc3, 0x1d, 0x00, 0x93,
  0x3c, 0x72, 0x00, 0x39, 0x67, 0x00, 0x35, 0x6a, 0x81, 0x70, 0x35, 0x00,
  0x00, 0x39, 0x00, 0x00, 0x3c, 0x00, 0x3c, 0x37, 0x79, 0x00, 0x3e, 0x78,
  0x00, 0x3b, 0x7c, 0x5a, 0x37, 0x00, 0x1e, 0x3b, 0x00, 0x00, 0x3e, 0x00,
  0x00, 0x37, 0x6f, 0x1e, 0x37, 0x00, 0x1e, 0x3e, 0x6f, 0x00, 0x3b, 0x78,
  0x3c, 0x3b, 0x00, 0x00, 0x3e, 0x00, 0x00, 0x37, 0x55, 0x1e, 0x37, 0x00,
  0x1e, 0x37, 0x72, 0x1e, 0x37, 0x00, 0x1e, 0x3e, 0x79, 0x00, 0x3b, 0x7c,
  0x3c, 0x3b, 0x00, 0x00, 0x3e, 0x00, 0x00, 0x37, 0x57, 0x1e, 0x37, 0x00,
  0x1e, 0x34, 0x75, 0x00, 0x3b, 0x62, 0x00, 0x37, 0x4c, 0x1e, 0x34, 0x00,
  0x3c, 0x37, 0x00, 0x00, 0x3b, 0x00, 0x00, 0x34, 0x60, 0x1e, 0x34, 0x00,
  0x1e, 0x34, 0x58, 0x1e, 0x34, 0x00, 0x00, 0x37, 0x6c, 0x00, 0x3b, 0x60,
  0x00, 0x34, 0x62, 0x1e, 0x34, 0x00, 0x1e, 0x3b, 0x00, 0x00, 0x37, 0x00,
  0x00, 0x34, 0x6c, 0x3c, 0x34, 0x00, 0x3c, 0x34, 0x50, 0x00, 0x3b, 0x6f,
  0x00, 0x37, 0x65, 0x1e, 0x34, 0x00, 0x00, 0x39, 0x42, 0x1e, 0x39, 0x00,
  0x00, 0x37, 0x00, 0x00, 0x3b, 0x00, 0x3c, 0x39, 0x6c, 0x00, 0x3c, 0x78,
  0x00, 0x40, 0x72, 0x1e, 0x39, 0x00, 0x1e, 0x40, 0x00, 0x00, 0x3c, 0x00,
  0x3c, 0x39, 0x67, 0x1e, 0x39, 0x00, 0x1e, 0x40, 0x79, 0x00, 0x3c, 0x79,
  0x3c, 0x3c, 0x00, 0x00, 0x40, 0x00, 0x00, 0x39, 0x60, 0x1e, 0x39, 0x00,
  0x1e, 0x39, 0x74, 0x1e, 0x39, 0x00, 0x1e, 0x3c, 0x7c, 0x00, 0x40, 0x7c,
  0x1e, 0x39, 0x74, 0x1e, 0x39, 0x00, 0x00, 0x40, 0x00, 0x00, 0x3c, 0x00,
  0x3c, 0x3e, 0x78, 0x00, 0x3c, 0x78, 0x00, 0x45, 0x6a, 0x00, 0x41, 0x6c,
  0x00, 0x43, 0x5c, 0x1e, 0x3c, 0x00, 0x00, 0x3e, 0x00, 0x1e, 0x41, 0x00,
  0x00, 0x45, 0x00, 0x00, 0x43, 0x00, 0x3c, 0x3e, 0x72, 0x1e, 0x3e, 0x00,
  0x1e, 0x45, 0x7e, 0x00, 0x41, 0x7c, 0x3c, 0x41, 0x00, 0x00, 0x45, 0x00,
  0x00, 0x3e, 0x6c, 0x1e, 0x3e, 0x00, 0x1e, 0x3e, 0x6c, 0x1e, 0x3e, 0x00,
  0x1e, 0x45, 0x7f, 0x00, 0x41, 0x7c, 0x1e, 0x3e, 0x72, 0x1e, 0x3e, 0x00,
  0x00, 0x41, 0x00, 0x00, 0x45, 0x00, 0x3c, 0x3e, 0x72, 0x00, 0x3b, 0x78,
  0x00, 0x37, 0x75, 0x00, 0x39, 0x72, 0x1e, 0x39, 0x00, 0x1e, 0x37, 0x00,
  0x1e, 0x3b, 0x00, 0x00, 0x3e, 0x00, 0x00, 0x37, 0x57, 0x1e, 0x37, 0x00,
  0x3c, 0x37, 0x7c, 0x1e, 0x3e, 0x4a, 0x00, 0x3b, 0x5c, 0x1e, 0x3b, 0x00,
  0x00, 0x3e, 0x00, 0x00, 0x37, 0x00, 0x3c, 0x37, 0x63, 0x1e, 0x37, 0x00,
  0x1e, 0x3e, 0x79, 0x00, 0x3b, 0x7c, 0x00, 0x37, 0x6c, 0x1e, 0x37, 0x00,
  0x1e, 0x3b, 0x00, 0x00, 0x3e, 0x00, 0x81, 0x16, 0x40, 0x4d, 0x00, 0x43,
  0x43, 0x00, 0x47, 0x4c, 0x1e, 0x40, 0x00, 0x00, 0x45, 0x0d, 0x1e, 0x45,
  0x00, 0x00, 0x47, 0x00, 0x00, 0x43, 0x00, 0x00, 0x40, 0x6c, 0x1e, 0x40,
  0x00, 0x78, 0x40, 0x6a, 0x3c, 0x43, 0x7c, 0x00, 0x47, 0x7f, 0x1e, 0x47,
  0x00, 0x00, 0x43, 0x00, 0x00, 0x40, 0x00, 0x5a, 0x3c, 0x6c, 0x00, 0x39,
  0x74, 0x00, 0x40, 0x6d, 0x1e, 0x39, 0x00, 0x3c, 0x40, 0x00, 0x00, 0x3c,
  0x00, 0x00, 0x39, 0x46, 0x1e, 0x39, 0x00, 0x3c, 0x39, 0x79, 0x3c, 0x39,
  0x00, 0x3c, 0x39, 0x6d, 0x3c, 0x39, 0x00, 0x00, 0x40, 0x75, 0x00, 0x3c,
  0x78, 0x1e, 0x3c, 0x00, 0x1e, 0x40, 0x00, 0x00, 0x39, 0x67, 0x1e, 0x39,
  0x00, 0x1e, 0x3c, 0x63, 0x00, 0x39, 0x60, 0x1e, 0x39, 0x00, 0x00, 0x3c,
  0x00, 0x5a, 0x37, 0x7e, 0x1e, 0x37, 0x00, 0x1e, 0x3e, 0x79, 0x00, 0x3b,
  0x7c, 0x00, 0x37, 0x7c, 0x1e, 0x37, 0x00, 0x1e, 0x3b, 0x00, 0x00, 0x3e,
  0x00, 0x1e, 0x37, 0x5c, 0x1e, 0x37, 0x00, 0x1e, 0x37, 0x72, 0x1e, 0x37,
  0x00, 0x00, 0x3e, 0x78, 0x00, 0x3b, 0x7a, 0x00, 0x3c, 0x79, 0x1e, 0x3c,
  0x00, 0x00, 0x3b, 0x00, 0x1e, 0x3e, 0x00, 0x00, 0x37, 0x78, 0x1e, 0x37,
  0x00, 0x1e, 0x3e, 0x79, 0x00, 0x3b, 0x7a, 0x00, 0x37, 0x7a, 0x3c, 0x37,
  0x00, 0x1e, 0x3b, 0x00, 0x00, 0x3e, 0x00, 0x00, 0x37, 0x72, 0x1e, 0x37,
  0x00, 0x1e, 0x3e, 0x75, 0x00, 0x3b, 0x7a, 0x3c, 0x3b, 0x00, 0x00, 0x3e,
  0x00, 0x00, 0x37, 0x62, 0x1e, 0x37, 0x00, 0x3c, 0x37, 0x55, 0x3c, 0x37,
  0x00, 0x00, 0x3e, 0x79, 0x00, 0x3b, 0x74, 0x3c, 0x3b, 0x00, 0x00, 0x3e,
  0x00, 0x00, 0x37, 0x67, 0x1e, 0x37, 0x00, 0x1e, 0x34, 0x65, 0x00, 0x37,
  0x6c, 0x00, 0x30, 0x74, 0x1e, 0x30, 0x00, 0x1e, 0x37, 0x00, 0x00, 0x34,
  0x00, 0x00, 0x30, 0x67, 0x1e, 0x30, 0x00, 0x1e, 0x30, 0x79, 0x3c, 0x30,
  0x00, 0x00, 0x37, 0x7a, 0x00, 0x34, 0x78, 0x00, 0x35, 0x78, 0x1e, 0x35,
  0x00, 0x1e, 0x34, 0x00, 0x00, 0x37, 0x00, 0x00, 0x30, 0x5c, 0x1e, 0x30,
  0x00, 0x1e, 0x30, 0x63, 0x1e, 0x30, 0x00, 0x1e, 0x37, 0x7a, 0x00, 0x34,
  0x7c, 0x00, 0x35, 0x67, 0x1e, 0x35, 0x00, 0x00, 0x30, 0x6f, 0x1e, 0x30,
  0x00, 0x00, 0x34, 0x00, 0x00, 0x37, 0x00, 0x3c, 0x32, 0x78, 0x00, 0x39,
  0x5d, 0x1e, 0x35, 0x50, 0x1e, 0x32, 0x00, 0x1e, 0x35, 0x00, 0x00, 0x39,
  0x00, 0x1e, 0x32, 0x6c, 0x1e, 0x32, 0x00, 0x1e, 0x39, 0x78, 0x00, 0x32,
  0x53, 0x00, 0x35, 0x6f, 0x1e, 0x37, 0x09, 0x1e, 0x37, 0x00, 0x00, 0x39,
  0x00, 0x00, 0x32, 0x00, 0x00, 0x35, 0x00, 0x1e, 0x32, 0x5c, 0x1e, 0x32,
  0x00, 0x3c, 0x32, 0x75, 0x00, 0x39, 0x75, 0x00, 0x35, 0x79, 0x00, 0x37,
  0x78, 0x1e, 0x37, 0x00, 0x1e, 0x32, 0x00, 0x00, 0x39, 0x00, 0x00, 0x35,
  0x00, 0x3c, 0x37, 0x5c, 0x00, 0x3e, 0x6d, 0x00, 0x3b, 0x5c, 0x00, 0x35,
  0x4f, 0x1e, 0x35, 0x00, 0x00, 0x37, 0x00, 0x1e, 0x3b, 0x00, 0x00, 0x3e,
  0x00, 0x3c, 0x37, 0x65, 0x1e, 0x37, 0x00, 0x1e, 0x3e, 0x75, 0x00, 0x3b,
  0x78, 0x00, 0x37, 0x78, 0x00, 0x3c, 0x6f, 0x1e, 0x3c, 0x00, 0x00, 0x37,
  0x00, 0x1e, 0x3b, 0x00, 0x00, 0x3e, 0x00, 0x5a, 0x37, 0x41, 0x1e, 0x37,
  0x00, 0x00, 0x37, 0x75, 0x00, 0x3b, 0x79, 0x00, 0x3e, 0x79, 0x00, 0x3c,
  0x79, 0x1e, 0x3c, 0x00, 0x1e, 0x37, 0x00, 0x00, 0x3b, 0x00, 0x00, 0x3e,
  0x00, 0x3c, 0x37, 0x78, 0x00, 0x34, 0x78, 0x00, 0x30, 0x6d, 0x00, 0x35,
  0x5c, 0x1e, 0x35, 0x00, 0x1e, 0x37, 0x00, 0x00, 0x34, 0x00, 0x00, 0x30,
  0x00, 0x00, 0x30, 0x5c, 0x3c, 0x30, 0x00, 0x1e, 0x30, 0x50, 0x00, 0x37,
  0x72, 0x00, 0x34, 0x63, 0x1e, 0x34, 0x00, 0x00, 0x37, 0x00, 0x00, 0x30,
  0x00, 0x00, 0x37, 0x72, 0x00, 0x34, 0x72, 0x00, 0x30, 0x6a, 0x1e, 0x35,
  0x67, 0x1e, 0x35, 0x00, 0x00, 0x37, 0x00, 0x00, 0x34, 0x00, 0x00, 0x30,
  0x00, 0x78, 0x37, 0x74, 0x00, 0x34, 0x7a, 0x00, 0x30, 0x7a, 0x3c, 0x30,
  0x00, 0x00, 0x34, 0x00, 0x00, 0x37, 0x00, 0x3c, 0x34, 0x6f, 0x00, 0x2d,
  0x75, 0x00, 0x30, 0x6c, 0x1e, 0x30, 0x00, 0x00, 0x2d, 0x00, 0x00, 0x34,
  0x00, 0x00, 0x34, 0x62, 0x00, 0x30, 0x6d, 0x00, 0x2d, 0x5d, 0x1e, 0x2d,
  0x00, 0x00, 0x30, 0x00, 0x00, 0x34, 0x00, 0x81, 0x34, 0x2d, 0x6a, 0x00,
  0x30, 0x6d, 0x00, 0x34, 0x6a, 0x1d, 0x2d, 0x00, 0x01, 0x34, 0x00, 0x00,
  0x30, 0x00, 0x00, 0x2d, 0x75, 0x00, 0x34, 0x79, 0x00, 0x30, 0x72, 0x1e,
  0x30, 0x00, 0x00, 0x34, 0x00, 0x00, 0x2d, 0x00, 0x81, 0x34, 0x32, 0x79,
  0x00, 0x35, 0x79, 0x00, 0x39, 0x67, 0x00, 0x37, 0x72, 0x3c, 0x37, 0x00,
  0x00, 0x32, 0x00, 0x00, 0x35, 0x00, 0x00, 0x39, 0x00, 0x1e, 0x32, 0x50,
  0x1e, 0x32, 0x00, 0x3c, 0x35, 0x78, 0x00, 0x39, 0x72, 0x00, 0x32, 0x67,
  0x3c, 0x32, 0x00, 0x00, 0x39, 0x00, 0x00, 0x35, 0x00, 0x1e, 0x32, 0x45,
  0x1e, 0x32, 0x00, 0x1e, 0x32, 0x59, 0x00, 0x39, 0x57, 0x00, 0x35, 0x4f,
  0x1e, 0x35, 0x00, 0x00, 0x39, 0x00, 0x00, 0x32, 0x00, 0x00, 0x32, 0x74,
  0x00, 0x39, 0x74, 0x00, 0x35, 0x79, 0x00, 0x37, 0x7f, 0x1e, 0x37, 0x00,
  0x00, 0x32, 0x00, 0x00, 0x39, 0x00, 0x00, 0x35, 0x00, 0x5a, 0x37, 0x6f,
  0x00, 0x3e, 0x72, 0x00, 0x3c, 0x74, 0x00, 0x3b, 0x74, 0x00, 0x39, 0x63,
  0x1e, 0x39, 0x00, 0x00, 0x3c, 0x00, 0x1e, 0x37, 0x00, 0x00, 0x3e, 0x00,
  0x00, 0x3b, 0x00, 0x1e, 0x37, 0x52, 0x1e, 0x37, 0x00, 0x3c, 0x35, 0x6c,
  0x00, 0x37, 0x74, 0x00, 0x3b, 0x7c, 0x00, 0x3c, 0x6c, 0x00, 0x3e, 0x78,
  0x1e, 0x3c, 0x00, 0x00, 0x35, 0x00, 0x1e, 0x37, 0x00, 0x00, 0x3b, 0x00,
  0x1e, 0x3e, 0x00, 0x5a, 0x37, 0x7c, 0x00, 0x3b, 0x7c, 0x00, 0x3c, 0x7f,
  0x00, 0x3e, 0x7c, 0x1e, 0x3e, 0x00, 0x00, 0x37, 0x00, 0x00, 0x3b, 0x00,
  0x00, 0x3c, 0x00, 0x5a, 0x37, 0x79, 0x00, 0x34, 0x7e, 0x00, 0x30, 0x79,
  0x3c, 0x30, 0x00, 0x1e, 0x34, 0x00, 0x00, 0x37, 0x00, 0x1e, 0x30, 0x5b,
  0x1e, 0x30, 0x00, 0x1e, 0x37, 0x7a, 0x00, 0x30, 0x72, 0x00, 0x34, 0x7f,
  0x3c, 0x34, 0x00, 0x00, 0x30, 0x00, 0x00, 0x37, 0x00, 0x78, 0x37, 0x7a,
  0x00, 0x34, 0x7a, 0x00, 0x30, 0x72, 0x3c, 0x30, 0x00, 0x00, 0x34, 0x00,
  0x00, 0x37, 0x00, 0x3c, 0x30, 0x6f, 0x00, 0x37, 0x79, 0x00, 0x34, 0x79,
  0x3c, 0x34, 0x00, 0x00, 0x37, 0x00, 0x00, 0x30, 0x00, 0x78, 0x30, 0x72,
  0x00, 0x37, 0x78, 0x00, 0x34, 0x72, 0x3c, 0x34, 0x00, 0x00, 0x37, 0x00,
  0x00, 0x30, 0x00, 0x3c, 0x30, 0x54, 0x00, 0x37, 0x6f, 0x1e, 0x37, 0x00,
  0x00, 0x30, 0x00, 0x1e, 0x37, 0x79, 0x00, 0x30, 0x54, 0x00, 0x34, 0x75,
  0x3c, 0x34, 0x00, 0x00, 0x30, 0x00, 0x00, 0x37, 0x00, 0x3c, 0x30, 0x67,
  0x00, 0x37, 0x7a, 0x00, 0x34, 0x6f, 0x3c, 0x30, 0x00, 0x1e, 0x34, 0x00,
  0x00, 0x37, 0x00, 0x5a, 0x37, 0x74, 0x00, 0x34, 0x78, 0x00, 0x30, 0x6d,
  0x3c, 0x30, 0x00, 0x00, 0x34, 0x00, 0x00, 0x37, 0x00, 0x3c, 0x30, 0x60,
  0x1e, 0x30, 0x00, 0x1e, 0x37, 0x79, 0x00, 0x34, 0x7c, 0x00, 0x30, 0x59,
  0x3c, 0x30, 0x00, 0x00, 0x34, 0x00, 0x00, 0x37, 0x00, 0x3c, 0x32, 0x67,
  0x00, 0x39, 0x78, 0x00, 0x35, 0x6d, 0x3c, 0x35, 0x00, 0x00, 0x39, 0x00,
  0x00, 0x32, 0x00, 0x1e, 0x32, 0x4a, 0x1e, 0x32, 0x00, 0x3c, 0x39, 0x58,
  0x00, 0x35, 0x59, 0x00, 0x32, 0x42, 0x3c, 0x32, 0x00, 0x00, 0x35, 0x00,
  0x00, 0x39, 0x00, 0x3c, 0x32, 0x54, 0x1e, 0x32, 0x00, 0x1e, 0x32, 0x43,
  0x00, 0x39, 0x78, 0x00, 0x35, 0x75, 0x1e, 0x32, 0x00, 0x1e, 0x35, 0x00,
  0x00, 0x39, 0x00, 0x3c, 0x37, 0x53, 0x00, 0x3e, 0x72, 0x00, 0x3b, 0x79,
  0x00, 0x35, 0x48, 0x1e, 0x35, 0x00, 0x1e, 0x37, 0x00, 0x1e, 0x3b, 0x00,
  0x00, 0x3e, 0x00, 0x00, 0x37, 0x4a, 0x1e, 0x37, 0x00, 0x1e, 0x37, 0x5d,
  0x00, 0x3e, 0x6f, 0x1e, 0x3b, 0x6c, 0x00, 0x3c, 0x65, 0x1e, 0x3c, 0x00,
  0x1e, 0x37, 0x00, 0x00, 0x3e, 0x00, 0x00, 0x3b, 0x00, 0x3c, 0x37, 0x48,
  0x1e, 0x37, 0x00, 0x1e, 0x3e, 0x79, 0x00, 0x3b, 0x79, 0x00, 0x37, 0x6f,
  0x1e, 0x3c, 0x3d, 0x1e, 0x3c, 0x00, 0x00, 0x3e, 0x00, 0x00, 0x3b, 0x00,
  0x00, 0x37, 0x00, 0x3c, 0x30, 0x65, 0x00, 0x32, 0x6a, 0x00, 0x34, 0x72,
  0x00, 0x37, 0x58, 0x00, 0x39, 0x44, 0x1e, 0x39, 0x00, 0x00, 0x32, 0x00,
  0x1e, 0x30, 0x00, 0x00, 0x34, 0x00, 0x00, 0x37, 0x00, 0x1e, 0x30, 0x5c,
  0x1e, 0x30, 0x00, 0x3c, 0x30, 0x52, 0x00, 0x37, 0x75, 0x00, 0x34, 0x72,
  0x3c, 0x34, 0x00, 0x00, 0x37, 0x00, 0x00, 0x30, 0x00, 0x3c, 0x30, 0x5c,
  0x1e, 0x30, 0x00, 0x00, 0x37, 0x62, 0x00, 0x34, 0x63, 0x1e, 0x34, 0x00,
  0x00, 0x37, 0x00, 0x00, 0x30, 0x74, 0x00, 0x37, 0x79, 0x00, 0x34, 0x7c,
  0x00, 0x35, 0x75, 0x1e, 0x35, 0x00, 0x00, 0x30, 0x00, 0x00, 0x37, 0x00,
  0x00, 0x34, 0x00, 0x5a, 0x35, 0x67, 0x00, 0x34, 0x6c, 0x00, 0x30, 0x72,
  0x00, 0x2d, 0x6a, 0x1e, 0x35, 0x00, 0x1e, 0x34, 0x00, 0x00, 0x30, 0x00,
  0x00, 0x2d, 0x00, 0x81, 0x34, 0x34, 0x7c, 0x00, 0x30, 0x7c, 0x00, 0x2d,
  0x72, 0x1e, 0x2d, 0x00, 0x00, 0x30, 0x00, 0x00, 0x34, 0x00, 0x00, 0x2d,
  0x6c, 0x00, 0x30, 0x6f, 0x00, 0x34, 0x75, 0x3c, 0x34, 0x00, 0x00, 0x30,
  0x00, 0x00, 0x2d, 0x00, 0x81, 0x16, 0x32, 0x79, 0x00, 0x39, 0x79, 0x00,
  0x35, 0x7c, 0x3c, 0x35, 0x00, 0x00, 0x39, 0x00, 0x00, 0x32, 0x00, 0x3c,
  0x32, 0x5c, 0x1e, 0x32, 0x00, 0x1e, 0x39, 0x79, 0x00, 0x35, 0x79, 0x00,
  0x32, 0x72, 0x00, 0x37, 0x79, 0x1e, 0x37, 0x00, 0x1e, 0x39, 0x00, 0x00,
  0x35, 0x00, 0x00, 0x32, 0x00, 0x1e, 0x32, 0x3d, 0x1e, 0x32, 0x00, 0x1e,
  0x32, 0x44, 0x1e, 0x32, 0x00, 0x00, 0x39, 0x75, 0x00, 0x35, 0x79, 0x00,
  0x32, 0x65, 0x00, 0x37, 0x75, 0x1e, 0x37, 0x00, 0x00, 0x32, 0x00, 0x1e,
  0x35, 0x00, 0x00, 0x39, 0x00, 0x3c, 0x37, 0x75, 0x00, 0x3e, 0x79, 0x00,
  0x3b, 0x7c, 0x3c, 0x37, 0x00, 0x1e, 0x3b, 0x00, 0x00, 0x3e, 0x00, 0x1e,
  0x37, 0x53, 0x1e, 0x37, 0x00, 0x1e, 0x3e, 0x79, 0x00, 0x3b, 0x79, 0x00,
  0x37, 0x79, 0x3c, 0x37, 0x00, 0x00, 0x3b, 0x00, 0x00, 0x3e, 0x00, 0x81,
  0x16, 0x3e, 0x7a, 0x00, 0x3b, 0x78, 0x00, 0x37, 0x79, 0x00, 0x3c, 0x7a,
  0x1e, 0x3c, 0x00, 0x00, 0x3e, 0x00, 0x00, 0x3b, 0x00, 0x00, 0x37, 0x00,
  0x3c, 0x37, 0x7c, 0x00, 0x34, 0x7c, 0x00, 0x30, 0x75, 0x3c, 0x30, 0x00,
  0x00, 0x34, 0x00, 0x00, 0x37, 0x00, 0x3c, 0x30, 0x63, 0x00, 0x37, 0x63,
  0x1e, 0x37, 0x00, 0x00, 0x30, 0x00, 0x1e, 0x37, 0x79, 0x00, 0x34, 0x78,
  0x00, 0x30, 0x6c, 0x00, 0x35, 0x67, 0x1e, 0x35, 0x00, 0x1e, 0x37, 0x00,
  0x00, 0x34, 0x00, 0x00, 0x30, 0x00, 0x1e, 0x30, 0x57, 0x1e, 0x30, 0x00,
  0x1e, 0x30, 0x4a, 0x00, 0x37, 0x6a, 0x00, 0x34, 0x6c, 0x1e, 0x34, 0x00,
  0x00, 0x37, 0x00, 0x00, 0x30, 0x00, 0x00, 0x37, 0x75, 0x00, 0x34, 0x74,
  0x00, 0x30, 0x7a, 0x1e, 0x34, 0x00, 0x00, 0x37, 0x00, 0x00, 0x35, 0x75,
  0x1e, 0x35, 0x00, 0x00, 0x30, 0x00, 0x3c, 0x30, 0x78, 0x00, 0x37, 0x7e,
  0x00, 0x34, 0x7f, 0x00, 0x35, 0x79, 0x00, 0x30, 0x6f, 0x00, 0x37, 0x79,
  0x00, 0x34, 0x79, 0x1e, 0x35, 0x00, 0x1e, 0x37, 0x00, 0x00, 0x30, 0x00,
  0x00, 0x34, 0x00, 0x5a, 0x30, 0x00, 0x00, 0x34, 0x00, 0x00, 0x37, 0x00,
  0x1e, 0x30, 0x72, 0x00, 0x37, 0x78, 0x00, 0x34, 0x72, 0x3c, 0x34, 0x00,
  0x00, 0x37, 0x00, 0x00, 0x30, 0x00, 0x3c, 0x30, 0x54, 0x00, 0x37, 0x6f,
  0x1e, 0x37, 0x00, 0x00, 0x30, 0x00, 0x1e, 0x37, 0x79, 0x00, 0x30, 0x54,
  0x00, 0x34, 0x75, 0x3c, 0x34, 0x00, 0x00, 0x30, 0x00, 0x00, 0x37, 0x00,
  0x3c, 0x30, 0x67, 0x00, 0x37, 0x7a, 0x00, 0x34, 0x6f, 0x3c, 0x30, 0x00,
  0x1e, 0x34, 0x00, 0x00, 0x37, 0x00, 0x5a, 0x37, 0x74, 0x00, 0x34, 0x78,
  0x00, 0x30, 0x6d, 0x3c, 0x30, 0x00, 0x00, 0x34, 0x00, 0x00, 0x37, 0x00,
  0x3c, 0x30, 0x60, 0x1e, 0x30, 0x00, 0x1e, 0x37, 0x79, 0x00, 0x34, 0x7c,
  0x00, 0x30, 0x59, 0x3c, 0x30, 0x00, 0x00, 0x34, 0x00, 0x00, 0x37, 0x00,
  0x3c, 0x32, 0x67, 0x00, 0x39, 0x78, 0x00, 0x35, 0x6d, 0x3c, 0x35, 0x00,
  0x00, 0x39, 0x00, 0x00, 0x32, 0x00, 0x1e, 0x32, 0x4a, 0x1e, 0x32, 0x00,
  0x3c, 0x39, 0x58, 0x00, 0x35, 0x59, 0x00, 0x32, 0x42, 0x3c, 0x32, 0x00,
  0x00, 0x35, 0x00, 0x00, 0x39, 0x00, 0x3c, 0x32, 0x54, 0x1e, 0x32, 0x00,
  0x1e, 0x32, 0x43, 0x00, 0x39, 0x78, 0x00, 0x35, 0x75, 0x1e, 0x32, 0x00,
  0x1e, 0x35, 0x00, 0x00, 0x39, 0x00, 0x3c, 0x37, 0x53, 0x00, 0x3e, 0x72,
  0x00, 0x3b, 0x79, 0x00, 0x35, 0x48, 0x1e, 0x35, 0x00, 0x1e, 0x37, 0x00,
  0x1e, 0x3b, 0x00, 0x00, 0x3e, 0x00, 0x00, 0x37, 0x4a, 0x1e, 0x37, 0x00,
  0x1e, 0x37, 0x5d, 0x00, 0x3e, 0x6f, 0x1e, 0x3b, 0x6c, 0x00, 0x3c, 0x65,
  0x1e, 0x3c, 0x00, 0x1e, 0x37, 0x00, 0x00, 0x3e, 0x00, 0x00, 0x3b, 0x00,
  0x3c, 0x37, 0x48, 0x1e, 0x37, 0x00, 0x1e, 0x3e, 0x79, 0x00, 0x3b, 0x79,
  0x00, 0x37, 0x6f, 0x1e, 0x3c, 0x3d, 0x1e, 0x3c, 0x00, 0x00, 0x3e, 0x00,
  0x00, 0x3b, 0x00, 0x00, 0x37, 0x00, 0x3c, 0x30, 0x65, 0x00, 0x32, 0x6a,
  0x00, 0x34, 0x72, 0x00, 0x37, 0x58, 0x00, 0x39, 0x44, 0x1e, 0x39, 0x00,
  0x00, 0x32, 0x00, 0x1e, 0x30, 0x00, 0x00, 0x34, 0x00, 0x00, 0x37, 0x00,
  0x1e, 0x30, 0x5c, 0x1e, 0x30, 0x00, 0x3c, 0x30, 0x52, 0x00, 0x37, 0x75,
  0x00, 0x34, 0x72, 0x3c, 0x34, 0x00, 0x00, 0x37, 0x00, 0x00, 0x30, 0x00,
  0x3c, 0x30, 0x5c, 0x1e, 0x30, 0x00, 0x00, 0x37, 0x62, 0x00, 0x34, 0x63,
  0x1e, 0x34, 0x00, 0x00, 0x37, 0x00, 0x00, 0x30, 0x74, 0x00, 0x37, 0x79,
  0x00, 0x34, 0x7c, 0x00, 0x35, 0x75, 0x1e, 0x35, 0x00, 0x00, 0x30, 0x00,
  0x00, 0x37, 0x00, 0x00, 0x34, 0x00, 0x5a, 0xb3, 0x00, 0x00, 0x00, 0x20,
  0x1e, 0x00, 0xc3, 0x1f, 0x00, 0x93, 0x35, 0x67, 0x00, 0x34, 0x6c, 0x00,
  0x30, 0x72, 0x00, 0x2d, 0x6a, 0x23, 0x35, 0x00, 0x19, 0x34, 0x00, 0x00,
  0x30, 0x00, 0x00, 0x2d, 0x00, 0x81, 0x34, 0x34, 0x7c, 0x00, 0x30, 0x7c,
  0x00, 0x2d, 0x72, 0x1e, 0x2d, 0x00, 0x00, 0x30, 0x00, 0x00, 0x34, 0x00,
  0x00, 0x2d, 0x6c, 0x00, 0xb3, 0x00, 0x00, 0x00, 0x20, 0x3c, 0x00, 0xc3,
  0x1e, 0x00, 0x93, 0x30, 0x6f, 0x00, 0x34, 0x75, 0x3c, 0x34, 0x00, 0x00,
  0x30, 0x00, 0x00, 0x2d, 0x00, 0x81, 0x16, 0x32, 0x79, 0x00, 0x39, 0x79,
  0x00, 0x35, 0x7c, 0x3c, 0x35, 0x00, 0x00, 0x39, 0x00, 0x00, 0x32, 0x00,
  0x3c, 0x32, 0x5c, 0x1e, 0x32, 0x00, 0x1e, 0x39, 0x79, 0x00, 0x35, 0x79,
  0x00, 0x32, 0x72, 0x00, 0x37, 0x79, 0x1e, 0x37, 0x00, 0x1e, 0x39, 0x00,
  0x00, 0x35, 0x00, 0x00, 0x32, 0x00, 0x1e, 0x32, 0x3d, 0x1e, 0x32, 0x00,
  0x1e, 0x32, 0x44, 0x1e, 0x32, 0x00, 0x00, 0x39, 0x75, 0x00, 0x35, 0x79,
  0x00, 0x32, 0x65, 0x00, 0x37, 0x75, 0x1e, 0x37, 0x00, 0x00, 0x32, 0x00,
  0x1e, 0x35, 0x00, 0x00, 0x39, 0x00, 0x3c, 0x37, 0x75, 0x00, 0x3e, 0x79,
  0x00, 0x3b, 0x7c, 0x3c, 0x37, 0x00, 0x1e, 0x3b, 0x00, 0x00, 0x3e, 0x00,
  0x1e, 0x37, 0x53, 0x1e, 0x37, 0x00, 0x1e, 0x3e, 0x79, 0x00, 0x3b, 0x79,
  0x00, 0x37, 0x79, 0x3c, 0x37, 0x00, 0x00, 0x3b, 0x00, 0x00, 0x3e, 0x00,
  0x81, 0x16, 0x3e, 0x7a, 0x00, 0x3b, 0x78, 0x00, 0x37, 0x79, 0x00, 0x3c,
  0x7a, 0x1e, 0x3c, 0x00, 0x00, 0x3e, 0x00, 0x00, 0x3b, 0x00, 0x00, 0x37,
  0x00, 0x3c, 0x37, 0x7c, 0x00, 0x34, 0x7c, 0x00, 0x30, 0x75, 0x3c, 0x30,
  0x00, 0x00, 0x34, 0x00, 0x00, 0x37, 0x00, 0x3c, 0x30, 0x63, 0x00, 0x37,
  0x63, 0x1e, 0x37, 0x00, 0x00, 0x30, 0x00, 0x1e, 0x37, 0x79, 0x00, 0x34,
  0x78, 0x00, 0x30, 0x6c, 0x00, 0x35, 0x67, 0x1e, 0x35, 0x00, 0x1e, 0x37,
  0x00, 0x00, 0x34, 0x00, 0x00, 0x30, 0x00, 0x1e, 0x30, 0x57, 0x1e, 0x30,
  0x00, 0x1e, 0x30, 0x4a, 0x00, 0x37, 0x6a, 0x00, 0x34, 0x6c, 0x1e, 0x34,
  0x00, 0x00, 0x37, 0x00, 0x00, 0x30, 0x00, 0x00, 0x37, 0x75, 0x00, 0x34,
  0x74, 0x00, 0x30, 0x7a, 0x1e, 0x34, 0x00, 0x00, 0x37, 0x00, 0x00, 0x35,
  0x75, 0x1e, 0x35, 0x00, 0x00, 0x30, 0x00, 0x3c, 0x30, 0x78, 0x00, 0x37,
  0x7e, 0x00, 0x34, 0x7f, 0x00, 0x35, 0x79, 0x1e, 0x35, 0x00, 0x78, 0x30,
  0x00, 0x00, 0x37, 0x00, 0x00, 0x34, 0x00, 0x00, 0xff, 0x2f, 0x00, 0x4d,
  0x54, 0x72, 0x6b, 0x00, 0x00, 0x04, 0xa6, 0x00, 0xff, 0x21, 0x01, 0x00,
  0x00, 0xff, 0x03, 0x07, 0x53, 0x74, 0x72, 0x69, 0x6e, 0x67, 0x73, 0x00,
  0xc4, 0x32, 0x00, 0xb4, 0x07, 0x52, 0x00, 0xb4, 0x0a, 0x43, 0x83, 0x60,
  0xb4, 0x5d, 0x0a, 0x00, 0x5b, 0x5b, 0x00, 0x94, 0x3c, 0x5b, 0x00, 0x43,
  0x59, 0x00, 0x40, 0x5d, 0x82, 0x68, 0x40, 0x00, 0x00, 0x43, 0x00, 0x00,
  0x3c, 0x00, 0x78, 0x3e, 0x6c, 0x00, 0x41, 0x72, 0x00, 0x45, 0x7c, 0x82,
  0x68, 0x45, 0x00, 0x00, 0x41, 0x00, 0x00, 0x3e, 0x00, 0x78, 0x3e, 0x72,
  0x00, 0x3b, 0x72, 0x00, 0x37, 0x75, 0x82, 0x68, 0x37, 0x00, 0x00, 0x3b,
  0x00, 0x00, 0x3e, 0x00, 0x78, 0x3c, 0x6c, 0x00, 0x40, 0x78, 0x00, 0x43,
  0x78, 0x82, 0x68, 0x43, 0x00, 0x78, 0x40, 0x00, 0x00, 0x3c, 0x00, 0x00,
  0x40, 0x6c, 0x00, 0x3c, 0x79, 0x00, 0x39, 0x74, 0x82, 0x68, 0x39, 0x00,
  0x00, 0x3c, 0x00, 0x00, 0x40, 0x00, 0x78, 0x3e, 0x6a, 0x00, 0x41, 0x74,
  0x00, 0x45, 0x75, 0x82, 0x68, 0x45, 0x00, 0x00, 0x41, 0x00, 0x00, 0x3e,
  0x00, 0x00, 0x3e, 0x40, 0x78, 0x3e, 0x00, 0x00, 0x3b, 0x74, 0x00, 0x3e,
  0x63, 0x00, 0x37, 0x60, 0x82, 0x68, 0x37, 0x00, 0x00, 0x3e, 0x00, 0x00,
  0x3b, 0x00, 0x78, 0x3c, 0x67, 0x00, 0x40, 0x79, 0x00, 0x43, 0x78, 0x83,
  0x60, 0x43, 0x00, 0x00, 0x40, 0x00, 0x00, 0x3c, 0x00, 0x78, 0x3c, 0x63,
  0x00, 0x40, 0x6d, 0x00, 0x43, 0x6d, 0x81, 0x70, 0x43, 0x00, 0x00, 0x40,
  0x00, 0x00, 0x3c, 0x00, 0x78, 0x3e, 0x6a, 0x00, 0x41, 0x79, 0x00, 0x45,
  0x79, 0x78, 0x48, 0x78, 0x81, 0x70, 0x48, 0x00, 0x00, 0x3e, 0x00, 0x00,
  0x41, 0x00, 0x00, 0x45, 0x00, 0x78, 0x3e, 0x74, 0x00, 0x3b, 0x65, 0x00,
  0x37, 0x74, 0x81, 0x70, 0x41, 0x6c, 0x78, 0x41, 0x00, 0x00, 0x3e, 0x00,
  0x00, 0x3b, 0x00, 0x00, 0x37, 0x00, 0x78, 0x3c, 0x6f, 0x00, 0x40, 0x78,
  0x00, 0x43, 0x78, 0x82, 0x68, 0x43, 0x00, 0x00, 0x40, 0x00, 0x00, 0x3c,
  0x00, 0x78, 0x40, 0x75, 0x00, 0x3c, 0x7a, 0x00, 0x39, 0x75, 0x81, 0x70,
  0x43, 0x7c, 0x78, 0x39, 0x00, 0x78, 0x40, 0x00, 0x00, 0x3c, 0x00, 0x00,
  0x43, 0x00, 0x00, 0x3e, 0x6d, 0x00, 0x41, 0x78, 0x00, 0x45, 0x79, 0x78,
  0x48, 0x74, 0x81, 0x70, 0x48, 0x00, 0x00, 0x3e, 0x00, 0x00, 0x41, 0x00,
  0x00, 0x45, 0x00, 0x78, 0x3e, 0x7c, 0x00, 0x3b, 0x79, 0x00, 0x37, 0x75,
  0x81, 0x70, 0x41, 0x7c, 0x78, 0x41, 0x00, 0x00, 0x3e, 0x00, 0x00, 0x3b,
  0x00, 0x00, 0x37, 0x00, 0x78, 0x3c, 0x74, 0x00, 0x43, 0x7a, 0x00, 0x40,
  0x74, 0x86, 0x48, 0x40, 0x00, 0x00, 0x43, 0x00, 0x00, 0x3c, 0x00, 0x78,
  0x35, 0x54, 0x00, 0x3c, 0x6f, 0x00, 0x39, 0x5c, 0x82, 0x68, 0x39, 0x00,
  0x00, 0x3c, 0x00, 0x00, 0x35, 0x00, 0x78, 0x37, 0x72, 0x00, 0x3b, 0x6d,
  0x00, 0x3e, 0x6d, 0x78, 0x41, 0x6d, 0x81, 0x70, 0x41, 0x00, 0x00, 0x37,
  0x00, 0x00, 0x3b, 0x00, 0x00, 0x3e, 0x00, 0x78, 0x37, 0x6c, 0x00, 0x3b,
  0x6c, 0x00, 0x34, 0x6a, 0x82, 0x68, 0x34, 0x00, 0x00, 0x3b, 0x00, 0x00,
  0x37, 0x00, 0x78, 0x39, 0x5d, 0x00, 0x3c, 0x72, 0x00, 0x40, 0x78, 0x82,
  0x68, 0x40, 0x00, 0x00, 0x3c, 0x00, 0x00, 0x39, 0x00, 0x78, 0x39, 0x6d,
  0x00, 0x35, 0x6d, 0x00, 0x32, 0x74, 0x82, 0x68, 0x32, 0x00, 0x00, 0x35,
  0x00, 0x00, 0x39, 0x00, 0x78, 0x37, 0x6f, 0x00, 0x3e, 0x7c, 0x00, 0x3b,
  0x72, 0x82, 0x68, 0x3b, 0x00, 0x00, 0x3e, 0x00, 0x00, 0x37, 0x00, 0x78,
  0x37, 0x78, 0x00, 0x3b, 0x78, 0x00, 0x34, 0x72, 0x82, 0x68, 0x34, 0x00,
  0x00, 0x3b, 0x00, 0x00, 0x37, 0x00, 0x78, 0x39, 0x67, 0x00, 0x3c, 0x74,
  0x00, 0x40, 0x74, 0x82, 0x68, 0x40, 0x00, 0x00, 0x3c, 0x00, 0x00, 0x39,
  0x00, 0x78, 0x3e, 0x75, 0x00, 0x37, 0x75, 0x00, 0x3b, 0x6d, 0x78, 0x41,
  0x6f, 0x85, 0x50, 0x41, 0x00, 0x00, 0x3e, 0x00, 0x00, 0x37, 0x00, 0x00,
  0x3b, 0x00, 0x78, 0x3c, 0x75, 0x00, 0x40, 0x78, 0x00, 0x43, 0x75, 0x82,
  0x68, 0x43, 0x00, 0x00, 0x40, 0x00, 0x00, 0x3c, 0x00, 0x78, 0x3e, 0x6a,
  0x00, 0x41, 0x6f, 0x00, 0x45, 0x79, 0x82, 0x68, 0x45, 0x00, 0x00, 0x41,
  0x00, 0x00, 0x3e, 0x00, 0x78, 0x3e, 0x6d, 0x00, 0x3b, 0x6d, 0x00, 0x37,
  0x63, 0x78, 0x41, 0x79, 0x81, 0x70, 0x41, 0x00, 0x00, 0x37, 0x00, 0x78,
  0x3b, 0x00, 0x00, 0x3e, 0x00, 0x00, 0x40, 0x74, 0x00, 0x43, 0x75, 0x00,
  0x3c, 0x62, 0x82, 0x68, 0x3c, 0x00, 0x00, 0x43, 0x00, 0x00, 0x40, 0x00,
  0x78, 0x40, 0x78, 0x00, 0x39, 0x67, 0x00, 0x3c, 0x6d, 0x78, 0x3c, 0x00,
  0x00, 0x39, 0x00, 0x00, 0x40, 0x00, 0x78, 0x39, 0x5c, 0x00, 0x3c, 0x6f,
  0x00, 0x40, 0x6a, 0x78, 0x40, 0x00, 0x00, 0x3c, 0x00, 0x00, 0x39, 0x00,
  0x78, 0x3e, 0x75, 0x00, 0x41, 0x74, 0x00, 0x45, 0x74, 0x82, 0x68, 0x45,
  0x00, 0x00, 0x41, 0x00, 0x00, 0x3e, 0x00, 0x78, 0x3e, 0x79, 0x00, 0x3b,
  0x79, 0x00, 0x37, 0x79, 0x78, 0x41, 0x79, 0x81, 0x70, 0x41, 0x00, 0x00,
  0x3e, 0x00, 0x00, 0x3b, 0x00, 0x00, 0x37, 0x00, 0x78, 0x3c, 0x6d, 0x00,
  0x40, 0x72, 0x00, 0x43, 0x6c, 0x84, 0x58, 0x43, 0x00, 0x00, 0x40, 0x00,
  0x00, 0x3c, 0x00, 0x78, 0x3c, 0x78, 0x00, 0x40, 0x79, 0x00, 0x43, 0x7f,
  0x81, 0x70, 0x43, 0x00, 0x00, 0x40, 0x00, 0x00, 0x3c, 0x00, 0x78, 0x3c,
  0x75, 0x00, 0x40, 0x78, 0x00, 0x43, 0x7a, 0x81, 0x70, 0x43, 0x00, 0x00,
  0x40, 0x00, 0x00, 0x3c, 0x00, 0x78, 0x3e, 0x67, 0x00, 0x41, 0x78, 0x00,
  0x45, 0x7e, 0x82, 0x68, 0x45, 0x00, 0x00, 0x41, 0x00, 0x00, 0x3e, 0x00,
  0x78, 0x3b, 0x74, 0x00, 0x37, 0x72, 0x00, 0x3e, 0x6a, 0x00, 0x40, 0x63,
  0x78, 0x40, 0x00, 0x00, 0x41, 0x7e, 0x81, 0x70, 0x41, 0x00, 0x78, 0x3e,
  0x00, 0x00, 0x37, 0x00, 0x00, 0x3b, 0x00, 0x00, 0x3c, 0x79, 0x00, 0x40,
  0x7a, 0x00, 0x43, 0x78, 0x82, 0x68, 0x43, 0x00, 0x00, 0x40, 0x00, 0x00,
  0x3c, 0x00, 0x78, 0x40, 0x78, 0x00, 0x3c, 0x79, 0x00, 0x39, 0x75, 0x00,
  0x3c, 0x72, 0x00, 0x40, 0x6c, 0x78, 0x40, 0x00, 0x00, 0x39, 0x00, 0x00,
  0x40, 0x00, 0x00, 0x3c, 0x00, 0x00, 0x3c, 0x00, 0x78, 0x39, 0x60, 0x00,
  0x3c, 0x67, 0x00, 0x40, 0x65, 0x78, 0x40, 0x00, 0x00, 0x3c, 0x00, 0x00,
  0x39, 0x00, 0x78, 0x41, 0x6d, 0x00, 0x45, 0x7c, 0x00, 0x3e, 0x72, 0x82,
  0x68, 0x3e, 0x00, 0x00, 0x45, 0x00, 0x00, 0x41, 0x00, 0x78, 0x3b, 0x74,
  0x00, 0x3e, 0x7a, 0x00, 0x37, 0x6a, 0x78, 0x41, 0x78, 0x00, 0x40, 0x74,
  0x78, 0x40, 0x00, 0x78, 0x37, 0x00, 0x78, 0x3b, 0x00, 0x00, 0x3e, 0x00,
  0x00, 0x41, 0x00, 0x00, 0x43, 0x6f, 0x00, 0x40, 0x74, 0x00, 0x3c, 0x74,
  0x84, 0x58, 0x3c, 0x00, 0x00, 0x40, 0x00, 0x00, 0x43, 0x00, 0x78, 0x3c,
  0x78, 0x00, 0x40, 0x79, 0x00, 0x43, 0x7f, 0x81, 0x70, 0x43, 0x00, 0x00,
  0x40, 0x00, 0x00, 0x3c, 0x00, 0x78, 0x3c, 0x75, 0x00, 0x40, 0x78, 0x00,
  0x43, 0x7a, 0x81, 0x70, 0x43, 0x00, 0x00, 0x40, 0x00, 0x00, 0x3c, 0x00,
  0x78, 0x3e, 0x67, 0x00, 0x41, 0x78, 0x00, 0x45, 0x7e, 0x82, 0x68, 0x45,
  0x00, 0x00, 0x41, 0x00, 0x00, 0x3e, 0x00, 0x78, 0x3b, 0x74, 0x00, 0x37,
  0x72, 0x00, 0x3e, 0x6a, 0x00, 0x40, 0x63, 0x78, 0x40, 0x00, 0x00, 0x41,
  0x7e, 0x81, 0x70, 0x41, 0x00, 0x78, 0x3e, 0x00, 0x00, 0x37, 0x00, 0x00,
  0x3b, 0x00, 0x00, 0x3c, 0x79, 0x00, 0x40, 0x7a, 0x00, 0x43, 0x78, 0x82,
  0x68, 0x43, 0x00, 0x00, 0x40, 0x00, 0x00, 0x3c, 0x00, 0x78, 0x40, 0x78,
  0x00, 0x3c, 0x79, 0x00, 0x39, 0x75, 0x00, 0x3c, 0x72, 0x00, 0x40, 0x6c,
  0x78, 0x40, 0x00, 0x00, 0x39, 0x00, 0x00, 0x40, 0x00, 0x00, 0x3c, 0x00,
  0x00, 0x3c, 0x00, 0x78, 0x39, 0x60, 0x00, 0x3c, 0x67, 0x00, 0x40, 0x65,
  0x78, 0x40, 0x00, 0x00, 0x3c, 0x00, 0x00, 0x39, 0x00, 0x78, 0x41, 0x6d,
  0x00, 0x45, 0x7c, 0x00, 0x3e, 0x72, 0x82, 0x68, 0x3e, 0x00, 0x00, 0x45,
  0x00, 0x00, 0x41, 0x00, 0x78, 0x3b, 0x74, 0x00, 0x3e, 0x7a, 0x00, 0x37,
  0x6a, 0x78, 0x41, 0x78, 0x00, 0x40, 0x74, 0x78, 0x40, 0x00, 0x78, 0x37,
  0x00, 0x78, 0x3b, 0x00, 0x00, 0x3e, 0x00, 0x00, 0x41, 0x00, 0x00, 0x43,
  0x6f, 0x00, 0x40, 0x74, 0x00, 0x3c, 0x74, 0x84, 0x58, 0x3c, 0x00, 0x00,
  0x40, 0x00, 0x00, 0x43, 0x00, 0x00, 0xff, 0x2f, 0x00, 0x4d, 0x54, 0x72,
  0x6b, 0x00, 0x00, 0x19, 0xf1, 0x00, 0xff, 0x21, 0x01, 0x00, 0x00, 0xff,
  0x03, 0x05, 0x44, 0x72, 0x75, 0x6d, 0x73, 0x00, 0xc9, 0x00, 0x00, 0xb9,
  0x07, 0x79, 0x00, 0xb9, 0x0a, 0x40, 0x83, 0x60, 0x99, 0x23, 0x78, 0x1e,
  0x23, 0x00, 0x5a, 0x23, 0x7f, 0x1e, 0x23, 0x00, 0x82, 0x4a, 0x23, 0x79,
  0x00, 0x2c, 0x75, 0x1e, 0x2c, 0x00, 0x00, 0x23, 0x00, 0x1e, 0x2c, 0x6c,
  0x1e, 0x2c, 0x00, 0x1e, 0x3d, 0x6f, 0x00, 0x3f, 0x7c, 0x00, 0x28, 0x7c,
  0x00, 0x2c, 0x6f, 0x1e, 0x2c, 0x00, 0x00, 0x3d, 0x00, 0x00, 0x3f, 0x00,
  0x00, 0x28, 0x00, 0x1e, 0x3d, 0x6c, 0x00, 0x3f, 0x75, 0x00, 0x2c, 0x72,
  0x00, 0x23, 0x79, 0x1e, 0x23, 0x00, 0x00, 0x3d, 0x00, 0x00, 0x3f, 0x00,
  0x00, 0x2c, 0x00, 0x1e, 0x2c, 0x6c, 0x1e, 0x2c, 0x00, 0x1e, 0x2c, 0x62,
  0x00, 0x23, 0x75, 0x1e, 0x2c, 0x00, 0x1e, 0x23, 0x00, 0x00, 0x2c, 0x63,
  0x00, 0x3d, 0x75, 0x00, 0x3f, 0x6f, 0x00, 0x28, 0x7f, 0x1e, 0x28, 0x00,
  0x00, 0x2c, 0x00, 0x00, 0x3d, 0x00, 0x00, 0x3f, 0x00, 0x00, 0x2c, 0x6a,
  0x1e, 0x2c, 0x00, 0x00, 0x23, 0x74, 0x1e, 0x23, 0x00, 0x00, 0x2c, 0x6c,
  0x1e, 0x2c, 0x00, 0x00, 0x23, 0x79, 0x1e, 0x23, 0x00, 0x00, 0x2c, 0x72,
  0x1e, 0x2c, 0x00, 0x1e, 0x2c, 0x6f, 0x1e, 0x2c, 0x00, 0x00, 0x28, 0x7c,
  0x00, 0x3d, 0x78, 0x00, 0x3f, 0x72, 0x1e, 0x3f, 0x00, 0x00, 0x3d, 0x00,
  0x00, 0x28, 0x00, 0x1e, 0x2c, 0x72, 0x00, 0x3d, 0x72, 0x00, 0x3f, 0x72,
  0x00, 0x23, 0x78, 0x1e, 0x23, 0x00, 0x00, 0x2c, 0x00, 0x00, 0x3d, 0x00,
  0x00, 0x3f, 0x00, 0x1e, 0x2c, 0x6f, 0x1e, 0x2c, 0x00, 0x1e, 0x2c, 0x74,
  0x00, 0x23, 0x79, 0x1e, 0x2c, 0x00, 0x1e, 0x23, 0x00, 0x00, 0x2c, 0x6c,
  0x00, 0x28, 0x7c, 0x00, 0x3d, 0x78, 0x00, 0x3f, 0x79, 0x1e, 0x3f, 0x00,
  0x00, 0x2c, 0x00, 0x00, 0x28, 0x00, 0x00, 0x3d, 0x00, 0x1e, 0x2c, 0x72,
  0x00, 0x23, 0x78, 0x1e, 0x23, 0x00, 0x00, 0x2c, 0x00, 0x1e, 0x2c, 0x75,
  0x00, 0x23, 0x79, 0x1e, 0x23, 0x00, 0x00, 0x2c, 0x00, 0x1e, 0x2c, 0x6f,
  0x1e, 0x2c, 0x00, 0x1e, 0x2c, 0x72, 0x00, 0x3d, 0x72, 0x00, 0x3f, 0x72,
  0x00, 0x28, 0x7f, 0x1e, 0x28, 0x00, 0x00, 0x2c, 0x00, 0x00, 0x3d, 0x00,
  0x00, 0x3f, 0x00, 0x1e, 0x2c, 0x72, 0x00, 0x3d, 0x5c, 0x00, 0x3f, 0x51,
  0x00, 0x23, 0x74, 0x1e, 0x23, 0x00, 0x00, 0x2c, 0x00, 0x00, 0x3d, 0x00,
  0x00, 0x3f, 0x00, 0x1e, 0x2c, 0x74, 0x1e, 0x2c, 0x00, 0x1e, 0x2c, 0x75,
  0x00, 0x23, 0x75, 0x1e, 0x23, 0x00, 0x00, 0x2c, 0x00, 0x1e, 0x3d, 0x6a,
  0x00, 0x2c, 0x78, 0x00, 0x3f, 0x6a, 0x00, 0x28, 0x7f, 0x1e, 0x28, 0x00,
  0x00, 0x3d, 0x00, 0x00, 0x2c, 0x00, 0x00, 0x3f, 0x00, 0x1e, 0x23, 0x75,
  0x00, 0x2c, 0x74, 0x1e, 0x2c, 0x00, 0x00, 0x23, 0x00, 0x1e, 0x23, 0x78,
  0x00, 0x2c, 0x79, 0x1e, 0x2c, 0x00, 0x00, 0x23, 0x00, 0x1e, 0x2c, 0x78,
  0x1e, 0x2c, 0x00, 0x1e, 0x2c, 0x78, 0x00, 0x3f, 0x6f, 0x00, 0x3d, 0x6a,
  0x00, 0x28, 0x7c, 0x1e, 0x28, 0x00, 0x00, 0x2c, 0x00, 0x00, 0x3f, 0x00,
  0x00, 0x3d, 0x00, 0x1e, 0x2c, 0x79, 0x00, 0x3d, 0x4b, 0x00, 0x23, 0x79,
  0x1e, 0x23, 0x00, 0x00, 0x3d, 0x00, 0x00, 0x2c, 0x00, 0x1e, 0x2c, 0x74,
  0x1e, 0x2c, 0x00, 0x1e, 0x2c, 0x78, 0x00, 0x23, 0x78, 0x1e, 0x23, 0x00,
  0x00, 0x2c, 0x00, 0x1e, 0x2c, 0x78, 0x00, 0x28, 0x7e, 0x00, 0x3d, 0x78,
  0x00, 0x3f, 0x6f, 0x1e, 0x3f, 0x00, 0x00, 0x2c, 0x00, 0x00, 0x28, 0x00,
  0x00, 0x3d, 0x00, 0x1e, 0x23, 0x75, 0x00, 0x2c, 0x79, 0x1e, 0x2c, 0x00,
  0x00, 0x23, 0x00, 0x1e, 0x23, 0x7a, 0x00, 0x2c, 0x7c, 0x1e, 0x2c, 0x00,
  0x00, 0x23, 0x00, 0x1e, 0x2c, 0x79, 0x1e, 0x2c, 0x00, 0x1e, 0x3d, 0x63,
  0x00, 0x3f, 0x62, 0x00, 0x28, 0x7c, 0x00, 0x2c, 0x7c, 0x1e, 0x2c, 0x00,
  0x00, 0x3d, 0x00, 0x00, 0x3f, 0x00, 0x00, 0x28, 0x00, 0x1e, 0x3f, 0x6a,
  0x00, 0x3d, 0x62, 0x00, 0x23, 0x79, 0x00, 0x2c, 0x79, 0x1e, 0x2c, 0x00,
  0x00, 0x3f, 0x00, 0x00, 0x3d, 0x00, 0x00, 0x23, 0x00, 0x1e, 0x2c, 0x7c,
  0x1e, 0x2c, 0x00, 0x1e, 0x2c, 0x78, 0x00, 0x23, 0x7c, 0x1e, 0x23, 0x00,
  0x00, 0x2c, 0x00, 0x1e, 0x28, 0x7f, 0x00, 0x3f, 0x74, 0x00, 0x3d, 0x72,
  0x00, 0x2c, 0x7c, 0x1e, 0x2c, 0x00, 0x00, 0x28, 0x00, 0x00, 0x3f, 0x00,
  0x00, 0x3d, 0x00, 0x1e, 0x23, 0x63, 0x00, 0x2c, 0x7a, 0x1e, 0x2c, 0x00,
  0x00, 0x23, 0x00, 0x1e, 0x23, 0x79, 0x00, 0x2c, 0x78, 0x1e, 0x2c, 0x00,
  0x1e, 0x23, 0x00, 0x00, 0x2c, 0x79, 0x1e, 0x2c, 0x00, 0x1e, 0x3f, 0x6a,
  0x00, 0x3d, 0x6d, 0x00, 0x2c, 0x7a, 0x00, 0x28, 0x7e, 0x1e, 0x28, 0x00,
  0x00, 0x3f, 0x00, 0x00, 0x3d, 0x00, 0x00, 0x2c, 0x00, 0x1e, 0x3d, 0x62,
  0x00, 0x3f, 0x5b, 0x00, 0x23, 0x79, 0x00, 0x2c, 0x7a, 0x1e, 0x2c, 0x00,
  0x00, 0x3d, 0x00, 0x00, 0x3f, 0x00, 0x00, 0x23, 0x00, 0x1e, 0x2c, 0x79,
  0x1e, 0x2c, 0x00, 0x1e, 0x2c, 0x78, 0x00, 0x23, 0x79, 0x1e, 0x2c, 0x00,
  0x1e, 0x23, 0x00, 0x00, 0x2c, 0x78, 0x00, 0x28, 0x7f, 0x00, 0x3f, 0x55,
  0x00, 0x3d, 0x5b, 0x1e, 0x3d, 0x00, 0x00, 0x2c, 0x00, 0x00, 0x28, 0x00,
  0x00, 0x3f, 0x00, 0x1e, 0x23, 0x78, 0x00, 0x2c, 0x79, 0x1e, 0x2c, 0x00,
  0x00, 0x23, 0x00, 0x1e, 0x23, 0x78, 0x00, 0x2c, 0x74, 0x1e, 0x2c, 0x00,
  0x00, 0x23, 0x00, 0x1e, 0x2c, 0x79, 0x1e, 0x2c, 0x00, 0x1e, 0x3d, 0x3f,
  0x00, 0x28, 0x7a, 0x00, 0x2c, 0x78, 0x1e, 0x2c, 0x00, 0x00, 0x28, 0x00,
  0x00, 0x3d, 0x00, 0x00, 0x3f, 0x5b, 0x00, 0x3d, 0x52, 0x1e, 0x3d, 0x00,
  0x00, 0x3f, 0x00, 0x00, 0x23, 0x79, 0x00, 0x2c, 0x78, 0x1e, 0x2c, 0x00,
  0x00, 0x23, 0x00, 0x1e, 0x2c, 0x79, 0x1e, 0x2c, 0x00, 0x1e, 0x23, 0x79,
  0x00, 0x2c, 0x79, 0x1e, 0x2c, 0x00, 0x1e, 0x23, 0x00, 0x00, 0x3f, 0x75,
  0x00, 0x28, 0x7f, 0x00, 0x3d, 0x55, 0x00, 0x2c, 0x78, 0x1e, 0x2c, 0x00,
  0x00, 0x3f, 0x00, 0x00, 0x28, 0x00, 0x00, 0x3d, 0x00, 0x00, 0x23, 0x74,
  0x1e, 0x23, 0x00, 0x00, 0x2c, 0x75, 0x1e, 0x2c, 0x00, 0x00, 0x3f, 0x6d,
  0x00, 0x3d, 0x6d, 0x1e, 0x3d, 0x00, 0x00, 0x3f, 0x00, 0x00, 0x34, 0x79,
  0x00, 0x23, 0x7f, 0x00, 0x2c, 0x7c, 0x1e, 0x2c, 0x00, 0x00, 0x23, 0x00,
  0x00, 0x34, 0x00, 0x3c, 0x3f, 0x75, 0x00, 0x3d, 0x6c, 0x1e, 0x3d, 0x00,
  0x00, 0x3f, 0x00, 0x00, 0x2c, 0x7f, 0x00, 0x28, 0x7f, 0x00, 0x23, 0x78,
  0x1e, 0x23, 0x00, 0x00, 0x28, 0x00, 0x00, 0x2c, 0x00, 0x81, 0x16, 0x2f,
  0x7a, 0x1e, 0x2f, 0x00, 0x1e, 0x2d, 0x7c, 0x1e, 0x2d, 0x00, 0x1e, 0x2b,
  0x7e, 0x1e, 0x2b, 0x00, 0x1e, 0x23, 0x7c, 0x00, 0x2c, 0x7f, 0x1e, 0x2c,
  0x00, 0x00, 0x23, 0x00, 0x1e, 0x2c, 0x7a, 0x1e, 0x2c, 0x00, 0x1e, 0x3f,
  0x6a, 0x00, 0x3d, 0x62, 0x00, 0x2c, 0x7f, 0x00, 0x28, 0x7a, 0x1e, 0x28,
  0x00, 0x00, 0x3f, 0x00, 0x00, 0x3d, 0x00, 0x00, 0x2c, 0x00, 0x1e, 0x3d,
  0x6f, 0x00, 0x3f, 0x72, 0x00, 0x23, 0x7c, 0x00, 0x2c, 0x7a, 0x1e, 0x2c,
  0x00, 0x00, 0x3d, 0x00, 0x00, 0x3f, 0x00, 0x00, 0x23, 0x00, 0x1e, 0x2c,
  0x7c, 0x1e, 0x2c, 0x00, 0x1e, 0x2c, 0x78, 0x00, 0x23, 0x7a, 0x1e, 0x23,
  0x00, 0x00, 0x2c, 0x00, 0x1e, 0x3d, 0x63, 0x00, 0x3f, 0x65, 0x00, 0x28,
  0x7a, 0x00, 0x2c, 0x7c, 0x1e, 0x2c, 0x00, 0x00, 0x3d, 0x00, 0x00, 0x3f,
  0x00, 0x00, 0x28, 0x00, 0x1e, 0x23, 0x79, 0x00, 0x2c, 0x78, 0x1e, 0x2c,
  0x00, 0x00, 0x23, 0x00, 0x1e, 0x2c, 0x7c, 0x00, 0x23, 0x79, 0x1e, 0x23,
  0x00, 0x00, 0x2c, 0x00, 0x1e, 0x2c, 0x78, 0x1e, 0x2c, 0x00, 0x1e, 0x3d,
  0x65, 0x00, 0x3f, 0x59, 0x00, 0x2c, 0x7e, 0x00, 0x28, 0x79, 0x1e, 0x28,
  0x00, 0x00, 0x3d, 0x00, 0x00, 0x3f, 0x00, 0x00, 0x2c, 0x00, 0x1e, 0x3d,
  0x65, 0x00, 0x3f, 0x58, 0x00, 0x2c, 0x7c, 0x00, 0x23, 0x78, 0x1e, 0x23,
  0x00, 0x00, 0x3d, 0x00, 0x00, 0x3f, 0x00, 0x00, 0x2c, 0x00, 0x1e, 0x2c,
  0x7a, 0x1e, 0x2c, 0x00, 0x1e, 0x23, 0x78, 0x00, 0x2c, 0x7c, 0x1e, 0x2c,
  0x00, 0x00, 0x23, 0x00, 0x1e, 0x28, 0x7c, 0x00, 0x3d, 0x6a, 0x00, 0x3f,
  0x6a, 0x00, 0x2c, 0x7c, 0x1e, 0x2c, 0x00, 0x00, 0x28, 0x00, 0x00, 0x3d,
  0x00, 0x00, 0x3f, 0x00, 0x1e, 0x23, 0x78, 0x00, 0x2c, 0x7a, 0x1e, 0x2c,
  0x00, 0x00, 0x23, 0x00, 0x1e, 0x2c, 0x7c, 0x00, 0x23, 0x7c, 0x1e, 0x23,
  0x00, 0x00, 0x2c, 0x00, 0x1e, 0x2c, 0x78, 0x1e, 0x2c, 0x00, 0x1e, 0x2c,
  0x79, 0x00, 0x3d, 0x6d, 0x00, 0x3f, 0x6d, 0x00, 0x28, 0x7a, 0x1e, 0x28,
  0x00, 0x00, 0x2c, 0x00, 0x00, 0x3d, 0x00, 0x00, 0x3f, 0x00, 0x1e, 0x2c,
  0x79, 0x00, 0x3d, 0x55, 0x00, 0x23, 0x79, 0x00, 0x3f, 0x41, 0x1e, 0x3f,
  0x00, 0x00, 0x2c, 0x00, 0x00, 0x3d, 0x00, 0x00, 0x23, 0x00, 0x1e, 0x2c,
  0x7a, 0x1e, 0x2c, 0x00, 0x1e, 0x23, 0x78, 0x00, 0x2c, 0x7c, 0x1e, 0x2c,
  0x00, 0x00, 0x23, 0x00, 0x1e, 0x3d, 0x65, 0x00, 0x3f, 0x5d, 0x00, 0x28,
  0x7a, 0x00, 0x2c, 0x7a, 0x1e, 0x2c, 0x00, 0x00, 0x3d, 0x00, 0x00, 0x3f,
  0x00, 0x00, 0x28, 0x00, 0x1e, 0x23, 0x78, 0x00, 0x2c, 0x79, 0x1e, 0x2c,
  0x00, 0x00, 0x23, 0x00, 0x1e, 0x23, 0x78, 0x00, 0x2c, 0x7c, 0x1e, 0x2c,
  0x00, 0x1e, 0x23, 0x00, 0x00, 0x2c, 0x7c, 0x1e, 0x2c, 0x00, 0x1e, 0x3f,
  0x65, 0x00, 0x3d, 0x72, 0x00, 0x2c, 0x7e, 0x00, 0x28, 0x7c, 0x1e, 0x28,
  0x00, 0x00, 0x3f, 0x00, 0x00, 0x3d, 0x00, 0x00, 0x2c, 0x00, 0x1e, 0x3d,
  0x62, 0x00, 0x3f, 0x5c, 0x00, 0x2c, 0x79, 0x00, 0x23, 0x78, 0x1e, 0x23,
  0x00, 0x00, 0x3d, 0x00, 0x00, 0x3f, 0x00, 0x00, 0x2c, 0x00, 0x1e, 0x2c,
  0x7c, 0x1e, 0x2c, 0x00, 0x1e, 0x2c, 0x7c, 0x00, 0x23, 0x79, 0x1e, 0x23,
  0x00, 0x00, 0x2c, 0x00, 0x1e, 0x3d, 0x7c, 0x00, 0x3f, 0x75, 0x00, 0x28,
  0x7a, 0x00, 0x2c, 0x7a, 0x1e, 0x2c, 0x00, 0x00, 0x3d, 0x00, 0x00, 0x3f,
  0x00, 0x00, 0x28, 0x00, 0x1e, 0x23, 0x78, 0x00, 0x2c, 0x7a, 0x1e, 0x2c,
  0x00, 0x00, 0x23, 0x00, 0x1e, 0x23, 0x78, 0x00, 0x2c, 0x7c, 0x1e, 0x2c,
  0x00, 0x00, 0x23, 0x00, 0x1e, 0x2c, 0x7c, 0x1e, 0x2c, 0x00, 0x1e, 0x3f,
  0x75, 0x00, 0x3d, 0x78, 0x00, 0x2c, 0x7a, 0x00, 0x28, 0x7e, 0x1e, 0x28,
  0x00, 0x00, 0x3f, 0x00, 0x00, 0x3d, 0x00, 0x00, 0x2c, 0x00, 0x1e, 0x3d,
  0x6c, 0x00, 0x3f, 0x5c, 0x00, 0x2c, 0x79, 0x00, 0x23, 0x78, 0x1e, 0x23,
  0x00, 0x00, 0x3d, 0x00, 0x00, 0x3f, 0x00, 0x00, 0x2c, 0x00, 0x1e, 0x2c,
  0x78, 0x1e, 0x2c, 0x00, 0x1e, 0x2c, 0x79, 0x00, 0x23, 0x7a, 0x1e, 0x23,
  0x00, 0x00, 0x2c, 0x00, 0x1e, 0x3d, 0x74, 0x00, 0x3f, 0x74, 0x00, 0x28,
  0x7a, 0x00, 0x2c, 0x79, 0x1e, 0x2c, 0x00, 0x00, 0x3d, 0x00, 0x00, 0x3f,
  0x00, 0x00, 0x28, 0x00, 0x1e, 0x23, 0x79, 0x00, 0x2c, 0x78, 0x1e, 0x2c,
  0x00, 0x00, 0x23, 0x00, 0x1e, 0x23, 0x79, 0x00, 0x2c, 0x7c, 0x1e, 0x2c,
  0x00, 0x00, 0x23, 0x00, 0x1e, 0x2c, 0x78, 0x1e, 0x2c, 0x00, 0x1e, 0x2c,
  0x7a, 0x00, 0x3f, 0x72, 0x00, 0x3d, 0x74, 0x00, 0x28, 0x7f, 0x1e, 0x28,
  0x00, 0x00, 0x2c, 0x00, 0x00, 0x3f, 0x00, 0x00, 0x3d, 0x00, 0x1e, 0x3d,
  0x7a, 0x00, 0x3f, 0x74, 0x00, 0x2c, 0x7c, 0x00, 0x23, 0x79, 0x1e, 0x23,
  0x00, 0x00, 0x3d, 0x00, 0x00, 0x3f, 0x00, 0x00, 0x2c, 0x00, 0x1e, 0x2c,
  0x78, 0x1e, 0x2c, 0x00, 0x1e, 0x23, 0x79, 0x00, 0x2c, 0x7c, 0x1e, 0x2c,
  0x00, 0x1e, 0x23, 0x00, 0x00, 0x3d, 0x75, 0x00, 0x3f, 0x72, 0x00, 0x28,
  0x7c, 0x00, 0x2c, 0x7a, 0x1e, 0x2c, 0x00, 0x00, 0x3d, 0x00, 0x00, 0x3f,
  0x00, 0x00, 0x28, 0x00, 0x1e, 0x23, 0x63, 0x00, 0x2c, 0x7a, 0x1e, 0x2c,
  0x00, 0x00, 0x23, 0x00, 0x1e, 0x23, 0x79, 0x00, 0x2c, 0x7a, 0x1e, 0x2c,
  0x00, 0x1e, 0x2c, 0x7c, 0x1e, 0x2c, 0x00, 0x00, 0x23, 0x00, 0x1e, 0x3f,
  0x6c, 0x00, 0x3d, 0x63, 0x00, 0x28, 0x7f, 0x00, 0x2c, 0x7a, 0x1e, 0x2c,
  0x00, 0x00, 0x3f, 0x00, 0x00, 0x3d, 0x00, 0x00, 0x28, 0x00, 0x1e, 0x3d,
  0x72, 0x00, 0x3f, 0x6f, 0x00, 0x2c, 0x75, 0x00, 0x23, 0x7c, 0x1e, 0x23,
  0x00, 0x00, 0x3d, 0x00, 0x00, 0x3f, 0x00, 0x00, 0x2c, 0x00, 0x1e, 0x2c,
  0x79, 0x1e, 0x2c, 0x00, 0x1e, 0x23, 0x79, 0x00, 0x2c, 0x78, 0x1e, 0x2c,
  0x00, 0x1e, 0x23, 0x00, 0x00, 0x3f, 0x74, 0x00, 0x3d, 0x79, 0x00, 0x2c,
  0x78, 0x00, 0x28, 0x7c, 0x1e, 0x28, 0x00, 0x00, 0x3f, 0x00, 0x00, 0x3d,
  0x00, 0x00, 0x2c, 0x00, 0x1e, 0x2c, 0x74, 0x1e, 0x2c, 0x00, 0x1e, 0x23,
  0x78, 0x00, 0x2c, 0x7e, 0x00, 0x3f, 0x78, 0x00, 0x3d, 0x7a, 0x00, 0x28,
  0x7e, 0x1e, 0x28, 0x00, 0x00, 0x3f, 0x00, 0x00, 0x3d, 0x00, 0x00, 0x2c,
  0x00, 0x1e, 0x23, 0x00, 0x00, 0x2c, 0x78, 0x1e, 0x2c, 0x00, 0x00, 0x23,
  0x78, 0x1e, 0x28, 0x7f, 0x00, 0x2c, 0x79, 0x00, 0x3f, 0x7a, 0x00, 0x3d,
  0x79, 0x1e, 0x3d, 0x00, 0x00, 0x2c, 0x00, 0x00, 0x23, 0x00, 0x00, 0x28,
  0x00, 0x00, 0x3f, 0x00, 0x1e, 0x2c, 0x7c, 0x00, 0x28, 0x78, 0x1e, 0x28,
  0x00, 0x00, 0x2c, 0x00, 0x00, 0x23, 0x78, 0x1e, 0x2c, 0x7c, 0x00, 0x2f,
  0x6f, 0x00, 0x37, 0x7f, 0x1e, 0x37, 0x00, 0x00, 0x23, 0x00, 0x00, 0x2c,
  0x00, 0x00, 0x2f, 0x00, 0x00, 0x2f, 0x72, 0x1e, 0x2f, 0x00, 0x00, 0x28,
  0x7c, 0x00, 0x2c, 0x7a, 0x1e, 0x2c, 0x00, 0x00, 0x28, 0x00, 0x1e, 0x2c,
  0x7c, 0x00, 0x39, 0x7f, 0x00, 0x28, 0x7a, 0x00, 0x2d, 0x6f, 0x1e, 0x2d,
  0x00, 0x00, 0x2c, 0x00, 0x00, 0x39, 0x00, 0x00, 0x28, 0x00, 0x00, 0x2d,
  0x6d, 0x1e, 0x2d, 0x00, 0x00, 0x2c, 0x7e, 0x00, 0x28, 0x7c, 0x00, 0x2b,
  0x79, 0x00, 0x23, 0x79, 0x1e, 0x28, 0x00, 0x00, 0x2c, 0x00, 0x00, 0x28,
  0x6c, 0x1e, 0x28, 0x00, 0x00, 0x2a, 0x7e, 0x00, 0x31, 0x7f, 0x1e, 0x31,
  0x00, 0x00, 0x2a, 0x00, 0x00, 0x2a, 0x7c, 0x1e, 0x2a, 0x00, 0x1e, 0x2b,
  0x00, 0x00, 0x23, 0x00, 0x1e, 0x2a, 0x7e, 0x00, 0x26, 0x7c, 0x1e, 0x26,
  0x00, 0x00, 0x2a, 0x00, 0x1e, 0x2a, 0x7c, 0x00, 0x24, 0x78, 0x1e, 0x24,
  0x00, 0x00, 0x2a, 0x00, 0x1e, 0x2a, 0x7f, 0x1e, 0x2a, 0x00, 0x1e, 0x2a,
  0x7f, 0x00, 0x24, 0x7f, 0x1e, 0x2a, 0x00, 0x1e, 0x24, 0x00, 0x00, 0x2a,
  0x7f, 0x00, 0x26, 0x7e, 0x1e, 0x26, 0x00, 0x00, 0x2a, 0x00, 0x1e, 0x2a,
  0x7f, 0x00, 0x24, 0x75, 0x1e, 0x24, 0x00, 0x00, 0x2a, 0x00, 0x1e, 0x2a,
  0x7f, 0x00, 0x24, 0x7c, 0x1e, 0x2a, 0x00, 0x1e, 0x2a, 0x7f, 0x1e, 0x2a,
  0x00, 0x00, 0x24, 0x00, 0x1e, 0x2a, 0x7e, 0x00, 0x26, 0x7f, 0x1e, 0x26,
  0x00, 0x00, 0x2a, 0x00, 0x1e, 0x2a, 0x7c, 0x00, 0x24, 0x79, 0x1e, 0x24,
  0x00, 0x00, 0x2a, 0x00, 0x1e, 0x2a, 0x7a, 0x1e, 0x2a, 0x00, 0x1e, 0x2a,
  0x7f, 0x00, 0x24, 0x7c, 0x1e, 0x2a, 0x00, 0x1e, 0x24, 0x00, 0x00, 0x2e,
  0x7f, 0x00, 0x26, 0x7c, 0x1e, 0x26, 0x00, 0x00, 0x2e, 0x00, 0x1e, 0x24,
  0x74, 0x1e, 0x24, 0x00, 0x1e, 0x2a, 0x7f, 0x00, 0x24, 0x7a, 0x1e, 0x2a,
  0x00, 0x1e, 0x2a, 0x7f, 0x1e, 0x2a, 0x00, 0x1e, 0x24, 0x00, 0x00, 0x2a,
  0x7f, 0x00, 0x26, 0x7f, 0x1e, 0x26, 0x00, 0x00, 0x2a, 0x00, 0x1e, 0x2a,
  0x7c, 0x00, 0x24, 0x7c, 0x1e, 0x24, 0x00, 0x00, 0x2a, 0x00, 0x1e, 0x2a,
  0x7f, 0x1e, 0x2a, 0x00, 0x1e, 0x2a, 0x7a, 0x00, 0x24, 0x7c, 0x1e, 0x2a,
  0x00, 0x1e, 0x24, 0x00, 0x00, 0x2a, 0x7c, 0x00, 0x26, 0x7f, 0x1e, 0x26,
  0x00, 0x00, 0x2a, 0x00, 0x00, 0x2a, 0x7c, 0x1e, 0x2a, 0x00, 0x00, 0x24,
  0x78, 0x1e, 0x24, 0x00, 0x1e, 0x2a, 0x7e, 0x00, 0x24, 0x79, 0x1e, 0x2a,
  0x00, 0x1e, 0x2a, 0x7e, 0x1e, 0x2a, 0x00, 0x1e, 0x24, 0x00, 0x00, 0x2e,
  0x7f, 0x00, 0x26, 0x7f, 0x1e, 0x26, 0x00, 0x00, 0x2e, 0x00, 0x00, 0x2a,
  0x7c, 0x1e, 0x2a, 0x00, 0x00, 0x24, 0x79, 0x1e, 0x24, 0x00, 0x5a, 0x24,
  0x7f, 0x00, 0x2a, 0x7f, 0x1e, 0x2a, 0x00, 0x00, 0x24, 0x00, 0x1e, 0x26,
  0x7f, 0x00, 0x2e, 0x7e, 0x1e, 0x2e, 0x00, 0x00, 0x26, 0x00, 0x1e, 0x24,
  0x74, 0x00, 0x2a, 0x7f, 0x1e, 0x2a, 0x00, 0x00, 0x24, 0x00, 0x1e, 0x2a,
  0x7f, 0x00, 0x24, 0x7c, 0x1e, 0x2a, 0x00, 0x1e, 0x2a, 0x7f, 0x1e, 0x2a,
  0x00, 0x1e, 0x24, 0x00, 0x00, 0x26, 0x7c, 0x00, 0x2a, 0x7f, 0x1e, 0x2a,
  0x00, 0x00, 0x26, 0x00, 0x1e, 0x24, 0x72, 0x00, 0x2a, 0x7f, 0x1e, 0x2a,
  0x00, 0x00, 0x24, 0x00, 0x1e, 0x2a, 0x7f, 0x1e, 0x2a, 0x00, 0x1e, 0x2a,
  0x7f, 0x00, 0x24, 0x78, 0x1e, 0x2a, 0x00, 0x1e, 0x24, 0x00, 0x00, 0x2a,
  0x7c, 0x00, 0x26, 0x7f, 0x1e, 0x26, 0x00, 0x00, 0x2a, 0x00, 0x1e, 0x2a,
  0x7f, 0x00, 0x24, 0x79, 0x1e, 0x24, 0x00, 0x00, 0x2a, 0x00, 0x1e, 0x2a,
  0x7f, 0x00, 0x24, 0x78, 0x1e, 0x2a, 0x00, 0x1e, 0x2a, 0x7f, 0x1e, 0x2a,
  0x00, 0x1e, 0x24, 0x00, 0x00, 0x2a, 0x7c, 0x00, 0x26, 0x7f, 0x1e, 0x26,
  0x00, 0x00, 0x2a, 0x00, 0x1e, 0x2a, 0x7e, 0x00, 0x24, 0x79, 0x1e, 0x24,
  0x00, 0x00, 0x2a, 0x00, 0x1e, 0x2a, 0x7c, 0x1e, 0x2a, 0x00, 0x1e, 0x24,
  0x7c, 0x00, 0x2a, 0x7f, 0x1e, 0x2a, 0x00, 0x1e, 0x24, 0x00, 0x00, 0x2e,
  0x7f, 0x00, 0x26, 0x7c, 0x1e, 0x26, 0x00, 0x00, 0x2e, 0x00, 0x1e, 0x2a,
  0x7c, 0x00, 0x24, 0x79, 0x1e, 0x24, 0x00, 0x00, 0x2a, 0x00, 0x1e, 0x2a,
  0x7e, 0x00, 0x24, 0x7a, 0x1e, 0x2a, 0x00, 0x1e, 0x2a, 0x7f, 0x1e, 0x2a,
  0x00, 0x1e, 0x24, 0x00, 0x00, 0x26, 0x7c, 0x00, 0x2a, 0x7f, 0x1e, 0x2a,
  0x00, 0x00, 0x26, 0x00, 0x1e, 0x2a, 0x7f, 0x1e, 0x2a, 0x00, 0x1e, 0x2a,
  0x7f, 0x1e, 0x2a, 0x00, 0x1e, 0x2a, 0x7f, 0x00, 0x24, 0x7a, 0x1e, 0x2a,
  0x00, 0x1e, 0x24, 0x00, 0x00, 0x2a, 0x7f, 0x00, 0x26, 0x7f, 0x1e, 0x26,
  0x00, 0x00, 0x2a, 0x00, 0x1e, 0x2a, 0x7f, 0x1e, 0x2a, 0x00, 0x1e, 0x2a,
  0x7f, 0x00, 0x24, 0x7f, 0x1e, 0x2a, 0x00, 0x1e, 0x2a, 0x7f, 0x1e, 0x2a,
  0x00, 0x1e, 0x24, 0x00, 0x00, 0x2e, 0x7f, 0x00, 0x26, 0x7c, 0x1e, 0x26,
  0x00, 0x00, 0x2e, 0x00, 0x1e, 0x2a, 0x7f, 0x00, 0x24, 0x74, 0x1e, 0x24,
  0x00, 0x00, 0x2a, 0x00, 0x1e, 0x2a, 0x7c, 0x00, 0x24, 0x44, 0x1e, 0x24,
  0x00, 0x00, 0x2a, 0x00, 0x1e, 0x2a, 0x7f, 0x00, 0x24, 0x7a, 0x1e, 0x2a,
  0x00, 0x1e, 0x24, 0x00, 0x00, 0x2a, 0x7f, 0x00, 0x26, 0x7f, 0x1e, 0x26,
  0x00, 0x00, 0x2a, 0x00, 0x1e, 0x24, 0x6f, 0x00, 0x2a, 0x7c, 0x1e, 0x2a,
  0x00, 0x00, 0x24, 0x00, 0x1e, 0x24, 0x7c, 0x00, 0x2a, 0x7f, 0x1e, 0x2a,
  0x00, 0x1e, 0x2a, 0x7f, 0x1e, 0x2a, 0x00, 0x1e, 0x24, 0x00, 0x00, 0x26,
  0x7f, 0x00, 0x2a, 0x7f, 0x1e, 0x2a, 0x00, 0x00, 0x26, 0x00, 0x1e, 0x24,
  0x75, 0x00, 0x2a, 0x7f, 0x1e, 0x2a, 0x00, 0x00, 0x24, 0x00, 0x1e, 0x2a,
  0x7c, 0x1e, 0x2a, 0x00, 0x1e, 0x24, 0x79, 0x00, 0x2a, 0x7c, 0x1e, 0x2a,
  0x00, 0x1e, 0x24, 0x00, 0x00, 0x26, 0x7c, 0x00, 0x2a, 0x7f, 0x1e, 0x2a,
  0x00, 0x00, 0x26, 0x00, 0x1e, 0x2a, 0x7f, 0x00, 0x24, 0x79, 0x1e, 0x24,
  0x00, 0x00, 0x2a, 0x00, 0x1e, 0x24, 0x78, 0x00, 0x2a, 0x7f, 0x00, 0x34,
  0x79, 0x1e, 0x34, 0x00, 0x00, 0x2a, 0x00, 0x1e, 0x2a, 0x7f, 0x00, 0x26,
  0x7f, 0x00, 0x3d, 0x78, 0x00, 0x3f, 0x7c, 0x1e, 0x3f, 0x00, 0x00, 0x26,
  0x00, 0x00, 0x3d, 0x00, 0x00, 0x2a, 0x00, 0x1e, 0x24, 0x78, 0x00, 0x2e,
  0x7f, 0x00, 0x3d, 0x78, 0x00, 0x3f, 0x79, 0x00, 0x26, 0x7c, 0x1e, 0x26,
  0x00, 0x00, 0x24, 0x00, 0x00, 0x2e, 0x00, 0x00, 0x3d, 0x00, 0x00, 0x3f,
  0x00, 0x00, 0x26, 0x7a, 0x1e, 0x26, 0x00, 0x00, 0x2a, 0x7f, 0x00, 0x3d,
  0x79, 0x00, 0x3f, 0x7a, 0x1e, 0x3f, 0x00, 0x00, 0x3d, 0x00, 0x00, 0x2a,
  0x00, 0x00, 0x24, 0x78, 0x00, 0x34, 0x79, 0x00, 0x2a, 0x7f, 0x1e, 0x2a,
  0x00, 0x00, 0x34, 0x00, 0x00, 0x24, 0x00, 0x00, 0x26, 0x7f, 0x00, 0x3d,
  0x79, 0x00, 0x3f, 0x75, 0x1e, 0x3f, 0x00, 0x00, 0x3d, 0x00, 0x00, 0x26,
  0x00, 0x00, 0x2a, 0x7f, 0x1e, 0x2a, 0x00, 0x00, 0x3d, 0x78, 0x00, 0x3f,
  0x72, 0x00, 0x26, 0x7c, 0x1e, 0x26, 0x00, 0x00, 0x3f, 0x00, 0x00, 0x3d,
  0x00, 0x00, 0x24, 0x78, 0x00, 0x37, 0x7c, 0x00, 0x2a, 0x7f, 0x1e, 0x2a,
  0x00, 0x00, 0x37, 0x00, 0x00, 0x24, 0x00, 0x00, 0x24, 0x78, 0x00, 0x3d,
  0x79, 0x00, 0x3f, 0x78, 0x00, 0x26, 0x7a, 0x00, 0x39, 0x7e, 0x1e, 0x39,
  0x00, 0x00, 0x24, 0x00, 0x00, 0x3d, 0x00, 0x00, 0x3f, 0x00, 0x00, 0x26,
  0x00, 0x00, 0x2a, 0x7f, 0x00, 0x26, 0x7f, 0x1e, 0x2a, 0x00, 0x00, 0x24,
  0x00, 0x00, 0x3d, 0x7e, 0x00, 0x3f, 0x7e, 0x1e, 0x3f, 0x00, 0x00, 0x3d,
  0x00, 0x00, 0x26, 0x00, 0x00, 0x31, 0x7f, 0x00, 0x2a, 0x7f, 0x1e, 0x2a,
  0x00, 0x00, 0x31, 0x00, 0x00, 0x24, 0x79, 0x00, 0x23, 0x7c, 0x1e, 0x2a,
  0x7c, 0x1e, 0x2a, 0x00, 0x3c, 0x23, 0x00, 0x00, 0x24, 0x00, 0x00, 0x2a,
  0x7e, 0x00, 0x28, 0x7e, 0x00, 0x26, 0x7a, 0x1e, 0x26, 0x00, 0x00, 0x28,
  0x00, 0x00, 0x2a, 0x00, 0x1e, 0x2a, 0x7f, 0x00, 0x24, 0x78, 0x00, 0x23,
  0x7f, 0x1e, 0x23, 0x00, 0x00, 0x24, 0x00, 0x00, 0x2a, 0x00, 0x1e, 0x2a,
  0x7f, 0x1e, 0x2a, 0x00, 0x1e, 0x23, 0x7f, 0x00, 0x24, 0x7a, 0x00, 0x2a,
  0x7f, 0x1e, 0x2a, 0x00, 0x1e, 0x24, 0x00, 0x00, 0x23, 0x00, 0x00, 0x26,
  0x7f, 0x00, 0x28, 0x79, 0x00, 0x2a, 0x7a, 0x1e, 0x2a, 0x00, 0x00, 0x28,
  0x00, 0x00, 0x26, 0x00, 0x1e, 0x23, 0x67, 0x00, 0x24, 0x6a, 0x00, 0x2a,
  0x7f, 0x1e, 0x2a, 0x00, 0x00, 0x24, 0x00, 0x00, 0x23, 0x00, 0x1e, 0x2a,
  0x7e, 0x00, 0x24, 0x7c, 0x00, 0x23, 0x7a, 0x1e, 0x2a, 0x00, 0x1e, 0x2a,
  0x7e, 0x1e, 0x2a, 0x00, 0x1e, 0x23, 0x00, 0x00, 0x24, 0x00, 0x00, 0x2e,
  0x7f, 0x00, 0x26, 0x7c, 0x00, 0x28, 0x7f, 0x1e, 0x28, 0x00, 0x00, 0x26,
  0x00, 0x00, 0x2e, 0x00, 0x1e, 0x2a, 0x7f, 0x00, 0x24, 0x74, 0x00, 0x23,
  0x75, 0x1e, 0x23, 0x00, 0x00, 0x24, 0x00, 0x00, 0x2a, 0x00, 0x1e, 0x2a,
  0x7f, 0x1e, 0x2a, 0x00, 0x1e, 0x2a, 0x7f, 0x00, 0x24, 0x78, 0x00, 0x23,
  0x79, 0x1e, 0x2a, 0x00, 0x1e, 0x23, 0x00, 0x00, 0x24, 0x00, 0x00, 0x2a,
  0x7f, 0x00, 0x26, 0x7a, 0x00, 0x28, 0x7e, 0x1e, 0x28, 0x00, 0x00, 0x26,
  0x00, 0x00, 0x2a, 0x00, 0x1e, 0x2a, 0x7e, 0x00, 0x23, 0x6f, 0x00, 0x24,
  0x6d, 0x1e, 0x24, 0x00, 0x00, 0x23, 0x00, 0x00, 0x2a, 0x00, 0x1e, 0x2a,
  0x7f, 0x00, 0x24, 0x7f, 0x00, 0x23, 0x7f, 0x1e, 0x2a, 0x00, 0x1e, 0x2a,
  0x7f, 0x1e, 0x2a, 0x00, 0x1e, 0x23, 0x00, 0x00, 0x24, 0x00, 0x00, 0x2a,
  0x7f, 0x00, 0x26, 0x7f, 0x00, 0x28, 0x7f, 0x1e, 0x28, 0x00, 0x00, 0x26,
  0x00, 0x00, 0x2a, 0x00, 0x1e, 0x2a, 0x7c, 0x00, 0x24, 0x7c, 0x00, 0x23,
  0x7f, 0x1e, 0x23, 0x00, 0x00, 0x24, 0x00, 0x00, 0x2a, 0x00, 0x1e, 0x2a,
  0x7f, 0x1e, 0x2a, 0x00, 0x1e, 0x2a, 0x7e, 0x00, 0x24, 0x79, 0x00, 0x23,
  0x7e, 0x1e, 0x2a, 0x00, 0x1e, 0x23, 0x00, 0x00, 0x24, 0x00, 0x00, 0x2a,
  0x7a, 0x00, 0x26, 0x7c, 0x00, 0x28, 0x7e, 0x1e, 0x28, 0x00, 0x00, 0x26,
  0x00, 0x00, 0x2a, 0x00, 0x1e, 0x2a, 0x7c, 0x1e, 0x2a, 0x00, 0x1e, 0x2a,
  0x7f, 0x00, 0x24, 0x7c, 0x00, 0x23, 0x7c, 0x1e, 0x2a, 0x00, 0x1e, 0x2a,
  0x7f, 0x1e, 0x2a, 0x00, 0x1e, 0x23, 0x00, 0x00, 0x24, 0x00, 0x00, 0x2e,
  0x7f, 0x00, 0x26, 0x7f, 0x00, 0x28, 0x7f, 0x1e, 0x28, 0x00, 0x00, 0x26,
  0x00, 0x00, 0x2e, 0x00, 0x1e, 0x2a, 0x7f, 0x00, 0x24, 0x7a, 0x00, 0x23,
  0x78, 0x1e, 0x2a, 0x00, 0x00, 0x26, 0x7a, 0x00, 0x28, 0x7f, 0x1e, 0x28,
  0x00, 0x00, 0x24, 0x00, 0x00, 0x23, 0x00, 0x00, 0x26, 0x00, 0x00, 0x2a,
  0x7f, 0x03, 0x2f, 0x7c, 0x0f, 0x2f, 0x00, 0x0c, 0x2a, 0x00, 0x00, 0x23,
  0x78, 0x00, 0x24, 0x6f, 0x01, 0x2f, 0x79, 0x16, 0x2f, 0x00, 0x07, 0x2a,
  0x7f, 0x00, 0x26, 0x7f, 0x00, 0x28, 0x7e, 0x00, 0x29, 0x75, 0x1e, 0x29,
  0x00, 0x00, 0x26, 0x00, 0x00, 0x2a, 0x00, 0x00, 0x28, 0x00, 0x08, 0x2d,
  0x6c, 0x13, 0x2d, 0x00, 0x03, 0x2a, 0x7e, 0x1e, 0x2a, 0x00, 0x00, 0x23,
  0x00, 0x00, 0x24, 0x00, 0x00, 0x28, 0x7f, 0x00, 0x26, 0x79, 0x0e, 0x2b,
  0x79, 0x10, 0x26, 0x00, 0x00, 0x28, 0x00, 0x00, 0x2a, 0x7f, 0x00, 0x26,
  0x75, 0x00, 0x28, 0x7e, 0x01, 0x2b, 0x00, 0x1d, 0x2a, 0x00, 0x00, 0x26,
  0x00, 0x00, 0x28, 0x00, 0x1e, 0x26, 0x7a, 0x00, 0x28, 0x7a, 0x00, 0x23,
  0x7a, 0x00, 0x24, 0x7e, 0x00, 0x3d, 0x7f, 0x00, 0x3f, 0x7f, 0x00, 0x2a,
  0x7f, 0x00, 0x39, 0x79, 0x1e, 0x39, 0x00, 0x00, 0x2a, 0x00, 0x00, 0x3d,
  0x00, 0x00, 0x3f, 0x00, 0x00, 0x2a, 0x7a, 0x00, 0x3f, 0x67, 0x00, 0x3d,
  0x67, 0x00, 0x26, 0x7e, 0x00, 0x28, 0x7f, 0x1e, 0x28, 0x00, 0x00, 0x26,
  0x00, 0x00, 0x3d, 0x00, 0x00, 0x3f, 0x00, 0x3c, 0x28, 0x00, 0x00, 0x24,
  0x00, 0x00, 0x26, 0x00, 0x00, 0x23, 0x00, 0x1e, 0x2a, 0x00, 0x5a, 0x23,
  0x79, 0x00, 0x24, 0x78, 0x00, 0x3d, 0x7f, 0x00, 0x3f, 0x7f, 0x00, 0x26,
  0x7c, 0x00, 0x28, 0x7e, 0x00, 0x2a, 0x7f, 0x00, 0x39, 0x7c, 0x1e, 0x39,
  0x00, 0x00, 0x2a, 0x00, 0x00, 0x26, 0x00, 0x00, 0x3f, 0x00, 0x00, 0x3d,
  0x00, 0x00, 0x28, 0x00, 0x00, 0x3d, 0x7a, 0x00, 0x3f, 0x7c, 0x00, 0x26,
  0x79, 0x00, 0x28, 0x7c, 0x00, 0x2a, 0x7f, 0x1e, 0x2a, 0x00, 0x00, 0x26,
  0x00, 0x00, 0x3f, 0x00, 0x00, 0x3d, 0x00, 0x00, 0x28, 0x00, 0x3c, 0x24,
  0x00, 0x00, 0x23, 0x00, 0x78, 0x24, 0x7c, 0x00, 0x23, 0x7f, 0x00, 0x2a,
  0x7f, 0x1e, 0x2a, 0x00, 0x1e, 0x2a, 0x7f, 0x1e, 0x2a, 0x00, 0x1e, 0x2a,
  0x7f, 0x00, 0x26, 0x7f, 0x00, 0x28, 0x7f, 0x1e, 0x28, 0x00, 0x00, 0x2a,
  0x00, 0x00, 0x24, 0x00, 0x00, 0x23, 0x00, 0x00, 0x26, 0x00, 0x1e, 0x23,
  0x7a, 0x00, 0x24, 0x79, 0x00, 0x2a, 0x7e, 0x1e, 0x2a, 0x00, 0x00, 0x24,
  0x00, 0x00, 0x23, 0x00, 0x1e, 0x2a, 0x7a, 0x1e, 0x2a, 0x00, 0x1e, 0x24,
  0x7f, 0x00, 0x23, 0x7f, 0x00, 0x2a, 0x7a, 0x1e, 0x2a, 0x00, 0x1e, 0x23,
  0x00, 0x00, 0x24, 0x00, 0x00, 0x26, 0x7a, 0x00, 0x28, 0x79, 0x00, 0x2a,
  0x7f, 0x1e, 0x2a, 0x00, 0x00, 0x28, 0x00, 0x00, 0x26, 0x00, 0x1e, 0x24,
  0x79, 0x00, 0x23, 0x79, 0x00, 0x2a, 0x7c, 0x1e, 0x2a, 0x00, 0x00, 0x23,
  0x00, 0x00, 0x24, 0x00, 0x1e, 0x24, 0x7a, 0x00, 0x23, 0x79, 0x00, 0x2a,
  0x7c, 0x1e, 0x2a, 0x00, 0x1e, 0x2a, 0x7f, 0x1e, 0x2a, 0x00, 0x1e, 0x23,
  0x00, 0x00, 0x24, 0x00, 0x00, 0x2a, 0x7e, 0x00, 0x26, 0x7e, 0x00, 0x28,
  0x7f, 0x1e, 0x28, 0x00, 0x00, 0x26, 0x00, 0x00, 0x2a, 0x00, 0x1e, 0x2a,
  0x7c, 0x00, 0x24, 0x75, 0x00, 0x23, 0x75, 0x1e, 0x23, 0x00, 0x00, 0x24,
  0x00, 0x00, 0x2a, 0x00, 0x00, 0x2a, 0x7c, 0x1e, 0x2a, 0x00, 0x1e, 0x2a,
  0x7f, 0x1e, 0x2a, 0x00, 0x00, 0x24, 0x7a, 0x00, 0x23, 0x78, 0x1e, 0x2e,
  0x7f, 0x1e, 0x2e, 0x00, 0x00, 0x23, 0x00, 0x00, 0x24, 0x00, 0x00, 0x26,
  0x7e, 0x00, 0x28, 0x7f, 0x1e, 0x28, 0x00, 0x00, 0x26, 0x00, 0x00, 0x2a,
  0x7f, 0x1e, 0x2a, 0x00, 0x00, 0x23, 0x79, 0x00, 0x24, 0x75, 0x1e, 0x24,
  0x00, 0x00, 0x23, 0x00, 0x00, 0x2a, 0x7f, 0x1e, 0x2a, 0x00, 0x00, 0x23,
  0x79, 0x00, 0x24, 0x78, 0x1e, 0x2a, 0x7f, 0x1e, 0x2a, 0x00, 0x1e, 0x2a,
  0x7f, 0x1e, 0x2a, 0x00, 0x00, 0x24, 0x00, 0x00, 0x23, 0x00, 0x00, 0x26,
  0x7e, 0x00, 0x28, 0x7c, 0x1e, 0x28, 0x00, 0x00, 0x26, 0x00, 0x00, 0x2a,
  0x7f, 0x1e, 0x2a, 0x00, 0x00, 0x24, 0x75, 0x00, 0x23, 0x74, 0x1e, 0x23,
  0x00, 0x00, 0x24, 0x00, 0x1e, 0x2a, 0x7f, 0x1e, 0x2a, 0x00, 0x1e, 0x2a,
  0x7e, 0x00, 0x24, 0x7a, 0x00, 0x23, 0x7c, 0x1e, 0x2a, 0x00, 0x1e, 0x23,
  0x00, 0x00, 0x24, 0x00, 0x00, 0x2a, 0x7f, 0x00, 0x26, 0x7f, 0x00, 0x28,
  0x7f, 0x1e, 0x28, 0x00, 0x00, 0x26, 0x00, 0x00, 0x2a, 0x00, 0x00, 0x2a,
  0x7e, 0x1e, 0x2a, 0x00, 0x00, 0x24, 0x74, 0x00, 0x23, 0x75, 0x1e, 0x23,
  0x00, 0x00, 0x24, 0x00, 0x1e, 0x24, 0x79, 0x00, 0x23, 0x7f, 0x00, 0x2a,
  0x7e, 0x1e, 0x2a, 0x00, 0x00, 0x2a, 0x7f, 0x1e, 0x2a, 0x00, 0x3c, 0x23,
  0x00, 0x00, 0x24, 0x00, 0x00, 0x2e, 0x7f, 0x00, 0x26, 0x7a, 0x00, 0x28,
  0x7f, 0x1e, 0x28, 0x00, 0x00, 0x26, 0x00, 0x00, 0x2e, 0x00, 0x1e, 0x2a,
  0x7e, 0x00, 0x24, 0x6d, 0x00, 0x23, 0x78, 0x1e, 0x23, 0x00, 0x00, 0x24,
  0x00, 0x00, 0x2a, 0x00, 0x00, 0x26, 0x7c, 0x00, 0x28, 0x7c, 0x1e, 0x28,
  0x00, 0x00, 0x26, 0x00, 0x00, 0x2a, 0x7f, 0x00, 0x2f, 0x78, 0x1e, 0x2f,
  0x00, 0x00, 0x2a, 0x00, 0x00, 0x2f, 0x74, 0x00, 0x23, 0x74, 0x00, 0x24,
  0x6d, 0x00, 0x34, 0x74, 0x1e, 0x34, 0x00, 0x00, 0x2f, 0x00, 0x00, 0x23,
  0x00, 0x00, 0x24, 0x00, 0x00, 0x26, 0x7a, 0x00, 0x2a, 0x7f, 0x00, 0x28,
  0x7e, 0x00, 0x34, 0x6f, 0x1e, 0x34, 0x00, 0x00, 0x26, 0x00, 0x00, 0x2a,
  0x00, 0x00, 0x28, 0x00, 0x00, 0x2d, 0x7c, 0x1e, 0x2d, 0x00, 0x00, 0x2a,
  0x7f, 0x00, 0x26, 0x7a, 0x00, 0x28, 0x78, 0x1e, 0x28, 0x00, 0x00, 0x26,
  0x00, 0x00, 0x2a, 0x00, 0x00, 0x37, 0x79, 0x00, 0x2d, 0x79, 0x1e, 0x2d,
  0x00, 0x00, 0x37, 0x00, 0x00, 0x2a, 0x7e, 0x00, 0x28, 0x7c, 0x00, 0x26,
  0x74, 0x1e, 0x26, 0x00, 0x00, 0x28, 0x00, 0x00, 0x2a, 0x00, 0x00, 0x39,
  0x7c, 0x00, 0x2d, 0x6d, 0x00, 0x2b, 0x72, 0x00, 0x26, 0x79, 0x00, 0x28,
  0x7f, 0x1e, 0x28, 0x00, 0x00, 0x2b, 0x00, 0x00, 0x39, 0x00, 0x00, 0x2d,
  0x00, 0x00, 0x26, 0x00, 0x00, 0x24, 0x7e, 0x00, 0x23, 0x7f, 0x00, 0x2a,
  0x7f, 0x00, 0x31, 0x7f, 0x1e, 0x31, 0x00, 0x00, 0x2a, 0x00, 0x1e, 0x2a,
  0x7c, 0x1e, 0x2a, 0x00, 0x1e, 0x23, 0x00, 0x00, 0x24, 0x00, 0x00, 0x2a,
  0x7f, 0x00, 0x26, 0x7a, 0x00, 0x28, 0x79, 0x1e, 0x28, 0x00, 0x00, 0x26,
  0x00, 0x00, 0x2a, 0x00, 0x1e, 0x2a, 0x7e, 0x00, 0x24, 0x75, 0x00, 0x23,
  0x7c, 0x1e, 0x23, 0x00, 0x00, 0x24, 0x00, 0x00, 0x2a, 0x00, 0x1e, 0x2a,
  0x7a, 0x1e, 0x2a, 0x00, 0x1e, 0x2a, 0x7c, 0x00, 0x23, 0x7a, 0x00, 0x24,
  0x7e, 0x1e, 0x2a, 0x00, 0x1e, 0x24, 0x00, 0x00, 0x23, 0x00, 0x00, 0x26,
  0x7c, 0x00, 0x28, 0x7e, 0x00, 0x2a, 0x7f, 0x1e, 0x2a, 0x00, 0x00, 0x28,
  0x00, 0x00, 0x26, 0x00, 0x1e, 0x24, 0x6d, 0x00, 0x23, 0x6d, 0x00, 0x2a,
  0x7f, 0x1e, 0x2a, 0x00, 0x00, 0x23, 0x00, 0x00, 0x24, 0x00, 0x1e, 0x24,
  0x7c, 0x00, 0x23, 0x7c, 0x00, 0x2a, 0x7f, 0x1e, 0x2a, 0x00, 0x1e, 0x2a,
  0x7f, 0x1e, 0x2a, 0x00, 0x1e, 0x23, 0x00, 0x00, 0x24, 0x00, 0x00, 0x26,
  0x7c, 0x00, 0x28, 0x7f, 0x00, 0x2a, 0x7f, 0x1e, 0x2a, 0x00, 0x00, 0x28,
  0x00, 0x00, 0x26, 0x00, 0x1e, 0x24, 0x78, 0x00, 0x23, 0x7a, 0x00, 0x2a,
  0x7f, 0x1e, 0x2a, 0x00, 0x00, 0x23, 0x00, 0x00, 0x24, 0x00, 0x1e, 0x2a,
  0x7f, 0x1e, 0x2a, 0x00, 0x1e, 0x24, 0x7e, 0x00, 0x23, 0x7f, 0x00, 0x2a,
  0x7c, 0x1e, 0x2a, 0x00, 0x1e, 0x23, 0x00, 0x00, 0x24, 0x00, 0x00, 0x26,
  0x7a, 0x00, 0x28, 0x79, 0x00, 0x2a, 0x7f, 0x1e, 0x2a, 0x00, 0x00, 0x28,
  0x00, 0x00, 0x26, 0x00, 0x1e, 0x24, 0x75, 0x00, 0x23, 0x75, 0x00, 0x2a,
  0x7c, 0x1e, 0x2a, 0x00, 0x00, 0x23, 0x00, 0x00, 0x24, 0x00, 0x1e, 0x24,
  0x78, 0x00, 0x23, 0x7a, 0x00, 0x2a, 0x7a, 0x1e, 0x2a, 0x00, 0x1e, 0x2a,
  0x7c, 0x1e, 0x2a, 0x00, 0x00, 0x24, 0x00, 0x1e, 0x23, 0x00, 0x00, 0x26,
  0x79, 0x00, 0x28, 0x7f, 0x00, 0x2a, 0x7f, 0x1e, 0x2a, 0x00, 0x00, 0x28,
  0x00, 0x00, 0x26, 0x00, 0x1e, 0x23, 0x75, 0x00, 0x24, 0x74, 0x00, 0x2a,
  0x7c, 0x1e, 0x2a, 0x00, 0x00, 0x24, 0x00, 0x00, 0x23, 0x00, 0x00, 0x24,
  0x72, 0x00, 0x23, 0x75, 0x1e, 0x23, 0x00, 0x00, 0x24, 0x00, 0x00, 0x2a,
  0x7e, 0x1e, 0x2a, 0x00, 0x1e, 0x24, 0x74, 0x00, 0x23, 0x75, 0x00, 0x2a,
  0x7a, 0x1e, 0x2a, 0x00, 0x1e, 0x2a, 0x7f, 0x00, 0x26, 0x7c, 0x00, 0x28,
  0x7c, 0x1e, 0x28, 0x00, 0x00, 0x2a, 0x00, 0x00, 0x24, 0x00, 0x00, 0x23,
  0x00, 0x00, 0x26, 0x00, 0x1e, 0x24, 0x63, 0x00, 0x23, 0x78, 0x00, 0x2a,
  0x78, 0x1e, 0x2a, 0x00, 0x00, 0x23, 0x00, 0x00, 0x24, 0x00, 0x1e, 0x24,
  0x79, 0x00, 0x23, 0x79, 0x00, 0x2a, 0x7f, 0x1e, 0x2a, 0x00, 0x1e, 0x2a,
  0x79, 0x1e, 0x2a, 0x00, 0x00, 0x23, 0x00, 0x00, 0x24, 0x00, 0x1e, 0x26,
  0x7c, 0x00, 0x28, 0x7f, 0x00, 0x2a, 0x7c, 0x1e, 0x2a, 0x00, 0x00, 0x28,
  0x00, 0x00, 0x26, 0x00, 0x00, 0x23, 0x72, 0x00, 0x24, 0x6d, 0x1e, 0x24,
  0x00, 0x00, 0x23, 0x00, 0x00, 0x2a, 0x79, 0x00, 0x24, 0x65, 0x00, 0x23,
  0x72, 0x1e, 0x23, 0x00, 0x00, 0x24, 0x00, 0x00, 0x2a, 0x00, 0x1e, 0x2a,
  0x7c, 0x1e, 0x2a, 0x00, 0x00, 0x24, 0x6f, 0x00, 0x23, 0x74, 0x1e, 0x23,
  0x00, 0x00, 0x24, 0x00, 0x00, 0x24, 0x6d, 0x00, 0x23, 0x74, 0x00, 0x2a,
  0x7c, 0x1e, 0x2a, 0x00, 0x1e, 0x23, 0x00, 0x00, 0x24, 0x00, 0x00, 0x26,
  0x7e, 0x00, 0x28, 0x7f, 0x00, 0x2a, 0x7f, 0x1e, 0x2a, 0x00, 0x00, 0x28,
  0x00, 0x00, 0x26, 0x00, 0x00, 0x24, 0x74, 0x00, 0x23, 0x74, 0x1e, 0x23,
  0x00, 0x00, 0x24, 0x00, 0x00, 0x2a, 0x7a, 0x1e, 0x2a, 0x00, 0x00, 0x39,
  0x7e, 0x1e, 0x39, 0x00, 0x00, 0x2a, 0x7c, 0x00, 0x24, 0x79, 0x00, 0x23,
  0x7f, 0x00, 0x26, 0x7c, 0x00, 0x28, 0x7c, 0x00, 0x3d, 0x78, 0x00, 0x3f,
  0x7a, 0x1e, 0x3f, 0x00, 0x00, 0x28, 0x00, 0x00, 0x26, 0x00, 0x00, 0x2a,
  0x00, 0x00, 0x3d, 0x00, 0x00, 0x3d, 0x7f, 0x00, 0x3f, 0x7f, 0x00, 0x28,
  0x7a, 0x00, 0x2a, 0x7a, 0x00, 0x26, 0x79, 0x1e, 0x26, 0x00, 0x00, 0x28,
  0x00, 0x00, 0x3f, 0x00, 0x00, 0x3d, 0x00, 0x00, 0x2a, 0x00, 0x5a, 0x23,
  0x00, 0x00, 0x24, 0x00, 0x5a, 0x39, 0x7f, 0x00, 0x2a, 0x7f, 0x00, 0x3d,
  0x7f, 0x00, 0x24, 0x75, 0x00, 0x3f, 0x7f, 0x00, 0x23, 0x79, 0x00, 0x26,
  0x7e, 0x00, 0x28, 0x7f, 0x1e, 0x28, 0x00, 0x00, 0x26, 0x00, 0x00, 0x2a,
  0x00, 0x00, 0x3d, 0x00, 0x00, 0x39, 0x00, 0x00, 0x3f, 0x00, 0x00, 0x2a,
  0x7f, 0x00, 0x3d, 0x7f, 0x00, 0x3f, 0x7c, 0x00, 0x26, 0x74, 0x00, 0x28,
  0x79, 0x1e, 0x28, 0x00, 0x00, 0x3f, 0x00, 0x00, 0x3d, 0x00, 0x00, 0x2a,
  0x00, 0x00, 0x26, 0x00, 0x1e, 0x23, 0x00, 0x00, 0x24, 0x00, 0x81, 0x16,
  0x24, 0x7c, 0x00, 0x23, 0x7f, 0x00, 0x2a, 0x7f, 0x1e, 0x2a, 0x00, 0x1e,
  0x2a, 0x7e, 0x1e, 0x2a, 0x00, 0x1e, 0x23, 0x00, 0x00, 0x24, 0x00, 0x00,
  0x26, 0x7c, 0x00, 0x28, 0x75, 0x00, 0x2a, 0x7f, 0x1e, 0x2a, 0x00, 0x00,
  0x28, 0x00, 0x00, 0x26, 0x00, 0x1e, 0x23, 0x7e, 0x00, 0x24, 0x75, 0x00,
  0x2a, 0x7e, 0x1e, 0x2a, 0x00, 0x00, 0x24, 0x00, 0x00, 0x23, 0x00, 0x1e,
  0x2a, 0x7e, 0x1e, 0x2a, 0x00, 0x1e, 0x24, 0x7c, 0x00, 0x23, 0x7c, 0x00,
  0x2a, 0x7c, 0x1e, 0x2a, 0x00, 0x1e, 0x23, 0x00, 0x00, 0x24, 0x00, 0x00,
  0x26, 0x7a, 0x00, 0x28, 0x7f, 0x00, 0x2a, 0x7f, 0x1e, 0x2a, 0x00, 0x00,
  0x28, 0x00, 0x00, 0x26, 0x00, 0x1e, 0x24, 0x7a, 0x00, 0x23, 0x79, 0x00,
  0x2a, 0x7f, 0x1e, 0x2a, 0x00, 0x00, 0x23, 0x00, 0x00, 0x24, 0x00, 0x1e,
  0x24, 0x7e, 0x00, 0x23, 0x7f, 0x00, 0x2a, 0x7f, 0x1e, 0x2a, 0x00, 0x00,
  0x2a, 0x7c, 0x1e, 0x2a, 0x00, 0x1e, 0x2a, 0x7e, 0x1e, 0x2a, 0x00, 0x00,
  0x23, 0x00, 0x00, 0x24, 0x00, 0x00, 0x26, 0x7f, 0x00, 0x28, 0x7e, 0x1e,
  0x28, 0x00, 0x00, 0x26, 0x00, 0x1e, 0x2a, 0x7c, 0x00, 0x24, 0x78, 0x00,
  0x23, 0x78, 0x1e, 0x23, 0x00, 0x00, 0x24, 0x00, 0x00, 0x2a, 0x00, 0x1e,
  0x2a, 0x7e, 0x00, 0x24, 0x58, 0x00, 0x23, 0x5b, 0x1e, 0x23, 0x00, 0x00,
  0x24, 0x00, 0x00, 0x2a, 0x00, 0x1e, 0x2a, 0x7e, 0x00, 0x24, 0x79, 0x00,
  0x23, 0x7e, 0x1e, 0x2a, 0x00, 0x00, 0x2a, 0x7f, 0x1e, 0x2a, 0x00, 0x00,
  0x23, 0x00, 0x00, 0x24, 0x00, 0x00, 0x26, 0x7c, 0x00, 0x28, 0x7c, 0x1e,
  0x28, 0x00, 0x00, 0x26, 0x00, 0x00, 0x2a, 0x7e, 0x1e, 0x2a, 0x00, 0x1e,
  0x2a, 0x7f, 0x1e, 0x2a, 0x00, 0x00, 0x24, 0x7a, 0x00, 0x23, 0x7a, 0x3c,
  0x2a, 0x7c, 0x1e, 0x2a, 0x00, 0x1e, 0x23, 0x00, 0x00, 0x24, 0x00, 0x00,
  0x2a, 0x7a, 0x00, 0x26, 0x7e, 0x00, 0x28, 0x7f, 0x1e, 0x28, 0x00, 0x00,
  0x26, 0x00, 0x00, 0x2a, 0x00, 0x1e, 0x2a, 0x7a, 0x00, 0x24, 0x75, 0x00,
  0x23, 0x79, 0x1e, 0x23, 0x00, 0x00, 0x24, 0x00, 0x00, 0x2a, 0x00, 0x00,
  0x23, 0x75, 0x00, 0x24, 0x6c, 0x1e, 0x2a, 0x7c, 0x1e, 0x2a, 0x00, 0x1e,
  0x2a, 0x7c, 0x1e, 0x2a, 0x00, 0x1e, 0x2a, 0x79, 0x00, 0x26, 0x79, 0x00,
  0x28, 0x7c, 0x1e, 0x28, 0x00, 0x00, 0x2a, 0x00, 0x00, 0x23, 0x00, 0x00,
  0x24, 0x00, 0x00, 0x26, 0x00, 0x1e, 0x2a, 0x78, 0x1e, 0x2a, 0x00, 0x1e,
  0x2a, 0x7c, 0x00, 0x24, 0x6f, 0x00, 0x23, 0x74, 0x00, 0x24, 0x79, 0x00,
  0x23, 0x7f, 0x00, 0x2a, 0x7e, 0x1e, 0x2a, 0x00, 0x00, 0x2a, 0x00, 0x00,
  0x26, 0x7a, 0x00, 0x28, 0x7f, 0x00, 0x2a, 0x78, 0x00, 0x2a, 0x7f, 0x1e,
  0x2a, 0x00, 0x00, 0x2a, 0x00, 0x00, 0x26, 0x00, 0x00, 0x23, 0x00, 0x00,
  0x24, 0x00, 0x00, 0x28, 0x00, 0x3c, 0x24, 0x00, 0x00, 0x23, 0x00, 0x00,
  0x23, 0x72, 0x00, 0x24, 0x65, 0x00, 0x2e, 0x7f, 0x00, 0x26, 0x7a, 0x00,
  0x28, 0x7f, 0x1e, 0x28, 0x00, 0x00, 0x2e, 0x00, 0x00, 0x26, 0x00, 0x00,
  0x26, 0x7f, 0x00, 0x28, 0x7a, 0x1e, 0x28, 0x00, 0x00, 0x26, 0x00, 0x00,
  0x2a, 0x7e, 0x00, 0x24, 0x6d, 0x00, 0x23, 0x78, 0x1e, 0x23, 0x00, 0x00,
  0x2a, 0x00, 0x00, 0x24, 0x00, 0x00, 0x24, 0x00, 0x00, 0x26, 0x7c, 0x00,
  0x28, 0x7c, 0x1e, 0x28, 0x00, 0x00, 0x26, 0x00, 0x00, 0x23, 0x00, 0x00,
  0x26, 0x7a, 0x00, 0x28, 0x7f, 0x00, 0x2a, 0x7f, 0x00, 0x2f, 0x78, 0x1e,
  0x2f, 0x00, 0x00, 0x26, 0x00, 0x00, 0x28, 0x00, 0x00, 0x2a, 0x00, 0x00,
  0x26, 0x6c, 0x00, 0x28, 0x75, 0x00, 0x2f, 0x74, 0x00, 0x23, 0x74, 0x00,
  0x24, 0x6d, 0x00, 0x34, 0x74, 0x1e, 0x34, 0x00, 0x00, 0x28, 0x00, 0x00,
  0x2f, 0x00, 0x00, 0x26, 0x00, 0x00, 0x24, 0x00, 0x00, 0x23, 0x00, 0x00,
  0x26, 0x7a, 0x00, 0x2a, 0x7f, 0x00, 0x28, 0x7e, 0x00, 0x34, 0x6f, 0x1e,
  0x34, 0x00, 0x00, 0x26, 0x00, 0x00, 0x2a, 0x00, 0x00, 0x28, 0x00, 0x00,
  0x2d, 0x7c, 0x1e, 0x2d, 0x00, 0x00, 0x2a, 0x7f, 0x00, 0x26, 0x7a, 0x00,
  0x28, 0x78, 0x1e, 0x28, 0x00, 0x00, 0x26, 0x00, 0x00, 0x2a, 0x00, 0x00,
  0x37, 0x79, 0x00, 0x2d, 0x79, 0x1e, 0x2d, 0x00, 0x00, 0x37, 0x00, 0x00,
  0x2a, 0x7e, 0x00, 0x28, 0x7c, 0x00, 0x26, 0x74, 0x1e, 0x26, 0x00, 0x00,
  0x28, 0x00, 0x00, 0x2a, 0x00, 0x00, 0x39, 0x7c, 0x00, 0x2d, 0x6d, 0x00,
  0x2b, 0x72, 0x00, 0x26, 0x79, 0x00, 0x28, 0x7f, 0x1e, 0x28, 0x00, 0x00,
  0x2b, 0x00, 0x00, 0x39, 0x00, 0x00, 0x2d, 0x00, 0x00, 0x26, 0x00, 0x00,
  0x24, 0x7e, 0x00, 0x23, 0x7f, 0x00, 0x2a, 0x7f, 0x00, 0x31, 0x7f, 0x1e,
  0x31, 0x00, 0x00, 0x2a, 0x00, 0x1e, 0x2a, 0x7c, 0x1e, 0x2a, 0x00, 0x1e,
  0x23, 0x00, 0x00, 0x24, 0x00, 0x00, 0x2a, 0x7f, 0x00, 0x26, 0x7a, 0x00,
  0x28, 0x79, 0x1e, 0x28, 0x00, 0x00, 0x26, 0x00, 0x00, 0x2a, 0x00, 0x1e,
  0x2a, 0x7e, 0x00, 0x24, 0x75, 0x00, 0x23, 0x7c, 0x1e, 0x23, 0x00, 0x00,
  0x24, 0x00, 0x00, 0x2a, 0x00, 0x1e, 0x2a, 0x7a, 0x1e, 0x2a, 0x00, 0x1e,
  0x2a, 0x7c, 0x00, 0x23, 0x7a, 0x00, 0x24, 0x7e, 0x1e, 0x2a, 0x00, 0x1e,
  0x24, 0x00, 0x00, 0x23, 0x00, 0x00, 0x26, 0x7c, 0x00, 0x28, 0x7e, 0x00,
  0x2a, 0x7f, 0x1e, 0x2a, 0x00, 0x00, 0x28, 0x00, 0x00, 0x26, 0x00, 0x1e,
  0x24, 0x6d, 0x00, 0x23, 0x6d, 0x00, 0x2a, 0x7f, 0x1e, 0x2a, 0x00, 0x00,
  0x23, 0x00, 0x00, 0x24, 0x00, 0x1e, 0x24, 0x7c, 0x00, 0x23, 0x7c, 0x00,
  0x2a, 0x7f, 0x1e, 0x2a, 0x00, 0x1e, 0x2a, 0x7f, 0x1e, 0x2a, 0x00, 0x1e,
  0x23, 0x00, 0x00, 0x24, 0x00, 0x00, 0x26, 0x7c, 0x00, 0x28, 0x7f, 0x00,
  0x2a, 0x7f, 0x1e, 0x2a, 0x00, 0x00, 0x28, 0x00, 0x00, 0x26, 0x00, 0x1e,
  0x24, 0x78, 0x00, 0x23, 0x7a, 0x00, 0x2a, 0x7f, 0x1e, 0x2a, 0x00, 0x00,
  0x23, 0x00, 0x00, 0x24, 0x00, 0x1e, 0x2a, 0x7f, 0x1e, 0x2a, 0x00, 0x1e,
  0x24, 0x7e, 0x00, 0x23, 0x7f, 0x00, 0x2a, 0x7c, 0x1e, 0x2a, 0x00, 0x1e,
  0x23, 0x00, 0x00, 0x24, 0x00, 0x00, 0x26, 0x7a, 0x00, 0x28, 0x79, 0x00,
  0x2a, 0x7f, 0x1e, 0x2a, 0x00, 0x00, 0x28, 0x00, 0x00, 0x26, 0x00, 0x1e,
  0x24, 0x75, 0x00, 0x23, 0x75, 0x00, 0x2a, 0x7c, 0x1e, 0x2a, 0x00, 0x00,
  0x23, 0x00, 0x00, 0x24, 0x00, 0x1e, 0x24, 0x78, 0x00, 0x23, 0x7a, 0x00,
  0x2a, 0x7a, 0x1e, 0x2a, 0x00, 0x1e, 0x2a, 0x7c, 0x1e, 0x2a, 0x00, 0x00,
  0x24, 0x00, 0x1e, 0x23, 0x00, 0x00, 0x26, 0x79, 0x00, 0x28, 0x7f, 0x00,
  0x2a, 0x7f, 0x1e, 0x2a, 0x00, 0x00, 0x28, 0x00, 0x00, 0x26, 0x00, 0x1e,
  0x23, 0x75, 0x00, 0x24, 0x74, 0x00, 0x2a, 0x7c, 0x1e, 0x2a, 0x00, 0x00,
  0x24, 0x00, 0x00, 0x23, 0x00, 0x00, 0x24, 0x72, 0x00, 0x23, 0x75, 0x1e,
  0x23, 0x00, 0x00, 0x24, 0x00, 0x00, 0x2a, 0x7e, 0x1e, 0x2a, 0x00, 0x1e,
  0x24, 0x74, 0x00, 0x23, 0x75, 0x00, 0x2a, 0x7a, 0x1e, 0x2a, 0x00, 0x1e,
  0x2a, 0x7f, 0x00, 0x26, 0x7c, 0x00, 0x28, 0x7c, 0x1e, 0x28, 0x00, 0x00,
  0x2a, 0x00, 0x00, 0x24, 0x00, 0x00, 0x23, 0x00, 0x00, 0x26, 0x00, 0x1e,
  0x24, 0x63, 0x00, 0x23, 0x78, 0x00, 0x2a, 0x78, 0x1e, 0x2a, 0x00, 0x00,
  0x23, 0x00, 0x00, 0x24, 0x00, 0x1e, 0x24, 0x79, 0x00, 0x23, 0x79, 0x00,
  0x2a, 0x7f, 0x1e, 0x2a, 0x00, 0x1e, 0x2a, 0x79, 0x1e, 0x2a, 0x00, 0x00,
  0x23, 0x00, 0x00, 0x24, 0x00, 0x1e, 0x26, 0x7c, 0x00, 0x28, 0x7f, 0x00,
  0x2a, 0x7c, 0x1e, 0x2a, 0x00, 0x00, 0x28, 0x00, 0x00, 0x26, 0x00, 0x00,
  0x23, 0x72, 0x00, 0x24, 0x6d, 0x1e, 0x24, 0x00, 0x00, 0x23, 0x00, 0x00,
  0x2a, 0x79, 0x00, 0x24, 0x65, 0x00, 0x23, 0x72, 0x1e, 0x23, 0x00, 0x00,
  0x24, 0x00, 0x00, 0x2a, 0x00, 0x1e, 0x2a, 0x7c, 0x1e, 0x2a, 0x00, 0x00,
  0x24, 0x6f, 0x00, 0x23, 0x74, 0x1e, 0x23, 0x00, 0x00, 0x24, 0x00, 0x00,
  0x24, 0x6d, 0x00, 0x23, 0x74, 0x00, 0x2a, 0x7c, 0x1e, 0x2a, 0x00, 0x1e,
  0x23, 0x00, 0x00, 0x24, 0x00, 0x00, 0x26, 0x7e, 0x00, 0x28, 0x7f, 0x00,
  0x2a, 0x7f, 0x1e, 0x2a, 0x00, 0x00, 0x28, 0x00, 0x00, 0x26, 0x00, 0x00,
  0x24, 0x74, 0x00, 0x23, 0x74, 0x1e, 0x23, 0x00, 0x00, 0x24, 0x00, 0x00,
  0x2a, 0x7a, 0x1e, 0x2a, 0x00, 0x00, 0x39, 0x7e, 0x1e, 0x39, 0x00, 0x00,
  0x2a, 0x7c, 0x00, 0x24, 0x79, 0x00, 0x23, 0x7f, 0x00, 0x26, 0x7c, 0x00,
  0x28, 0x7c, 0x00, 0x3d, 0x78, 0x00, 0x3f, 0x7a, 0x1e, 0x3f, 0x00, 0x00,
  0x28, 0x00, 0x00, 0x26, 0x00, 0x00, 0x2a, 0x00, 0x00, 0x3d, 0x00, 0x00,
  0x3d, 0x7f, 0x00, 0x3f, 0x7f, 0x00, 0x28, 0x7a, 0x00, 0x2a, 0x7a, 0x00,
  0x26, 0x79, 0x1e, 0x26, 0x00, 0x00, 0x28, 0x00, 0x00, 0x3f, 0x00, 0x00,
  0x3d, 0x00, 0x00, 0x2a, 0x00, 0x5a, 0x23, 0x00, 0x00, 0x24, 0x00, 0x5a,
  0x39, 0x7f, 0x00, 0x2a, 0x7f, 0x00, 0x3d, 0x7f, 0x00, 0x24, 0x75, 0x00,
  0x3f, 0x7f, 0x00, 0x23, 0x79, 0x00, 0x26, 0x7e, 0x00, 0x28, 0x7f, 0x1e,
  0x28, 0x00, 0x00, 0x26, 0x00, 0x00, 0x2a, 0x00, 0x00, 0x3d, 0x00, 0x00,
  0x39, 0x00, 0x00, 0x3f, 0x00, 0x00, 0x2a, 0x7f, 0x00, 0x3d, 0x7f, 0x00,
  0x3f, 0x7c, 0x00, 0x26, 0x74, 0x00, 0x28, 0x79, 0x1e, 0x28, 0x00, 0x00,
  0x3f, 0x00, 0x00, 0x3d, 0x00, 0x00, 0x2a, 0x00, 0x00, 0x26, 0x00, 0x1e,
  0x23, 0x00, 0x00, 0x24, 0x00, 0x81, 0x16, 0x24, 0x7c, 0x00, 0x23, 0x7f,
  0x00, 0x2a, 0x7f, 0x1e, 0x2a, 0x00, 0x1e, 0x2a, 0x7e, 0x1e, 0x2a, 0x00,
  0x1e, 0x23, 0x00, 0x00, 0x24, 0x00, 0x00, 0x26, 0x7c, 0x00, 0x28, 0x75,
  0x00, 0x2a, 0x7f, 0x1e, 0x2a, 0x00, 0x00, 0x28, 0x00, 0x00, 0x26, 0x00,
  0x1e, 0x23, 0x7e, 0x00, 0x24, 0x75, 0x00, 0x2a, 0x7e, 0x1e, 0x2a, 0x00,
  0x00, 0x24, 0x00, 0x00, 0x23, 0x00, 0x1e, 0x2a, 0x7e, 0x1e, 0x2a, 0x00,
  0x1e, 0x24, 0x7c, 0x00, 0x23, 0x7c, 0x00, 0x2a, 0x7c, 0x1e, 0x2a, 0x00,
  0x1e, 0x23, 0x00, 0x00, 0x24, 0x00, 0x00, 0x26, 0x7a, 0x00, 0x28, 0x7f,
  0x00, 0x2a, 0x7f, 0x1e, 0x2a, 0x00, 0x00, 0x28, 0x00, 0x00, 0x26, 0x00,
  0x1e, 0x24, 0x7a, 0x00, 0x23, 0x79, 0x00, 0x2a, 0x7f, 0x1e, 0x2a, 0x00,
  0x00, 0x23, 0x00, 0x00, 0x24, 0x00, 0x1e, 0x24, 0x7e, 0x00, 0x23, 0x7f,
  0x00, 0x2a, 0x7f, 0x1e, 0x2a, 0x00, 0x00, 0x2a, 0x7c, 0x1e, 0x2a, 0x00,
  0x1e, 0x2a, 0x7e, 0x1e, 0x2a, 0x00, 0x00, 0x23, 0x00, 0x00, 0x24, 0x00,
  0x00, 0x26, 0x7f, 0x00, 0x28, 0x7e, 0x1e, 0x28, 0x00, 0x00, 0x26, 0x00,
  0x1e, 0x2a, 0x7c, 0x00, 0x24, 0x78, 0x00, 0x23, 0x78, 0x1e, 0x23, 0x00,
  0x00, 0x24, 0x00, 0x00, 0x2a, 0x00, 0x1e, 0x2a, 0x7e, 0x00, 0x24, 0x58,
  0x00, 0x23, 0x5b, 0x1e, 0x23, 0x00, 0x00, 0x24, 0x00, 0x00, 0x2a, 0x00,
  0x1e, 0x2a, 0x7e, 0x00, 0x24, 0x79, 0x00, 0x23, 0x7e, 0x1e, 0x2a, 0x00,
  0x00, 0x2a, 0x7f, 0x1e, 0x2a, 0x00, 0x00, 0x23, 0x00, 0x00, 0x24, 0x00,
  0x00, 0x26, 0x7c, 0x00, 0x28, 0x7c, 0x1e, 0x28, 0x00, 0x00, 0x26, 0x00,
  0x00, 0x2a, 0x7e, 0x1e, 0x2a, 0x00, 0x1e, 0x2a, 0x7f, 0x1e, 0x2a, 0x00,
  0x00, 0x24, 0x7a, 0x00, 0x23, 0x7a, 0x3c, 0x2a, 0x7c, 0x1e, 0x2a, 0x00,
  0x1e, 0x23, 0x00, 0x00, 0x24, 0x00, 0x00, 0x2a, 0x7a, 0x00, 0x26, 0x7e,
  0x00, 0x28, 0x7f, 0x1e, 0x28, 0x00, 0x00, 0x26, 0x00, 0x00, 0x2a, 0x00,
  0x1e, 0x2a, 0x7a, 0x00, 0x24, 0x75, 0x00, 0x23, 0x79, 0x1e, 0x23, 0x00,
  0x00, 0x24, 0x00, 0x00, 0x2a, 0x00, 0x00, 0x23, 0x75, 0x00, 0x24, 0x6c,
  0x1e, 0x2a, 0x7c, 0x1e, 0x2a, 0x00, 0x1e, 0x2a, 0x7c, 0x1e, 0x2a, 0x00,
  0x1e, 0x2a, 0x79, 0x00, 0x26, 0x79, 0x00, 0x28, 0x7c, 0x1e, 0x28, 0x00,
  0x00, 0x2a, 0x00, 0x00, 0x23, 0x00, 0x00, 0x24, 0x00, 0x00, 0x26, 0x00,
  0x1e, 0x2a, 0x78, 0x1e, 0x2a, 0x00, 0x1e, 0x2a, 0x7c, 0x00, 0x24, 0x6f,
  0x00, 0x23, 0x74, 0x1e, 0x2a, 0x00, 0x00, 0x26, 0x7a, 0x00, 0x28, 0x7f,
  0x00, 0x2a, 0x78, 0x1e, 0x2a, 0x00, 0x00, 0x26, 0x00, 0x00, 0x24, 0x00,
  0x00, 0x23, 0x00, 0x00, 0x28, 0x00, 0x3c, 0x23, 0x72, 0x00, 0x24, 0x65,
  0x1e, 0x26, 0x7f, 0x00, 0x28, 0x7a, 0x1e, 0x28, 0x00, 0x00, 0x26, 0x00,
  0x1e, 0x24, 0x00, 0x1e, 0x23, 0x00, 0x00, 0x26, 0x7a, 0x00, 0x28, 0x7f,
  0x0f, 0x26, 0x64, 0x00, 0x28, 0x64, 0x0e, 0x28, 0x00, 0x00, 0x26, 0x00,
  0x01, 0x28, 0x00, 0x00, 0x26, 0x00, 0x00, 0x26, 0x6c, 0x00, 0x28, 0x75,
  0x1e, 0x28, 0x00, 0x00, 0x26, 0x00, 0x00, 0xff, 0x2f, 0x00, 0x4d, 0x54,
  0x72, 0x6b, 0x00, 0x00, 0x09, 0x68, 0x00, 0xff, 0x21, 0x01, 0x00, 0x00,
  0xff, 0x03, 0x0b, 0x43, 0x68, 0x69, 0x63, 0x6b, 0x2d, 0x43, 0x68, 0x69,
  0x63, 0x6b, 0x00, 0xc9, 0x00, 0x87, 0x49, 0x99, 0x45, 0x4f, 0x12, 0x45,
  0x00, 0x28, 0x45, 0x41, 0x0e, 0x45, 0x00, 0x2a, 0x45, 0x4d, 0x11, 0x45,
  0x00, 0x28, 0x45, 0x3d, 0x0b, 0x45, 0x00, 0x2c, 0x45, 0x56, 0x12, 0x45,
  0x00, 0x2b, 0x45, 0x47, 0x0a, 0x45, 0x00, 0x2f, 0x45, 0x5f, 0x10, 0x45,
  0x00, 0x2c, 0x45, 0x4c, 0x0c, 0x45, 0x00, 0x31, 0x45, 0x47, 0x0c, 0x45,
  0x00, 0x2b, 0x45, 0x42, 0x0d, 0x45, 0x00, 0x31, 0x45, 0x51, 0x0e, 0x45,
  0x00, 0x62, 0x45, 0x51, 0x13, 0x45, 0x00, 0x29, 0x45, 0x41, 0x16, 0x45,
  0x00, 0x25, 0x45, 0x4d, 0x17, 0x45, 0x00, 0x29, 0x45, 0x37, 0x11, 0x45,
  0x00, 0x26, 0x45, 0x51, 0x17, 0x45, 0x00, 0x2a, 0x45, 0x37, 0x12, 0x45,
  0x00, 0x29, 0x45, 0x56, 0x16, 0x45, 0x00, 0x24, 0x45, 0x3c, 0x13, 0x45,
  0x00, 0x2d, 0x45, 0x59, 0x17, 0x45, 0x00, 0x25, 0x45, 0x4a, 0x12, 0x45,
  0x00, 0x2d, 0x45, 0x51, 0x19, 0x45, 0x00, 0x25, 0x45, 0x3e, 0x14, 0x45,
  0x00, 0x25, 0x45, 0x57, 0x16, 0x45, 0x00, 0x29, 0x45, 0x46, 0x18, 0x45,
  0x00, 0x27, 0x45, 0x4a, 0x16, 0x45, 0x00, 0x25, 0x45, 0x4c, 0x15, 0x45,
  0x00, 0x28, 0x45, 0x56, 0x19, 0x45, 0x00, 0x23, 0x45, 0x46, 0x15, 0x45,
  0x00, 0x27, 0x45, 0x46, 0x17, 0x45, 0x00, 0x25, 0x45, 0x42, 0x18, 0x45,
  0x00, 0x29, 0x45, 0x54, 0x19, 0x45, 0x00, 0x24, 0x45, 0x4d, 0x17, 0x45,
  0x00, 0x24, 0x45, 0x4d, 0x1b, 0x45, 0x00, 0x24, 0x45, 0x4a, 0x19, 0x45,
  0x00, 0x22, 0x45, 0x4d, 0x1b, 0x45, 0x00, 0x23, 0x45, 0x41, 0x19, 0x45,
  0x00, 0x24, 0x45, 0x4a, 0x19, 0x45, 0x00, 0x21, 0x45, 0x45, 0x15, 0x45,
  0x00, 0x21, 0x45, 0x4d, 0x17, 0x45, 0x00, 0x27, 0x45, 0x4a, 0x15, 0x45,
  0x00, 0x22, 0x45, 0x4c, 0x16, 0x45, 0x00, 0x24, 0x45, 0x4a, 0x13, 0x45,
  0x00, 0x29, 0x45, 0x56, 0x16, 0x45, 0x00, 0x24, 0x45, 0x4a, 0x12, 0x45,
  0x00, 0x25, 0x45, 0x5c, 0x17, 0x45, 0x00, 0x26, 0x45, 0x41, 0x11, 0x45,
  0x00, 0x2c, 0x45, 0x51, 0x15, 0x45, 0x00, 0x25, 0x45, 0x4a, 0x14, 0x45,
  0x00, 0x27, 0x45, 0x51, 0x16, 0x45, 0x00, 0x27, 0x45, 0x46, 0x14, 0x45,
  0x00, 0x28, 0x45, 0x4f, 0x17, 0x45, 0x00, 0x25, 0x45, 0x4d, 0x16, 0x45,
  0x00, 0x29, 0x45, 0x57, 0x16, 0x45, 0x00, 0x2c, 0x45, 0x51, 0x12, 0x45,
  0x00, 0x2a, 0x45, 0x5e, 0x1d, 0x45, 0x00, 0x53, 0x45, 0x63, 0x2d, 0x45,
  0x00, 0x82, 0x3b, 0x45, 0x56, 0x15, 0x45, 0x00, 0x2b, 0x45, 0x3e, 0x0d,
  0x45, 0x00, 0x25, 0x45, 0x57, 0x14, 0x45, 0x00, 0x2e, 0x45, 0x2a, 0x11,
  0x45, 0x00, 0x28, 0x45, 0x47, 0x16, 0x45, 0x00, 0x26, 0x45, 0x4a, 0x1a,
  0x45, 0x00, 0x25, 0x45, 0x4d, 0x18, 0x45, 0x00, 0x20, 0x45, 0x41, 0x12,
  0x45, 0x00, 0x2a, 0x45, 0x57, 0x14, 0x45, 0x00, 0x29, 0x45, 0x4d, 0x16,
  0x45, 0x00, 0x25, 0x45, 0x4a, 0x16, 0x45, 0x00, 0x2c, 0x45, 0x5c, 0x18,
  0x45, 0x00, 0x25, 0x45, 0x5e, 0x16, 0x45, 0x00, 0x28, 0x45, 0x4c, 0x11,
  0x45, 0x00, 0x28, 0x45, 0x5c, 0x17, 0x45, 0x00, 0x27, 0x45, 0x51, 0x15,
  0x45, 0x00, 0x27, 0x45, 0x59, 0x1a, 0x45, 0x00, 0x22, 0x45, 0x51, 0x18,
  0x45, 0x00, 0x22, 0x45, 0x56, 0x1b, 0x45, 0x00, 0x23, 0x45, 0x47, 0x19,
  0x45, 0x00, 0x20, 0x45, 0x4f, 0x1b, 0x45, 0x00, 0x23, 0x45, 0x41, 0x18,
  0x45, 0x00, 0x21, 0x45, 0x45, 0x1b, 0x45, 0x00, 0x28, 0x45, 0x54, 0x15,
  0x45, 0x00, 0x1e, 0x45, 0x56, 0x1d, 0x45, 0x00, 0x22, 0x45, 0x4f, 0x18,
  0x45, 0x00, 0x21, 0x45, 0x54, 0x1c, 0x45, 0x00, 0x26, 0x45, 0x54, 0x1b,
  0x45, 0x00, 0x1e, 0x45, 0x4d, 0x1b, 0x45, 0x00, 0x26, 0x45, 0x46, 0x17,
  0x45, 0x00, 0x25, 0x45, 0x5c, 0x1a, 0x45, 0x00, 0x24, 0x45, 0x54, 0x17,
  0x45, 0x00, 0x20, 0x45, 0x4c, 0x17, 0x45, 0x00, 0x27, 0x45, 0x4d, 0x13,
  0x45, 0x00, 0x2a, 0x45, 0x5c, 0x1a, 0x45, 0x00, 0x23, 0x45, 0x4d, 0x19,
  0x45, 0x00, 0x23, 0x45, 0x4a, 0x15, 0x45, 0x00, 0x25, 0x45, 0x47, 0x16,
  0x45, 0x00, 0x25, 0x45, 0x59, 0x1a, 0x45, 0x00, 0x28, 0x45, 0x47, 0x12,
  0x45, 0x00, 0x20, 0x45, 0x51, 0x18, 0x45, 0x00, 0x21, 0x45, 0x4c, 0x17,
  0x45, 0x00, 0x25, 0x45, 0x4d, 0x1a, 0x45, 0x00, 0x26, 0x45, 0x4d, 0x1a,
  0x45, 0x00, 0x22, 0x45, 0x3e, 0x15, 0x45, 0x00, 0x27, 0x45, 0x45, 0x1c,
  0x45, 0x00, 0x81, 0x14, 0x45, 0x37, 0x16, 0x45, 0x00, 0x28, 0x45, 0x39,
  0x19, 0x45, 0x00, 0x1e, 0x45, 0x39, 0x16, 0x45, 0x00, 0x25, 0x45, 0x35,
  0x17, 0x45, 0x00, 0x29, 0x45, 0x47, 0x1a, 0x45, 0x00, 0x22, 0x45, 0x3c,
  0x1b, 0x45, 0x00, 0x29, 0x45, 0x4c, 0x1d, 0x45, 0x00, 0x21, 0x45, 0x3e,
  0x1c, 0x45, 0x00, 0x22, 0x45, 0x4d, 0x1d, 0x45, 0x00, 0x54, 0x45, 0x64,
  0x37, 0x45, 0x00, 0x82, 0x45, 0x45, 0x66, 0x17, 0x45, 0x00, 0x24, 0x45,
  0x5f, 0x14, 0x45, 0x00, 0x22, 0x45, 0x56, 0x12, 0x45, 0x00, 0x28, 0x45,
  0x4d, 0x11, 0x45, 0x00, 0x2e, 0x45, 0x43, 0x0f, 0x45, 0x00, 0x28, 0x45,
  0x3d, 0x10, 0x45, 0x00, 0x28, 0x45, 0x41, 0x10, 0x45, 0x00, 0x2e, 0x45,
  0x3e, 0x11, 0x45, 0x00, 0x28, 0x45, 0x43, 0x11, 0x45, 0x00, 0x28, 0x45,
  0x3f, 0x0f, 0x45, 0x00, 0x30, 0x45, 0x43, 0x11, 0x45, 0x00, 0x31, 0x45,
  0x39, 0x0e, 0x45, 0x00, 0x2c, 0x45, 0x3a, 0x0f, 0x45, 0x00, 0x2e, 0x45,
  0x41, 0x10, 0x45, 0x00, 0x27, 0x45, 0x43, 0x11, 0x45, 0x00, 0x23, 0x45,
  0x39, 0x0f, 0x45, 0x00, 0x32, 0x45, 0x41, 0x0f, 0x45, 0x00, 0x2b, 0x45,
  0x3e, 0x0e, 0x45, 0x00, 0x2c, 0x45, 0x4c, 0x14, 0x45, 0x00, 0x2e, 0x45,
  0x41, 0x0f, 0x45, 0x00, 0x2f, 0x45, 0x3c, 0x10, 0x45, 0x00, 0x2b, 0x45,
  0x4a, 0x11, 0x45, 0x00, 0x28, 0x45, 0x4d, 0x14, 0x45, 0x00, 0x26, 0x45,
  0x43, 0x0e, 0x45, 0x00, 0x2f, 0x45, 0x4f, 0x12, 0x45, 0x00, 0x27, 0x45,
  0x42, 0x0f, 0x45, 0x00, 0x30, 0x45, 0x4f, 0x14, 0x45, 0x00, 0x2a, 0x45,
  0x4a, 0x11, 0x45, 0x00, 0x29, 0x45, 0x46, 0x10, 0x45, 0x00, 0x2a, 0x45,
  0x45, 0x0f, 0x45, 0x00, 0x2e, 0x45, 0x54, 0x13, 0x45, 0x00, 0x23, 0x45,
  0x41, 0x0f, 0x45, 0x00, 0x2f, 0x45, 0x51, 0x11, 0x45, 0x00, 0x25, 0x45,
  0x4a, 0x0e, 0x45, 0x00, 0x32, 0x45, 0x4f, 0x15, 0x45, 0x00, 0x22, 0x45,
  0x43, 0x12, 0x45, 0x00, 0x30, 0x45, 0x4d, 0x13, 0x45, 0x00, 0x29, 0x45,
  0x4a, 0x12, 0x45, 0x00, 0x2c, 0x45, 0x4f, 0x15, 0x45, 0x00, 0x27, 0x45,
  0x47, 0x11, 0x45, 0x00, 0x2f, 0x45, 0x54, 0x15, 0x45, 0x00, 0x2e, 0x45,
  0x4a, 0x10, 0x45, 0x00, 0x2b, 0x45, 0x56, 0x11, 0x45, 0x00, 0x2a, 0x45,
  0x56, 0x10, 0x45, 0x00, 0x27, 0x45, 0x4d, 0x10, 0x45, 0x00, 0x29, 0x45,
  0x46, 0x0c, 0x45, 0x00, 0x2f, 0x45, 0x59, 0x11, 0x45, 0x00, 0x29, 0x45,
  0x57, 0x10, 0x45, 0x00, 0x2c, 0x45, 0x57, 0x13, 0x45, 0x00, 0x28, 0x45,
  0x4f, 0x11, 0x45, 0x00, 0x2d, 0x45, 0x56, 0x15, 0x45, 0x00, 0x29, 0x45,
  0x4d, 0x11, 0x45, 0x00, 0x31, 0x45, 0x4d, 0x12, 0x45, 0x00, 0x29, 0x45,
  0x4f, 0x11, 0x45, 0x00, 0x2b, 0x45, 0x56, 0x13, 0x45, 0x00, 0x2d, 0x45,
  0x54, 0x0e, 0x45, 0x00, 0x29, 0x45, 0x57, 0x13, 0x45, 0x00, 0x26, 0x45,
  0x51, 0x10, 0x45, 0x00, 0x2d, 0x45, 0x56, 0x14, 0x45, 0x00, 0x2a, 0x45,
  0x54, 0x12, 0x45, 0x00, 0x29, 0x45, 0x51, 0x12, 0x45, 0x00, 0x29, 0x45,
  0x4f, 0x0e, 0x45, 0x00, 0x2b, 0x45, 0x51, 0x14, 0x45, 0x00, 0x28, 0x45,
  0x4f, 0x11, 0x45, 0x00, 0x2c, 0x45, 0x57, 0x11, 0x45, 0x00, 0x2f, 0x45,
  0x4f, 0x0e, 0x45, 0x00, 0x2f, 0x45, 0x51, 0x11, 0x45, 0x00, 0x2a, 0x45,
  0x4f, 0x11, 0x45, 0x00, 0x2e, 0x45, 0x4f, 0x12, 0x45, 0x00, 0x2d, 0x45,
  0x4d, 0x10, 0x45, 0x00, 0x29, 0x45, 0x51, 0x11, 0x45, 0x00, 0x28, 0x45,
  0x51, 0x11, 0x45, 0x00, 0x35, 0x45, 0x54, 0x0d, 0x45, 0x00, 0x29, 0x45,
  0x56, 0x12, 0x45, 0x00, 0x2d, 0x45, 0x59, 0x0e, 0x45, 0x00, 0x2a, 0x45,
  0x56, 0x0f, 0x45, 0x00, 0x27, 0x45, 0x57, 0x11, 0x45, 0x00, 0x29, 0x45,
  0x59, 0x12, 0x45, 0x00, 0x24, 0x45, 0x5c, 0x12, 0x45, 0x00, 0x2a, 0x45,
  0x63, 0x11, 0x45, 0x00, 0x22, 0x45, 0x62, 0x12, 0x45, 0x00, 0x2d, 0x45,
  0x4d, 0x0f, 0x45, 0x00, 0x38, 0x45, 0x56, 0x10, 0x45, 0x00, 0x2c, 0x45,
  0x43, 0x0c, 0x45, 0x00, 0x2c, 0x45, 0x51, 0x11, 0x45, 0x00, 0x2b, 0x45,
  0x4d, 0x10, 0x45, 0x00, 0x33, 0x45, 0x5c, 0x11, 0x45, 0x00, 0x2e, 0x45,
  0x4f, 0x0d, 0x45, 0x00, 0x2a, 0x45, 0x57, 0x12, 0x45, 0x00, 0x29, 0x45,
  0x57, 0x14, 0x45, 0x00, 0x28, 0x45, 0x4d, 0x14, 0x45, 0x00, 0x28, 0x45,
  0x43, 0x11, 0x45, 0x00, 0x26, 0x45, 0x4a, 0x11, 0x45, 0x00, 0x2a, 0x45,
  0x4f, 0x11, 0x45, 0x00, 0x2d, 0x45, 0x51, 0x12, 0x45, 0x00, 0x27, 0x45,
  0x54, 0x11, 0x45, 0x00, 0x36, 0x45, 0x4a, 0x10, 0x45, 0x00, 0x2f, 0x45,
  0x46, 0x10, 0x45, 0x00, 0x31, 0x45, 0x4a, 0x12, 0x45, 0x00, 0x34, 0x45,
  0x51, 0x13, 0x45, 0x00, 0x2e, 0x45, 0x3e, 0x0b, 0x45, 0x00, 0x2f, 0x45,
  0x51, 0x13, 0x45, 0x00, 0x28, 0x45, 0x51, 0x11, 0x45, 0x00, 0x28, 0x45,
  0x4d, 0x0f, 0x45, 0x00, 0x29, 0x45, 0x56, 0x13, 0x45, 0x00, 0x29, 0x45,
  0x4d, 0x10, 0x45, 0x00, 0x28, 0x45, 0x4d, 0x11, 0x45, 0x00, 0x2f, 0x45,
  0x4f, 0x10, 0x45, 0x00, 0x29, 0x45, 0x51, 0x0f, 0x45, 0x00, 0x28, 0x45,
  0x54, 0x11, 0x45, 0x00, 0x29, 0x45, 0x51, 0x0f, 0x45, 0x00, 0x27, 0x45,
  0x54, 0x13, 0x45, 0x00, 0x32, 0x45, 0x59, 0x0b, 0x45, 0x00, 0x11, 0x45,
  0x57, 0x13, 0x45, 0x00, 0x81, 0x47, 0x45, 0x66, 0x0e, 0x45, 0x00, 0x14,
  0x45, 0x5f, 0x13, 0x45, 0x00, 0x81, 0x39, 0x45, 0x5c, 0x0f, 0x45, 0x00,
  0x2a, 0x45, 0x56, 0x10, 0x45, 0x00, 0x31, 0x45, 0x51, 0x0f, 0x45, 0x00,
  0x2b, 0x45, 0x51, 0x0f, 0x45, 0x00, 0x60, 0x45, 0x54, 0x11, 0x45, 0x00,
  0x29, 0x45, 0x56, 0x11, 0x45, 0x00, 0x2a, 0x45, 0x51, 0x0f, 0x45, 0x00,
  0x2d, 0x45, 0x57, 0x11, 0x45, 0x00, 0x2e, 0x45, 0x4d, 0x11, 0x45, 0x00,
  0x30, 0x45, 0x56, 0x13, 0x45, 0x00, 0x2a, 0x45, 0x4a, 0x0e, 0x45, 0x00,
  0x27, 0x45, 0x51, 0x12, 0x45, 0x00, 0x30, 0x45, 0x51, 0x10, 0x45, 0x00,
  0x27, 0x45, 0x51, 0x15, 0x45, 0x00, 0x23, 0x45, 0x56, 0x12, 0x45, 0x00,
  0x2d, 0x45, 0x56, 0x12, 0x45, 0x00, 0x2a, 0x45, 0x4a, 0x11, 0x45, 0x00,
  0x2b, 0x45, 0x4d, 0x12, 0x45, 0x00, 0x2b, 0x45, 0x4f, 0x10, 0x45, 0x00,
  0x2f, 0x45, 0x51, 0x11, 0x45, 0x00, 0x2a, 0x45, 0x4d, 0x10, 0x45, 0x00,
  0x28, 0x45, 0x56, 0x13, 0x45, 0x00, 0x27, 0x45, 0x43, 0x12, 0x45, 0x00,
  0x2a, 0x45, 0x57, 0x13, 0x45, 0x00, 0x2a, 0x45, 0x4f, 0x0e, 0x45, 0x00,
  0x2c, 0x45, 0x56, 0x12, 0x45, 0x00, 0x2a, 0x45, 0x56, 0x12, 0x45, 0x00,
  0x31, 0x45, 0x5c, 0x12, 0x45, 0x00, 0x2b, 0x45, 0x56, 0x12, 0x45, 0x00,
  0x2d, 0x45, 0x5c, 0x12, 0x45, 0x00, 0x2a, 0x45, 0x59, 0x11, 0x45, 0x00,
  0x2e, 0x45, 0x5f, 0x14, 0x45, 0x00, 0x29, 0x45, 0x51, 0x10, 0x45, 0x00,
  0x30, 0x45, 0x56, 0x13, 0x45, 0x00, 0x2e, 0x45, 0x56, 0x0f, 0x45, 0x00,
  0x31, 0x45, 0x59, 0x11, 0x45, 0x00, 0x2a, 0x45, 0x4f, 0x10, 0x45, 0x00,
  0x27, 0x45, 0x4f, 0x14, 0x45, 0x00, 0x29, 0x45, 0x54, 0x12, 0x45, 0x00,
  0x2c, 0x45, 0x57, 0x14, 0x45, 0x00, 0x39, 0x45, 0x54, 0x0e, 0x45, 0x00,
  0x2b, 0x45, 0x56, 0x10, 0x45, 0x00, 0x2a, 0x45, 0x54, 0x0f, 0x45, 0x00,
  0x26, 0x45, 0x57, 0x13, 0x45, 0x00, 0x28, 0x45, 0x5c, 0x13, 0x45, 0x00,
  0x25, 0x45, 0x57, 0x11, 0x45, 0x00, 0x27, 0x45, 0x5c, 0x13, 0x45, 0x00,
  0x25, 0x45, 0x5e, 0x14, 0x45, 0x00, 0x25, 0x45, 0x59, 0x13, 0x45, 0x00,
  0x28, 0x45, 0x5f, 0x15, 0x45, 0x00, 0x2a, 0x45, 0x5c, 0x13, 0x45, 0x00,
  0x28, 0x45, 0x56, 0x12, 0x45, 0x00, 0x25, 0x45, 0x56, 0x11, 0x45, 0x00,
  0x2a, 0x45, 0x56, 0x14, 0x45, 0x00, 0x26, 0x45, 0x4c, 0x12, 0x45, 0x00,
  0x23, 0x45, 0x59, 0x15, 0x45, 0x00, 0x27, 0x45, 0x56, 0x13, 0x45, 0x00,
  0x2a, 0x45, 0x56, 0x14, 0x45, 0x00, 0x29, 0x45, 0x51, 0x13, 0x45, 0x00,
  0x28, 0x45, 0x51, 0x15, 0x45, 0x00, 0x23, 0x45, 0x4f, 0x11, 0x45, 0x00,
  0x30, 0x45, 0x56, 0x14, 0x45, 0x00, 0x27, 0x45, 0x56, 0x12, 0x45, 0x00,
  0x2c, 0x45, 0x56, 0x0d, 0x45, 0x00, 0x15, 0x45, 0x47, 0x13, 0x45, 0x00,
  0x81, 0x46, 0x45, 0x5f, 0x0e, 0x45, 0x00, 0x17, 0x45, 0x56, 0x16, 0x45,
  0x00, 0x81, 0x38, 0x45, 0x59, 0x11, 0x45, 0x00, 0x26, 0x45, 0x5c, 0x11,
  0x45, 0x00, 0x28, 0x45, 0x59, 0x13, 0x45, 0x00, 0x2b, 0x45, 0x5c, 0x0f,
  0x45, 0x00, 0x2a, 0x45, 0x57, 0x0f, 0x45, 0x00, 0x27, 0x45, 0x4d, 0x11,
  0x45, 0x00, 0x2b, 0x45, 0x57, 0x14, 0x45, 0x00, 0x2b, 0x45, 0x4a, 0x0d,
  0x45, 0x00, 0x30, 0x45, 0x57, 0x12, 0x45, 0x00, 0x2a, 0x45, 0x57, 0x0f,
  0x45, 0x00, 0x2f, 0x45, 0x56, 0x14, 0x45, 0x00, 0x2f, 0x45, 0x41, 0x0c,
  0x45, 0x00, 0x28, 0x45, 0x4a, 0x10, 0x45, 0x00, 0x24, 0x45, 0x4d, 0x13,
  0x45, 0x00, 0x2e, 0x45, 0x56, 0x14, 0x45, 0x00, 0x25, 0x45, 0x4d, 0x0f,
  0x45, 0x00, 0x2d, 0x45, 0x5c, 0x12, 0x45, 0x00, 0x2b, 0x45, 0x5c, 0x0f,
  0x45, 0x00, 0x2c, 0x45, 0x59, 0x15, 0x45, 0x00, 0x2c, 0x45, 0x59, 0x10,
  0x45, 0x00, 0x2b, 0x45, 0x56, 0x13, 0x45, 0x00, 0x27, 0x45, 0x57, 0x10,
  0x45, 0x00, 0x33, 0x45, 0x59, 0x13, 0x45, 0x00, 0x29, 0x45, 0x56, 0x0f,
  0x45, 0x00, 0x2a, 0x45, 0x5c, 0x12, 0x45, 0x00, 0x25, 0x45, 0x4f, 0x05,
  0x45, 0x4f, 0x09, 0x45, 0x00, 0x09, 0x45, 0x00, 0x23, 0x45, 0x56, 0x07,
  0x45, 0x51, 0x0b, 0x45, 0x00, 0x07, 0x45, 0x00, 0x23, 0x45, 0x56, 0x12,
  0x45, 0x00, 0x31, 0x45, 0x5c, 0x0b, 0x45, 0x5c, 0x07, 0x45, 0x00, 0x08,
  0x45, 0x00, 0x23, 0x45, 0x56, 0x12, 0x45, 0x00, 0x2d, 0x45, 0x5c, 0x12,
  0x45, 0x00, 0x2a, 0x45, 0x59, 0x11, 0x45, 0x00, 0x2e, 0x45, 0x5f, 0x14,
  0x45, 0x00, 0x29, 0x45, 0x51, 0x10, 0x45, 0x00, 0x30, 0x45, 0x56, 0x13,
  0x45, 0x00, 0x2e, 0x45, 0x56, 0x0f, 0x45, 0x00, 0x31, 0x45, 0x59, 0x11,
  0x45, 0x00, 0x2a, 0x45, 0x4f, 0x10, 0x45, 0x00, 0x27, 0x45, 0x4f, 0x14,
  0x45, 0x00, 0x29, 0x45, 0x54, 0x12, 0x45, 0x00, 0x2c, 0x45, 0x57, 0x14,
  0x45, 0x00, 0x39, 0x45, 0x54, 0x0e, 0x45, 0x00, 0x2b, 0x45, 0x56, 0x10,
  0x45, 0x00, 0x2a, 0x45, 0x54, 0x0f, 0x45, 0x00, 0x26, 0x45, 0x57, 0x13,
  0x45, 0x00, 0x28, 0x45, 0x5c, 0x13, 0x45, 0x00, 0x25, 0x45, 0x57, 0x11,
  0x45, 0x00, 0x27, 0x45, 0x5c, 0x13, 0x45, 0x00, 0x25, 0x45, 0x5e, 0x14,
  0x45, 0x00, 0x25, 0x45, 0x59, 0x13, 0x45, 0x00, 0x28, 0x45, 0x5f, 0x15,
  0x45, 0x00, 0x2a, 0x45, 0x5c, 0x13, 0x45, 0x00, 0x28, 0x45, 0x56, 0x12,
  0x45, 0x00, 0x25, 0x45, 0x56, 0x11, 0x45, 0x00, 0x2a, 0x45, 0x56, 0x14,
  0x45, 0x00, 0x26, 0x45, 0x4c, 0x12, 0x45, 0x00, 0x23, 0x45, 0x59, 0x15,
  0x45, 0x00, 0x27, 0x45, 0x56, 0x13, 0x45, 0x00, 0x2a, 0x45, 0x56, 0x14,
  0x45, 0x00, 0x29, 0x45, 0x51, 0x13, 0x45, 0x00, 0x28, 0x45, 0x51, 0x15,
  0x45, 0x00, 0x23, 0x45, 0x4f, 0x11, 0x45, 0x00, 0x30, 0x45, 0x56, 0x14,
  0x45, 0x00, 0x27, 0x45, 0x56, 0x12, 0x45, 0x00, 0x2c, 0x45, 0x56, 0x0d,
  0x45, 0x00, 0x15, 0x45, 0x47, 0x13, 0x45, 0x00, 0x81, 0x46, 0x45, 0x5f,
  0x0e, 0x45, 0x00, 0x17, 0x45, 0x56, 0x16, 0x45, 0x00, 0x81, 0x38, 0x45,
  0x59, 0x11, 0x45, 0x00, 0x26, 0x45, 0x5c, 0x11, 0x45, 0x00, 0x28, 0x45,
  0x59, 0x13, 0x45, 0x00, 0x2b, 0x45, 0x5c, 0x0f, 0x45, 0x00, 0x2a, 0x45,
  0x57, 0x0f, 0x45, 0x00, 0x27, 0x45, 0x4d, 0x11, 0x45, 0x00, 0x2b, 0x45,
  0x57, 0x14, 0x45, 0x00, 0x2b, 0x45, 0x4a, 0x0d, 0x45, 0x00, 0x30, 0x45,
  0x57, 0x12, 0x45, 0x00, 0x2a, 0x45, 0x57, 0x0f, 0x45, 0x00, 0x2f, 0x45,
  0x56, 0x14, 0x45, 0x00, 0x2f, 0x45, 0x41, 0x0c, 0x45, 0x00, 0x28, 0x45,
  0x4a, 0x10, 0x45, 0x00, 0x24, 0x45, 0x4d, 0x13, 0x45, 0x00, 0x2e, 0x45,
  0x56, 0x14, 0x45, 0x00, 0x25, 0x45, 0x4d, 0x0f, 0x45, 0x00, 0x2d, 0x45,
  0x5c, 0x12, 0x45, 0x00, 0x2b, 0x45, 0x5c, 0x0f, 0x45, 0x00, 0x2c, 0x45,
  0x59, 0x15, 0x45, 0x00, 0x2c, 0x45, 0x59, 0x10, 0x45, 0x00, 0x2b, 0x45,
  0x56, 0x13, 0x45, 0x00, 0x27, 0x45, 0x57, 0x10, 0x45, 0x00, 0x33, 0x45,
  0x59, 0x13, 0x45, 0x00, 0x29, 0x45, 0x56, 0x0f, 0x45, 0x00, 0x2a, 0x45,
  0x5c, 0x12, 0x45, 0x00, 0x2a, 0x45, 0x4f, 0x12, 0x45, 0x00, 0x2a, 0x45,
  0x51, 0x12, 0x45, 0x00, 0x71, 0x45, 0x5c, 0x0f, 0x45, 0x00, 0x00, 0xff,
  0x2f, 0x00
};
unsigned int song_mid_len = 22586;
